Temperature_C,Mettler_Mean_Wg,Mettler_Std_Wg,OtherDSC_Mean_Wg,OtherDSC_Std_Wg,Diff_Raw_Wg,Mettler_BLsub_Mean_Wg,OtherDSC_BLsub_Mean_Wg,Diff_BLsub_Wg
35.0,-0.09973435265531062,0.008815883817635276,-0.5318058973754147,0.000369532074532386,-0.4320715447201041,0.0757015947768991,0.2693915381386826,0.19368994336178352
35.1,-0.10060279453907817,0.008859866783567143,-0.5371897081654866,0.0003738297034552307,-0.43658691362640845,0.07500864208785263,0.26519692069983736,0.19018827861198473
35.2,-0.10147123642284572,0.008903849749498996,-0.5425348565958028,0.0003806040925938281,-0.4410636201729571,0.07431568939880617,0.26104096603248805,0.18672527663368188
35.300000000000004,-0.10233967830661328,0.008947832715430863,-0.5478289729855754,0.0003896037097632088,-0.44548929467896214,0.07362273670975969,0.2569360438604925,0.18331330715073282
35.400000000000006,-0.10320812019038082,0.00899181568136273,-0.5530648487030774,0.00037304591681280863,-0.44985672851269654,0.07292978402071323,0.2528893628168726,0.17995957879615934
35.50000000000001,-0.10407656207414837,0.009035798647294598,-0.558243755008766,0.0003397047821398491,-0.4541671929346176,0.07223683133166678,0.24889965162472605,0.17666282029305927
35.60000000000001,-0.10494500395791592,0.009079781613226465,-0.5633739663956454,0.00031801662808944586,-0.45842896243772946,0.0715438786426203,0.24495863582763533,0.17341475718501503
35.70000000000001,-0.10581344584168348,0.009123764579158318,-0.5684760468597629,0.0003133889208500884,-0.46266260101807943,0.07085092595357384,0.24104575144170062,0.17019482548812678
35.80000000000001,-0.10668188772545102,0.009167747545090185,-0.573554259392304,0.00030526270269509714,-0.46687237166685297,0.07015797326452736,0.23715673544562355,0.1669987621810962
35.90000000000001,-0.10755032960921856,0.009211730511022052,-0.578604792425071,0.0002750371385988326,-0.47105446281585245,0.0694650205754809,0.23329539945835676,0.16383037888287585
36.000000000000014,-0.10844805556112241,0.009254285120240485,-0.5836142884334128,0.00023186177533834895,-0.4751662328722904,0.06874278415436078,0.22947510100239848,0.1607323168480377
36.100000000000016,-0.10947646738476972,0.009277576703406815,-0.5885828344683107,0.00020020038981116706,-0.479106367083541,0.06788986332145802,0.22569575302286193,0.1578058897014039
36.20000000000002,-0.11050487920841703,0.009300868286573151,-0.5935190891984303,0.00019242236699995585,-0.4830142099900133,0.06703694248855527,0.22194869685983304,0.15491175437127777
36.30000000000002,-0.11153329103206433,0.009324159869739487,-0.5984170946544699,0.00020621426027711554,-0.4868838036224056,0.06618402165565251,0.21823989050753595,0.15205586885188344
36.40000000000002,-0.11256170285571164,0.009347451452905817,-0.6032558769727343,0.00022385867194241182,-0.49069417411702265,0.06533110082274976,0.21459030784538163,0.14925920702263187
36.50000000000002,-0.11359011467935894,0.009370743036072146,-0.6080427024038544,0.00024133543526627665,-0.49445258772449546,0.064478179989847,0.2109926826074379,0.14651450261759089
36.60000000000002,-0.11461852650300625,0.009394034619238482,-0.6128089610757406,0.00025155963089429356,-0.4981904345727343,0.06362525915694424,0.20741562467875657,0.14379036552181235
36.700000000000024,-0.11564693832665354,0.009417326202404812,-0.6175538323120606,0.0002424017772494902,-0.5019068939854071,0.06277233832404149,0.20385995476810215,0.14108761644406065
36.800000000000026,-0.11667535015030084,0.009440617785571141,-0.6222378337648703,0.00021544669797601834,-0.5055624836145695,0.06191941749113873,0.2003651552206263,0.1384457377294876
36.90000000000003,-0.11770376197394816,0.009463909368737478,-0.6268632790199151,0.00018899658781168505,-0.509159517045967,0.06106649665823597,0.19692891246719646,0.1358624158089605
37.00000000000003,-0.11874090080160349,0.009481670340681363,-0.6314645372608267,0.00017422028995339733,-0.5127236364592233,0.060204849277202335,0.19351685731172094,0.1333120080345186
37.10000000000003,-0.11981409719438908,0.009474706412825648,-0.6360463337074269,0.00017000036843556332,-0.5162322365130378,0.059307146076572656,0.19012426456986126,0.1308171184932886
37.20000000000003,-0.12088729358717468,0.009467742484969933,-0.6405945949674503,0.00017153683148252163,-0.5197073013802757,0.05840944287594296,0.18676520764036453,0.12835576476442156
37.30000000000003,-0.12196048997996026,0.009460778557114219,-0.6451055499440065,0.00016355172005155794,-0.5231450599640463,0.05751173967531327,0.1834434576278099,0.12593171795249664
37.400000000000034,-0.12303368637274584,0.009453814629258511,-0.649585181453765,0.00014567865502118638,-0.5265514950810192,0.05661403647468358,0.1801530317404588,0.12353899526577522
37.500000000000036,-0.12410688276553145,0.00944685070140281,-0.6540339890963085,0.0001268459529129573,-0.5299271063307771,0.05571633327405389,0.17689343036404914,0.12117709708999524
37.60000000000004,-0.12518007915831703,0.009439886773547096,-0.6584456106875807,0.00011349094289414552,-0.5332655315292636,0.054818630073424204,0.17367101569520343,0.11885238562177923
37.70000000000004,-0.1262532755511026,0.009432922845691381,-0.6628270061072021,0.000109225409681446,-0.5365737305560996,0.05392092687279451,0.170478827908152,0.11655790103535749
37.80000000000004,-0.1273264719438882,0.009425958917835667,-0.6671958832216689,0.00010759098772367137,-0.5398694112777807,0.05302322367216482,0.1672991591083255,0.11427593543616067
37.90000000000004,-0.1283996683366738,0.009418994989979966,-0.6715438620182741,0.00010858186515422252,-0.5431441936816003,0.05212552047153513,0.16414038932786135,0.11201486885632622
38.00000000000004,-0.12946889529058161,0.009408040581162312,-0.6758644144998589,0.00012126222936242881,-0.5463955192092773,0.051231787322432096,0.16100904660399187,0.10977725928155978
38.100000000000044,-0.13052555861723494,0.009384443386773543,-0.6801405225423437,0.00012977283262616268,-0.5496149639251088,0.05035061988619283,0.15792214904090546,0.10757152915471263
38.200000000000045,-0.13158222194388827,0.00936084619238476,-0.6843810161186219,0.00012000058163935678,-0.5527987941747337,0.04946945244995355,0.15487086667893096,0.10540141422897742
38.30000000000005,-0.1326388852705416,0.009337248997995984,-0.6885981745492185,9.024124263240507e-05,-0.5559592892786769,0.048588285013714275,0.15184292022358542,0.10325463520987115
38.40000000000005,-0.1336955485971949,0.0093136518036072,-0.6927941547675452,5.077575145751023e-05,-0.5590986061703503,0.047707117577475006,0.1488361527724652,0.1011290351949902
38.50000000000005,-0.13475221192384823,0.009290054609218432,-0.6969628232503117,1.440548069575609e-05,-0.5622106113264634,0.04682595014123572,0.14585669783494426,0.09903074769370854
38.60000000000005,-0.13580887525050156,0.009266457414829649,-0.7010956254987577,5.779580897202763e-06,-0.5652867502482561,0.045944782704996454,0.14291310992453096,0.09696832721953451
38.70000000000005,-0.1368655385771549,0.009242860220440852,-0.7051900874385227,1.106077847090603e-05,-0.5683245488613679,0.04506361526875718,0.1400078631553971,0.09494424788663991
38.800000000000054,-0.13792220190380822,0.009219263026052082,-0.7092485572888589,1.4261041496987925e-05,-0.5713263553850507,0.0441824478325179,0.13713860931204325,0.09295616147952535
38.900000000000055,-0.13897886523046155,0.0091956658316633,-0.7132770346120716,2.9618805131970127e-05,-0.57429816938161,0.043301280396278626,0.1342993488346444,0.09099806843836578
39.00000000000006,-0.14002182182182243,0.009170697697697669,-0.7172870067810628,5.992332249310506e-05,-0.5772651849592404,0.0424338205127515,0.13147859436610132,0.08904477385334983
39.10000000000006,-0.1410226726726733,0.0091449219219219,-0.7212759072290036,8.963944749867947e-05,-0.5802532345563303,0.04160846886139616,0.12867891248933322,0.08707044362793706
39.20000000000006,-0.14202352352352415,0.009119146146146118,-0.7252281713954991,9.698682113284951e-05,-0.583204647871975,0.040783117210040826,0.1259158677994443,0.08513275058940348
39.30000000000006,-0.14302437437437499,0.009093370370370349,-0.7291422744435578,8.342908807051908e-05,-0.5861179000691829,0.03995776555868548,0.12319098514888764,0.08323321959020216
39.40000000000006,-0.14402522522522587,0.00906759459459458,-0.7330311117934296,7.301706664292196e-05,-0.5890058865682037,0.039132413907330146,0.1204913691172819,0.08135895520995175
39.500000000000064,-0.14502607607607673,0.009041818818818798,-0.7368971262871429,8.296356087850176e-05,-0.5918710502110661,0.0383070622559748,0.11781457687966822,0.07950751462369342
39.600000000000065,-0.1460269269269276,0.009016043043043015,-0.740739086058822,0.00011415023651450973,-0.5947121591318945,0.03748171060461947,0.11516184031949028,0.07768012971487082
39.70000000000007,-0.14702777777777848,0.008990267267267246,-0.7445598446831706,0.00014790800499164813,-0.5975320669053921,0.036656358953264134,0.1125303058798674,0.07587394692660326
39.80000000000007,-0.1480286286286293,0.008964491491491464,-0.7483569097262335,0.0001664575964492876,-0.6003282810976042,0.03583100730190879,0.10992246603161711,0.07409145872970832
39.90000000000007,-0.14902947947948017,0.008938715715715695,-0.7521204110370517,0.00016363288703336032,-0.6030909315575715,0.035005655650553455,0.10734819093624723,0.07234253528569377
40.00000000000007,-0.15001640030060187,0.008907925350701368,-0.755843393740481,0.0001454792526548454,-0.6058269934398792,0.034194235071309004,0.10481443547645333,0.07062020040514433
40.10000000000007,-0.15096359468937945,0.0088656407815631,-0.7595356832733589,0.00012362981574642884,-0.6085720885839794,0.03342254393809675,0.10231137423452481,0.06888883029642806
40.200000000000074,-0.15191078907815703,0.008823356212424818,-0.7632078916422673,0.00011324888230362928,-0.6112971025641103,0.0326508528048845,0.09982839522318425,0.06717754241829975
40.300000000000075,-0.15285798346693458,0.00878107164328655,-0.766859463849047,0.0001218016051254267,-0.6140014803821124,0.03187916167167225,0.09736605346036738,0.06548689178869513
40.40000000000008,-0.15380517785571216,0.008738787074148269,-0.7704854797271752,0.00014432446175394187,-0.616680301871463,0.03110747053846,0.09492926913267319,0.06382179859421319
40.50000000000008,-0.15475237224448973,0.008696502505009973,-0.7740898946897741,0.00016780618299816474,-0.6193375224452844,0.030335779405247752,0.09251408684725536,0.062178307442007606
40.60000000000008,-0.1556995666332673,0.008654217935871705,-0.7776773493617313,0.00017926681426222446,-0.6219777827284639,0.0295640882720355,0.09011586600012363,0.060551777728088126
40.70000000000008,-0.1566467610220449,0.008611933366733424,-0.7812425581396862,0.0001785321137589002,-0.6245957971176413,0.02879239713882325,0.08773989221563552,0.058947495076812274
40.80000000000008,-0.15759395541082244,0.008569648797595156,-0.7847767002047735,0.00017660965983234966,-0.6271827447939511,0.028020706005610997,0.08539498634775558,0.05737428034214458
40.900000000000084,-0.15854114979960002,0.008527364228456874,-0.7882769756702652,0.00018025227234030883,-0.6297358258706652,0.027249014872398752,0.08308394829658654,0.055834933424187785
41.000000000000085,-0.1594703912825659,0.008487108717434855,-0.7917427190066542,0.00018392305646564022,-0.6322723277240883,0.02649527802125507,0.08080744360763649,0.05431216558638142
41.10000000000009,-0.1603517039078164,0.008455796092184345,-0.7951760019306688,0.0001888691935938991,-0.6348242980228525,0.025789473620666872,0.07856340058679741,0.052773926966130535
41.20000000000009,-0.16123301653306693,0.008424483466933835,-0.7985816011077078,0.00020271417275474768,-0.6373485845746409,0.025083669220078673,0.07634704259145858,0.05126337337137991
41.30000000000009,-0.16211432915831744,0.00839317084168334,-0.8019664089172105,0.00022691092316484696,-0.639852079758893,0.024377864819490475,0.07415147726558263,0.04977361244609216
41.40000000000009,-0.16299564178356796,0.00836185821643283,-0.8053344625800654,0.0002534398540463001,-0.6423388207964974,0.023672060418902276,0.07197266741181553,0.048300606992913254
41.50000000000009,-0.16387695440881844,0.008330545591182334,-0.8086868663729927,0.00027515214509910013,-0.6448099119641743,0.022966256018314077,0.06980950877760092,0.046843252759286844
41.600000000000094,-0.16475826703406898,0.008299232965931838,-0.812020289775899,0.0002862026527640227,-0.64726202274183,0.022260451617725878,0.06766533190756455,0.04540488028983867
41.700000000000095,-0.16563957965931947,0.008267920340681328,-0.8153295163128786,0.0002839870020749924,-0.6496899366535591,0.02155464721713768,0.06554535330233924,0.04399070608520156
41.8000000000001,-0.16652089228456998,0.008236607715430833,-0.8186093042961302,0.00027499875700481846,-0.6520884120115602,0.02084884281654948,0.06345481467508352,0.042605971858534035
41.9000000000001,-0.1674022049098205,0.008205295090180323,-0.8218602330663429,0.0002711144568415813,-0.6544580281565224,0.02014303841596128,0.06139313671027047,0.04125009829430919
42.0000000000001,-0.16827032490306018,0.008168168590434066,-0.8250887779813973,0.00028271829223835976,-0.6568184530783372,0.019450428456380016,0.059353844077337,0.039903415620956985
42.1000000000001,-0.16910780551994964,0.008119376662233321,-0.8282936071363105,0.00030500403805028276,-0.6591858016163609,0.018788462156325507,0.05733826870758607,0.038549806551260564
42.2000000000001,-0.16994528613683907,0.008070584734032576,-0.8314796284880875,0.0003251711117159273,-0.6615343423512485,0.01812649585627099,0.055341502670680505,0.037215006814409514
42.300000000000104,-0.17078276675372853,0.008021792805831818,-0.8346495151641209,0.00033368309042702826,-0.6638667484103924,0.01746452955621648,0.05336087286695024,0.035896343310733755
42.400000000000105,-0.17162024737061798,0.007973000877631073,-0.837803382660048,0.00033793958850625305,-0.66618313528943,0.016802563256161966,0.051396263828685895,0.03459370057252393
42.50000000000011,-0.17245772798750741,0.007924208949430328,-0.8409403171398935,0.0003523903013751828,-0.668482589152386,0.01614059695610745,0.04944858942024566,0.03330799246413821
42.60000000000011,-0.17329520860439684,0.007875417021229583,-0.8440565703655194,0.00037725945701033714,-0.6707613617611226,0.015478630656052938,0.04752159790867364,0.03204296725262071
42.70000000000011,-0.17413268922128633,0.007826625093028824,-0.8471479429189739,0.0003997291848157336,-0.6730152536976876,0.014816664355998424,0.04561948874143512,0.030802824385436696
42.80000000000011,-0.17497016983817576,0.00777783316482808,-0.8502129851613547,0.0004115195366010127,-0.6752428153231789,0.01415469805594391,0.043743711587154385,0.029589013531210476
42.90000000000011,-0.1758076504550652,0.007729041236627335,-0.8532520619461705,0.0004177814697759463,-0.6774444114911053,0.013492731755889397,0.04189390162284412,0.028401169866954724
43.000000000000114,-0.1766100757912229,0.007690355070501323,-0.8562690174308636,0.0004268464970396679,-0.6796589416396407,0.012865823061344787,0.04006621472180835,0.027200391660463563
43.100000000000115,-0.17733330438053366,0.007677847924076359,-0.8592680589057393,0.00043764877876750763,-0.6819347545252057,0.012318116257561608,0.03825644362520898,0.025938327367647375
43.20000000000012,-0.17805653296984442,0.0076653407776513804,-0.862249625014248,0.00044019628072627937,-0.6841930920444035,0.011770409453778429,0.03646414972151041,0.02469374026773198
43.30000000000012,-0.1787797615591552,0.007652833631226388,-0.8652053891690625,0.0004280046005740723,-0.6864256276099073,0.01122270264999525,0.03469765963028325,0.023474956980288
43.40000000000012,-0.17950299014846594,0.00764032648480141,-0.8681312382382457,0.00041241862043950306,-0.6886282480897797,0.01067499584621207,0.03296108651660669,0.022286090670394616
43.50000000000012,-0.18022621873777672,0.007627819338376432,-0.8710341195097473,0.00041130590055588057,-0.6908079007719705,0.010127289042428891,0.031247483146953664,0.021120194104524773
43.60000000000012,-0.18094944732708748,0.00761531219195144,-0.8739195119648151,0.00042950971307448294,-0.6929700646377276,0.00957958223864571,0.029551370567645254,0.019971788328999544
43.700000000000124,-0.18167267591639824,0.007602805045526462,-0.8767845016389567,0.00045842144583274624,-0.6951118257225585,0.009031875434862533,0.027875662766904494,0.01884378733204196
43.800000000000125,-0.18239590450570903,0.0075902978991014974,-0.8796276331413646,0.0004858717608705043,-0.6972317286356555,0.008484168631079352,0.026221815170855076,0.017737646539775723
43.90000000000013,-0.1831191330950198,0.007577790752676505,-0.8824537446769336,0.0005028023451625896,-0.6993346115819138,0.007936461827296175,0.024584989610565103,0.01664852778326893
44.00000000000013,-0.1838142017017025,0.007560086586586551,-0.8852630718991178,0.000509803463704217,-0.7014488701974153,0.007416917999212729,0.022964950468922628,0.0155480324697099
44.10000000000013,-0.18445133883883966,0.007535562062062018,-0.8880453239721344,0.0005183196337006923,-0.7035939851332947,0.006955311804319853,0.021371988618782,0.014416676814462147
44.20000000000013,-0.1850884759759768,0.007511037537537513,-0.890790793072237,0.0005369409336236086,-0.7057023170962602,0.006493705609426978,0.019815811921522195,0.013322106312095216
44.30000000000013,-0.18572561311311395,0.00748651301301298,-0.8935066242872064,0.0005597880112870879,-0.7077810111740924,0.006032099414534102,0.01828927532780477,0.012257175913270668
44.400000000000134,-0.1863627502502511,0.007461988488488447,-0.896206706996577,0.0005781111534298722,-0.7098439567463259,0.005570493219641226,0.016778489496811932,0.011207996277170706
44.500000000000135,-0.1869998873873882,0.007437463963963928,-0.8988945934691731,0.0005910021092738749,-0.7118947060817848,0.00510888702474835,0.015279902199214157,0.010171015174465807
44.600000000000136,-0.18763702452452538,0.007412939439439409,-0.9015615557437505,0.0006015615704311195,-0.7139245312192252,0.004647280829855475,0.013802241436437114,0.00915496060658164
44.70000000000014,-0.1882741616616625,0.00738841491491489,-0.9041994216705385,0.0006114931327690365,-0.7159252600088759,0.004185674634962599,0.012353679447444319,0.00816800481248172
44.80000000000014,-0.18891129879879964,0.007363890390390357,-0.9068129391322528,0.0006206545071743008,-0.7179016403334532,0.003724068440069724,0.010929468368618979,0.007205399928549254
44.90000000000014,-0.1895484359359368,0.007339365865865824,-0.9094136199815874,0.000629365347675992,-0.7198651840456507,0.0032624622451768483,0.0095180963690538,0.006255634123876952
45.00000000000014,-0.19015866974489598,0.00731651944429397,-0.9120089208779217,0.0006358782991524592,-0.7218502511330258,0.0028277631593672226,0.008112106831701101,0.005284343672333878
45.10000000000014,-0.1907151123598556,0.007300617369874862,-0.9145954337014472,0.0006383211171042125,-0.7238803213415916,0.002446862710945001,0.006714907920713017,0.004268045209768016
45.200000000000145,-0.1912715549748153,0.007284715295455754,-0.9171622508362539,0.0006362740909079401,-0.7258906958614386,0.002065962262522779,0.005337407295916789,0.00327144503339401
45.300000000000146,-0.19182799758977495,0.007268813221036646,-0.9197062865864871,0.0006330868572363424,-0.7278782889967121,0.001685061814100557,0.0039826906985626805,0.0022976288844621237
45.40000000000015,-0.1923844402047346,0.007252911146617538,-0.9222377818976182,0.0006351795914286695,-0.7298533416928836,0.0013041613656783351,0.002640517228735697,0.0013363558630573617
45.50000000000015,-0.19294088281969426,0.00723700907219843,-0.9247653098466123,0.0006466111325852397,-0.7318244270269181,0.0009232609172561133,0.001302313863452794,0.00037905294619668063
45.60000000000015,-0.19349732543465392,0.007221106997779322,-0.9272785444333771,0.0006616033938077748,-0.7337812189987232,0.0005423604688338914,-2.1593256693607215e-05,-0.0005639537255274986
45.70000000000015,-0.19405376804961358,0.0072052049233602145,-0.9297605822572683,0.0006736228095512997,-0.7357068142076547,0.00016146002041166952,-0.001314300776245698,-0.0014757607966573675
45.80000000000015,-0.19461021066457324,0.0071893028489411065,-0.9322073080336328,0.0006835490410197487,-0.7375970973690595,-0.00021944042801055256,-0.00257169336216501,-0.0023522529341544578
45.900000000000155,-0.19516665327953292,0.007173400774521985,-0.9346258512007103,0.0006952544488825207,-0.7394591979211773,-0.0006003408764327744,-0.0038009004027228744,-0.0032005595262901
46.000000000000156,-0.19570876626626707,0.007163035535535545,-0.9370193961343363,0.0007090481614176469,-0.7413106298680692,-0.0009669068645675756,-0.0050051062216576545,-0.004038199357090079
46.10000000000016,-0.1962237812812821,0.007164136636636648,-0.9393904928146886,0.0007249248018978416,-0.7431667115334064,-0.0013063659548994376,-0.006186860747848871,-0.0048804947929494335
46.20000000000016,-0.19673879629629712,0.007165237737737751,-0.9417472376921343,0.0007427684872814977,-0.7450084413958372,-0.0016458250452312992,-0.0073542603798646975,-0.005708435334633399
46.30000000000016,-0.19725381131131214,0.007166338838838854,-0.9440984725637765,0.0007613781660426033,-0.7468446612524644,-0.001985284135563161,-0.00851614676577829,-0.006530862630215129
46.40000000000016,-0.19776882632632714,0.007167439939939943,-0.94644379958932,0.0007779227812800271,-0.7486749732629929,-0.002324743225895023,-0.009672122059743545,-0.007347378833848522
46.50000000000016,-0.1982838413413422,0.007168541041041046,-0.9487732000410344,0.0007886444647920987,-0.7504893586996921,-0.0026642023162268846,-0.010812167518226945,-0.00814796520200006
46.600000000000165,-0.1987988563563572,0.007169642142142149,-0.9510765472913322,0.0007923671019470779,-0.752277690934975,-0.0030036614065587462,-0.011926156457209208,-0.008922495050650462
46.700000000000166,-0.19931387137137224,0.007170743243243252,-0.9533535733184092,0.0007911071344774978,-0.754039701947037,-0.0033431204968906083,-0.013013820798107902,-0.009670700301217293
46.80000000000017,-0.19982888638638724,0.007171844344344341,-0.955612078167227,0.0007886009231983793,-0.7557831917808397,-0.00368257958722247,-0.014082960528110294,-0.010400380940887823
46.90000000000017,-0.20034390140140226,0.0071729454454454444,-0.957853439872095,0.000787113533042838,-0.7575095384706928,-0.0040220386775543324,-0.015134953575544004,-0.011112914897989672
47.00000000000017,-0.20082118568568638,0.007162592092092052,-0.9600701446516022,0.000788249340374414,-0.7592489589659158,-0.004323760944742029,-0.016162286016668418,-0.01183852507192639
47.10000000000017,-0.2012321966966974,0.0071347642642642095,-0.9622583921912345,0.0007938900539107285,-0.7610261954945372,-0.004559199163617384,-0.017161157596135054,-0.012601958432517671
47.20000000000017,-0.20164320770770844,0.007106936436436381,-0.9644246530611142,0.0008003978469068307,-0.7627814453534059,-0.00479463738249274,-0.018138038822264883,-0.013343401439772144
47.300000000000175,-0.20205421871871942,0.007079108608608553,-0.9665818939304307,0.0008002449024679392,-0.7645276752117113,-0.005030075601368096,-0.019105896301633674,-0.014075820700265577
47.400000000000176,-0.20246522972973047,0.007051280780780725,-0.9687364649964618,0.0007913776114259474,-0.7662712352667314,-0.005265513820243452,-0.020071080167797094,-0.014805566347553641
47.50000000000018,-0.20287624074074145,0.007023452952952883,-0.9708811930977668,0.0007800615020859825,-0.7680049523570254,-0.005500952039118807,-0.021026417182103886,-0.015525465142985079
47.60000000000018,-0.2032872517517525,0.006995625125125068,-0.9730025448175867,0.0007757219588706565,-0.7697152930658342,-0.0057363902579941626,-0.021958373677119444,-0.016221983419125282
47.70000000000018,-0.2036982627627635,0.00696779729729724,-0.9750968120807113,0.0007796561597490648,-0.7713985493179478,-0.005971828476869518,-0.022863241696277452,-0.016891413219407934
47.80000000000018,-0.20410927377377452,0.006939969469469398,-0.9771660311970245,0.0007919117776942208,-0.77305675742325,-0.006207266695744874,-0.023743057481672394,-0.01753579078592752
47.90000000000018,-0.20452028478478554,0.006912141641641584,-0.9792147061902491,0.0008126303929196776,-0.7746944214054635,-0.00644270491462023,-0.02460232498707071,-0.01815962007245048
48.000000000000185,-0.20490891032232297,0.0068897343223222884,-0.9812472798044019,0.0008387608796995849,-0.7763383694820789,-0.0066557499840611545,-0.025445486886357054,-0.0187897369022959
48.100000000000186,-0.20525897959159223,0.006878203591591567,-0.9832662385052879,0.0008644552332375266,-0.7780072589136957,-0.006830225780846033,-0.026275029410128506,-0.019444803629282473
48.20000000000019,-0.2056090488608615,0.006866672860860831,-0.9852729774522947,0.0008852076653491636,-0.7796639285914332,-0.007004701577630912,-0.027092347713605476,-0.020087646135974566
48.30000000000019,-0.2059591181301308,0.00685514213013011,-0.9872701601242354,0.0009005273169517825,-0.7813110419941046,-0.007179177374415791,-0.027900105283111515,-0.020720927908695723
48.40000000000019,-0.20630918739940007,0.006843611399399374,-0.9892588944002685,0.0009106128525014356,-0.7829497070008684,-0.00735365317120067,-0.028699409922567497,-0.021345756751366827
48.50000000000019,-0.20665925666866933,0.006832080668668639,-0.9912345583244566,0.0009151731949774145,-0.7845753016557873,-0.007528128967985549,-0.029485639599179957,-0.02195751063119441
48.60000000000019,-0.2070093259379386,0.006820549937937903,-0.9931895721178139,0.0009176863427569626,-0.7861802461798753,-0.007702604764770428,-0.030251214456052795,-0.02254860969128237
48.700000000000195,-0.20735939520720786,0.0068090192072071815,-0.9951192270541036,0.0009255300323516846,-0.7877598318468957,-0.007877080561555307,-0.03099142540382365,-0.023114344842268344
48.800000000000196,-0.20770946447647715,0.006797488476476446,-0.9970306558892443,0.0009381225592101083,-0.7893211914127671,-0.008051556358340185,-0.031713405386645785,-0.0236618490283056
48.9000000000002,-0.20805953374574643,0.006785957745745724,-0.9989278681295681,0.0009543094090523341,-0.7908683343838216,-0.008226032155125063,-0.03242116383032971,-0.024195131675204647
49.0000000000002,-0.20838381831831887,0.006763827327327249,-1.000808654108212,0.0009736919114549103,-0.7924248357898931,-0.008374713705492715,-0.033112490984504986,-0.02473777727901227
49.1000000000002,-0.20866615065065122,0.00672674024024017,-1.0026732807781236,0.0009966009377084806,-0.7940071301274724,-0.008481427216293332,-0.03378765365102274,-0.025306226434729406
49.2000000000002,-0.20894848298298355,0.006689653153153091,-1.0045239439292684,0.001019271119864551,-0.7955754609462848,-0.008588140727093949,-0.03444884733170607,-0.02586070660461212
49.3000000000002,-0.2092308153153159,0.0066525660660659985,-1.0063597268103495,0.0010336073086845143,-0.7971289114950335,-0.008694854237894564,-0.03509515544011581,-0.026400301202221244
49.400000000000205,-0.20951314764764822,0.006615478978978906,-1.0081797593067008,0.0010359723465863668,-0.7986666116590526,-0.008801567748695178,-0.03572570777265585,-0.026924140023960673
49.500000000000206,-0.20979547997998055,0.006578391891891813,-1.0099857706093354,0.0010301781215594774,-0.8001902906293548,-0.008908281259495795,-0.036342233428813334,-0.027433952169317537
49.60000000000021,-0.21007781231231287,0.0065413048048047345,-1.0117770517230298,0.0010221137578069195,-0.801699239410717,-0.009014994770296412,-0.03694402332223824,-0.02792902855194183
49.70000000000021,-0.21036014464464522,0.006504217717717642,-1.013547279591596,0.0010169997839565292,-0.8031871349469508,-0.009121708281097027,-0.03752475400226589,-0.028403045721168863
49.80000000000021,-0.21064247697697758,0.006467130630630549,-1.015293007383912,0.0010145272316498533,-0.8046505304069344,-0.009228421791897642,-0.03808097875984773,-0.028852556967950086
49.90000000000021,-0.2109248093093099,0.0064300435435434705,-1.0170185484404035,0.001011584005750521,-0.8060937391310936,-0.00933513530269826,-0.038617010905134114,-0.029281875602435854
50.00000000000021,-0.2111991681481487,0.006393871851851793,-1.0187321635557924,0.0010074882038592081,-0.8075329954076438,-0.009433863303402203,-0.0391411111335903,-0.029707247830188094
50.100000000000215,-0.21146066584584639,0.006359974154154083,-1.0204390304889441,0.0010005764709959397,-0.8089783646430977,-0.009519711105508349,-0.03965845691417971,-0.030138745808671364
50.200000000000216,-0.21172216354354412,0.0063260764564564,-1.0221372532666617,0.0009886929327252991,-0.8104150897231176,-0.009605558907614492,-0.04016715212194755,-0.030561593214333056
50.30000000000022,-0.2119836612412418,0.00629217875875869,-1.0238208557585846,0.0009754147808872515,-0.8118371945173428,-0.00969140670972064,-0.04066122074399191,-0.030969814034271268
50.40000000000022,-0.2122451589389395,0.006258281061060994,-1.0254817720535463,0.0009698145246221923,-0.8132366131146068,-0.009777254511826785,-0.04113259676259957,-0.031355342250772786
50.50000000000022,-0.2125066566366372,0.006224383363363284,-1.0271142683155587,0.0009806238392190414,-0.8146076116789216,-0.00986310231393293,-0.04157554623622249,-0.03171244392228956
50.60000000000022,-0.2127681543343349,0.0061904856656656015,-1.0287206493867398,0.0010064072274599267,-0.8159524950524049,-0.009948950116039074,-0.04199237380556452,-0.032043423689525445
50.70000000000022,-0.2130296520320326,0.006156587967967891,-1.030314818997779,0.001034536104477457,-0.8172851669657465,-0.01003479791814522,-0.04239698280722263,-0.03236218488907741
50.800000000000225,-0.2132911497297303,0.006122690270270195,-1.0319095140148022,0.0010563542355814803,-0.818618364285072,-0.010120645720251367,-0.04280211034964125,-0.03268146462938988
50.900000000000226,-0.21355264742742802,0.006088792572572499,-1.0335062580199599,0.0010740088738812048,-0.8199536105925318,-0.010206493522357512,-0.043209279899611513,-0.033002786377254
51.00000000000023,-0.21380111161161214,0.006061412912912886,-1.0350974406008022,0.0010896551538215338,-0.8212963289891901,-0.01027929291398981,-0.043610880839139186,-0.03333158792514938
51.10000000000023,-0.21402873923923976,0.006045096596596564,-1.0366705090150945,0.0010990961264479848,-0.8226417697758548,-0.01033123255815678,-0.043994359962971,-0.03366312740481422
51.20000000000023,-0.2142563668668674,0.006028780280280255,-1.0382204133694977,0.001100892533443365,-0.8239640465026303,-0.01038317220232375,-0.04435466766867405,-0.033971495466350296
51.30000000000023,-0.214483994494495,0.006012463963963932,-1.039746157644338,0.001096753899919145,-0.8252621631498431,-0.010435111846490718,-0.044690807813948547,-0.034255695967457825
51.40000000000023,-0.21471162212212264,0.005996147647647624,-1.0412477263038995,0.001093499074408033,-0.8265361041817769,-0.010487051490657689,-0.04500276473808022,-0.03451571324742253
51.500000000000234,-0.21493924974975026,0.005979831331331301,-1.0427267529341921,0.0010988734506527376,-0.8277875031844419,-0.010538991134824658,-0.04529217190076231,-0.034753180765937655
51.600000000000236,-0.21516687737737789,0.005963515015014978,-1.0441899075949004,0.001111154533646519,-0.8290230302175225,-0.010590930778991627,-0.045565698688402385,-0.03497476790941076
51.70000000000024,-0.21539450500500554,0.005947198698698669,-1.0456463714632163,0.001118252472501191,-0.8302518664582107,-0.010642870423158597,-0.045832526647487215,-0.03518965622432862
51.80000000000024,-0.21562213263263316,0.0059308823823823464,-1.047093785127132,0.0011154739189062068,-0.8314716524944988,-0.010694810067325568,-0.04609029625263403,-0.03539548618530846
51.90000000000024,-0.21584976026026081,0.005914566066066038,-1.0485257917607074,0.0011071906319880531,-0.8326760315004466,-0.010746749711492535,-0.04633265041671399,-0.035585900705221454
52.00000000000024,-0.2160706390000005,0.005902164999999987,-1.0499412877554137,0.0011032937280240906,-0.8338706487554133,-0.01079192173744025,-0.04655848501173662,-0.03576656327429637
52.10000000000024,-0.2162811390000005,0.005896064999999978,-1.0513403591125434,0.0011090044506224528,-0.8350592201125429,-0.010826687056611967,-0.04676788637875144,-0.035941199322139475
52.200000000000244,-0.2164916390000005,0.005889964999999983,-1.0527240776962175,0.0011234229809616858,-0.836232438696217,-0.010861452375783683,-0.04696192624001541,-0.03610047386423173
52.300000000000246,-0.21670213900000052,0.005883864999999988,-1.0540949130123913,0.0011420877483616643,-0.8373927740123908,-0.010896217694955398,-0.047143073956433364,-0.036246856261477965
52.40000000000025,-0.21691263900000052,0.005877764999999979,-1.0554541077654587,0.0011583094904235036,-0.8385414687654582,-0.010930983014127113,-0.04731257208539442,-0.0363815890712673
52.50000000000025,-0.21712313900000052,0.005871664999999984,-1.0568017627853314,0.001165924987564959,-0.8396786237853309,-0.010965748333298827,-0.04747052064333192,-0.03650477231003309
52.60000000000025,-0.21733363900000052,0.005865564999999989,-1.0581356435178608,0.0011652536026548477,-0.8408020045178604,-0.011000513652470543,-0.0476146855444933,-0.03661417189202276
52.70000000000025,-0.21754413900000052,0.00585946499999998,-1.0594529841712008,0.001164263674815813,-0.8419088451712002,-0.011035278971642259,-0.047742300855527,-0.036707021883884736
52.80000000000025,-0.21775463900000053,0.0058533649999999715,-1.0607527814760107,0.0011683029365650022,-0.8429981424760102,-0.011070044290813973,-0.047852362824510004,-0.03678231853369603
52.900000000000254,-0.21796513900000053,0.00584726499999999,-1.0620382330931042,0.0011750965422946402,-0.8440730940931036,-0.011104809609985687,-0.04794806884246294,-0.036843259232477256
53.000000000000256,-0.21816369469469515,0.00584260460460459,-1.0633188568633758,0.0011820721235600296,-0.8451551621686806,-0.011127607667262573,-0.04803893699126076,-0.03691132932399818
53.10000000000026,-0.21834422522522567,0.0058408528528528375,-1.0646012322346987,0.0011882354528780503,-0.846257007009473,-0.011132346280339378,-0.048131546553562096,-0.03699920027322272
53.20000000000026,-0.21852475575575622,0.005839101101101085,-1.065879991257682,0.0011942128354761605,-0.8473552355019257,-0.01113708489341618,-0.048220529410252025,-0.037083444516835845
53.30000000000026,-0.21870528628628677,0.005837349349349333,-1.0671414212774673,0.0012026596440946058,-0.8484361349911804,-0.011141823506492985,-0.04829217261448662,-0.03715034910799364
53.40000000000026,-0.2188858168168173,0.0058355975975975805,-1.068377190463036,0.0012119417610279015,-0.8494913736462186,-0.011146562119569787,-0.048338143594077676,-0.03719158147450789
53.50000000000026,-0.2190663473473478,0.005833845845845828,-1.0695901556881244,0.0012159038962203939,-0.8505238083407767,-0.011151300732646589,-0.04836129970130048,-0.03720999896865389
53.600000000000264,-0.21924687787787836,0.005832094094094076,-1.0707828362293434,0.0012150042405996153,-0.8515359583514651,-0.011156039345723394,-0.048364160030900286,-0.03720812068517689
53.700000000000266,-0.21942740840840888,0.005830342342342337,-1.0719590382151272,0.0012116531723600499,-0.8525316298067183,-0.011160777958800196,-0.04835052981873061,-0.03718975185993041
53.80000000000027,-0.21960793893893943,0.005828590590590585,-1.0731267284871842,0.0012118137607338708,-0.8535187895482448,-0.011165516571877,-0.048328376233928654,-0.037162859662051656
53.90000000000027,-0.21978846946946995,0.005826838838838833,-1.074287744965914,0.001216981370167236,-0.8544992754964441,-0.011170255184953803,-0.04829953716580379,-0.037129281980849985
54.00000000000027,-0.21996131900000043,0.005827359000000018,-1.0754370294060582,0.001223902378689079,-0.8554757104060577,-0.011167283958835095,-0.04825895417702221,-0.037091670218187114
54.10000000000027,-0.22012296900000045,0.005831609000000015,-1.0765697672345782,0.001227950959715729,-0.8564467982345778,-0.011153071883961339,-0.048201812497995024,-0.03704874061403368
54.20000000000027,-0.22028461900000046,0.005835859000000013,-1.0776874320238874,0.0012261565067088753,-0.8574028130238869,-0.011138859809087583,-0.04812958512229622,-0.036990725313208635
54.300000000000274,-0.22044626900000044,0.00584010900000001,-1.0787928957825486,0.0012227897892019834,-0.8583466267825481,-0.011124647734213827,-0.04804514366070734,-0.03692049592649352
54.400000000000276,-0.22060791900000043,0.005844359000000007,-1.0798872267725832,0.001224799482604011,-0.8592793077725828,-0.011110435659340072,-0.047949556705492016,-0.036839121046151946
54.50000000000028,-0.22076956900000044,0.0058486090000000185,-1.0809729774588304,0.0012298781464498143,-0.8602034084588299,-0.011096223584466318,-0.04784537627378049,-0.036749152689314175
54.60000000000028,-0.22093121900000046,0.005852859000000016,-1.0820517236729124,0.0012303394776540522,-0.8611205046729119,-0.011082011509592562,-0.0477341774304404,-0.03665216592084784
54.70000000000028,-0.22109286900000047,0.005857109000000013,-1.0831238200085649,0.0012247536095579825,-0.8620309510085644,-0.011067799434718806,-0.047616315303372514,-0.03654851586865371
54.80000000000028,-0.22125451900000045,0.00586135900000001,-1.084185375130117,0.0012184504314186606,-0.8629308561301164,-0.01105358735984505,-0.04748789833617702,-0.03643431097633197
54.90000000000028,-0.22141616900000044,0.005865609000000008,-1.085230635430134,0.0012195820414834246,-0.8638144664301335,-0.011039375284971294,-0.04734317269743886,-0.036303797412467566
55.000000000000284,-0.22156454096096134,0.0058793809609610365,-1.0862573503477018,0.001231399435547842,-0.8646928093867404,-0.011011849817779626,-0.0471798875970066,-0.036168037779226975
55.100000000000286,-0.22169321943943981,0.005907659439439522,-1.087267850777522,0.0012495142007535875,-0.8655746313380821,-0.010964580212737749,-0.04700037294894752,-0.03603579273620977
55.20000000000029,-0.2218218979179183,0.005935937917917994,-1.0882678688033636,0.0012630622634914879,-0.8664459708854453,-0.010917310607695874,-0.04681036097989423,-0.03589305037219836
55.30000000000029,-0.22195057639639676,0.00596421639639648,-1.0892573862307011,0.0012661817136322417,-0.8673068098343044,-0.010870041002653999,-0.046609833584243185,-0.035739792581589186
55.40000000000029,-0.22207925487487523,0.005992494874874951,-1.090232604456379,0.0012605533983832684,-0.8681533495815038,-0.010822771397612122,-0.04639499110976987,-0.03557221971215775
55.50000000000029,-0.22220793335335373,0.006020773353353437,-1.0911912577170817,0.00125346109855351,-0.8689833243637279,-0.010775501792570249,-0.04616356794084481,-0.035388066148274555
55.60000000000029,-0.22233661183183223,0.0060490518318319225,-1.0921333398390969,0.0012513291743326826,-0.8697967280072647,-0.010728232187528372,-0.045915558015000385,-0.03518732582747201
55.700000000000294,-0.2224652903103107,0.006077330310310394,-1.093061384006703,0.001256477288505975,-0.8705960936963922,-0.010680962582486495,-0.045653494257692655,-0.034972531675206156
55.800000000000296,-0.22259396878878918,0.00610560878878888,-1.0939794070283466,0.0012670267927051837,-0.8713854382395574,-0.010633692977444622,-0.04538139321642453,-0.03474770023897991
55.9000000000003,-0.22272264726726765,0.006133887267267352,-1.0948905593634626,0.0012785628212755862,-0.8721679120961949,-0.010586423372402745,-0.045102405084520465,-0.03451598171211772
56.0000000000003,-0.22283611453453483,0.006158045465465514,-1.0957952304030172,0.0012879185083329858,-0.8729591158684824,-0.01052389865504683,-0.04481691778449526,-0.03429301912944843
56.1000000000003,-0.22292845087087115,0.006177709129129183,-1.0966935707123482,0.0012930418046314118,-0.8737651198414771,-0.010440181513675699,-0.04452508270598059,-0.03408490119230489
56.2000000000003,-0.22302078720720747,0.006197372792792852,-1.0975830234411958,0.0012929951116257277,-0.8745622362339884,-0.010356464372304565,-0.04422434264296668,-0.033867878270662115
56.3000000000003,-0.22311312354354385,0.006217036456456507,-1.0984556768962497,0.0012865068585153905,-0.8753425533527058,-0.010272747230933433,-0.04390678452054089,-0.03363403728960746
56.400000000000304,-0.22320545987988016,0.0062367001201201755,-1.0993095513168591,0.0012782326173711445,-0.876104091436979,-0.0101890300895623,-0.043570429467429006,-0.0333813993778667
56.500000000000306,-0.22329779621621648,0.006256363783783844,-1.1001489696296551,0.0012746726959541599,-0.8768511734134387,-0.01010531294819117,-0.04321960011598924,-0.03311428716779807
56.60000000000031,-0.22339013255255286,0.006276027447447499,-1.1009804845641913,0.001278497093079256,-0.8775903520116384,-0.010021595806820036,-0.04286084889776086,-0.03283925309094082
56.70000000000031,-0.22348246888888917,0.006295691111111168,-1.1018082126142683,0.0012865093865532806,-0.8783257437253791,-0.009937878665448903,-0.04249829200273254,-0.03256041333728364
56.80000000000031,-0.22357480522522552,0.006315354774774823,-1.102630078271282,0.001293767283121916,-0.8790552730460564,-0.009854161524077771,-0.04212985338309682,-0.032275691859019046
56.90000000000031,-0.22366714156156187,0.006335018438438492,-1.1034396846898207,0.00129667093995256,-0.8797725431282588,-0.009770444382706639,-0.0417491348917501,-0.03197869050904346
57.00000000000031,-0.2237327340000001,0.006341005999999955,-1.1042338382351349,0.0012921665109210112,-0.8805011042351347,-0.009659928944716314,-0.04135294374292647,-0.031693014798210156
57.100000000000314,-0.22376213400000008,0.00632960599999996,-1.1050123415473876,0.0012832669535897123,-0.8812502075473875,-0.009513146257817663,-0.040941081570365905,-0.03142793531254824
57.200000000000315,-0.2237915340000001,0.006318205999999965,-1.1057788778032716,0.0012795971154804242,-0.8819873438032715,-0.009366363570919013,-0.04051723101130822,-0.031150867440389206
57.30000000000032,-0.22382093400000008,0.0063068059999999565,-1.1065364067545238,0.0012862504420252385,-0.8827154727545237,-0.009219580884020362,-0.040084352316717455,-0.030864771432697093
57.40000000000032,-0.2238503340000001,0.006295405999999948,-1.1072876160786032,0.0013013426203537515,-0.8834372820786031,-0.009072798197121711,-0.03964513282318096,-0.03057233462605925
57.50000000000032,-0.2238797340000001,0.006284005999999967,-1.1080347345353947,0.001318203259637607,-0.8841550005353946,-0.00892601551022306,-0.03920180094258956,-0.030275785432366496
57.60000000000032,-0.2239091340000001,0.006272605999999958,-1.1087763221615683,0.0013291755355013812,-0.8848671881615682,-0.00877923282332441,-0.038752916359986,-0.029973683536661588
57.70000000000032,-0.2239385340000001,0.006261205999999964,-1.1095050506882216,0.001332229764178794,-0.8855665166882215,-0.00863245013642576,-0.03829115003959268,-0.02965869990316692
57.800000000000324,-0.2239679340000001,0.006249805999999955,-1.1102139164195786,0.0013303032415348248,-0.8862459824195785,-0.008485667449527109,-0.037809497081344234,-0.029323829631817126
57.900000000000325,-0.2239973340000001,0.006238405999999974,-1.110906197176337,0.0013254466772099072,-0.8869088631763369,-0.008338884762628458,-0.037311236086294206,-0.028972351323665747
58.00000000000033,-0.22401666211111113,0.006224560111111055,-1.1115956450697906,0.0013237533391485812,-0.8875789829586794,-0.008181963524355507,-0.0368101178698136,-0.028628154345458092
58.10000000000033,-0.22402220655555558,0.006207904555555505,-1.1122863056563583,0.0013267258968885365,-0.8882640991008027,-0.008011166935031774,-0.03631018775170915,-0.028299020816677373
58.20000000000033,-0.22402775100000002,0.006191248999999954,-1.112966625341484,0.001328278651489101,-0.888938874341484,-0.007840370345708043,-0.03579989246017794,-0.027959522114469892
58.30000000000033,-0.22403329544444445,0.00617459344444439,-1.1136265013576274,0.0013250066844809893,-0.889593205913183,-0.007669573756384311,-0.03526912882867691,-0.027599555072292597
58.40000000000033,-0.2240388398888889,0.00615793788888884,-1.1142666200963207,0.0013180602253943796,-0.8902277802074319,-0.007498777167060579,-0.0347185828428522,-0.027219805675791624
58.500000000000334,-0.22404438433333335,0.0061412823333332894,-1.11489546106855,0.001309374230581195,-0.8908510767352167,-0.0073279805777368475,-0.034156733605880375,-0.026828753028143526
58.600000000000335,-0.2240499287777778,0.006124626777777725,-1.1155187223987568,0.0012999575612619996,-0.8914687936209791,-0.0071571839884131145,-0.03358927881872653,-0.02643209483031342
58.70000000000034,-0.22405547322222225,0.006107971222222175,-1.1161295104212052,0.0012934952293673918,-0.892074037198983,-0.006986387399089383,-0.033009323050145076,-0.026022935651055693
58.80000000000034,-0.2240610176666667,0.006091315666666611,-1.1167181869236713,0.0012926726704833857,-0.8926571692570047,-0.006815590809765651,-0.03240722853751807,-0.025591637727752418
58.90000000000034,-0.22406656211111114,0.00607466011111106,-1.117288604313142,0.001295363957494522,-0.8932220422020309,-0.006644794220441919,-0.031786847277191034,-0.025142053056749117
59.00000000000034,-0.22406450599999997,0.00605786599999994,-1.1178562557886909,0.0012996749100356864,-0.8937917497886909,-0.006466314316242765,-0.0311636708780162,-0.024697356561773433
59.10000000000034,-0.22405215599999995,0.006041515999999955,-1.1184312061235069,0.0013047866321472812,-0.8943790501235069,-0.006277429220718386,-0.030547765113476462,-0.024270335892758076
59.200000000000344,-0.22403980599999995,0.006025165999999943,-1.1190132540919824,0.0013126315213239925,-0.8949734480919824,-0.006088544125194007,-0.029938928301223425,-0.02385038417602942
59.300000000000345,-0.22402745599999996,0.006008815999999945,-1.1195934967071688,0.0013237914702690645,-0.8955660407071688,-0.005899659029669627,-0.029328256981126247,-0.02342859795145662
59.40000000000035,-0.22401510599999996,0.005992465999999946,-1.120159929110877,0.0013328919334869571,-0.8961448231108771,-0.005710773934145247,-0.02870374582260503,-0.022992971888459782
59.50000000000035,-0.22400275599999997,0.005976115999999934,-1.1207050336877162,0.001330640608083633,-0.8967022776877163,-0.005521888838620867,-0.028057876722489637,-0.02253598788386877
59.60000000000035,-0.22399040599999995,0.00595976599999995,-1.1212300061274711,0.0013119591918656637,-0.8972396001274712,-0.005333003743096488,-0.027391844846570954,-0.022058841103474468
59.70000000000035,-0.22397805599999995,0.005943415999999951,-1.1217412764204477,0.0012849649173649613,-0.8977632204204478,-0.005144118647572108,-0.02671207775374903,-0.02156795910617692
59.80000000000035,-0.22396570599999993,0.005927065999999939,-1.1222451643976443,0.0012656992387648502,-0.8982794583976443,-0.004955233552047729,-0.02602489666392971,-0.02106966311188198
59.900000000000354,-0.22395335599999994,0.005910715999999941,-1.1227454636201295,0.0012610814055767916,-0.8987921076201295,-0.004766348456523349,-0.02533409334595239,-0.020567744889429043
60.000000000000355,-0.22393695230830823,0.005902335691691699,-1.123239594146896,0.0012624588303897788,-0.8993026418385878,-0.004573308252126035,-0.024637087721161174,-0.02006377946903514
60.10000000000036,-0.22391438964564558,0.005905098354354363,-1.1237235081970705,0.0012579634288674146,-0.8998091185514249,-0.004373972671178164,-0.023929832301959233,-0.019555859630781068
60.20000000000036,-0.22389182698298288,0.005907861017017027,-1.12419666133431,0.0012445725994337797,-0.9003048343513271,-0.004174637090230292,-0.02321178210520468,-0.019037145014974388
60.30000000000036,-0.22386926432032023,0.005910623679679691,-1.1246614993305502,0.001228833752604963,-0.90079223501023,-0.0039753015092824215,-0.02248538235056346,-0.018510080841281036
60.40000000000036,-0.22384670165765758,0.005913386342342342,-1.1251199866531203,0.0012184560569794556,-0.9012732849954628,-0.00377596592833455,-0.021752596946960134,-0.017976631018625584
60.50000000000036,-0.22382413899499493,0.00591614900500502,-1.1255729354965336,0.0012150826233127132,-0.9017487965015387,-0.003576630347386679,-0.021014237516611564,-0.017437607169224885
60.600000000000364,-0.22380157633233225,0.00591891166766767,-1.1260199380543177,0.001214945835914527,-0.9022183617219854,-0.0033772947664388073,-0.020269895679000317,-0.01689260091256151
60.700000000000365,-0.2237790136696696,0.005921674330330334,-1.1264592680828422,0.0012157552618951017,-0.9026802544131727,-0.003177959185490936,-0.019517842449319676,-0.01633988326382874
60.80000000000037,-0.22375645100700692,0.0059244369929929985,-1.1268906143703306,0.0012194596549307546,-0.9031341633633236,-0.0029786236045430646,-0.018757767996748997,-0.015779144392205933
60.90000000000037,-0.22373388834434427,0.005927199655655663,-1.1273131207129814,0.0012285709421278046,-0.9035792323686371,-0.0027792880235951935,-0.017988813972496284,-0.015209525948901091
61.00000000000037,-0.2237120019999999,0.005931090000000014,-1.1277233350696392,0.001239327747148744,-0.9040113330696393,-0.002580503171543708,-0.017207528556696827,-0.01462702538515312
61.10000000000037,-0.22369095199999992,0.005936440000000015,-1.1281190948787625,0.0012445451987527223,-0.9044281428787626,-0.00238238882411908,-0.016411749291547876,-0.014029360467428796
61.20000000000037,-0.22366990199999992,0.005941790000000016,-1.1285034068699382,0.0012412959526726386,-0.9048335048699383,-0.002184274476694451,-0.015604482269228937,-0.013420207792534486
61.300000000000374,-0.22364885199999993,0.005947140000000017,-1.1288834223219395,0.0012348199030067786,-0.9052345703219395,-0.0019861601292698225,-0.014792878123530388,-0.012806717994260565
61.400000000000375,-0.22362780199999993,0.005952490000000019,-1.1292652647418295,0.00123389815677577,-0.9056374627418295,-0.0017880457818451939,-0.013983059703393485,-0.01219501392154829
61.50000000000038,-0.2236067519999999,0.005957840000000006,-1.1296506389651428,0.0012420945781651538,-0.9060438869651429,-0.0015899314344205652,-0.013176731172078553,-0.011586799737657989
61.60000000000038,-0.22358570199999994,0.005963190000000021,-1.1300372306581616,0.001252693525006232,-0.9064515286581617,-0.0013918170869959366,-0.01237157752706251,-0.010979760440066573
61.70000000000038,-0.22356465199999992,0.005968540000000022,-1.1304182135185554,0.0012547483150219252,-0.9068535615185556,-0.0011937027395713079,-0.01156077055440716,-0.010367067814835852
61.80000000000038,-0.2235436019999999,0.0059738900000000225,-1.1307810055029663,0.0012444480635797062,-0.9072374035029664,-0.0009955883921466792,-0.010731727370024816,-0.009736138977878138
61.90000000000038,-0.22352255199999993,0.0059792400000000245,-1.1311188998926736,0.001222502785126145,-0.9075963478926736,-0.0007974740447220508,-0.009877740817358694,-0.009080266772636644
62.000000000000384,-0.223512863,0.005977848999999966,-1.1314402923652278,0.0011955422669902571,-0.9079274293652277,-0.0006105667830910372,-0.009007205151336115,-0.008396638368245078
62.100000000000385,-0.22351861300000003,0.005966898999999956,-1.131758737079819,0.0011738624664355823,-0.908240124079819,-0.00043889526316606535,-0.008133675435498228,-0.0076947801723321625
62.20000000000039,-0.22352436300000003,0.00595594899999996,-1.1320792894989054,0.0011618325792277506,-0.9085549264989053,-0.00026722374324109364,-0.007262206382215154,-0.006994982638974061
62.30000000000039,-0.22353011300000003,0.005944998999999965,-1.1324004223010062,0.0011589841033793347,-0.9088703093010062,-9.555222331612178e-05,-0.006391269916267157,-0.006295717692951035
62.40000000000039,-0.223535863,0.005934048999999955,-1.1327175670227332,0.0011622990359000385,-0.9091817040227332,7.611929660885004e-05,-0.005516296798632601,-0.005592416095241451
62.50000000000039,-0.22354161300000003,0.0059230989999999595,-1.1330258970318452,0.0011680799500558559,-0.9094842840318451,0.0002477908165338219,-0.004632459622757857,-0.004880250439291679
62.60000000000039,-0.22354736300000003,0.00591214899999995,-1.133322187342619,0.001171594580856472,-0.9097748243426189,0.00041946233645879366,-0.003736532602575479,-0.004155994939034273
62.700000000000394,-0.22355311300000003,0.005901198999999968,-1.1336076669617234,0.0011670926720392938,-0.9100545539617234,0.0005911338563837654,-0.0028297439448357027,-0.003420877801219468
62.800000000000395,-0.22355886300000002,0.0058902489999999585,-1.13388639217305,0.0011555019106479492,-0.9103275291730499,0.0007628053763087373,-0.0019161476113638142,-0.0026789529876725515
62.9000000000004,-0.22356461300000002,0.005879298999999949,-1.1341586583297438,0.0011506028818382141,-0.9105940453297439,0.0009344768962337092,-0.0009960382298125122,-0.0019305151260462215
63.0000000000004,-0.22356931400000002,0.005882378000000091,-1.1344219899857935,0.0011591390021957748,-0.9108526759857934,0.0011073859898813206,-6.6939085355143e-05,-0.0011743250752364637
63.1000000000004,-0.223571864,0.005904128000000092,-1.1346695336923718,0.001168087719893185,-0.9110976696923718,0.001282695130233672,0.000878003700706557,-0.00040469142952711504
63.2000000000004,-0.223574414,0.005925878000000092,-1.1349019800081446,0.0011651981140449186,-0.9113275660081446,0.0014580042705860238,0.0018380992092156892,0.0003800949386296654
63.3000000000004,-0.22357696400000002,0.005947628000000094,-1.135127251092857,0.0011497881630432305,-0.9115502870928569,0.0016333134109383753,0.0028054261646823933,0.001172112753744018
63.400000000000404,-0.223579514,0.005969378000000081,-1.1353518879248867,0.0011272108085693677,-0.9117723739248867,0.0018086225512907268,0.003773444483550746,0.001964821932260019
63.500000000000405,-0.22358206400000002,0.005991128000000082,-1.1355786196668514,0.0011023766564880466,-0.9119965556668513,0.0019839316916430783,0.0047394259217725465,0.0027554942301294683
63.600000000000406,-0.22358461400000001,0.0060128780000000825,-1.1358084980364458,0.0010796293129141654,-0.9122238840364458,0.00215924083199543,0.005702319681338008,0.003543078849342578
63.70000000000041,-0.223587164,0.0060346280000000835,-1.1360394568820464,0.0010648798686150318,-0.9124522928820464,0.0023345499723477813,0.006664192857415093,0.004329642885067312
63.80000000000041,-0.223589714,0.006056378000000098,-1.136263730290653,0.0010642688842008585,-0.912674016290653,0.0025098591127001328,0.0076328123103163534,0.005122953197616221
63.90000000000041,-0.223592264,0.006078128000000099,-1.1364736775136106,0.0010773847852304508,-0.9128814135136106,0.0026851682530524843,0.00861581976180688,0.005930651508754396
64.00000000000041,-0.22357503642642623,0.006117816426426684,-1.136673689907488,0.001094814610826167,-0.9130986534810619,0.002880485906647248,0.009608827804146094,0.006728341897498846
64.10000000000042,-0.2235305964864863,0.006182376486486757,-1.1368747126678997,0.0011050838984352218,-0.9133441161814134,0.0031033209499217937,0.010600890060235388,0.007497569110313594
64.20000000000041,-0.22348615654654636,0.006246936546546816,-1.1370737377991658,0.001106657876193906,-0.9135875812526194,0.0033261559931963072,0.011595017709585934,0.008268861716389627
64.30000000000041,-0.22344171660660642,0.006311496606606876,-1.1372662981004633,0.0011061002028932565,-0.9138245814938569,0.0035489910364708208,0.0125956762004744,0.009046685164003579
64.40000000000042,-0.22339727666666648,0.006376056666666935,-1.1374509863625586,0.0011069747299286004,-0.9140537096958921,0.0037718260797453664,0.013604273779099813,0.009832447699354447
64.50000000000043,-0.22335283672672654,0.006440616726726994,-1.1376249983468072,0.0011057798343917513,-0.9142721616200806,0.003994661123019912,0.014623615748962045,0.010628954625942133
64.60000000000042,-0.2233083967867866,0.006505176786787054,-1.1377844790595082,0.001098208464883843,-0.9144760822727216,0.0042174961662944255,0.01565755817843862,0.011440062012144194
64.70000000000041,-0.22326395684684666,0.006569736846847113,-1.1379291184492022,0.001084940305047133,-0.9146651616023556,0.004440331209568939,0.016706412217674608,0.012266081008105669
64.80000000000042,-0.22321951690690672,0.006634296906907186,-1.138062911764043,0.0010703397171188955,-0.9148433948571364,0.004663166252843485,0.01776618371616956,0.013103017463326073
64.90000000000043,-0.22317507696696676,0.006698856966967246,-1.1381913085884585,0.0010594674429866835,-0.9150162316214918,0.00488600129611803,0.01883142422098081,0.013945422924862779
65.00000000000043,-0.22315124700000002,0.006745093000000091,-1.138320476290645,0.0010569106533071526,-0.9151692292906449,0.005088512800879446,0.01989596750734423,0.014807454706464784
65.10000000000042,-0.22315569700000004,0.006765843000000091,-1.1384610627344678,0.0010614877330703543,-0.9153053657344677,0.00526311440413354,0.020949166863379255,0.015686052459245717
65.20000000000043,-0.22316014700000003,0.006786593000000105,-1.138620348732844,0.0010603028154521077,-0.9154602017328439,0.00543771600738766,0.021983744448016006,0.016546028440628344
65.30000000000044,-0.22316459700000002,0.0068073430000001045,-1.1387842838527054,0.0010412022351968808,-0.9156196868527053,0.005612317610641779,0.023013751902640052,0.017401434291998273
65.40000000000043,-0.223169047,0.0068280930000001044,-1.1389268329266522,0.001009263327748866,-0.9157577859266521,0.005786919213895873,0.024065227099012584,0.01827830788511671
65.50000000000043,-0.223173497,0.0068488430000000905,-1.139043717050033,0.0009829124845728288,-0.9158702200500329,0.005961520817149967,0.02514244752093797,0.019180926703788004
65.60000000000043,-0.22317794700000002,0.00686959300000009,-1.1391444870377487,0.0009672523620020135,-0.9159665400377487,0.006136122420404086,0.026235863121253616,0.02009974070084953
65.70000000000044,-0.22318239700000003,0.00689034300000009,-1.1392387621431344,0.0009527546461223224,-0.9160563651431344,0.006310724023658206,0.02733585592231616,0.021025131898657956
65.80000000000044,-0.22318684700000002,0.00691109300000009,-1.1393343176854365,0.0009349550937165496,-0.9161474706854364,0.0064853256269123,0.028434651884981548,0.021949326258069248
65.90000000000043,-0.223191297,0.00693184300000009,-1.1394377047137338,0.0009202776751691122,-0.9162464077137338,0.006659927230166394,0.029525701268603814,0.02286577403843742
66.00000000000044,-0.2232040840000001,0.006952446000000084,-1.139550245495836,0.0009161243703442734,-0.9163461614958358,0.006826542709931462,0.030607683118116652,0.02378114040818519
66.10000000000045,-0.22322773400000012,0.006972196000000083,-1.1396644589205902,0.0009218580982705005,-0.91643672492059,0.00698274855254465,0.03168807989519894,0.024705331342654287
66.20000000000044,-0.2232513840000001,0.006991946000000082,-1.1397686685848905,0.000930289848417587,-0.9165172845848903,0.007138954395157816,0.03277856934870069,0.02563961495354287
66.30000000000044,-0.2232750340000001,0.007011696000000081,-1.1398574685172322,0.0009342589205890706,-0.9165824345172322,0.007295160237770982,0.03388455883974273,0.026589398601971747
66.40000000000045,-0.2232986840000001,0.00703144600000008,-1.1399351539393447,0.0009308268341499115,-0.9166364699393447,0.007451366080384169,0.03500175454132188,0.02755038846093771
66.50000000000045,-0.22332233400000012,0.007051196000000079,-1.14000894230283,0.0009216730048994259,-0.9166866083028298,0.007607571922997358,0.03612294041487844,0.028515368491881084
66.60000000000045,-0.2233459840000001,0.007070946000000078,-1.1400846031695306,0.0009109655351596802,-0.9167386191695306,0.007763777765610523,0.0372423521341472,0.029478574368536677
66.70000000000044,-0.2233696340000001,0.007090696000000077,-1.1401708294656145,0.0009029946547169931,-0.9168011954656144,0.007919983608223689,0.038351296640164796,0.030431313031941108
66.80000000000045,-0.2233932840000001,0.007110446000000076,-1.140266888071118,0.000896682565651119,-0.9168736040711178,0.008076189450836877,0.03945050854449673,0.03137431909365985
66.90000000000046,-0.22341693400000012,0.007130196000000089,-1.1403559077400973,0.0008844472641004186,-0.9169389737400973,0.008232395293450065,0.04055685856630073,0.03232446327285066
67.00000000000045,-0.2234188242342341,0.007180644234234659,-1.140424468206145,0.0008644824918397909,-0.917005643971911,0.008410790395746114,0.04168376849350669,0.03327297809776057
67.10000000000045,-0.22338995586586574,0.007272775865866277,-1.1404775185308758,0.0008432719561763946,-0.91708756266501,0.008620499109559985,0.042826290810216695,0.03420579170065671
67.20000000000046,-0.22336108749749736,0.007364907497497908,-1.140528317682394,0.0008265676563229407,-0.9171672301848965,0.008830207823373886,0.04397116810692478,0.03514096028355089
67.30000000000047,-0.22333221912912898,0.007457039129129553,-1.1405837322176684,0.0008126183613565985,-0.9172515130885395,0.009039916537187784,0.04511153541790055,0.036071618880712766
67.40000000000046,-0.22330335076076063,0.007549170760761184,-1.1406390636285635,0.0007989533854241282,-0.9173357128678028,0.009249625251001654,0.04625209285609812,0.03700246760509646
67.50000000000045,-0.22327448239239228,0.007641302392392815,-1.1406827922893852,0.0007908006812821222,-0.917408309896993,0.009459333964815526,0.047404361676759876,0.03794502771194435
67.60000000000046,-0.22324561402402388,0.0077334340240244465,-1.1407070730543327,0.0007960150330639237,-0.9174614590303088,0.009669042678629426,0.04857618868530596,0.03890714600667653
67.70000000000047,-0.22321674565565552,0.007825565655656092,-1.1407180296059205,0.0008121210769538312,-0.917501283950265,0.009878751392443326,0.04976145186930403,0.039882700476860704
67.80000000000047,-0.22318787728728715,0.007917697287287723,-1.1407348572174727,0.0008244978131261016,-0.9175469799301855,0.010088460106257196,0.050940957655434965,0.04085249754917777
67.90000000000046,-0.22315900891891877,0.00800982891891934,-1.1407714935261244,0.00082007696524522,-0.9176124846072056,0.010298168820071067,0.05210077012039949,0.041802601300328424
68.00000000000047,-0.22315339040540552,0.008081579594594795,-1.1408230541021598,0.0007976176535141599,-0.9176696636967543,0.01048515982182566,0.05324577543998166,0.042760615618156
68.10000000000048,-0.22317958184684694,0.008124888153153362,-1.1408734873482025,0.000767114309321304,-0.9176939055013555,0.010641013636629584,0.054392031021101045,0.04375101738447146
68.20000000000047,-0.2232057732882884,0.008168196711711914,-1.1409137477294657,0.0007358067327279949,-0.9177079744411774,0.010796867451433483,0.05554858318338792,0.04475171573195444
68.30000000000047,-0.22323196472972984,0.00821150527027048,-1.1409451233452366,0.0007046080286333688,-0.9177131586155067,0.010952721266237381,0.05671414452770122,0.04576142326146383
68.40000000000047,-0.22325815617117128,0.008254813828829033,-1.140971240672367,0.0006753384010713681,-0.9177130845011958,0.011108575081041301,0.05788508869590025,0.04677651361485895
68.50000000000048,-0.22328434761261273,0.008298122387387613,-1.140991291142238,0.0006551628424649181,-0.9177069435296252,0.011264428895845224,0.059062226105221965,0.04779779720937674
68.60000000000048,-0.22331053905405418,0.008341430945946152,-1.141005686567644,0.0006477382989366065,-0.9176951475135897,0.011420282710649123,0.06024514684358666,0.04882486413293753
68.70000000000047,-0.22333673049549563,0.008384739504504704,-1.141019805593829,0.000648374859354095,-0.9176830750983334,0.011576136525453022,0.061428474173630926,0.049852337648177904
68.80000000000048,-0.22336292193693705,0.00842804806306327,-1.1410411440304884,0.0006504957055383231,-0.9176782220935513,0.011731990340256942,0.06260471422913756,0.05087272388888062
68.90000000000049,-0.22338911337837852,0.008471356621621837,-1.1410699854804407,0.0006520530463643981,-0.9176808721020622,0.011887844155060865,0.06377358536882194,0.05188574121376108
69.00000000000048,-0.22343673700000036,0.008490380999999936,-1.1410980314567982,0.0006535916366738892,-0.9176612944567979,0.012022923953945174,0.06494338806480376,0.05292046411085859
69.10000000000048,-0.22351298700000038,0.008477430999999938,-1.1411169084606412,0.0006522270965759747,-0.9176039214606408,0.012130194210482146,0.06612249784070344,0.0539923036302213
69.20000000000049,-0.22358923700000036,0.00846448099999994,-1.1411244599703132,0.0006403858997763301,-0.9175352229703129,0.012237464467019135,0.06731307324694433,0.05507560877992519
69.3000000000005,-0.22366548700000038,0.008451530999999943,-1.141123243763621,0.0006125884794720982,-0.9174577567636206,0.01234473472355612,0.0685125585880863,0.05616782386453018
69.40000000000049,-0.22374173700000038,0.008438580999999931,-1.1411170046299477,0.0005734299633728401,-0.9173752676299474,0.012452004980093096,0.0697172111493034,0.05726520616921031
69.50000000000048,-0.22381798700000036,0.008425630999999933,-1.1411103772252909,0.0005346231377472144,-0.9172923902252905,0.012559275236630068,0.07092239841955672,0.05836312318292665
69.60000000000049,-0.22389423700000038,0.008412680999999936,-1.1411081848708384,0.0005044619885001822,-0.9172139478708381,0.012666545493167055,0.07212329920332503,0.05945675371015797
69.7000000000005,-0.22397048700000038,0.008399730999999938,-1.1411140687828882,0.00048391314041207334,-0.9171435817828879,0.012773815749704043,0.07331627445667491,0.060542458706970864
69.8000000000005,-0.22404673700000038,0.00838678099999994,-1.1411283520472701,0.00047125926069091495,-0.9170816150472698,0.012881086006241015,0.07450100698079837,0.06161992097455735
69.90000000000049,-0.22412298700000038,0.008373830999999929,-1.1411473989388665,0.0004642976105770913,-0.9170244119388662,0.01298835626277799,0.07568113494217227,0.06269277867939428
70.0000000000005,-0.22420004768268306,0.00835231768268252,-1.1411614396181085,0.0004586435668161304,-0.9169613919354254,0.013095620956855084,0.076866428678357,0.06377080772150191
70.1000000000005,-0.2242787709059063,0.00832004090590574,-1.141163016637575,0.00045110283626415004,-0.9168842457316687,0.013202222459787315,0.07806434597353622,0.0648621235137489
70.2000000000005,-0.22435749412912953,0.008287764129128974,-1.1411541648381411,0.00044039706153231606,-0.9167966707090116,0.01330882396271953,0.07927285426420266,0.06596403030148314
70.3000000000005,-0.22443621735235275,0.008255487352352195,-1.141144212049034,0.00042672283420730484,-0.9167079946966813,0.013415425465651745,0.08048262808639657,0.06706720262074482
70.4000000000005,-0.22451494057557597,0.008223210575575401,-1.141140867916301,0.0004120793887938401,-0.9166259273407251,0.013522026968583976,0.08168596016529961,0.06816393319671563
70.50000000000051,-0.2245936637987992,0.008190933798798636,-1.1411465434517605,0.0003988128007441638,-0.9165528796529613,0.013628628471516208,0.08288044185728698,0.06925181338577077
70.6000000000005,-0.2246723870220224,0.008158657022021856,-1.1411601427571125,0.0003877511284250401,-0.9164877557350901,0.013735229974448423,0.08406717151018696,0.07033194153573853
70.7000000000005,-0.22475111024524563,0.00812638024524509,-1.1411780057982295,0.00037782500468963587,-0.9164268955529838,0.013841831477380637,0.08524981159803136,0.07140798012065072
70.80000000000051,-0.22482983346846885,0.008094103468468297,-1.141194177638491,0.0003665019548863002,-0.9163643441700222,0.01394843298031287,0.08643431953055876,0.07248588655024589
70.90000000000052,-0.2249085566916921,0.008061826691691532,-1.14120313556037,0.0003513738558428292,-0.9162945788686779,0.014055034483245098,0.08762622055036076,0.07357118606711566
71.00000000000051,-0.22498524858608648,0.008032076413913777,-1.141203646485049,0.0003317015161431458,-0.9162183978989625,0.014164663528531327,0.08882675025986342,0.0746620867313321
71.1000000000005,-0.22505919878628666,0.00800562621371359,-1.1412000791320323,0.0003090919304613582,-0.9161408803457456,0.014278244275571,0.09003154251541526,0.07575329823984425
71.20000000000051,-0.22513314898648687,0.00797917601351339,-1.141198928165593,0.00028633100439223735,-0.9160657791791061,0.014391825022610692,0.09123410523642642,0.07684228021381573
71.30000000000052,-0.22520709918668708,0.007952725813313188,-1.141203450587102,0.00026458489252423334,-0.915996351400415,0.014505405769650384,0.0924311840762057,0.07792577830655531
71.40000000000052,-0.22528104938688726,0.007926275613112974,-1.1412117411743838,0.00024387497497435628,-0.9159306917874965,0.01461898651669006,0.09362468686811488,0.07900570035142482
71.50000000000051,-0.22535499958708746,0.007899825412912787,-1.141220194222866,0.00022434588259745425,-0.9158651946357784,0.014732567263729734,0.09481822204822071,0.08008565478449098
71.60000000000052,-0.22542894978728767,0.007873375212712586,-1.1412275051268725,0.00020651361971013582,-0.9157985553395849,0.014846148010769425,0.09601309688729753,0.0811669488765281
71.70000000000053,-0.22550289998748788,0.007846925012512385,-1.1412336538945704,0.00018938285046643522,-0.9157307539070826,0.014959728757809116,0.09720933413696389,0.08224960537915478
71.80000000000052,-0.22557685018768808,0.007820474812312184,-1.1412368715629972,0.00017085538501859787,-0.9156600213753092,0.015073309504848791,0.0984087073061512,0.0833353978013024
71.90000000000052,-0.22565080038788826,0.007794024612111983,-1.1412373926533796,0.00015157068264115559,-0.9155865922654913,0.015186890251888466,0.09961098745716668,0.08442409720527821
72.00000000000053,-0.2257174385000003,0.007773946499999948,-1.1412405160822598,0.00013379312168726454,-0.9155230775822596,0.015309013506060964,0.10081087782426397,0.085501864318203
72.10000000000053,-0.2257748385000003,0.007762046499999939,-1.1412503709593964,0.00011813289797901749,-0.9154755324593962,0.015441841911269256,0.10200424845252112,0.08656240654125187
72.20000000000053,-0.2258322385000003,0.007750146499999944,-1.1412646346187847,0.0001057357235804135,-0.9154323961187844,0.01557467031647753,0.10319342488855447,0.08761875457207693
72.30000000000052,-0.2258896385000003,0.0077382464999999345,-1.1412762796348739,9.813318209628275e-05,-0.9153866411348736,0.0157074987216858,0.10438543748836121,0.0886779387666754
72.40000000000053,-0.2259470385000003,0.007726346499999939,-1.1412806660281793,9.320064828644004e-05,-0.915333627528179,0.015840327126894094,0.10558492915280426,0.08974460202591017
72.50000000000054,-0.2260044385000003,0.00771444649999993,-1.1412815555422136,8.567008214233063e-05,-0.9152771170422133,0.015973155532102386,0.10678814115500943,0.09081498562290705
72.60000000000053,-0.2260618385000003,0.007702546499999935,-1.1412874507596604,7.347387589196064e-05,-0.9152256122596601,0.01610598393731066,0.10798657388941893,0.09188058995210827
72.70000000000053,-0.22611923850000032,0.00769064649999994,-1.1413015139649425,5.99846341117205e-05,-0.9151822754649421,0.016238812342518935,0.1091770681295231,0.09293825578700417
72.80000000000054,-0.2261766385000003,0.007678746499999944,-1.1413178303509932,4.8427602141520865e-05,-0.9151411918509929,0.016371640747727227,0.11036554172782884,0.0939939009801016
72.90000000000055,-0.22623403850000032,0.007666846499999935,-1.1413295172587952,3.7361957031412096e-05,-0.9150954787587948,0.01650446915293552,0.11155888047081466,0.09505441131787914
73.00000000000054,-0.22629899988989027,0.007659779889889876,-1.1413354849078134,2.3616043945962062e-05,-0.9150364850179231,0.016631239092077567,0.11275817722065179,0.09612693812857423
73.10000000000053,-0.2263726858258262,0.007657965825825813,-1.141338522535544,6.85076753570435e-06,-0.9149658367097178,0.016751076661703244,0.11396064593541083,0.09720956927370758
73.20000000000054,-0.22644637176176213,0.007656151761761751,-1.1413414139320461,1.067488676198547e-05,-0.914895042170284,0.016870914231328943,0.11516350598959654,0.0982925917582676
73.30000000000055,-0.2265200576976981,0.0076543376976976885,-1.1413471973831997,2.802947868707495e-05,-0.9148271396855016,0.01699075180095464,0.11636372230519662,0.09937297050424199
73.40000000000055,-0.22659374363363405,0.007652523633633626,-1.1413605730321053,4.657982145328532e-05,-0.9147668293984712,0.017110589370580326,0.11755659790244649,0.10044600853186617
73.50000000000054,-0.22666742956956998,0.00765070956956955,-1.1413857826445057,6.486767965452334e-05,-0.9147183530749358,0.017230426940206003,0.1187378945552237,0.1015074676150177
73.60000000000055,-0.2267411155055059,0.0076488955055054875,-1.1414218190067,7.709365818298064e-05,-0.9146807035011941,0.017350264509831702,0.11990862264346405,0.10255835813363234
73.70000000000056,-0.22681480144144184,0.007647081441441425,-1.141460713314102,8.202098730181184e-05,-0.9146459118726601,0.0174701020794574,0.12107675429542733,0.10360665221596993
73.80000000000055,-0.22688848737737777,0.007645267377377363,-1.1414945546672974,8.78165015119059e-05,-0.9146060672899197,0.01758993964908308,0.12225020373032064,0.10466026408123756
73.90000000000055,-0.2269621733133137,0.0076434533133133,-1.1415247459466573,0.0001033769605511825,-0.9145625726333436,0.017709777218708762,0.12342757150177469,0.10571779428306594
74.00000000000055,-0.22704302869269316,0.007648643307307371,-1.1415608752788478,0.00012786369531736508,-0.9145178465861545,0.017824301055987313,0.12459927285748862,0.1067749718015013
74.10000000000056,-0.2271316666306311,0.007661405369369448,-1.14160662642967,0.0001543167060931161,-0.9144749597990389,0.017933208090497862,0.12576162746330555,0.10782841937280768
74.20000000000056,-0.22722030456856906,0.007674167431431497,-1.1416539345438155,0.00017775951850984575,-0.9144336299752465,0.018042115125008397,0.12692270364423502,0.10888058851922663
74.30000000000055,-0.227308942506507,0.007686929493493561,-1.1416927814730449,0.00019874204686476382,-0.9143838389665379,0.01815102215951893,0.12809252304986385,0.10994150089034492
74.40000000000056,-0.22739758044444497,0.007699691555555624,-1.1417219326242558,0.00021958055461679393,-0.9143243521798108,0.018259929194029474,0.12927232376489933,0.11101239457086987
74.50000000000057,-0.2274862183823829,0.007712453617617687,-1.1417490441674374,0.00023899022588302898,-0.9142628257850545,0.01836883622854002,0.13045445636795383,0.11208562013941381
74.60000000000056,-0.22757485632032082,0.0077252156796797505,-1.1417791910611923,0.0002530211095463919,-0.9142043347408715,0.01847774326305055,0.13163385001388037,0.11315610675082982
74.70000000000056,-0.22766349425825877,0.0077379777417418,-1.1418103040909693,0.00026403913036832094,-0.9141468098327106,0.018586650297561083,0.13281257651844164,0.11422592622088056
74.80000000000057,-0.22775213219619672,0.007750739803803877,-1.1418374999169432,0.0002766578131824238,-0.9140853677207464,0.018695557332071636,0.13399552016149607,0.11529996282942444
74.90000000000057,-0.22784077013413465,0.0077635018658659405,-1.1418624467314977,0.000288215543055248,-0.9140216765973631,0.01880446436658218,0.13518101636686877,0.1163765520002866
75.00000000000057,-0.22793345300000056,0.007779803000000113,-1.1418916219268895,0.0002954112411501786,-0.913958168926889,0.018911613057298785,0.13636259143641544,0.11745097837911665
75.10000000000056,-0.22803055300000055,0.007799903000000108,-1.1419343530822945,0.00030387256822972386,-0.913903800082294,0.019016964143159953,0.13753092142402906,0.11851395728086911
75.20000000000057,-0.22812765300000054,0.007820003000000117,-1.1419981090108429,0.00031994061532780727,-0.9138704560108424,0.019122315229021143,0.13867854123630682,0.11955622600728569
75.30000000000058,-0.22822475300000056,0.007840103000000112,-1.1420823452616284,0.0003391900462144104,-0.9138575922616279,0.019227666314882326,0.1398059990579369,0.12057833274305457
75.40000000000057,-0.22832185300000057,0.007860203000000121,-1.142175790876005,0.0003535651953388008,-0.9138539378760044,0.019333017400743495,0.1409245695392931,0.12159155213854961
75.50000000000057,-0.22841895300000056,0.007880303000000116,-1.1422642395861267,0.0003639566246917969,-0.9138452865861261,0.019438368486604664,0.14204846276009064,0.12261009427348599
75.60000000000058,-0.22851605300000055,0.007900403000000125,-1.1423381065365306,0.000375755062933969,-0.91382205353653,0.01954371957246585,0.14318726730520043,0.12364354773273457
75.70000000000059,-0.22861315300000057,0.00792050300000012,-1.142396371950851,0.0003876300704312996,-0.9137832189508504,0.019649070658327036,0.14434200675843267,0.12469293610010564
75.80000000000058,-0.22871025300000059,0.007940603000000115,-1.142445439175618,0.00039470065562319245,-0.9137351861756174,0.019754421744188205,0.14550628159234458,0.12575185984815637
75.90000000000057,-0.22880735300000057,0.007960703000000124,-1.142495792460247,0.0003999224592738937,-0.9136884394602465,0.019859772830049374,0.14666961136751103,0.12680983853746164
76.00000000000058,-0.22888862942942984,0.007967229429429387,-1.1425571420786635,0.00041126759438225857,-0.9136685126492337,0.019983733062709924,0.14782228964923072,0.1278385565865208
76.10000000000059,-0.2289526074074078,0.007959207407407368,-1.1426342387825852,0.0004298825637272241,-0.9136816313751774,0.020128183327559338,0.14895956953564188,0.12883138620808254
76.20000000000059,-0.22901658538538577,0.007951185385385348,-1.1427248281657334,0.0004483397343726381,-0.9137082427803476,0.02027263359240873,0.15008370928026543,0.12981107568785671
76.30000000000058,-0.22908056336336374,0.007943163363363315,-1.1428213019427154,0.0004612605091742772,-0.9137407385793517,0.02041708385725812,0.15120232108919684,0.13078523723193872
76.40000000000059,-0.2291445413413417,0.007935141341341295,-1.1429174334036671,0.00047144059636838875,-0.9137728920623254,0.020561534122107532,0.15232163549925415,0.1317601013771466
76.5000000000006,-0.2292085193193197,0.007927119319319276,-1.1430143505083359,0.00048504787421577156,-0.9138058311890161,0.020705984386956946,0.15344052847776415,0.1327345440908072
76.60000000000059,-0.22927249729729768,0.007919097297297256,-1.143115897526946,0.0005040385591811303,-0.9138434002296483,0.02085043465180634,0.15455515963577193,0.1337047249839656
76.70000000000059,-0.22933647527527565,0.007911075275275237,-1.143220111678657,0.0005243780746749804,-0.9138836364033812,0.02099488491665573,0.1556674956784519,0.13467261076179615
76.8000000000006,-0.22940045325325364,0.007903053253253203,-1.1433218769810645,0.0005406145654051064,-0.9139214237278108,0.021139335181505146,0.15678265646337136,0.1356433212818662
76.9000000000006,-0.2294644312312316,0.00789503123123117,-1.1434212345689803,0.0005497225751796009,-0.9139568033377486,0.021283785446354557,0.15790060483122864,0.13661681938487408
77.0000000000006,-0.22951815803603628,0.007897085963964046,-1.1435233875830226,0.0005515945572663883,-0.9140052295469864,0.02144191416889215,0.15901614149385068,0.13757422732495853
77.10000000000059,-0.22955937144944968,0.007911472550550636,-1.1436319166125284,0.0005468004378519353,-0.9140725451630787,0.021616400116662673,0.16012568980978123,0.13850928969311854
77.2000000000006,-0.2296005848628631,0.007925859137137226,-1.1437465311913446,0.0005372185380760897,-0.9141459463284816,0.021790886064433225,0.16122954415111046,0.13943865808667724
77.30000000000061,-0.2296417982762765,0.007940245723723802,-1.143863217924474,0.0005286735574391299,-0.9142214196481976,0.021965372012203777,0.16233172188394684,0.14036634987174307
77.4000000000006,-0.2296830116896899,0.007954632310310392,-1.1439762103473377,0.0005273872927801238,-0.9142931986576477,0.022139857959974304,0.1634379931333445,0.1412981351733702
77.5000000000006,-0.22972422510310336,0.007969018896896982,-1.1440833203390457,0.0005343799296263496,-0.9143590952359424,0.02231434390774483,0.16455055000709554,0.1422362060993507
77.6000000000006,-0.22976543851651676,0.007983405483483558,-1.1441914610870527,0.0005473065796225418,-0.914426022570536,0.022488829855515383,0.16566248331029207,0.14317365345477667
77.70000000000061,-0.22980665192993016,0.007997792070070162,-1.1443140462550194,0.0005639527012957224,-0.9145073943250892,0.022663315803285934,0.166760383158172,0.14409706735488606
77.80000000000061,-0.2298478653433436,0.008012178656656738,-1.1444588456555904,0.0005808662481310289,-0.9146109803122469,0.02283780175105646,0.16783648370376275,0.1449986819527063
77.9000000000006,-0.229889078756757,0.008026565243243328,-1.1446157213968342,0.0005953200982810047,-0.9147266426400772,0.02301228769882699,0.16890092661131473,0.14588863891248774
78.00000000000061,-0.229913576,0.008057276000000307,-1.1447636433496249,0.0006108652282063032,-0.9148500673496249,0.02320769556726303,0.1699747458955523,0.1467670503282893
78.10000000000062,-0.22991847600000004,0.008107176000000313,-1.1448939838481034,0.0006342531472693924,-0.9149755078481033,0.023427330597379732,0.1710665730070625,0.14763924240968276
78.20000000000061,-0.229923376,0.008157076000000305,-1.145021808026352,0.0006634327982663057,-0.9150984320263519,0.0236469656274964,0.17216134659365756,0.14851438096616115
78.30000000000061,-0.22992827600000004,0.008206976000000296,-1.1451638890282518,0.0006864851145227391,-0.9152356130282517,0.02386660065761307,0.17324229726647083,0.14937569660885777
78.40000000000062,-0.22993317600000002,0.008256876000000316,-1.14531675110177,0.0006935025069162437,-0.9153835751017698,0.024086235687729766,0.17431290453709763,0.15022666884936786
78.50000000000063,-0.22993807600000005,0.008306776000000307,-1.1454678512795171,0.000685048110599884,-0.9155297752795171,0.02430587071784647,0.1753857151053361,0.15107984438748961
78.60000000000062,-0.22994297600000002,0.008356676000000299,-1.1456173453597587,0.0006719284167875372,-0.9156743693597587,0.02452550574796314,0.1764605814444562,0.15193507569649306
78.70000000000061,-0.22994787600000005,0.008406576000000318,-1.1457778643131435,0.000664138985864926,-0.9158299883131436,0.024745140778079808,0.17752487162494207,0.15277973084686225
78.80000000000062,-0.22995277600000003,0.00845647600000031,-1.1459563013005993,0.0006642444853925955,-0.9160035253005994,0.024964775808196508,0.17857169619141017,0.15360692038321366
78.90000000000063,-0.22995767600000006,0.008506376000000329,-1.1461485109488536,0.0006695819727489116,-0.9161908349488536,0.025184410838313208,0.17960520809492775,0.15442079725661453
79.00000000000063,-0.22995278394894886,0.008565113948949377,-1.14634629724933,0.0006780330545642643,-0.9163935133003811,0.025418936941962112,0.1806336027018299,0.15521466575986778
79.10000000000062,-0.2299364603753753,0.008634290375375817,-1.1465430785840507,0.0006912003660419774,-0.9166066182086754,0.02567050855570286,0.1816634651149221,0.15599295655921924
79.20000000000063,-0.2299201368018017,0.008703466801802229,-1.146734805282267,0.0007086586967780528,-0.9168146684804653,0.02592208016944364,0.18269884837676728,0.15677676820732364
79.30000000000064,-0.22990381322822812,0.008772643228228669,-1.1469197439400103,0.0007215063426477819,-0.9170159307117822,0.02617365178318442,0.18374148926231415,0.15756783747912972
79.40000000000063,-0.22988748965465455,0.008841819654655109,-1.1471002415097695,0.0007202651310299624,-0.917212751855115,0.026425223396925164,0.18478904410941793,0.15836382071249278
79.50000000000063,-0.229871166081081,0.00891099608108152,-1.147281500289707,0.0007088663516439109,-0.9174103342086259,0.026676795010665905,0.18583631388246824,0.15915951887180232
79.60000000000063,-0.2298548425075074,0.00898017250750796,-1.1474706399701922,0.0007014914319237731,-0.9176157974626847,0.02692836662440669,0.18687618198399814,0.15994781535959146
79.70000000000064,-0.22983851893393384,0.009049348933934387,-1.1476756834015789,0.0007063702341066902,-0.9178371644676451,0.027179938238147468,0.18790062871554952,0.16072069047740206
79.80000000000064,-0.22982219536036025,0.009118525360360813,-1.1479007364814167,0.0007202241602179971,-0.9180785411210564,0.027431509851888213,0.18890555120253893,0.16147404135065072
79.90000000000063,-0.2298058717867867,0.009187701786787239,-1.1481397770478008,0.0007375775142007823,-0.9183339052610141,0.027683081465628957,0.18989697449395943,0.16221389302833047
80.00000000000064,-0.2297610979999995,0.00928910200000091,-1.1483765130396661,0.0007588890892246125,-0.9186154150396666,0.02796934020621724,0.1908911935251083,0.16292185331889106
80.10000000000065,-0.2296825979999995,0.009428002000000907,-1.1485979232558439,0.0007841235770217336,-0.9189153252558444,0.028296047942588082,0.1919012323078234,0.16360518436523533
80.20000000000064,-0.22960409799999948,0.009566902000000904,-1.1488071268566473,0.0008049025431944301,-0.9192030288566478,0.028622755678958875,0.19292397428370717,0.16430121860474828
80.30000000000064,-0.2295255979999995,0.009705802000000902,-1.1490172334977828,0.0008098903108284539,-0.9194916354977833,0.028949463415329675,0.19394631245144972,0.16499684903612005
80.40000000000065,-0.2294470979999995,0.009844702000000899,-1.1492371942369632,0.0007973490840657016,-0.9197900962369637,0.029276171151700517,0.19495929818223928,0.16568312703053878
80.50000000000065,-0.22936859799999948,0.009983602000000924,-1.1494664291190304,0.0007770732977441241,-0.9200978311190309,0.02960287888807136,0.19596351377796856,0.1663606348898972
80.60000000000065,-0.2292900979999995,0.010122502000000907,-1.1496997048546769,0.0007611105235064697,-0.9204096068546774,0.029929586624442152,0.1969641948170188,0.16703460819257665
80.70000000000064,-0.2292115979999995,0.010261402000000891,-1.1499334049140135,0.000755091055460344,-0.9207218069140141,0.030256294360812945,0.1979649599641688,0.16770866560335584
80.80000000000065,-0.22913309799999948,0.010400302000000916,-1.1501675579327677,0.0007562090185661008,-0.9210344599327682,0.03058300209718379,0.19896578260209158,0.1683827805049078
80.90000000000066,-0.2290545979999995,0.010539202000000927,-1.1504073338155045,0.0007606477687488455,-0.921352735815505,0.030909709833554632,0.19996149467598057,0.16905178484242595
81.00000000000065,-0.22893228221778109,0.010720717782219308,-1.1506580939817492,0.0007718795815196966,-0.9217258117639682,0.03128776028138997,0.2009467365475854,0.16965897626619544
81.10000000000065,-0.22875863486513373,0.010952365134866637,-1.1509201509549163,0.0007938919218232199,-0.9221615160897826,0.03172525667998456,0.20192119726189206,0.1701959405819075
81.20000000000066,-0.22858498751248635,0.01118401248751401,-1.1511899966572006,0.0008189238443501168,-0.9226050091447142,0.032162753078579215,0.20288838639937395,0.17072563332079474
81.30000000000067,-0.228411340159839,0.01141565984016138,-1.1514627366693548,0.000832602430671181,-0.9230513965095158,0.03260024947717387,0.20385319965319035,0.1712529501760165
81.40000000000066,-0.22823769280719164,0.011647307192808723,-1.151733691426632,0.0008304953021794903,-0.9234959986194404,0.03303774587576845,0.2048203177490622,0.17178257187329377
81.50000000000065,-0.2280640454545443,0.011878954545456066,-1.1520041141906305,0.0008216590494218856,-0.9239400687360863,0.03347524227436304,0.2057884883894756,0.17231324611511256
81.60000000000066,-0.22789039810189693,0.012110601898103437,-1.1522846952879517,0.0008156472506692936,-0.9243942971860548,0.033912738672957694,0.20674702205853152,0.17283428338557383
81.70000000000067,-0.22771675074924957,0.012342249250750809,-1.1525852472338185,0.0008135908721980112,-0.9248684964845689,0.03435023507155235,0.20768610684458916,0.1733358717730368
81.80000000000067,-0.22754310339660222,0.012573896603398152,-1.1529012933031462,0.0008118590166578121,-0.925358189906544,0.03478773147014694,0.20861021994156742,0.17382248847142048
81.90000000000066,-0.22736945604395492,0.012805543956045481,-1.153220088556871,0.0008092254779685781,-0.9258506325129161,0.03522522786874153,0.20953210647342474,0.17430687860468322
82.00000000000067,-0.22716190204795042,0.013024997952049366,-1.1535366044164126,0.0008099114605284452,-0.9263747023684622,0.035705592853411315,0.21045679506990006,0.17475120221648874
82.10000000000068,-0.22691802882117718,0.013234671178822599,-1.1538534785045855,0.0008182363288050665,-0.9269354496834084,0.03623212384744508,0.21138164795513364,0.17514952410768858
82.20000000000067,-0.22667415559440396,0.013444344405595804,-1.1541704625072078,0.0008321897725627192,-0.9274963069128038,0.03675865484147877,0.2123069129884712,0.17554825814699243
82.30000000000067,-0.22643028236763074,0.013654017632369037,-1.1544824872462742,0.0008463061280806761,-0.9280522048786435,0.03728518583551246,0.2132376587712535,0.17595247293574104
82.40000000000067,-0.2261864091408575,0.01386369085914227,-1.1547882761195245,0.000857033973729493,-0.928601866978667,0.037811716829546226,0.2141751609922664,0.17636344416272018
82.50000000000068,-0.22594253591408425,0.014073364085915516,-1.1550951202457718,0.000861523569137268,-0.9291525843316875,0.038338247823579995,0.21511212745974362,0.17677387963616362
82.60000000000068,-0.22569866268731104,0.014283037312688734,-1.1554120090847029,0.0008596745449025445,-0.9297133463973919,0.03886477881761369,0.21603956731938107,0.17717478850176738
82.70000000000067,-0.22545478946053782,0.01449271053946194,-1.1557388086325318,0.0008597278422379784,-0.9302840191719939,0.039391309811647374,0.2169576129593958,0.17756630314774843
82.80000000000068,-0.22521091623376457,0.0147023837662352,-1.1560663895580392,0.0008737110057498443,-0.9308554733242747,0.03991784080568114,0.2178753918069273,0.17795755100124616
82.90000000000069,-0.22496704300699133,0.014912056993008432,-1.1563870210305702,0.0009012574868350054,-0.9314199780235789,0.04044437179971491,0.21880063249020054,0.17835626069048563
83.00000000000068,-0.22462918324175518,0.015156666758243786,-1.156703459640297,0.0009258434334025178,-0.9320742763985418,0.0410755115328876,0.21973057598092668,0.17865506444803908
83.10000000000068,-0.2241797565184785,0.015453793481520497,-1.1570274495491115,0.0009323356380385173,-0.9328476930306331,0.041830113967655284,0.2206534753052453,0.17882336133759
83.20000000000068,-0.22373032979520172,0.015750920204797236,-1.1573699282612433,0.0009230226487637605,-0.9336395984660416,0.042584716402423076,0.22155838986184317,0.1789736734594201
83.3000000000007,-0.22328090307192494,0.01604804692807399,-1.1577305436835688,0.0009142816734318826,-0.9344496406116438,0.043339318837190874,0.22244566834932286,0.179106349512132
83.40000000000069,-0.22283147634864825,0.0163451736513507,-1.158096604796171,0.0009204664509918636,-0.9352651284475226,0.04409392127195856,0.22332799801635814,0.17923407674439956
83.50000000000068,-0.22238204962537156,0.01664230037462741,-1.1584555461343915,0.0009414858007503746,-0.9360734965090199,0.04484852370672625,0.22421794027379952,0.17936941656707328
83.60000000000069,-0.22193262290209478,0.016939427097904164,-1.15880697745597,0.0009671869881413553,-0.9368743545538751,0.04560312614149404,0.22511588086864398,0.17951275472714995
83.7000000000007,-0.221483196178818,0.017236553821180903,-1.1591616738420398,0.0009878085146599602,-0.9376784776632219,0.04635772857626183,0.2260110399240774,0.17965331134781556
83.8000000000007,-0.22103376945554132,0.017533680544457614,-1.1595303397437275,0.0009977265798223334,-0.9384965702881862,0.04711233101102952,0.22689270775710857,0.17978037674607905
83.90000000000069,-0.22058434273226463,0.01783080726773434,-1.159914665055457,0.0009965339245002758,-0.9393303223231924,0.047866933445797205,0.22775918896585406,0.17989225552005686
84.0000000000007,-0.2199509459122571,0.01824955408774094,-1.1603104596710638,0.0009900850025275076,-0.9403595137588068,0.04881803622392229,0.22861466757187776,0.17979663134795548
84.1000000000007,-0.21908383175472962,0.018839668245268407,-1.1607124068972072,0.000985259133973737,-0.9416285751424776,0.05001716162458944,0.22946445394354475,0.17944729231895531
84.2000000000007,-0.21821671759720226,0.019429782402795803,-1.1611139959734973,0.0009807069075786767,-0.942897278376295,0.05121628702525643,0.23031505197547142,0.17909876495021498
84.3000000000007,-0.2173496034396749,0.020019896560323186,-1.161509343508988,0.0009712577241867137,-0.9441597400693131,0.0524154124259234,0.23117233777366308,0.17875692534773968
84.4000000000007,-0.21648248928214742,0.020610010717850652,-1.1618981827817882,0.0009604648051074749,-0.9454156934996408,0.053614537826590564,0.2320365703283584,0.17842203250176783
84.50000000000071,-0.21561537512461992,0.021200124875378118,-1.1622859607162193,0.0009587010342085867,-0.9466705855915993,0.05481366322725771,0.2329022945401536,0.17808863131289587
84.6000000000007,-0.21474826096709254,0.0217902390329055,-1.162680327016305,0.0009689515033840523,-0.9479320660492125,0.05601278862792469,0.2337618520054573,0.1777490633775326
84.7000000000007,-0.21388114680956516,0.022380353190432897,-1.1630903750235353,0.0009829888121696273,-0.9492092282139701,0.05721191402859168,0.23460614022909215,0.17739422620050047
84.80000000000071,-0.21301403265203767,0.022970467347960363,-1.1635229697480325,0.0009955561193788487,-0.9505089370959948,0.058411039429258835,0.235428284497128,0.17701724506786914
84.90000000000072,-0.21214691849451017,0.02356058150548783,-1.1639715176607508,0.0010109391497327147,-0.9518245991662406,0.05961016482992599,0.23623486816326347,0.1766247033333375
85.00000000000071,-0.2114827788461512,0.02399847115384758,-1.1644169596948513,0.0010344579417035371,-0.9529341808487001,0.060620696069656685,0.23704493956073466,0.176424243491078
85.1000000000007,-0.2111104134615358,0.02419533653846294,-1.1648478618889975,0.0010613593455498505,-0.9537374484274617,0.06135684114745453,0.23786992133610718,0.17651308018865264
85.20000000000071,-0.21073804807692043,0.024392201923078352,-1.1652727884125853,0.0010799662467035898,-0.9545347403356649,0.062092986225252486,0.23870123746470606,0.17660825123945356
85.30000000000072,-0.210365682692305,0.02458906730769375,-1.1657078047024376,0.0010849302690665308,-0.9553421220101326,0.06282913130305043,0.2395228120801743,0.17669368077712388
85.40000000000072,-0.2099933173076896,0.024785932692309123,-1.16615696652112,0.0010809915710453533,-0.9561636492134304,0.06356527638084827,0.24033057446771044,0.17676529808686217
85.50000000000071,-0.20962095192307428,0.02498279807692448,-1.1666099121859417,0.0010703233386961664,-0.9569889602628674,0.06430142145864612,0.24113487238133896,0.17683345092269284
85.60000000000072,-0.20924858653845885,0.02517966346153988,-1.1670539065698655,0.0010499450672808441,-0.9578053200314067,0.06503756653644407,0.2419484266794891,0.17691086014304502
85.70000000000073,-0.20887622115384344,0.025376528846155294,-1.1674851095783687,0.0010269909398191723,-0.9586088884245253,0.06577371161424203,0.2427750624951726,0.17700135088093058
85.80000000000072,-0.20850385576922809,0.025573394230770652,-1.1679119445910588,0.0010193671903322432,-0.9594080888218308,0.06650985669203988,0.24360634086316574,0.17709648417112586
85.90000000000072,-0.2081314903846127,0.025770259615386024,-1.1683500682445822,0.0010329100473210895,-0.9602185778599694,0.06724600176983772,0.24442658885997925,0.17718058709014153
86.00000000000072,-0.20807947800601517,0.025699471993984313,-1.1688086847986487,0.0010519521792103914,-0.9607292067926336,0.06767849141392329,0.24522658526846636,0.17754809385454307
86.10000000000073,-0.2085136664829691,0.02519518351703036,-1.169284231886573,0.0010610046835368703,-0.960770565403604,0.06764536256428821,0.24600987476238714,0.17836451219809893
86.20000000000073,-0.20894785495992302,0.024690895040076474,-1.1697690607776092,0.0010599243516763446,-0.9608212058176862,0.06761223371465314,0.2467840876755297,0.17917185396087656
86.30000000000072,-0.20938204343687689,0.024186606563122603,-1.1702619321946166,0.001056466666751299,-0.9608798887577397,0.06757910486501806,0.2475504441095264,0.17997133924450834
86.40000000000073,-0.2098162319138308,0.02368231808616865,-1.1707633626902645,0.0010527376729247973,-0.9609471307764337,0.06754597601538297,0.24830840761357056,0.1807624315981876
86.50000000000074,-0.2102504203907848,0.02317802960921471,-1.1712665550463477,0.0010464126994564893,-0.9610161346555629,0.06751284716574789,0.24906475469915124,0.18155190753340333
86.60000000000073,-0.21068460886773865,0.022673741132260825,-1.171761417596899,0.0010390114407720086,-0.9610768087291602,0.06747971831611282,0.24982955581982386,0.18234983750371103
86.70000000000073,-0.21111879734469252,0.022169452655306954,-1.1722464079957766,0.0010368175981171346,-0.9611276106510841,0.06744658946647773,0.2506043306639353,0.18315774119745754
86.80000000000074,-0.21155298582164647,0.021665164178353014,-1.172731754627827,0.0010422092104559466,-0.9611787688061806,0.06741346061684265,0.25137882748829793,0.18396536687145526
86.90000000000074,-0.21198717429860042,0.02116087570139906,-1.1732315727482474,0.0010528734929150518,-0.961244398449647,0.06738033176720758,0.25213890703469266,0.18475857526748507
87.00000000000074,-0.2125135048896738,0.020601245110326225,-1.1737529551749062,0.0010646882535755298,-0.9612394502852324,0.06727488950795092,0.252877451602834,0.18560256209488307
87.10000000000073,-0.2131643521815494,0.01995389781845064,-1.1742895208867257,0.0010705944962198233,-0.9611251687051763,0.06706845860194005,0.2536008164528496,0.18653235785090955
87.20000000000074,-0.21381519947342506,0.019306550526574956,-1.1748283775349708,0.0010660975683773888,-0.9610131780615457,0.06686202769592914,0.25432186726713657,0.18745983957120743
87.30000000000075,-0.21446604676530073,0.018659203234699273,-1.175357649718951,0.0010577910795791512,-0.9608916029536503,0.06665559678991823,0.25505245185179126,0.18839685506187304
87.40000000000074,-0.21511689405717632,0.018011855942823687,-1.1758728723175969,0.0010547956564447292,-0.9607559782604205,0.06644916588390735,0.25579700680925965,0.18934784092535228
87.50000000000074,-0.2157677413490519,0.017364508650948088,-1.176384442318439,0.001054311690898535,-0.9606167009693871,0.06624273497789647,0.25654510564845423,0.19030237067055777
87.60000000000075,-0.2164185886409276,0.01671716135907242,-1.1769081606185159,0.001048773268448877,-0.9604895719775883,0.06603630407188557,0.2572809170153917,0.19124461294350611
87.70000000000076,-0.2170694359328033,0.016069814067196722,-1.1774487185063238,0.001037834985911923,-0.9603792825735205,0.06582987316587466,0.25799971816492795,0.1921698449990533
87.80000000000075,-0.21772028322467887,0.015422466775321136,-1.17800070602561,0.0010224092398235518,-0.9602804228009311,0.06562344225986377,0.25870688658606394,0.19308344432620017
87.90000000000074,-0.2183711305165545,0.01477511948344555,-1.178558070768193,0.0010003684198880425,-0.9601869402516385,0.0654170113538529,0.2594084411734052,0.1939914298195523
88.00000000000075,-0.21897483931527117,0.014249887411456691,-1.179116276474194,0.0009737976879180543,-0.9601414371589229,0.06528124945227903,0.2601088836530694,0.19482763420079036
88.10000000000076,-0.21950832956905206,0.013869850611129275,-1.179671414295182,0.0009486464655861226,-0.96016308472613,0.06524208141375304,0.2608120872466265,0.19557000583287348
88.20000000000076,-0.22004181982283288,0.013489813810801929,-1.180222299253304,0.0009274035139767989,-0.9601804794304711,0.06520291337522707,0.2615192002492025,0.19631628687397543
88.30000000000075,-0.22057531007661368,0.013109777010474555,-1.1807673407980084,0.0009111981205772723,-0.9601920307213947,0.0651637453367011,0.2622317754076083,0.19706803007090717
88.40000000000076,-0.22110880033039457,0.012729740210147139,-1.1813063636440073,0.0009016435361910435,-0.9601975633136127,0.06512457729817513,0.2629499491176401,0.19782537181946497
88.50000000000077,-0.22164229058417545,0.012349703409819723,-1.1818517782505897,0.0008988757656198665,-0.9602094876664142,0.06508540925964915,0.2636612708486807,0.19857586158903154
88.60000000000076,-0.22217578083795625,0.011969666609492363,-1.1824253661109088,0.0009004627612818616,-0.9602495852729525,0.06504624122112318,0.26434391794389844,0.19929767672277526
88.70000000000076,-0.22270927109173705,0.011589629809164989,-1.1830335511846788,0.0009068414999139351,-0.9603242800929417,0.0650070731825972,0.26499142405534504,0.19998435087274785
88.80000000000076,-0.22324276134551796,0.011209593008837573,-1.1836598222486405,0.0009189773490925202,-0.9604170609031226,0.06496790514407122,0.2656202569146856,0.20065235177061438
88.90000000000077,-0.22377625159929881,0.010829556208510158,-1.184281717238178,0.0009341561644702345,-0.9605054656388793,0.06492873710554525,0.2662528338477738,0.20132409674222856
89.00000000000077,-0.22423950816566857,0.010540176834332907,-1.184888581867261,0.0009491570342157196,-0.9606490737015925,0.06498738688459901,0.2668997631616842,0.20191237627708516
89.10000000000076,-0.22461814004755043,0.010355044952451029,-1.185484232090253,0.0009625657966277901,-0.9608660920427026,0.06515981278393337,0.2675571817520208,0.20239736896808744
89.20000000000077,-0.22499677192943235,0.010169913070569137,-1.1860780476781283,0.0009748430005457331,-0.961081275748696,0.06533223868326776,0.26821566149648246,0.2028834228132147
89.30000000000078,-0.22537540381131427,0.009984781188687245,-1.1866753693318044,0.0009911381426771504,-0.9612999655204901,0.06550466458260214,0.2688698119260208,0.20336514734341865
89.40000000000077,-0.22575403569319613,0.009799649306805366,-1.1872757645344958,0.001016486298832553,-0.9615217288412996,0.06567709048193651,0.26952001471325343,0.20384292423131692
89.50000000000077,-0.226132667575078,0.009614517424923516,-1.1878794112011928,0.0010443531514255922,-0.9617467436261148,0.06584951638127087,0.2701660397905482,0.20431652340927733
89.60000000000078,-0.2265112994569599,0.00942938554304161,-1.1884923148529247,0.0010573298567034817,-0.9619810153959648,0.06602194228060523,0.2708018280549007,0.20477988577429548
89.70000000000078,-0.2268899313388418,0.009244253661159718,-1.1891200465949787,0.0010464278771988855,-0.9622301152561369,0.06619436817993962,0.27142175365317533,0.2052273854732357
89.80000000000078,-0.22726856322072364,0.009059121779277854,-1.1897615782549127,0.001020341233132105,-0.962493015034189,0.06636679407927398,0.2720267886923084,0.2056599946130344
89.90000000000077,-0.2276471951026055,0.008873989897395976,-1.1904126707857716,0.000992061027160207,-0.9627654756831661,0.06653921997860834,0.27262111473642175,0.2060818947578134
90.00000000000078,-0.22798265865866088,0.008737995995995368,-1.1910727679381847,0.000968230189999697,-0.9630901092795239,0.06678597140872637,0.2732052293504675,0.2064192579417411
90.10000000000079,-0.2282689449449472,0.008656914914914285,-1.1917401082178636,0.0009527232106902872,-0.9634711632729164,0.06711421226232323,0.2737808338737099,0.20666662161138666
90.20000000000078,-0.22855523123123347,0.008575833833833202,-1.1924060726011383,0.0009460914251055996,-0.9638508413699048,0.06744245311592002,0.2743564860418888,0.20691403292596877
90.30000000000078,-0.22884151751751974,0.008494752752752133,-1.193061429698174,0.0009429707362993422,-0.9642199121806543,0.06777069396951682,0.2749413543380203,0.20717066036850348
90.40000000000079,-0.22912780380380604,0.00841367167167105,-1.1937061761167804,0.0009372639801162874,-0.9645783723129744,0.06809893482311367,0.2755353781132929,0.20743644329017918
90.5000000000008,-0.22941409009009237,0.008332590590589939,-1.1943496876219417,0.0009283144500247253,-0.9649355975318493,0.06842717567671053,0.2761291160552861,0.2077019403785756
90.60000000000079,-0.22970037637637863,0.00825150950950887,-1.1950010851377342,0.000917244863417821,-0.9653007087613555,0.06875541653030733,0.2767133804731608,0.20795796394285349
90.70000000000078,-0.2299866626626649,0.0081704284284278,-1.1956621532289278,0.0009043828986735614,-0.9656754905662629,0.06908365738390412,0.2772863185022849,0.2082026611183808
90.8000000000008,-0.23027294894895123,0.008089347347346704,-1.196330938730776,0.0008914854042078035,-0.9660579897818247,0.06941189823750098,0.2778498139000956,0.20843791566259462
90.9000000000008,-0.23055923523523753,0.00800826626626562,-1.1970081010944478,0.0008783499774385195,-0.9664488658592103,0.06974013909109783,0.27840313613447054,0.2086629970433727
91.0000000000008,-0.23081699678678858,0.007957423213213063,-1.1976973175547156,0.0008627526457817281,-0.9668803207679271,0.07013178412130326,0.27894253578249295,0.20881075166118968
91.10000000000079,-0.23104371925926104,0.007939200740740601,-1.1984007472564229,0.0008504236084946326,-0.9673570279971618,0.07058922884740339,0.27946578003130124,0.20887655118389786
91.2000000000008,-0.23127044173173356,0.007920978268268125,-1.1991136719578337,0.0008522217691717682,-0.9678432302261002,0.07104667357350358,0.27997751232168466,0.20893083874818108
91.30000000000081,-0.23149716420420602,0.007902755795795649,-1.1998283931271112,0.0008681563231351941,-0.9683312289229051,0.07150411829960376,0.280485354452797,0.20898123615319322
91.4000000000008,-0.2317238866766785,0.007884533323323173,-1.200541408634865,0.0008859079262033553,-0.9688175219581864,0.07196156302570389,0.28099273119882334,0.20903116817311945
91.5000000000008,-0.23195060914915094,0.007866310850850697,-1.2012549807319015,0.0008963745711410009,-0.9693043715827505,0.07241900775180402,0.2814973012310693,0.2090782934792653
91.6000000000008,-0.23217733162162346,0.007848088378378235,-1.2019741544616005,0.0009014104908251497,-0.969796822839977,0.07287645247790421,0.2819939392255764,0.20911748674767222
91.70000000000081,-0.23240405409409595,0.007829865905905758,-1.2027044765919954,0.0009053128294843615,-0.9703004224978995,0.0733338972040044,0.28247701683780646,0.20914311963380205
91.80000000000081,-0.2326307765665684,0.007811643433433282,-1.203447751689463,0.0009065538470947043,-0.9708169751228947,0.07379134193010453,0.28294464642508416,0.20915330449497962
91.9000000000008,-0.23285749903904085,0.00779342096096082,-1.2041977096325764,0.0008985004573657251,-0.9713402105935356,0.07424878665620466,0.28340301430855586,0.2091542276523512
92.00000000000081,-0.2330193463463472,0.007716454454453389,-1.2049467905241469,0.000879262483119092,-0.9719274441777996,0.07480885465025444,0.28385959447958264,0.2090507398293282
92.10000000000082,-0.2331209479479488,0.007585623623622542,-1.2056952599334054,0.0008549363834919887,-0.9725743119854566,0.07546608049327522,0.28431403490280527,0.20884795440953005
92.20000000000081,-0.23322254954955035,0.007454792792791723,-1.206444134659527,0.0008305635633415465,-0.9732215851099766,0.07612330633629591,0.28476523103777496,0.20864192470147905
92.30000000000081,-0.23332415115115196,0.007323961961960904,-1.2071890768961342,0.0008089321837725372,-0.9738649257449823,0.07678053217931662,0.28521743127241334,0.2084368990930967
92.40000000000082,-0.23342575275275357,0.007193131131130057,-1.2079283127434512,0.0007957535816560668,-0.9745025599906977,0.0774377580223374,0.28567229643872977,0.20823453841639236
92.50000000000082,-0.23352735435435518,0.00706230030029921,-1.2086713308890855,0.0007934224013765867,-0.9751439765347303,0.07809498386535821,0.28612026458721485,0.20802528072185664
92.60000000000082,-0.23362895595595679,0.006931469469468404,-1.2094308494319668,0.0007953205854119849,-0.97580189347601,0.0787522097083789,0.28654852818123383,0.20779631847285493
92.70000000000081,-0.2337305575575584,0.006800638638637571,-1.2102127438475807,0.0007951211264011215,-0.9764821862900224,0.0794094355513996,0.28695111803694895,0.20754168248554936
92.80000000000082,-0.23383215915916,0.006669807807806752,-1.2110110956662505,0.0007952059476332707,-0.9771789365070905,0.08006666139442038,0.2873338581129784,0.20726719671855803
92.90000000000083,-0.2339337607607616,0.006538976976975905,-1.2118091448347434,0.0007947361802030928,-0.9778753840739818,0.08072388723744117,0.2877134127550566,0.2069895255176154
93.00000000000082,-0.23401712200000055,0.006399371999998793,-1.2125957377221126,0.0007858992496013739,-0.978578615722112,0.0814394853164088,0.2881008376853579,0.20666135236894909
93.10000000000082,-0.23408377200000052,0.006252521999998803,-1.2133800226708864,0.0007651677614001207,-0.9792962506708859,0.08220950616407144,0.2884868888689708,0.20627738270489934
93.20000000000083,-0.23415042200000052,0.006105671999998799,-1.2141846565867058,0.0007413765087221913,-0.9800342345867052,0.0829795270117342,0.28884881145681784,0.20586928444508365
93.30000000000084,-0.23421707200000055,0.005958821999998781,-1.2150109230759458,0.0007284831793494817,-0.9807938510759453,0.08374954785939694,0.2891852219647571,0.20543567410536018
93.40000000000083,-0.23428372200000053,0.005811971999998791,-1.2158384769756623,0.0007261846261160665,-0.9815547549756618,0.08451956870705957,0.2895163651988386,0.20499679649177904
93.50000000000082,-0.23435037200000056,0.005665121999998801,-1.2166552939308395,0.0007209638339753521,-0.982304921930839,0.08528958955472221,0.2898541651564988,0.2045645756017766
93.60000000000083,-0.23441702200000056,0.005518271999998797,-1.2174630390924919,0.0007063614262917683,-0.9830460170924913,0.08605961040238497,0.290196854544327,0.204137244141942
93.70000000000084,-0.23448367200000053,0.0053714219999987795,-1.218268665586638,0.0006912652057533553,-0.9837849935866374,0.08682963125004772,0.2905373611549044,0.2037077299048567
93.80000000000084,-0.23455032200000056,0.005224571999998789,-1.2190824610936115,0.0006823405715287167,-0.9845321390936109,0.08759965209771037,0.2908652775259951,0.20326562542828475
93.90000000000083,-0.23461697200000053,0.005077721999998799,-1.219914320809063,0.0006758947386267256,-0.9852973488090625,0.088369672945373,0.29117063642530694,0.20280096347993393
94.00000000000084,-0.23468014502852902,0.004927087971470193,-1.2207621746311792,0.0006710486456811271,-0.9860820296026502,0.08918359276948634,0.29145540420774185,0.2022718114382555
94.10000000000085,-0.23474025208558608,0.0047730809144131275,-1.2216152490826717,0.0006712242742324959,-0.9868749969970856,0.09003857112381589,0.2917302499869436,0.2016916788631277
94.20000000000084,-0.23480035914264313,0.0046190738573560625,-1.2224686717283049,0.0006713323440517005,-0.9876683125856618,0.09089354947814532,0.2919999415016348,0.20110639202348946
94.30000000000084,-0.2348604661997002,0.004465066800299025,-1.2233239941557206,0.0006621096328150999,-0.9884635279560203,0.09174852783247475,0.2922628225449832,0.20051429471250845
94.40000000000084,-0.23492057325675725,0.00431105974324196,-1.2241829212547104,0.0006434917945374874,-0.9892623479979532,0.09260350618680431,0.2925170824311599,0.19991357624435563
94.50000000000085,-0.23498068031381433,0.004157052686184881,-1.225050998771084,0.0006223660415891619,-0.9900703184572697,0.09345848454113385,0.2927570705164668,0.19929858597533295
94.60000000000085,-0.23504078737087136,0.00400304562912783,-1.225935718892659,0.0006020214611854868,-0.9908949315217876,0.09431346289546329,0.29297518902941433,0.19866172613395106
94.70000000000084,-0.23510089442792842,0.0038490385720707926,-1.2268388435624222,0.0005794782875523374,-0.9917379491344938,0.09516844124979272,0.2931695702791149,0.19800112902932215
94.80000000000085,-0.2351610014849855,0.0036950315150137136,-1.2277546610613557,0.000554299769086164,-0.9925936595763701,0.09602341960412228,0.2933458209961757,0.1973224013920534
94.90000000000086,-0.23522110854204256,0.0035410244579566486,-1.2286788587620454,0.0005293031160521489,-0.9934577502200028,0.09687839795845182,0.29350814821583815,0.19662975025738633
95.00000000000085,-0.23532594243393518,0.0034550745660658494,-1.229612672118059,0.0005072392482842192,-0.9942867296841238,0.09772799715056456,0.29365521183251153,0.19592721468194696
95.10000000000085,-0.23546957661811935,0.003430340381881683,-1.2305548786179008,0.0004932461589012282,-0.9950853019997814,0.09857507633202278,0.2937881289457071,0.19521305261368432
95.20000000000086,-0.23561321080230352,0.003405606197697489,-1.2314985706036226,0.0004909018212777561,-0.9958853598013191,0.09942215551348113,0.29391370308521897,0.19449154757173784
95.30000000000086,-0.23575684498648775,0.0033808720135132947,-1.2324422670388875,0.0004921259699162128,-0.9966854220523997,0.10026923469493948,0.2940333116663873,0.19376407697144782
95.40000000000086,-0.23590047917067192,0.0033561378293291144,-1.2333923858307194,0.00048455344524778177,-0.9974919066600475,0.10111631387639772,0.2941404327092934,0.1930241188328957
95.50000000000085,-0.2360441133548561,0.003331403645144934,-1.234350845961153,0.0004701133128306445,-0.9983067326062969,0.10196339305785594,0.29423304474698864,0.19226965168913268
95.60000000000086,-0.2361877475390403,0.003306669460960754,-1.235310891691799,0.00046095771151200005,-0.9991231441527587,0.10281047223931429,0.29431780158438103,0.19150732934506676
95.70000000000087,-0.2363313817232245,0.0032819352767765597,-1.236270432984865,0.0004569564483354327,-0.9999390512616406,0.10365755142077263,0.2943966915850741,0.19073914016430146
95.80000000000086,-0.23647501590740866,0.0032572010925923656,-1.2372390963011934,0.0004453027363904294,-1.0007640803937847,0.10450463060223086,0.29445998790590117,0.1899553573036703
95.90000000000086,-0.23661865009159283,0.0032324669084081853,-1.2382254935356516,0.0004212971836925483,-1.0016068434440588,0.1053517097836891,0.2944989799686817,0.18914727018499258
96.00000000000087,-0.23714869961848145,0.0035948596184799952,-1.2392257953916324,0.00039530637754203735,-1.0020770957731508,0.10584859377509093,0.29451739695269324,0.18866880317760232
96.10000000000088,-0.23802140644579078,0.004300566445789286,-1.240228088130586,0.00037901457986366793,-1.0022066816847952,0.10603557801965394,0.2945270570606511,0.18849147904099714
96.20000000000087,-0.23889411327309995,0.00500627327309848,-1.2412255263653131,0.00037550917717188437,-1.0023314130922132,0.1062225622642169,0.2945347079359198,0.1883121456717029
96.30000000000086,-0.23976682010040917,0.005711980100407701,-1.2422237008701267,0.00037957955954093237,-1.0024568807697176,0.10640954650877989,0.294534665540773,0.18812511903199314
96.40000000000087,-0.24063952692771848,0.006417686927716992,-1.2432366186536081,0.0003829000696697893,-1.0025970917258897,0.10659653075334288,0.2945128286728619,0.187916297919519
96.50000000000088,-0.24151223375502778,0.007123393755026297,-1.244269723625933,0.00037606552254887404,-1.0027574898709053,0.10678351499790589,0.2944636618783595,0.1876801468804536
96.60000000000088,-0.242384940582337,0.007829100582335505,-1.2453180086831075,0.00035358842228916387,-1.0029330681007704,0.10697049924246887,0.29439208193633404,0.18742158269386516
96.70000000000087,-0.24325764740964617,0.008534807409644685,-1.2463811372128748,0.00031923850440762624,-1.0031234898032286,0.10715748348703184,0.2942983367112034,0.18714085322417157
96.80000000000088,-0.2441303542369555,0.009240514236954003,-1.2474638791324413,0.00028468418976468346,-1.0033335248954858,0.10734446773159485,0.29417755063543183,0.186833082903837
96.90000000000089,-0.24500306106426484,0.009946221064263308,-1.2485634179225995,0.00025960585808959546,-1.0035603568583347,0.10753145197615785,0.29403239456348107,0.18650094258732322
97.00000000000088,-0.24578356317903285,0.010560052668520864,-1.2496708363093294,0.0002450424241583482,-1.0038872731302966,0.10784244778765559,0.2938717817624067,0.1860293339747511
97.10000000000088,-0.2464944795618148,0.01110460268493646,-1.250785476193777,0.00023596168742012757,-1.004290996631962,0.10824955960045685,0.29369628666787256,0.18544672706741572
97.20000000000088,-0.24720539594459684,0.011649152701352125,-1.2519156123434199,0.00022535542113211182,-1.004710216398823,0.10865667141325816,0.2934975543344701,0.18484088292121195
97.30000000000089,-0.24791631232737887,0.012193702717767763,-1.2530690129586155,0.00021072848549619216,-1.0051527006312366,0.10906378322605949,0.2932677428845277,0.18420395965846825
97.40000000000089,-0.24862722871016082,0.012738252734183358,-1.2542412964953722,0.0001922138429528708,-1.0056140677852115,0.10947089503886076,0.2930111585608247,0.18354026352196395
97.50000000000088,-0.24933814509294278,0.013282802750598954,-1.255419931821982,0.0001737707998810123,-1.0060817867290393,0.10987800685166202,0.2927402595701835,0.1828622527185215
97.60000000000089,-0.2500490614757248,0.013827352767014592,-1.2565971960694433,0.0001627630726801499,-1.0065481345937184,0.11028511866446335,0.2924627005097856,0.1821775818453223
97.7000000000009,-0.25075997785850684,0.014371902783430257,-1.2577774962727255,0.0001632381719501863,-1.0070175184142187,0.11069223047726467,0.2921740075714763,0.18148177709421165
97.80000000000089,-0.25147089424128877,0.014916452799845853,-1.2589706187643035,0.00016956987494431974,-1.0074997245230146,0.11109934229006593,0.2918643296690435,0.1807649873789776
97.90000000000089,-0.25218181062407075,0.015461002816261421,-1.2601813093784644,0.0001729866568040972,-1.0079994987543937,0.11150645410286719,0.2915288593151826,0.18002240521231538
98.0000000000009,-0.25277726779960386,0.015887531799602325,-1.2614083018395337,0.00016999335589007458,-1.0086310340399298,0.11205388963920929,0.2911688043221039,0.17911491468289462
98.1000000000009,-0.2532960341322692,0.016235098132267672,-1.2626522890072447,0.00016235489784288681,-1.0093562548749755,0.11269718152817355,0.2907833232482309,0.17808614172005738
98.2000000000009,-0.25381480046493454,0.016582664464933006,-1.2639179025082812,0.00015260315580112316,-1.0101031020433466,0.11334047341713772,0.2903678101225104,0.17702733670537268
98.30000000000089,-0.25433356679759983,0.01693023079759831,-1.2652107868088542,0.0001418159181955092,-1.0108772200112544,0.1139837653061019,0.2899165822786942,0.17593281697259233
98.4000000000009,-0.25485233313026523,0.017277797130263645,-1.2665309026081735,0.00012926688830172672,-1.0116785694779082,0.11462705719506615,0.28942963206966166,0.1748025748745955
98.50000000000091,-0.2553710994629306,0.01762536346292902,-1.2678745739314556,0.00010999436854242095,-1.012503474468525,0.11527034908403042,0.2889105919482189,0.17364024286418847
98.6000000000009,-0.25588986579559586,0.017972929795594325,-1.2692348099434132,8.227706423824532e-05,-1.0133449441478173,0.11591364097299457,0.2883664107242695,0.17245276975127494
98.7000000000009,-0.25640863212826115,0.01832049612825963,-1.270606858626873,4.906380050695436e-05,-1.0141982264986118,0.11655693286195874,0.28780180473479844,0.1712448718728397
98.8000000000009,-0.25692739846092655,0.018668062460925006,-1.2719920103741464,1.558618027142078e-05,-1.0150646119132198,0.11720022475092301,0.28721544756989115,0.17001522281896814
98.90000000000092,-0.2574461647935919,0.019015628793590353,-1.2733971042231815,1.5554685947272162e-05,-1.0159509394295896,0.11784351663988726,0.286600469960964,0.16875695332107674
99.00000000000091,-0.25788804884644523,0.019300546343941377,-1.2748250362693492,4.310048110389708e-05,-1.016936987422904,0.11857898625696245,0.2859539478198099,0.16737496156284742
99.1000000000009,-0.25828086230118247,0.019549015454334337,-1.27627194440083,6.31638418836511e-05,-1.0179910820996474,0.11937493553631129,0.2852797183373281,0.16590478280101684
99.20000000000091,-0.2586736757559198,0.01979748456472731,-1.2777334195761378,7.259308493712258e-05,-1.019059743820218,0.12017088481566024,0.28458216962671146,0.16441128481105122
99.30000000000092,-0.2590664892106571,0.02004595367512027,-1.2792046087873299,7.14488276626346e-05,-1.0201381195766728,0.12096683409500919,0.2838661381809845,0.1628993040859753
99.40000000000092,-0.2594593026653944,0.02029442278551323,-1.2806864092690526,6.599317277511396e-05,-1.0212271066036582,0.12176278337435803,0.28313071182547056,0.16136792845111253
99.50000000000091,-0.2598521161201317,0.020542891895906176,-1.2821892055782402,6.478622165051462e-05,-1.0223370894581085,0.12255873265370686,0.28236549447909554,0.15980676182538867
99.60000000000092,-0.26024492957486905,0.02079136100629915,-1.2837248840268465,7.180828147967944e-05,-1.0234799544519775,0.12335468193305582,0.2815585939663682,0.15820391203331235
99.70000000000093,-0.26063774302960635,0.021039830116692124,-1.2852941796879853,8.863556283722486e-05,-1.024656436658379,0.12415063121240476,0.2807092709767336,0.15655863976432882
99.80000000000092,-0.26103055648434365,0.02128829922708507,-1.2868907177287445,0.00011511159182975295,-1.025860161244401,0.12494658049175358,0.27982389967806776,0.15487731918631417
99.90000000000092,-0.26142336993908094,0.02153676833747803,-1.2885123885942527,0.0001446857412765734,-1.0270890186551718,0.12574252977110245,0.2789045940343038,0.15316206426320134
100.00000000000092,-0.26176489889890187,0.021662817817818245,-1.290162562001235,0.00016472451421789547,-1.028397663102333,0.12659410599166468,0.27794798861668235,0.15135388262501767
100.10000000000093,-0.2620878718718749,0.021709714714715153,-1.2918458598229452,0.0001659558263915617,-1.0297579879510703,0.12746745061538264,0.2769494758006906,0.14948202518530798
100.20000000000093,-0.26241084484484783,0.02175661161161202,-1.2935631514832222,0.00015003848350214621,-1.0311523066383743,0.12834079523910047,0.27590819621112156,0.1475674009720211
100.30000000000092,-0.2627338178178208,0.02180350850850893,-1.2953053701432493,0.0001325626352371989,-1.0325715523254284,0.12921413986281832,0.2748332356982186,0.14561909583540028
100.40000000000093,-0.2630567907907938,0.021850405405405837,-1.2970641403631709,0.00013090037318619352,-1.0340073495723772,0.1300874844865363,0.2737329902719651,0.14364550578542884
100.50000000000094,-0.2633797637637668,0.021897302302302718,-1.2988426182556245,0.00014897547391090615,-1.0354628544918576,0.13096082911025422,0.2726043285119588,0.1416434994017046
100.60000000000093,-0.2637027367367397,0.021944199199199627,-1.3006513603127625,0.00017472297924592262,-1.0369486235760228,0.13183417373397205,0.27143672053220846,0.13960254679823642
100.70000000000093,-0.2640257097097127,0.021991096096096494,-1.3024933356942492,0.00019718437427873603,-1.0384676259845365,0.1327075183576899,0.27022722837833485,0.13751971002064495
100.80000000000094,-0.2643486826826857,0.022037992992993402,-1.304365586693201,0.0002141879662865831,-1.0400169040105152,0.13358086298140787,0.26897884521790616,0.1353979822364983
100.90000000000094,-0.2646716556556587,0.02208488988989031,-1.3062661023634243,0.0002257213090527399,-1.0415944467077656,0.1344542076051258,0.26769358411936184,0.13323937651423604
101.00000000000094,-0.2650222187187222,0.022097494994994818,-1.308195585218944,0.0002277011859245226,-1.0431733665002216,0.13529263775003222,0.266370737666518,0.13107809991648575
101.10000000000093,-0.2653962927927963,0.022082980480480324,-1.3101622277790224,0.0002201914052344378,-1.0447659349862262,0.13610294146734786,0.26500224170008563,0.12889930023273777
101.20000000000094,-0.2657703668668704,0.022068465965965803,-1.312168435270168,0.0002140623870923175,-1.0463980684032976,0.1369132451846636,0.26358573846188005,0.12667249327721644
101.30000000000095,-0.26614444094094447,0.02205395145145131,-1.3142154544464906,0.00022573023400951353,-1.0480710135055462,0.13772354890197935,0.2621200321022367,0.12439648320025737
101.40000000000094,-0.26651851501501855,0.022039436936936788,-1.316299035836488,0.000259696306691648,-1.0497805208214697,0.138533852619295,0.26060942625211325,0.12207557363281826
101.50000000000094,-0.26689258908909264,0.022024922422422294,-1.3184133962806333,0.0003015169600325551,-1.0515208071915407,0.13934415633661063,0.2590597599775446,0.11971560364093398
101.60000000000095,-0.2672666631631667,0.022010407907907772,-1.3205552996524186,0.0003294191381483236,-1.0532886364892518,0.14015446005392637,0.25747433051935364,0.11731987046542727
101.70000000000095,-0.2676407372372408,0.02199589339339325,-1.3227298867927502,0.0003365964281366596,-1.0550891495555095,0.14096476377124212,0.25584805870396465,0.11488329493272254
101.80000000000095,-0.2680148113113149,0.021981378878878757,-1.3249447080997903,0.00033195721917966825,-1.0569298967884753,0.14177506748855773,0.2541734593210585,0.11239839183250078
101.90000000000094,-0.2683888853853889,0.021966864364364236,-1.327201991218944,0.00032697510374180005,-1.0588131058335553,0.1425853712058734,0.2524483743018038,0.10986300309593039
102.00000000000095,-0.2687762137137175,0.021946825325325103,-1.3294985231504999,0.0003267892235369052,-1.0607223094367824,0.14336375646903687,0.2506760138080771,0.1073122573390402
102.10000000000096,-0.26917291041041425,0.021921399899899677,-1.331834441449238,0.0003327397667651777,-1.0626615310388239,0.14412116617940843,0.24885634189279163,0.1047351757133832
102.20000000000095,-0.2695696071071109,0.021895974474474236,-1.3342163857370923,0.0003447228495736532,-1.0646467786299814,0.14487857588977987,0.24698284262968193,0.10210426673990206
102.30000000000095,-0.2699663038038076,0.02187054904904881,-1.3366515988604144,0.00035637291540413507,-1.0666852950566068,0.14563598560015134,0.24504835239180361,0.09941236679165227
102.40000000000096,-0.27036300050050427,0.021845123623623383,-1.339142200868288,0.00035839581402585807,-1.0687792003677838,0.14639339531052287,0.24305083259076513,0.09665743728024226
102.50000000000097,-0.270759697197201,0.021819698198197943,-1.3416839560312983,0.00034978616442715715,-1.0709242588340973,0.1471508050208944,0.24099460148147608,0.09384379646058169
102.60000000000096,-0.2711563938938977,0.021794272772772516,-1.3442717981748866,0.000339325186310635,-1.073115404280989,0.14790821473126586,0.23888481194099404,0.09097659720972817
102.70000000000095,-0.27155309059059435,0.021768847347347076,-1.346900175411633,0.00033653213664175397,-1.0753470848210387,0.14866562444163728,0.2367271034112291,0.08806147896959182
102.80000000000096,-0.27194978728729113,0.021743421921921663,-1.3495628398241264,0.00034603766870866526,-1.0776130525368353,0.14942303415200886,0.23452781371826634,0.08510477956625748
102.90000000000097,-0.2723464839839878,0.02171799649649625,-1.352258190745046,0.0003684490424346043,-1.0799117067610582,0.15018044386238039,0.23228863476025,0.08210819089786961
103.00000000000097,-0.27277133683684107,0.021690772272271952,-1.3549931121094096,0.000402597946639327,-1.0822217752725685,0.15088087411938753,0.230002776238412,0.07912190211902448
103.10000000000096,-0.27321397947948367,0.02165874024023992,-1.3577772948301923,0.00044281606243112837,-1.0845633153507086,0.15154621428951706,0.2276606437610634,0.07611442947154634
103.20000000000097,-0.2736566221221264,0.02162670820820789,-1.3606120492257698,0.0004780852233953192,-1.0869554271036435,0.15221155445964668,0.2252610229376268,0.0730494684779801
103.30000000000098,-0.2740992647647691,0.02159467617617583,-1.3634899667388822,0.0005011066887802285,-1.0893907019741131,0.1528768946297763,0.22281142134428622,0.06993452671450992
103.40000000000097,-0.2745419074074117,0.021562644144143828,-1.366404107153782,0.0005164019144999754,-1.0918621997463704,0.15354223479990584,0.22031887921904533,0.0667766444191395
103.50000000000097,-0.2749845500500543,0.021530612112111797,-1.3693499267157567,0.0005344340743974607,-1.0943653766657024,0.15420757497003534,0.21778804240358252,0.06358046743354717
103.60000000000097,-0.275427192692697,0.021498580080079766,-1.3723267320359374,0.000555585637891931,-1.0968995393432404,0.154872915140165,0.21521970676140229,0.060346791621237295
103.70000000000098,-0.2758698353353397,0.021466548048047707,-1.3753436983609868,0.0005712003730975468,-1.099473863025647,0.1555382553102946,0.2126048001046414,0.05706654479434678
103.80000000000098,-0.2763124779779823,0.021434516016015703,-1.378418493901448,0.0005814925503419,-1.1021060159234657,0.15620359548042412,0.2099257613519147,0.05372216587149059
103.90000000000097,-0.2767551206206249,0.021402483983983672,-1.381566171782821,0.0005954633698006528,-1.104811051162196,0.15686893565055365,0.2071676419034792,0.05029870625292554
104.00000000000098,-0.2772461323347446,0.02139872752512037,-1.3847841167384851,0.0006180532800414973,-1.1075379844037405,0.15744877239339516,0.20433316505868568,0.046884392665290514
104.10000000000099,-0.2777624533150436,0.021405729868144763,-1.388055632520061,0.0006443502027215775,-1.1102931792050175,0.15798187832864113,0.20143913385329967,0.04345725552465854
104.20000000000098,-0.27827877429534253,0.021412732211169155,-1.3913637478043364,0.0006725085617910187,-1.1130849735089938,0.15851498426388708,0.19850262967355362,0.03998764540966654
104.30000000000098,-0.2787950952756414,0.02141973455419352,-1.3947004007832144,0.0007064145638555619,-1.1159053055075732,0.159048090199133,0.19553182289720428,0.036483732698071286
104.40000000000099,-0.2793114162559404,0.021426736897217913,-1.3980665781143502,0.0007385987488456314,-1.1187551618584097,0.159581196134379,0.19252582565535079,0.0329446295209718
104.500000000001,-0.2798277372362393,0.021433739240242305,-1.4014705714228572,0.0007528672473002818,-1.121642834186618,0.16011430206962496,0.18947640170714064,0.029362099637515682
104.60000000000099,-0.2803440582165383,0.021440741583266698,-1.4049143307770495,0.00074972827099129,-1.1245702725605113,0.16064740800487087,0.18638178026159521,0.02573437225672434
104.70000000000098,-0.28086037919683715,0.02144774392629109,-1.4083914715756038,0.0007422601726881917,-1.1275310923787667,0.16118051394011682,0.1832484589377849,0.022067944997668093
104.80000000000099,-0.2813767001771362,0.021454746269315483,-1.4118941555618298,0.0007430727035329099,-1.1305174553846937,0.1617136198753628,0.18008438651853864,0.01837076664317583
104.900000000001,-0.28189302115743514,0.021461748612339848,-1.415425105536305,0.0007521212922519949,-1.1335320843788699,0.16224672581060878,0.17688695178811403,0.01464022597750525
105.000000000001,-0.28245904303803393,0.02146794694193188,-1.4189955487420716,0.0007656044696295883,-1.1365365057040377,0.1626866093744602,0.17364503843801238,0.010958429063552183
105.10000000000099,-0.2830528839731574,0.02146829438356193,-1.4226147523702846,0.0007788462181649303,-1.1395618683971271,0.16307506754448292,0.1703494915215296,0.007274423977046668
105.200000000001,-0.2836467249082809,0.021468641825191898,-1.4262774748894476,0.0007887774603984044,-1.1426307499811665,0.16346352571450568,0.16700566358363106,0.0035421378691253835
105.300000000001,-0.2842405658434045,0.02146898926682192,-1.4299694042768687,0.00080030567408651,-1.145728838433464,0.16385198388452843,0.1636279775171366,-0.000224006367391838
105.400000000001,-0.284834406778528,0.02146933670845194,-1.4336755843637672,0.0008207010226809475,-1.1488411775852392,0.16424044205455113,0.1602315003166532,-0.004008941737897925
105.500000000001,-0.28542824771365144,0.021469684150081936,-1.4373953183554025,0.0008481612519792847,-1.151967070641751,0.16462890022457383,0.15681703993800372,-0.007811860286570105
105.600000000001,-0.286022088648775,0.02147003159171193,-1.4411359848587695,0.0008710586376587948,-1.1551138962099945,0.1650173583945966,0.1533772830112416,-0.011640075383355014
105.70000000000101,-0.2866159295838986,0.021470379033341952,-1.4448984004641279,0.0008808528926540493,-1.1582824708802293,0.16540581656461936,0.14991155578904658,-0.015494260775572782
105.800000000001,-0.287209770519022,0.021470726474971946,-1.4486716729891749,0.0008840914551579981,-1.161461902470153,0.1657942747346421,0.14643087398090954,-0.01936340075373255
105.900000000001,-0.28780361145414546,0.02147107391660194,-1.452447079171984,0.0008939170423923892,-1.1646434677178386,0.1661827329046648,0.1429440698108714,-0.023238663093793382
106.00000000000101,-0.2884641232465,0.021501361723447243,-1.4562192871675421,0.0009116270115239189,-1.1677551639210422,0.16645684924578225,0.13945658255664956,-0.02700026668913269
106.10000000000102,-0.28915610721443596,0.021539638276553447,-1.4599804332945214,0.000925381675521475,-1.1708243260800855,0.16667530489659027,0.13597638328971373,-0.03069892160687654
106.20000000000101,-0.28984809118237176,0.021577914829659678,-1.4637255382558798,0.0009259702813031456,-1.173877447073508,0.1668937605473983,0.1325085573501011,-0.03438520319729718
106.300000000001,-0.29054007515030755,0.02161619138276591,-1.4674617919326958,0.0009202642333396849,-1.1769217167823882,0.16711221619820632,0.12904602086265987,-0.03806619533554645
106.40000000000101,-0.2912320591182435,0.021654467935872113,-1.4711917047950454,0.000916240684202263,-1.1799596456768018,0.16733067184901435,0.1255863671634971,-0.041744304685517236
106.50000000000102,-0.2919240430861795,0.021692744488978316,-1.4749068876394624,0.0009142539213387035,-1.1829828445532828,0.1675491274998224,0.12213808993684927,-0.04541103756297313
106.60000000000102,-0.29261602705411527,0.02173102104208452,-1.4785982429269495,0.0009136545266029694,-1.1859822158728344,0.16776758315063042,0.11871038879371593,-0.049057194356914496
106.70000000000101,-0.29330801102205106,0.021769297595190723,-1.4822638772364427,0.0009165025426579598,-1.1889558662143918,0.16798603880143842,0.1153052589733237,-0.05268077982811473
106.80000000000102,-0.29399999498998697,0.021807574148296954,-1.4859058094004927,0.0009216195054529974,-1.1919058144105057,0.16820449445224647,0.11192078241230295,-0.05628371203994352
106.90000000000103,-0.29469197895792293,0.021845850701403158,-1.4895210615538133,0.0009239192945367236,-1.1948290825958903,0.16842295010305453,0.10856003600970063,-0.0598629140933539
107.00000000000102,-0.29550271693387664,0.021876628757515143,-1.4931016430930328,0.0009196506732699339,-1.1975989261591562,0.1684726842478823,0.10523110914650514,-0.06324157510137716
107.10000000000102,-0.29637110370742364,0.021890907314629393,-1.4966364555712635,0.000910629516298278,-1.2002653518638398,0.1684415972945675,0.10194519682423447,-0.06649640047033303
107.20000000000103,-0.2972394904809708,0.021905185871743615,-1.5001161479713891,0.0009090347693586631,-1.2028766574904184,0.1684105103412527,0.09871174650959577,-0.06969876383165693
107.30000000000103,-0.298107877254518,0.021919464428857838,-1.5035368687139845,0.0009250397351818762,-1.2054289914594665,0.16837942338793788,0.09553470381422369,-0.07284471957371419
107.40000000000103,-0.298976264028065,0.021933742985972088,-1.506893363324806,0.0009531204625767842,-1.2079170992967412,0.1683483364346231,0.09241941679057153,-0.07592891964405157
107.50000000000102,-0.29984465080161204,0.02194802154308631,-1.5101810947731669,0.000975302925387278,-1.210336443971555,0.16831724948130827,0.0893705147042359,-0.07894673477707237
107.60000000000103,-0.3007130375751592,0.021962300100200532,-1.5134041116650065,0.0009792938220177794,-1.2126910740898473,0.16828616252799347,0.08638403930125294,-0.08190212322674054
107.70000000000104,-0.3015814243487064,0.02197657865731481,-1.5165784029716227,0.000964920971812333,-1.2149969786229162,0.16825507557467864,0.08344409083972407,-0.08481098473495458
107.80000000000103,-0.30244981112225344,0.021990857214429033,-1.5197166718094874,0.0009408309874595622,-1.2172668606872339,0.16822398862136384,0.08053805443083127,-0.08768593419053257
107.90000000000103,-0.3033181978958005,0.022005135771543283,-1.5228107381026557,0.000916709780365843,-1.219492540206855,0.16819290166804904,0.0776741962975423,-0.09051870537050674
108.00000000000104,-0.30429686659981003,0.02203173721163515,-1.5258369361031785,0.0008979864857492359,-1.2215400695033685,0.16800122331963155,0.07487626749120016,-0.09312495582843139
108.10000000000105,-0.305322343029098,0.022052399197593026,-1.5287782269817631,0.0008869602372264529,-1.2234558839526652,0.16774148270431882,0.07216139013309501,-0.09558009257122381
108.20000000000104,-0.3063478194583858,0.0220730611835509,-1.5316291900046375,0.0008898725213183356,-1.2252813705462517,0.16748174208900612,0.06953506704419406,-0.09794667504481207
108.30000000000103,-0.3073732958876736,0.02209372316950875,-1.5343944810937313,0.0009092171907426616,-1.2270211852060577,0.16722200147369343,0.06699270125915716,-0.10022930021453627
108.40000000000104,-0.30839877231696156,0.022114385155466654,-1.5370750731080198,0.0009366671610236965,-1.2286763007910584,0.16696226085838073,0.06453342342400303,-0.1024288374343777
108.50000000000105,-0.3094242487462495,0.02213504714142453,-1.5396664019251776,0.0009577495059591712,-1.230242153178928,0.166702520243068,0.0621618751098264,-0.1045406451332416
108.60000000000105,-0.3104497251755373,0.022155709127382406,-1.5421715447838782,0.0009599985317777504,-1.2317218196083408,0.1664427796277553,0.05987505548277571,-0.10656772414497959
108.70000000000104,-0.3114752016048251,0.022176371113340254,-1.5446047431823335,0.0009452768932580735,-1.2331295415775085,0.16618303901244263,0.05765879762591613,-0.1085242413865265
108.80000000000105,-0.3125006780341131,0.02219703309929813,-1.546972608878624,0.0009254058934058396,-1.234471930844511,0.16592329839712988,0.05550656285081641,-0.11041673554631347
108.90000000000106,-0.31352615446340104,0.022217695085256034,-1.549268342852141,0.0009118068647931965,-1.2357421883887398,0.16566355778181716,0.05342522211630488,-0.11223833566551228
109.00000000000105,-0.3146893079237841,0.022271544633902296,-1.5514867420752987,0.0009119543768455474,-1.2367974341515147,0.16521640440122715,0.051420048395782986,-0.11379635600544416
109.10000000000105,-0.31590114343030357,0.022324904714143,-1.553632391166151,0.0009285641420400115,-1.2377312477358473,0.16470243866483197,0.04948652565244165,-0.11521591301239031
109.20000000000105,-0.3171129789368232,0.022378264794383762,-1.5557113916669179,0.0009602243767499186,-1.2385984127300946,0.16418847292843672,0.047618619584622476,-0.11656985334381424
109.30000000000106,-0.3183248144433429,0.022431624874624467,-1.5577250383796952,0.000997588836183727,-1.2394002239363524,0.16367450719204146,0.04581510111283069,-0.11785940607921078
109.40000000000106,-0.31953664994986236,0.022484984954865173,-1.55967381186009,0.0010255123423899004,-1.2401371619102275,0.1631605414556463,0.044075546135736075,-0.11908499531991021
109.50000000000105,-0.3207484854563819,0.02253834503510591,-1.5615582293305457,0.0010353933486559885,-1.2408097438741637,0.16264657571925112,0.04239950537408982,-0.1202470703451613
109.60000000000106,-0.3219603209629015,0.02259170511534664,-1.5633760011171063,0.0010326132370568342,-1.241415680154205,0.16213260998285586,0.0407893337217436,-0.12134327626111227
109.70000000000107,-0.3231721564694212,0.022645065195587368,-1.565123970961996,0.001031115531780924,-1.2419518144925747,0.1616186442464606,0.03924824708447198,-0.12237039716198864
109.80000000000106,-0.3243839919759407,0.022698425275828077,-1.5668033628186424,0.0010406884749464274,-1.2424193708427018,0.16110467851006544,0.03777507978561314,-0.12332959872445229
109.90000000000106,-0.3255958274824602,0.02275178535606881,-1.56841789616832,0.0010590288711695983,-1.2428220686858598,0.16059071277367026,0.036366168891920576,-0.1242245438817497
110.00000000000107,-0.3269226001120977,0.02284502338189373,-1.5699725766753625,0.0010766280326799382,-1.2430499765632648,0.15991394057349095,0.035016564207920285,-0.12489737636557066
110.10000000000107,-0.32828285905156684,0.022941089743629545,-1.5714739550416492,0.0010845792246372277,-1.2431910959900825,0.15918878942414183,0.03371976875107581,-0.12546902067306603
110.20000000000107,-0.3296431179910358,0.02303715610536533,-1.5729328154021496,0.001082444780491687,-1.2432896974111138,0.15846363827479282,0.03246505085268442,-0.1259985874221084
110.30000000000106,-0.33100337693050474,0.023133222467101117,-1.5743559423133615,0.0010766628274918588,-1.2433525653828568,0.1577384871254438,0.03124567698075861,-0.1264928101446852
110.40000000000107,-0.33236363586997386,0.02322928882883693,-1.5757372949087207,0.001075714353839019,-1.2433736590387467,0.15701333597609468,0.03006773757657904,-0.12694559839951564
110.50000000000108,-0.333723894809443,0.023325355190572744,-1.577063723556114,0.0010857413316111009,-1.243339828746671,0.15628818482674556,0.028944430574960912,-0.12734375425178465
110.60000000000107,-0.3350841537489119,0.02342142155230853,-1.5783311018951955,0.0011060957715220976,-1.2432469481462838,0.15556303367739654,0.02787992921933838,-0.12768310445805817
110.70000000000107,-0.3364444126883808,0.023517487914044344,-1.5795497707888835,0.001128532735947041,-1.2431053581005027,0.15483788252804753,0.0268639381592863,-0.12797394436876122
110.80000000000108,-0.3378046716278499,0.02361355427578013,-1.580732277272558,0.0011447351339921585,-1.242927605644708,0.1541127313786984,0.02588395459905226,-0.12822877677964614
110.90000000000109,-0.339164930567319,0.023709620637515944,-1.5818825876864464,0.0011534583471138893,-1.2427176571191274,0.15338758022934929,0.02493605508088246,-0.12845152514846683
111.00000000000108,-0.3406633002008198,0.02375607530120502,-1.5830006494601723,0.0011587508539558922,-1.2423373492593526,0.15247897204658187,0.024020333781788694,-0.12845863826479317
111.10000000000107,-0.34220245682732575,0.023777360441767287,-1.5840900103525932,0.0011655663788245896,-1.2418875535252676,0.15151808829884578,0.023133283280109357,-0.12838480501873642
111.20000000000108,-0.3437416134538319,0.023798645582329497,-1.5851551034596814,0.0011773962436159024,-1.2414134900058493,0.15055720455110957,0.022270509548584817,-0.12828669500252476
111.30000000000109,-0.3452807700803381,0.023819930722891763,-1.5861953308405208,0.001194535112191475,-1.2409145607601828,0.14959632080337337,0.021432648377614598,-0.12816367242575877
111.40000000000109,-0.34681992670684403,0.02384121586345403,-1.5872080829528952,0.0012122130043795698,-1.240388156246051,0.14863543705563728,0.02062234590075062,-0.12801309115488665
111.50000000000108,-0.3483590833333499,0.023862501004016268,-1.588195025867336,0.0012220226680811352,-1.2398359425339862,0.1476745533079012,0.01983797149180732,-0.12783658181609386
111.60000000000109,-0.3498982399598561,0.023883786144578534,-1.5891626740754132,0.0012190320601843663,-1.2392644341155572,0.146713669560165,0.019073044873403097,-0.1276406246867619
111.7000000000011,-0.3514373965863623,0.023905071285140772,-1.5901151748826892,0.0012113988626551997,-1.238677778296327,0.1457527858124288,0.018323451820068275,-0.1274293339923605
111.80000000000109,-0.3529765532128682,0.02392635642570301,-1.5910506961982338,0.0012161600663203043,-1.2380741429853657,0.1447919020646927,0.017591056397215282,-0.1272008456674774
111.90000000000109,-0.35451570983937414,0.023947641566265276,-1.591968075641887,0.001239616894586959,-1.237452365802513,0.1438310183169566,0.016877054418042686,-0.12695396389891392
112.0000000000011,-0.35618537801206673,0.0240025647590367,-1.5928673644765636,0.0012677635779086982,-1.236681986464497,0.1426972248357889,0.01618142369057135,-0.12651580114521754
112.1000000000011,-0.3578788519076492,0.02405397038152668,-1.5937407078648214,0.00128681173596068,-1.2358618559571721,0.14153141503118155,0.015512046529060495,-0.12601936850212106
112.2000000000011,-0.3595723258032314,0.024105376004016632,-1.5945837059367693,0.0012967491255106989,-1.235011380133538,0.14036560522657435,0.014873350492981788,-0.12549225473359255
112.30000000000109,-0.36126579969881367,0.024156781626506613,-1.5954077138723464,0.0013018511252026466,-1.2341419141735326,0.13919979542196714,0.014254006756669265,-0.12494578866529787
112.4000000000011,-0.3629592735943961,0.024208187248996593,-1.5962270931693063,0.0013051135618266096,-1.2332678195749103,0.13803398561735977,0.01363967942144246,-0.1243943061959173
112.50000000000111,-0.36465274748997856,0.024259592871486574,-1.597040600077692,0.0013099673618732766,-1.2323878525877134,0.1368681758127524,0.013031636628325462,-0.12383653918442694
112.6000000000011,-0.36634622138556083,0.024310998493976527,-1.5978377253414797,0.001319880340263424,-1.2314915039559189,0.13570236600814523,0.012440411245112236,-0.12326195476303299
112.7000000000011,-0.368039695281143,0.02436240411646648,-1.5986133902035888,0.0013355636409000393,-1.230573694922446,0.13453655620353802,0.0118711046499341,-0.12266545155360392
112.8000000000011,-0.3697331691767255,0.02441380973895646,-1.5993701044492,0.0013531034943427,-1.2296369352724743,0.13337074639893065,0.011321231932421787,-0.12204951446650886
112.90000000000111,-0.371426643072308,0.02446521536144644,-1.60011620785644,0.0013717834261429696,-1.228689564784132,0.1322049365943233,0.010782477573803507,-0.1214224590205198
113.00000000000111,-0.3731948724708074,0.024485089338257743,-1.600850747521537,0.001391124409194866,-1.2276558750507296,0.13092537456776376,0.010255807887450067,-0.1206695666803137
113.1000000000011,-0.37497639423626106,0.02449492435672357,-1.6015708142564193,0.0014097863351865136,-1.2265944200201582,0.12962708365077585,0.0097441509443159,-0.11988293270645996
113.20000000000111,-0.376757916001715,0.024504759375189367,-1.60228181836143,0.0014260274434194642,-1.225523902359715,0.12832879273378778,0.009242114544412424,-0.11908667818937535
113.30000000000112,-0.3785394377671689,0.024514594393655192,-1.6029919980651468,0.001438527875009199,-1.2244525602979779,0.1270305018167997,0.008741477568944604,-0.11828902424785509
113.40000000000111,-0.38032095953262257,0.024524429412121018,-1.6037001126269574,0.0014460344054765262,-1.223379153094335,0.1257322108998118,0.008243497240683503,-0.11748871365912829
113.50000000000111,-0.3821024812980762,0.024534264430586816,-1.604394521812703,0.001443760241204961,-1.2222920405146267,0.1244339199828239,0.007759829273133971,-0.11667409070968993
113.60000000000112,-0.3838840030635302,0.024544099449052642,-1.6050669469726742,0.0014280389792724613,-1.221182943909144,0.1231356290658358,0.007298767276641553,-0.11583686178919425
113.70000000000113,-0.3856655248289841,0.02455393446751844,-1.6057237484366427,0.001407688862035461,-1.2200582236076585,0.12183733814884773,0.0068539649166499675,-0.11498337323219776
113.80000000000112,-0.3874470465944378,0.024563769485984266,-1.6063781455476656,0.0013975662933904953,-1.2189310989532278,0.12053904723185982,0.00641221625882662,-0.1141268309730332
113.90000000000111,-0.38922856835989145,0.024573604504450064,-1.6070346175132162,0.0013994070268722458,-1.2178060491533247,0.11924075631487191,0.00596905471123509,-0.11327170160363682
114.00000000000112,-0.39105948428086257,0.024549796843655713,-1.607684954320212,0.0014001745480580752,-1.2166254700393495,0.11785748760446874,0.005532702218641385,-0.11232478538582735
114.10000000000113,-0.39289731974331554,0.02451939110007839,-1.608321092932715,0.001392173466371882,-1.2154237731893995,0.11646432237928006,0.005111233164247062,-0.111353089215033
114.20000000000113,-0.39473515520576824,0.02448898535650107,-1.6089480928262887,0.0013846486870129349,-1.2142129376205204,0.11507115715409158,0.004699598612706782,-0.11037155854138479
114.30000000000112,-0.396572990668221,0.024458579612923748,-1.6095798614925498,0.0013927094864255585,-1.213006870824329,0.11367799192890311,0.004283901030139368,-0.10939409089876374
114.40000000000113,-0.39841082613067397,0.024428173869346426,-1.6102243583535003,0.0014217737399448982,-1.2118135322228263,0.11228482670371442,0.003856190386732238,-0.10842863631698219
114.50000000000114,-0.400248661593127,0.02439776812576913,-1.610876695317224,0.001463925682744782,-1.210628033724097,0.11089166147852575,0.0034213636126512533,-0.10747029786587449
114.60000000000113,-0.40208649705557964,0.02436736238219181,-1.6115250383666213,0.001504251322190675,-1.2094385413110418,0.10949849625333727,0.0029912627042985402,-0.10650723354903872
114.70000000000113,-0.4039243325180324,0.02433695663861449,-1.6121604066565398,0.0015317418674054561,-1.2082360741385074,0.1081053310281488,0.0025748781914703015,-0.1055304528366785
114.80000000000113,-0.40576216798048537,0.024306550895037166,-1.6127790070978918,0.001548729781274072,-1.2070168391174065,0.10671216580296011,0.0021760210695852085,-0.1045361447333749
114.90000000000114,-0.40760016733670446,0.024276309045225958,-1.6133792906105966,0.0015633853731737979,-1.2057791232738921,0.10531849024880849,0.0017962343147581365,-0.10352225593405036
115.00000000000114,-0.4094705251256494,0.02422977035175833,-1.6139586312103953,0.001577807649405183,-1.2044881060847459,0.10386108178943046,0.0014381498536322702,-0.10242293193579818
115.10000000000113,-0.4113432889447448,0.024180825628140223,-1.61451691546535,0.001589128948239038,-1.2031736265206052,0.10239984320835502,0.0011018865625807089,-0.1012979566457743
115.20000000000114,-0.41321605276384044,0.02413188090452212,-1.6150626721656665,0.001596430217410516,-1.201846619401826,0.10093860462727938,0.000778920573310102,-0.10015968405396929
115.30000000000115,-0.41508881658293606,0.024082936180904013,-1.615604153306573,0.0016021838379570719,-1.200515336723637,0.09947736604620375,0.00046100431040284995,-0.0990163617358009
115.40000000000114,-0.41696158040203146,0.024033991457285908,-1.616140872945047,0.0016047708276248907,-1.1991792925430156,0.0980161274651283,0.00014862784152581873,-0.09786749962360249
115.50000000000114,-0.4188343442211268,0.023985046733667803,-1.6166716153775655,0.0016015805404095973,-1.1978372711564387,0.09655488888405286,-0.0001569757314149798,-0.09671186461546784
115.60000000000115,-0.4207071080402225,0.023936102010049698,-1.6172056036472302,0.001597796655667394,-1.1964984956070077,0.09509365030297723,-0.00046503716002051926,-0.09555868746299775
115.70000000000115,-0.4225798718593181,0.023887157286431593,-1.6177519052786962,0.001597537501659363,-1.195172033419378,0.09363241172190159,-0.0007846242918310227,-0.09441703601373262
115.80000000000115,-0.4244526356784135,0.023838212562813488,-1.6183040857069706,0.001597513830569719,-1.193851450028557,0.09217117314082615,-0.0011093002227280937,-0.09328047336355424
115.90000000000114,-0.4263214031785641,0.023785271520250617,-1.6188482991128768,0.0015975189911459076,-1.1925268959343127,0.09071289828401613,-0.0014252171781763668,-0.0921381154621925
116.00000000000115,-0.4281248734939967,0.023691439759035038,-1.619378495670993,0.0016050006506168613,-1.1912536221769963,0.08929321703750492,-0.0017263238644890928,-0.09101954090199402
116.10000000000116,-0.4299278353413864,0.02359811646586235,-1.6198978049617718,0.0016246804185490182,-1.1899699696203854,0.0878735032250143,-0.002015748765929827,-0.08988925199094414
116.20000000000115,-0.43173079718877583,0.023504793172689692,-1.6204122521611724,0.0016503713881713677,-1.1886814549723965,0.0864537894125239,-0.002299516128327455,-0.08875330554085135
116.30000000000115,-0.4335337590361653,0.023411469879517033,-1.6209267824908116,0.0016727551789599282,-1.1873930234546464,0.08503407560003348,-0.002582570794182856,-0.08761664639421633
116.40000000000116,-0.435336720883555,0.023318146586344346,-1.621439541324302,0.0016895782576352714,-1.1861028204407469,0.08361436178754286,-0.002863057990755018,-0.08647741977829788
116.50000000000117,-0.4371396827309447,0.02322482329317166,-1.6219420662177848,0.0017054977258964543,-1.18480238348684,0.08219464797505224,-0.003132515426764279,-0.08532716340181652
116.60000000000116,-0.43894264457833415,0.023131499999998972,-1.6224305853590701,0.001724802400341452,-1.183487940780736,0.08077493416256183,-0.0033871718069133786,-0.08416210596947521
116.70000000000115,-0.4407456064257236,0.023038176706826313,-1.622912846010173,0.0017463429587513124,-1.1821672395844494,0.07935522035007142,-0.0036347750800134557,-0.08298999543008488
116.80000000000116,-0.4425485682731133,0.022944853413653626,-1.6233985384833574,0.0017649614523598256,-1.180849970210244,0.0779355065375808,-0.0038850166998235258,-0.08182052323740432
116.90000000000117,-0.44434281074299153,0.022842810742970454,-1.6238851463946107,0.001775766096576148,-1.179542335651619,0.07652313851421576,-0.004135381583330223,-0.08065852009754598
117.00000000000117,-0.4460225840573544,0.022714141846278152,-1.6243605562965007,0.0017779201478141937,-1.1783379722391463,0.07520264614197927,-0.004373757849878661,-0.07957640399185793
117.10000000000116,-0.4477023573717173,0.02258547294958585,-1.6248162219184987,0.0017775095015425402,-1.1771138645467814,0.07388215376974278,-0.004591601040614825,-0.0784737548103576
117.20000000000117,-0.44938213068608046,0.022456804052893548,-1.6252526613761078,0.001784549011707104,-1.1758705306900272,0.0725616613975061,-0.004789431368533966,-0.07735109276604006
117.30000000000118,-0.45106190400044355,0.022328135156201218,-1.6256806425315053,0.0018020760584772644,-1.1746187385310618,0.07124116902526942,-0.004978018931217918,-0.07621918795648734
117.40000000000117,-0.4527416773148064,0.022199466259508888,-1.6261145111893613,0.0018249949698357915,-1.1733728338745548,0.06992067665303292,-0.0051716999836747485,-0.07509237663670768
117.50000000000117,-0.45442145062916933,0.022070797362816585,-1.6265610813960047,0.0018481187936194576,-1.1721396307668355,0.06860018428079642,-0.005377300204050608,-0.07397748448484703
117.60000000000117,-0.4561012239435325,0.021942128466124283,-1.627015256177332,0.0018689679520077496,-1.1709140322337994,0.06727969190855974,-0.005589728910148825,-0.07286942081870856
117.70000000000118,-0.45778099725789556,0.021813459569431953,-1.627464969650275,0.0018846645945086449,-1.1696839723923795,0.06595919953632307,-0.005796923344901292,-0.07175612288122436
117.80000000000118,-0.4594607705722585,0.02168479067273965,-1.6278987840225798,0.0018957352102130232,-1.1684380134503214,0.06463870716408657,-0.005987449199987218,-0.07062615636407378
117.90000000000117,-0.4611229934739135,0.021543702309234802,-1.6283163292862928,0.0019072933497937816,-1.1671933358123794,0.06333370450779692,-0.006160939759865224,-0.06949464426766215
118.00000000000118,-0.46265155773094174,0.02136644327309023,-1.628729140655767,0.001925336682529255,-1.166077582924825,0.06214422330548269,-0.006328934056897856,-0.06847315736238055
118.10000000000119,-0.46418012198797,0.02118918423694563,-1.6291487405222362,0.001951742730909034,-1.1649686185342663,0.060954742103168466,-0.006502947900152608,-0.06745769000332108
118.20000000000118,-0.46570868624499795,0.021011925200801113,-1.6295725358263766,0.001977003570314495,-1.1638638495813787,0.05976526090085442,-0.006680397275838036,-0.06644565817669246
118.30000000000118,-0.467237250502026,0.02083466616465654,-1.6299885269941352,0.0019887509247491497,-1.1627512764921093,0.05857577969854036,-0.006849292290296857,-0.06542507198883722
118.40000000000119,-0.4687658147590542,0.020657407128511968,-1.6303896958084052,0.0019850929290353703,-1.1616238810493509,0.05738629849622614,-0.0070026189448204185,-0.06438891744104655
118.5000000000012,-0.47029437901608245,0.020480148092367367,-1.6307786211817437,0.001976705794992095,-1.1604842421656612,0.05619681729391191,-0.007142960618846348,-0.06333977791275826
118.60000000000119,-0.4718229432731105,0.020302889056222823,-1.6311618917318373,0.0019757763603083234,-1.1593389484587269,0.05500733609159786,-0.007276910530352102,-0.06228424662194996
118.70000000000118,-0.47335150753013855,0.02012563002007825,-1.631543283877744,0.0019841711297121645,-1.1581917763476053,0.0538178548892838,-0.007408249622779113,-0.06122610451206291
118.80000000000119,-0.47488007178716674,0.019948370983933678,-1.6319231816994204,0.0019944019047524186,-1.1570431099122538,0.05262837368696957,-0.007537366860136559,-0.060165740547106134
118.9000000000012,-0.4763802390228068,0.019770627577006983,-1.6323019734811783,0.0019981286402109832,-1.1559217344583717,0.05146488292435973,-0.0076646553269962454,-0.05912953825135597
119.0000000000012,-0.4776777293351091,0.01967243515838568,-1.6326824322431084,0.0019931772867580744,-1.1550047029079993,0.05048952191789566,-0.007792893062872476,-0.05828241498076813
119.10000000000119,-0.4789752196474114,0.019574242739764353,-1.6330654652855503,0.0019830552280211133,-1.1540902456381388,0.04951416091143158,-0.007922992378415207,-0.05743715328984678
119.2000000000012,-0.48027270995971383,0.019476050321142996,-1.6334476791621602,0.001971262736102153,-1.1531749692024462,0.04853879990496736,-0.008051565029697557,-0.05659036493466492
119.3000000000012,-0.48157020027201636,0.019377857902521667,-1.6338264991807676,0.0019580062878874482,-1.1522562989087513,0.047563438898503146,-0.008176041566143231,-0.05573948046464638
119.4000000000012,-0.48286769058431867,0.019279665483900366,-1.6342007872732396,0.0019450315616498237,-1.151333096688921,0.046588077892039066,-0.008295289166768721,-0.05488336705880779
119.5000000000012,-0.4841651808966209,0.01918147306527901,-1.6345650560889489,0.0019392915877599615,-1.150399875192328,0.045612716885574986,-0.008403826004450981,-0.05401654289002597
119.6000000000012,-0.48546267120892345,0.019083280646657708,-1.6349102488911726,0.0019479660455444803,-1.1494475776822493,0.044637355879110774,-0.008492600624906067,-0.05312995650401684
119.70000000000121,-0.4867601615212259,0.01898508822803635,-1.6352382921304238,0.0019678952406614325,-1.148478130609198,0.043661994872646555,-0.00856354508837454,-0.0522255399610211
119.8000000000012,-0.4880576518335282,0.01888689580941505,-1.6355667264130573,0.001987499607208898,-1.147509074579529,0.04268663386618248,-0.008634205594165795,-0.05132083946034828
119.9000000000012,-0.4893163403010366,0.01876978006005786,-1.6359092908834674,0.001998968089221176,-1.1465929505824308,0.04174757012496801,-0.008718326889314553,-0.050465897014282564
120.00000000000121,-0.4904061812093037,0.018616849883987485,-1.6362573281189419,0.0020022262691467008,-1.1458511469096382,0.040965684295971055,-0.00880725685580992,-0.04977294115178098
120.10000000000122,-0.49149602211757076,0.01846391970791711,-1.6365947501892264,0.0019974691248106913,-1.1450987280716556,0.040183798466974105,-0.008884901308200655,-0.04906869977517476
120.20000000000121,-0.4925858630258376,0.018310989531846705,-1.6369193865053078,0.001980793726161778,-1.14433352347947,0.039401912637977266,-0.008949108132916017,-0.04835102077089328
120.3000000000012,-0.4936757039341046,0.018158059355776357,-1.6372390975187507,0.0019520247181639139,-1.143563393584646,0.038620026808980426,-0.009007743412240782,-0.04762777022122121
120.40000000000121,-0.4947655448423716,0.018005129179705925,-1.63755851109242,0.0019203188504706148,-1.1427929662500484,0.037838140979983476,-0.00906544089099228,-0.04690358187097576
120.50000000000122,-0.4958553857506387,0.01785219900363555,-1.637878122794989,0.0018976132268989643,-1.1420227370443503,0.03705625515098652,-0.00912270206638539,-0.046178957217371905
120.60000000000122,-0.4969452266589056,0.0176992688275652,-1.6381957417824529,0.0018918822320898032,-1.1412505151235472,0.03627436932198968,-0.009177341815759403,-0.04545171113774908
120.70000000000121,-0.49803506756717253,0.017546338651494797,-1.6385078984603851,0.0019017378139216667,-1.1404728308932126,0.03549248349299283,-0.009225896586451655,-0.04471838007944449
120.80000000000122,-0.4991249084754396,0.01739340847542442,-1.638819441120831,0.0019182370539150284,-1.1396945326453913,0.03471059766399588,-0.009273207068216514,-0.043983804732212396
120.90000000000123,-0.5001915916833787,0.017249222945890708,-1.6391402806243032,0.0019338301291919047,-1.1389486889409244,0.03394937051470353,-0.009329204136327172,-0.0432785746510307
121.00000000000122,-0.5011587760521161,0.01716129709418729,-1.6394662098469401,0.0019417046051470876,-1.138307433794824,0.03327832230856015,-0.009389686612253926,-0.04266800892081407
121.10000000000122,-0.5021259604208534,0.017073371242483926,-1.6397838823373976,0.0019392649155256514,-1.1376579219165441,0.03260727410241677,-0.009441314107382496,-0.042048588209799266
121.20000000000122,-0.503093144789591,0.01698544539078048,-1.6400890863533246,0.0019303432195724168,-1.1369959415637336,0.03193622589627329,-0.009479880813174604,-0.0414161067094479
121.30000000000123,-0.5040603291583285,0.016897519539077088,-1.640387932648125,0.0019205310095596895,-1.1363276034897964,0.03126517769012981,-0.009511503395916748,-0.04077668108604656
121.40000000000123,-0.505027513527066,0.01680959368737367,-1.6406841585295504,0.0019101921643218667,-1.1356566450024843,0.030594129483986432,-0.00953992523929359,-0.04013405472328002
121.50000000000122,-0.5059946978958034,0.01672166783567025,-1.6409783395144624,0.0018972552718069524,-1.134983641618659,0.029923081277843048,-0.009565727737027064,-0.03948880901487011
121.60000000000123,-0.506961882264541,0.01663374198396686,-1.6412753843230536,0.001884650275826627,-1.1343135020585127,0.029252033071699574,-0.009593825585249387,-0.038845858656948964
121.70000000000124,-0.5079290666332785,0.01654581613226347,-1.6415797375406065,0.0018772283989075822,-1.133650670907328,0.028580984865556096,-0.009628669402114983,-0.038209654267671075
121.80000000000123,-0.5088962510020159,0.01645789028056005,-1.6418873194706243,0.0018733925711419408,-1.1329910684686084,0.027909936659412715,-0.009666185380276396,-0.03757612203968911
121.90000000000123,-0.5098327457372219,0.016358645436307523,-1.6421896362693813,0.0018657318933716915,-1.1323568905321593,0.02726730475629241,-0.00969788556474461,-0.03696519032103702
122.00000000000124,-0.5106711609829592,0.016243901203609412,-1.642482122326245,0.0018513371086861241,-1.1318109613432856,0.026715200421710883,-0.00971921041619065,-0.03643441083790153
122.10000000000124,-0.5115095762286965,0.016129156970911274,-1.6427660866379417,0.0018328931015380023,-1.1312565104092451,0.02616309608712936,-0.009731474726250466,-0.03589457081337982
122.20000000000124,-0.5123479914744337,0.016014412738213246,-1.6430439295881958,0.001812850485348183,-1.130695938113762,0.025610991752547916,-0.009737084850001356,-0.035348076602549273
122.30000000000123,-0.5131864067201708,0.015899668505515135,-1.6433184201611568,0.0017923829028352323,-1.130132013440986,0.02505888741796647,-0.009738815613438982,-0.03479770303140545
122.40000000000124,-0.514024821965908,0.015784924272817025,-1.6435937652071637,0.0017751198459976525,-1.1295689432412557,0.02450678308338495,-0.009740879716626837,-0.034247662800011784
122.50000000000125,-0.5148632372116454,0.015670180040118914,-1.6438742217900988,0.0017646229522190193,-1.1290109845784535,0.023954678748803422,-0.009747538225356973,-0.0337022169741604
122.60000000000124,-0.5157016524573825,0.015555435807420803,-1.6441610333998833,0.001759061013947405,-1.1284593809425008,0.02340257441422198,-0.009760033194693409,-0.03316260760891539
122.70000000000124,-0.5165400677031197,0.01544069157472272,-1.6444518687727137,0.0017528137221856088,-1.1279118010695939,0.022850470079640535,-0.009776048625485364,-0.032626518705125895
122.80000000000125,-0.517378482948857,0.015325947342024637,-1.6447431739384522,0.001745242678661052,-1.1273646909895951,0.022298365745059008,-0.009792036273046551,-0.03209040201810556
122.90000000000126,-0.5181753296623361,0.015219664331665606,-1.6450304867822663,0.0017395630948998653,-1.1268551571199301,0.021785700013930986,-0.009803539691462741,-0.03158923970539373
123.00000000000125,-0.5188448620704957,0.015163445236819284,-1.645306349738551,0.0017334532018196125,-1.1264614876680552,0.021394328209907214,-0.009803107105200378,-0.031197435315107592
123.10000000000124,-0.5195143944786553,0.015107226141972907,-1.6455663538615717,0.0017181867608732082,-1.1260519593829164,0.021002956405883434,-0.009786334843744107,-0.03078929124962754
123.20000000000125,-0.520183926886815,0.015051007047126586,-1.6458179380786313,0.0016923180946006866,-1.1256340111918162,0.020611584601859603,-0.009760657663804803,-0.030372242265664408
123.30000000000126,-0.5208534592949747,0.014994787952280209,-1.6460774703812477,0.0016661758241917068,-1.125224011086273,0.02022021279783577,-0.009742459685433682,-0.029962672483269455
123.40000000000126,-0.5215229917031343,0.014938568857433887,-1.6463529454416455,0.001648016637703531,-1.1248299537385111,0.019828840993811995,-0.009739741137323333,-0.029568582131135328
123.50000000000125,-0.522192524111294,0.01488234976258751,-1.6466405235663961,0.0016385846930798698,-1.1244479994551022,0.01943746918978822,-0.009748667885535486,-0.029186137075323706
123.60000000000126,-0.5228620565194537,0.014826130667741189,-1.6469310394566066,0.0016328978468962418,-1.1240689829371528,0.019046097385764384,-0.009760080200667619,-0.028806177586432002
123.70000000000127,-0.5235315889276134,0.014769911572894867,-1.6472172574798298,0.0016248028484374677,-1.1236856685522163,0.018654725581740556,-0.009766747856673839,-0.028421473438414394
123.80000000000126,-0.5242011213357731,0.01471369247804849,-1.6474981156708517,0.0016119050180904981,-1.1232969943350786,0.018263353777716776,-0.00976761438389086,-0.028030968161607633
123.90000000000126,-0.5248227955911888,0.014625102204406881,-1.6477764402208588,0.0015966152967396008,-1.12295364462967,0.0179179760144325,-0.009765511323300625,-0.027683487337733126
124.00000000000126,-0.5253306613226516,0.014471745490980015,-1.6480541617559483,0.0015823156463569135,-1.1227235004332967,0.01768151971982811,-0.009762374758287371,-0.02744389447811548
124.10000000000127,-0.5258385270541146,0.014318388777553148,-1.6483308895884958,0.0015697444631187496,-1.1224923625343812,0.01744506342522372,-0.009757819254218094,-0.027202882679441813
124.20000000000127,-0.5263463927855776,0.014165032064126337,-1.648605277155886,0.0015578045830779708,-1.1222588843703083,0.017208607130619367,-0.009750503579787176,-0.02695911071040654
124.30000000000126,-0.5268542585170405,0.01401167535069947,-1.6488761219168007,0.0015452997449391104,-1.1220218633997603,0.01697215083601501,-0.009739230449114972,-0.02671138128512998
124.40000000000127,-0.5273621242485035,0.013858318637272604,-1.649142792899108,0.0015312570272524306,-1.1217806686506044,0.01673569454141062,-0.009723374051738985,-0.026459068593149605
124.50000000000128,-0.5278699899799664,0.013704961923845682,-1.649406453432706,0.0015151347675551596,-1.1215364634527396,0.016499238246806228,-0.009704102947545465,-0.026203341194351693
124.60000000000127,-0.5283778557114294,0.013551605210418871,-1.6496700078428344,0.0014971086052485427,-1.121292152131405,0.016262781952201877,-0.00968432658057204,-0.02594710853277392
124.70000000000127,-0.5288857214428923,0.013398248496992005,-1.6499364131461238,0.0014805765660771408,-1.1210506917032315,0.01602632565759752,-0.009667007020647017,-0.025693332678244536
124.80000000000128,-0.5293935871743553,0.013244891783565138,-1.650206508297084,0.001468106740793118,-1.1208129211227287,0.015789869362993127,-0.009652988281843286,-0.025442857644836413
124.90000000000128,-0.5299086039977922,0.013111816422633926,-1.6504770105694748,0.0014565230864451717,-1.1205684065716826,0.015544609577956942,-0.009638992718323023,-0.025183602296279965
125.00000000000128,-0.5304327835380538,0.013025274520009844,-1.650747248844096,0.0014450746482912447,-1.1203144653060422,0.015286258342440866,-0.0096243526437148,-0.024910610986155664
125.10000000000127,-0.5309569630783155,0.012938732617385817,-1.6510169568145536,0.0014339912163972013,-1.120059993736238,0.015027907106924792,-0.009608801870415459,-0.02463670897734025
125.20000000000128,-0.5314811426185773,0.01285219071476168,-1.6512862149456957,0.001423317033215521,-1.1198050723271185,0.01476955587140868,-0.009592432217802479,-0.02436198808921116
125.30000000000129,-0.532005322158839,0.012765648812137653,-1.6515548839141765,0.0014129509799841733,-1.1195495617553375,0.014511204635892566,-0.009575109206710782,-0.024086313842603346
125.40000000000128,-0.5325295016991006,0.012679106909513571,-1.6518226691082185,0.0014027235941682648,-1.119293167409118,0.014252853400376492,-0.009556542981326868,-0.02380939638170336
125.50000000000128,-0.5330536812393623,0.012592565006889489,-1.6520896457698262,0.0013925905033657093,-1.119035964530464,0.013994502164860416,-0.00953681349526631,-0.023531315660126728
125.60000000000129,-0.533577860779624,0.012506023104265462,-1.6523560941083875,0.001382240912965682,-1.1187782333287635,0.013736150929344302,-0.009516205699288426,-0.023252356628632728
125.7000000000013,-0.5341020403198857,0.01241948120164138,-1.652622455163182,0.0013718606820813939,-1.1185204148432963,0.013477799693828191,-0.00949515912290199,-0.02297295881673018
125.80000000000129,-0.5346262198601475,0.012332939299017354,-1.6528892188334603,0.0013616748966531755,-1.1182629989733128,0.013219448458312116,-0.00947417348647715,-0.022693621944789265
125.90000000000128,-0.5351522965931932,0.012264034068135865,-1.6531563944084642,0.0013518679648968357,-1.118004097815271,0.012957767269364009,-0.00945326380659166,-0.02241103107595567
126.0000000000013,-0.5356770961923916,0.01223432464929819,-1.6534256651500248,0.0013399772574603785,-1.1177485689576332,0.012694187189994162,-0.009434117791780543,-0.022128304981774705
126.1000000000013,-0.5362018957915899,0.012204615230460514,-1.6536959161860416,0.0013262381382889155,-1.1174940203944517,0.012430607110624313,-0.009415625028057652,-0.021846232138681965
126.2000000000013,-0.5367266953907883,0.012174905811622838,-1.6539646405215214,0.0013125546178477387,-1.117237945130733,0.012167027031254503,-0.009395283031041876,-0.021562310062296378
126.30000000000129,-0.5372514949899867,0.012145196392785162,-1.6542302409228822,0.0013003043208811293,-1.1169787459328955,0.01190344695188469,-0.009371498828723936,-0.021274945780608626
126.4000000000013,-0.5377762945891852,0.012115486973947487,-1.6544930243090747,0.0012900124019635806,-1.1167167297198897,0.011639866872514844,-0.009344583750581777,-0.02098445062309662
126.50000000000131,-0.5383010941883837,0.012085777555109811,-1.654754685842533,0.0012806643861424938,-1.1164535916541494,0.011376286793144993,-0.00931623718444364,-0.020692523977588632
126.6000000000013,-0.538825893787582,0.012056068136272191,-1.6550168384765591,0.0012708964466809913,-1.116190944688977,0.011112706713775183,-0.009288076345179749,-0.02040078305895493
126.7000000000013,-0.5393506933867804,0.01202635871743446,-1.6552792971250367,0.001260836961277989,-1.1159286037382563,0.010849126634405373,-0.009259920365105125,-0.020109046999510497
126.8000000000013,-0.5398754929859788,0.011996649298596784,-1.6555396982365103,0.0012525427047629378,-1.1156642052505314,0.010585546555035524,-0.009229409785437886,-0.019814956340473408
126.90000000000131,-0.5403806209897333,0.011964883514776925,-1.6557966286854202,0.0012473292339736375,-1.115416007695687,0.010340380181252844,-0.009195135654438894,-0.019535515835691738
127.00000000000131,-0.5408458841486838,0.011934355090561066,-1.656052080903105,0.0012437382125003449,-1.1152061967544211,0.010132534380116905,-0.00915909440490589,-0.019291628785022795
127.1000000000013,-0.5413111473076344,0.011903826666345318,-1.6563085073955985,0.0012387040349742806,-1.1149973600879641,0.009924688578980967,-0.009123742562367334,-0.0190484311413483
127.20000000000131,-0.541776410466585,0.011873298242129517,-1.65656700989891,0.0012310703656508437,-1.114790599432325,0.009716842777844997,-0.009090185862050817,-0.018807028639895813
127.30000000000132,-0.5422416736255355,0.011842769817913712,-1.656828184220053,0.0012225476654406098,-1.1145865105945174,0.009508996976709028,-0.00905902401477783,-0.01856802099148686
127.40000000000131,-0.5427069367844859,0.01181224139369791,-1.6570905156359337,0.0012144459938882024,-1.1143835788514478,0.00930115117557309,-0.009028746197112983,-0.018329897372686074
127.50000000000131,-0.5431721999434365,0.011781712969482105,-1.6573503117899662,0.0012067584156598699,-1.1141781118465297,0.009093305374437151,-0.00899566387608067,-0.01808896925051782
127.60000000000132,-0.543637463102387,0.011751184545266302,-1.6576059081403782,0.0012002404487523322,-1.1139684450379912,0.008885459573301183,-0.008958116307739267,-0.01784357588104045
127.70000000000132,-0.5441027262613376,0.011720656121050499,-1.657859493113598,0.0011971930959280286,-1.1137567668522603,0.008677613772165213,-0.00891829155646661,-0.017595905328631825
127.80000000000132,-0.5445679894202882,0.011690127696834751,-1.6581132446091473,0.0011985847971202057,-1.1135452551888592,0.008469767971029274,-0.008878374581549556,-0.01734814255257883
127.90000000000131,-0.5450234798320421,0.0116572245767807,-1.6583666038663512,0.0012009498268940044,-1.113343124034309,0.008270611250505508,-0.008837811180463711,-0.017108422430969217
128.0000000000013,-0.5454607680721861,0.01162184014425205,-1.6586181801302282,0.0011995511388037672,-1.113157412058042,0.00808760528477195,-0.008795214234217644,-0.016882819518989595
128.10000000000133,-0.5458980563123301,0.011586455711723287,-1.6588694476877652,0.001194124069921254,-1.112971391375435,0.007904599319038343,-0.008752061621032267,-0.01665666094007061
128.20000000000132,-0.5463353445524741,0.011551071279194525,-1.6591242154523647,0.0011875869096152902,-1.1127888708998905,0.007721593353304787,-0.008712165807183942,-0.01643375916048873
128.30000000000132,-0.5467726327926181,0.011515686846665873,-1.6593824391638408,0.001182290767361871,-1.1126098063712226,0.007538587387571231,-0.00867548595033529,-0.01621407333790652
128.40000000000134,-0.5472099210327621,0.011480302414137111,-1.6596393595707766,0.001178234999201666,-1.1124294385380145,0.007355581421837624,-0.008637261838038646,-0.01599284325987627
128.50000000000134,-0.547647209272906,0.011444917981608405,-1.6598907714036852,0.0011730884314621326,-1.1122435621307791,0.007172575456104068,-0.008593296132084762,-0.01576587158818883
128.60000000000133,-0.54808449751305,0.011409533549079698,-1.6601358375170947,0.0011645438883242099,-1.1120513400040446,0.006989569490370512,-0.008542755125383945,-0.015532324615754458
128.70000000000132,-0.5485217857531939,0.011374149116550991,-1.6603750896400673,0.0011518193186310643,-1.1118533038868734,0.006806563524636955,-0.008486173876458569,-0.015292737401095524
128.80000000000132,-0.5489590739933379,0.011338764684022229,-1.6606106933023568,0.0011377217448977905,-1.111651619309019,0.0066235575589034,-0.008425721227156064,-0.015049278786059463
128.90000000000134,-0.5493933817018479,0.011308741421280744,-1.6608472473951874,0.0011269934962919725,-1.1114538656933395,0.006442600416593009,-0.0083659992306389,-0.014808599647231909
129.00000000000134,-0.5498210831006414,0.011289048030495186,-1.6610888913143993,0.0011228180134759125,-1.111267808213758,0.0062665985990476925,-0.008311150574073573,-0.014577749173121265
129.10000000000133,-0.550248784499435,0.011269354639709572,-1.6613352179653107,0.0011243834599126146,-1.1110864334658757,0.006090596781502377,-0.008260771253818012,-0.014351368035320389
129.20000000000135,-0.5506764858982287,0.011249661248924014,-1.6615826560146927,0.0011289812442065728,-1.110906170116464,0.005914594963957011,-0.00821129310962474,-0.014125888073581751
129.30000000000135,-0.5511041872970222,0.011229967858138401,-1.6618275181715236,0.0011344116016743788,-1.1107233308745015,0.005738593146411695,-0.008159031905405846,-0.01389762505181754
129.40000000000134,-0.5515318886958158,0.011210274467352843,-1.662067619366003,0.0011385267741449434,-1.110535730670187,0.005562591328866379,-0.008101805601842637,-0.013664396930709016
129.50000000000134,-0.5519595900946093,0.011190581076567285,-1.6623026945241988,0.0011377031573052143,-1.1103431044295895,0.0053865895113210625,-0.008039352146396655,-0.013425941657717717
129.60000000000133,-0.5523872914934029,0.011170887685781727,-1.6625348813884488,0.0011301036636840456,-1.110147589895046,0.005210587693775747,-0.007973812252156855,-0.013184399945932603
129.70000000000135,-0.5528149928921966,0.011151194294996059,-1.6627669344655032,0.0011194466708621675,-1.1099519415733066,0.00503458587623038,-0.0079079433395064,-0.01294252921573678
129.80000000000135,-0.55324269429099,0.0111315009042105,-1.6629996845190171,0.0011115714780716157,-1.109756990228027,0.004858584058685065,-0.007842579067976283,-0.012701163126661348
129.90000000000134,-0.5536608514586785,0.011105362970184107,-1.6632307717865102,0.001108983631326499,-1.1095699203278317,0.004691327756984105,-0.007775362532932505,-0.01246669028991661
130.00000000000136,-0.5540641387640199,0.011070111736986965,-1.663457612841916,0.0011096888410266903,-1.1093934740778961,0.004537613499513741,-0.0077037131184918405,-0.012241326618005581
130.10000000000136,-0.5544674260693614,0.011034860503789878,-1.6636817128915118,0.001110170582491854,-1.1092142868221504,0.004383899242043421,-0.00762913882164112,-0.01201303806368454
130.20000000000135,-0.5548707133747027,0.010999609270592736,-1.663908079230102,0.00110817683845843,-1.1090373658553991,0.0042301849845731,-0.007556649655368237,-0.011786834639941336
130.30000000000135,-0.5552740006800442,0.010964358037395594,-1.6641378680875998,0.0011035806664299042,-1.1088638674075555,0.0040764707271027795,-0.007487404570126197,-0.011563875297228975
130.40000000000134,-0.5556772879853855,0.010929106804198507,-1.6643651993880964,0.0010964641254440632,-1.1086879114027108,0.00392275646963246,-0.007415526186427658,-0.011338282656060118
130.50000000000136,-0.5560805752907271,0.01089385557100142,-1.6645852267103394,0.0010856927753546408,-1.1085046514196124,0.0037690422121620954,-0.007336169110118307,-0.011105211322280402
130.60000000000136,-0.5564838625960684,0.010858604337804223,-1.6647989601002577,0.0010712232914082964,-1.1083150975041893,0.0036153279546917755,-0.00725034618896483,-0.010865674143656606
130.70000000000135,-0.5568871499014099,0.010823353104607136,-1.6650111483336014,0.0010556682818188001,-1.1081239984321916,0.0034616136972214547,-0.007162810260936042,-0.010624423958157497
130.80000000000138,-0.5572904372067513,0.01078810187141005,-1.6652261115053486,0.0010434608261857825,-1.1079356742985973,0.0033078994397510906,-0.007077883950570734,-0.010385783390321824
130.90000000000137,-0.5576730982234788,0.010738847722471079,-1.6654458867806854,0.0010389376079222856,-1.1077727885572066,0.0031741277137937013,-0.0069976069188408905,-0.010171734632634592
131.00000000000136,-0.5580259611565521,0.010671570374983286,-1.6656683185533576,0.0010426296740583263,-1.1076423573968055,0.003069087637399376,-0.006919826010406042,-0.009988913647805419
131.10000000000136,-0.5583788240896255,0.010604293027495548,-1.665888648192675,0.0010491578567599635,-1.1075098241030494,0.002964047561005051,-0.0068397850200202,-0.00980383258102525
131.20000000000135,-0.5587316870226988,0.010537015680007755,-1.6661058546414766,0.0010522408971417319,-1.1073741676187778,0.002859007484610726,-0.006756465317190792,-0.009615472801801517
131.30000000000138,-0.5590845499557723,0.010469738332519962,-1.6663216318087486,0.0010495123284421926,-1.1072370818529764,0.002753967408216371,-0.006671560793859723,-0.009425528202076094
131.40000000000137,-0.5594374128888455,0.010402460985032225,-1.6665360807584173,0.0010422016906781462,-1.1070986678695718,0.0026489273318220457,-0.0065851769606347435,-0.00923410429245679
131.50000000000136,-0.5597902758219189,0.010335183637544432,-1.6667454793384846,0.0010306913085785796,-1.1069552035165657,0.0025438872554277205,-0.0064935942920693445,-0.009037481547497065
131.6000000000014,-0.5601431387549924,0.010267906290056639,-1.6669478592797313,0.0010154987252920522,-1.1068047205247389,0.0024388471790333655,-0.006394846825996893,-0.008833694005030259
131.70000000000138,-0.5604960016880657,0.010200628942568901,-1.667146318269772,0.0010000557551427258,-1.1066503165817063,0.0023338071026390403,-0.006292034425896838,-0.008625841528535879
131.80000000000138,-0.560848864621139,0.010133351595081108,-1.6673465338694577,0.0009895329153125632,-1.1064976692483186,0.002228767026244715,-0.00619083689847061,-0.008419603924715326
131.90000000000137,-0.5611902072072117,0.01006270170170065,-1.6675497928995773,0.0009841111314949913,-1.1063595856923656,0.0021346632114258436,-0.006092543216046517,-0.00822720642747236
132.00000000000136,-0.5615150320320366,0.009988827827826785,-1.667755316778539,0.0009807929298275564,-1.1062402847465025,0.0020562209719451182,-0.005996376947083515,-0.008052597919028633
132.1000000000014,-0.5618398568568614,0.00991495395395292,-1.667963938299454,0.000978291262800468,-1.1061240814425926,0.0019777787324643708,-0.0059031730047992914,-0.007880951737263662
132.20000000000138,-0.5621646816816861,0.009841080080079057,-1.6681755700360017,0.0009767269093442499,-1.1060108883543156,0.0018993364929836454,-0.0058128460264253385,-0.007712182519408984
132.30000000000138,-0.562489506506511,0.009767206206205192,-1.6683870196754356,0.0009749656785140726,-1.1058975131689246,0.00182089425350292,-0.005722205772458203,-0.007543100025961123
132.4000000000014,-0.5628143313313358,0.009693332332331328,-1.6685956877612187,0.0009713390308321301,-1.1057813564298828,0.0017424520140221721,-0.005628654811007747,-0.00737110682502992
132.5000000000014,-0.5631391561561607,0.009619458458457464,-1.6688017900202126,0.0009652323128442886,-1.1056626338640518,0.0016640097745414468,-0.005532410858661608,-0.0071964206332030545
132.6000000000014,-0.5634639809809856,0.0095455845845836,-1.669005865683343,0.000956785325483156,-1.1055418847023575,0.0015855675350607214,-0.00543401509293096,-0.007019582627991681
132.70000000000138,-0.5637888058058103,0.00947171071070968,-1.6692076395223614,0.0009461301863354921,-1.1054188337165511,0.001507125295579996,-0.005333194161880658,-0.006840319457460654
132.80000000000138,-0.5641136306306351,0.009397836836835816,-1.6694086367818293,0.0009350267809495882,-1.1052950061511941,0.0014286830560992707,-0.005231475551549548,-0.0066601586076488195
132.9000000000014,-0.5644348998999044,0.009332275275274582,-1.669611588745905,0.0009258154206877034,-1.1051766888460008,0.0013533040719772638,-0.005131592251553808,-0.006484896323531072
133.0000000000014,-0.5647499149149193,0.009279022022021355,-1.669815270057986,0.0009187584575724994,-1.1050653551430667,0.001283486806262284,-0.005032320742192601,-0.0063158075484548845
133.1000000000014,-0.5650649299299344,0.009225768768768072,-1.6700169843304267,0.0009128962457480849,-1.1049520544004923,0.001213669540547304,-0.004930966479564232,-0.006144636020111536
133.2000000000014,-0.5653799449449494,0.00917251551551479,-1.6702176906565633,0.0009077006955826583,-1.104837745711614,0.0011438522748323044,-0.004828490360998742,-0.005972342635831046
133.3000000000014,-0.5656949599599643,0.009119262262261507,-1.6704201249029416,0.0009009682928855511,-1.1047251649429772,0.0010740350091173246,-0.00472763003289787,-0.005801665042015194
133.4000000000014,-0.5660099749749794,0.00906600900900828,-1.6706253826772817,0.0008918793763775801,-1.1046154077023023,0.0010042177434023444,-0.004629482849963047,-0.005633700593365392
133.5000000000014,-0.5663249899899944,0.009012755755754998,-1.6708313246785926,0.0008823153000014905,-1.1045063346885984,0.0009344004776873645,-0.0045319093835452014,-0.005466309861232566
133.6000000000014,-0.5666400050050093,0.008959502502501826,-1.6710357075857478,0.0008741296298717671,-1.1043957025807385,0.0008645832119723848,-0.004432669719521217,-0.0052972529314936016
133.7000000000014,-0.5669550200200244,0.008906249249248543,-1.6712382965775414,0.0008670421095212655,-1.104283276557517,0.000794765946257385,-0.004331530945934758,-0.005126296892192143
133.8000000000014,-0.5672700350350395,0.008852995995995261,-1.67143930654156,0.0008609987683829701,-1.1041692715065206,0.0007249486805424052,-0.004228709588902304,-0.004953658269444709
133.9000000000014,-0.5675789456841652,0.0088024687302527,-1.671637613848909,0.0008570253751468693,-1.1040586681647437,0.0006608213718940927,-0.004123083652960809,-0.004783905024854902
134.00000000000142,-0.5678791690036772,0.008756499664995032,-1.6718331337638062,0.0008550861730350912,-1.1039539647601289,0.0006048218123375711,-0.0040145699997071235,-0.004619391812044694
134.10000000000142,-0.568179392323189,0.00871053059973742,-1.6720292763000522,0.000852143147013873,-1.1038498839768631,0.0005488222527810654,-0.003906580240489744,-0.004455402493270809
134.2000000000014,-0.568479615642701,0.008664561534479753,-1.6722296667856322,0.0008451079517791671,-1.1037500511429312,0.0004928226932245598,-0.0038027397922120814,-0.004295562485436642
134.3000000000014,-0.568779838962213,0.008618592469222086,-1.6724344477312476,0.0008347941062720743,-1.1036546087690347,0.0004368231336680542,-0.0037031938027278443,-0.004140016936395898
134.4000000000014,-0.5690800622817247,0.008572623403964419,-1.6726412064153289,0.0008239526449107526,-1.1035611441336042,0.00038082357411154863,-0.0036055314967992254,-0.003986355070910774
134.50000000000142,-0.5693802856012367,0.008526654338706807,-1.6728485947573257,0.0008131214538684706,-1.103468309156089,0.00032482401455502714,-0.0035084062706222307,-0.0038332302851772576
134.60000000000142,-0.5696805089207486,0.00848068527344914,-1.6730569138519553,0.0008005958497958598,-1.1033764049312067,0.00026882445499852147,-0.0034121206736097845,-0.003680945128608306
134.7000000000014,-0.5699807322402605,0.008434716208191473,-1.673266096135956,0.0007874155883677014,-1.1032853638956954,0.0002128248954420158,-0.0033166086105509444,-0.0035294335059929604
134.80000000000143,-0.5702809555597723,0.008388747142933861,-1.673473076459258,0.00077678080078869,-1.1031921208994857,0.0001568253358854943,-0.00321880633697801,-0.003375631672863504
134.90000000000143,-0.5705705525525564,0.008339360360359593,-1.6736769423041604,0.0007712573703507752,-1.103106389751604,0.00011109950865857894,-0.0031178027464239316,-0.0032289022550825103
135.00000000000142,-0.5708469289289329,0.008286707707706953,-1.673880585094304,0.0007683571305610037,-1.103033656165371,7.814618869696015e-05,-0.0030164906437761736,-0.003094636832473134
135.10000000000142,-0.5711233053053091,0.008234055055054312,-1.6740869064383677,0.0007624919119764151,-1.1029636011330586,4.5192868735341365e-05,-0.0029177729920610365,-0.002962965860796378
135.2000000000014,-0.5713996816816855,0.008181402402401616,-1.6742961205611575,0.0007518210459395158,-1.102896438879472,1.223954877372258e-05,-0.0028218653640629675,-0.00283410491283669
135.30000000000143,-0.571676058058062,0.008128749749748976,-1.6745067103839875,0.000739793543515832,-1.1028306523259255,-2.071377118790553e-05,-0.002727252002858384,-0.0027065382316704785
135.40000000000143,-0.5719524344344383,0.008076097097096335,-1.6747166644561777,0.0007289796836585927,-1.1027642300217395,-5.3667091149524316e-05,-0.00263192274618735,-0.0025782556550378254
135.50000000000142,-0.5722288108108147,0.008023444444443695,-1.6749261969816045,0.0007190933226106644,-1.1026973861707898,-8.66204111111431e-05,-0.0025360930967889012,-0.002449472685677758
135.60000000000144,-0.5725051871871911,0.007970791791790999,-1.6751369375828666,0.0007088141296919259,-1.1026317503956755,-0.00011957373107277121,-0.002441393920735604,-0.002321820189662833
135.70000000000144,-0.5727815635635676,0.007918139139138358,-1.6753500607836442,0.000696926527785191,-1.1025684972200767,-0.00015252705103439,-0.0023490010021578315,-0.0021964739511234413
135.80000000000143,-0.5730579399399438,0.007865486486485718,-1.6755662471014159,0.000683032856483301,-1.102508307161472,-0.00018548037099600878,-0.0022595960754829875,-0.002074115704486979
135.90000000000143,-0.5733344649649689,0.007814661161160474,-1.6757854330019297,0.000667529309120396,-1.102450968036961,-0.00021887879079191783,-0.0021731168124741263,-0.0019542380216822086
136.00000000000142,-0.5736109914914954,0.0077660625625618485,-1.6760060986027434,0.0006516724917388084,-1.1023951071112479,-0.0002526405643844262,-0.0020880445151970576,-0.0018354039508126315
136.10000000000144,-0.573887518018022,0.0077174639639632225,-1.6762248396197061,0.0006381661664384142,-1.1023373216016843,-0.0002864023379769441,-0.002000976074226579,-0.001714573736249635
136.20000000000144,-0.5741640445445485,0.007668865365364597,-1.676438416005122,0.0006298211936474063,-1.1022743714605734,-0.00032016411156945247,-0.001908672597586435,-0.0015885084860169825
136.30000000000143,-0.574440571071075,0.007620266766766082,-1.6766478882705922,0.0006261635846694924,-1.1022073171995173,-0.0003539258851619608,-0.0018121951986670736,-0.0014582693135051128
136.40000000000146,-0.5747170975976016,0.007571668168167456,-1.6768590372841232,0.0006219083313372398,-1.1021419396865215,-0.00038768765875447887,-0.0017173257317334755,-0.0013296380729789967
136.50000000000145,-0.5749936241241281,0.00752306956956883,-1.6770767736639063,0.0006124092896451216,-1.1020831495397783,-0.00042144943234698705,-0.001628976623402578,-0.001207527191055591
136.60000000000144,-0.5752701506506546,0.0074744709709702595,-1.677300356885718,0.0005978403175023184,-1.1020302062350635,-0.00045521120593949545,-0.001546408427715698,-0.0010911972217762024
136.70000000000144,-0.5755466771771811,0.0074258723723716336,-1.6775252663878617,0.000582144460608558,-1.1019785892106806,-0.0004889729795320037,-0.0014651016452653974,-0.0009761286657333937
136.80000000000143,-0.5758232037037077,0.007377273773773063,-1.6777488369636169,0.0005675675810831171,-1.1019256332599092,-0.0005227347531245121,-0.001382392119711032,-0.0008596573665865198
136.90000000000146,-0.5761102442933959,0.007343146096998543,-1.6779728544420909,0.000552149056307738,-1.101862610148695,-0.0005672595637989787,-0.001300066722438942,-0.0007328071586399632
137.00000000000145,-0.5764083004156504,0.007325069954723984,-1.6782004286513512,0.0005332302795043597,-1.1017921282357008,-0.000623091820342012,-0.0012212362877727374,-0.0005981444674307254
137.10000000000144,-0.5767063565379049,0.007306993812449425,-1.6784317632768255,0.0005103912203585637,-1.1017254067389206,-0.0006789240768850452,-0.0011461048789792561,-0.0004671808020942109
137.20000000000147,-0.5770044126601596,0.007288917670174921,-1.6786633820972812,0.0004851620723826944,-1.1016589694371217,-0.0007347563334280943,-0.0010711974987670937,-0.00033644116533899937
137.30000000000146,-0.577302468782414,0.007270841527900418,-1.6788961572223364,0.00046307053057159653,-1.1015936884399224,-0.0007905885899711276,-0.0009973876657708165,-0.00020679907579968892
137.40000000000146,-0.5776005249046685,0.007252765385625803,-1.679128273347125,0.0004441795486340716,-1.1015277484424566,-0.0008464208465141607,-0.0009228610207062755,-7.644017419211483e-05
137.50000000000145,-0.577898581026923,0.0072346892433513,-1.6793592499956267,0.00042785262204259045,-1.1014606689687036,-0.000902253103057194,-0.0008471380372928838,5.5115065764310125e-05
137.60000000000144,-0.5781966371491776,0.007216613101076741,-1.6795891607979532,0.0004121342935755612,-1.1013925236487756,-0.0009580853596002273,-0.0007702932610439332,0.0001877920985562941
137.70000000000147,-0.5784946932714321,0.007198536958802237,-1.6798187702704217,0.0003951271560546088,-1.1013240769989896,-0.0010139176161432766,-0.0006930921308458037,0.00032082548529747295
137.80000000000146,-0.5787927493936866,0.007180460816527678,-1.6800496694042593,0.00037691298448860877,-1.1012569200105726,-0.0010697498726863098,-0.0006171265256668618,0.000452623347019448
137.90000000000146,-0.5790940700700744,0.007169616616616581,-1.6802837959396224,0.0003597726297642767,-1.101189725869548,-0.0011290579024766916,-0.0005443350821106054,0.0005847228203660862
138.00000000000148,-0.579398524524529,0.007166563563563488,-1.6805214123563144,0.0003449415883010065,-1.1011228878317854,-0.0011917329650198757,-0.00047498113762878605,0.0007167518273910896
138.10000000000147,-0.5797029789789835,0.007163510510510451,-1.6807600262055589,0.00033022270238014517,-1.1010570472265755,-0.0012544080275630417,-0.00040657311142393,0.0008478349161391117
138.20000000000147,-0.5800074334334379,0.007160457457457414,-1.6809971401373252,0.0003135018236153364,-1.1009897067038872,-0.0013170830901062076,-0.00033661448747640934,0.0009804686026297982
138.30000000000146,-0.5803118878878923,0.007157404404404377,-1.6812330885275366,0.0002968598312681481,-1.1009212006396443,-0.0013797581526493736,-0.00026544047851477395,0.0011143176741345998
138.40000000000146,-0.5806163423423467,0.007154351351351285,-1.6814697945831258,0.00028423378998609916,-1.1008534522407791,-0.0014424332151925397,-0.00019497510402864018,0.0012474581111638996
138.50000000000148,-0.5809207967968013,0.007151298298298248,-1.681707539979532,0.00027534300840825754,-1.1007867431827307,-0.0015051082777357235,-0.00012550084655395174,0.0013796074311817719
138.60000000000147,-0.5812252512512557,0.0071482452452452105,-1.681944010404599,0.00026514643789898873,-1.1007187591533434,-0.0015677833402788896,-5.470418355664919e-05,0.0015130791567222403
138.70000000000147,-0.5815297057057102,0.007145192192192118,-1.6821782706667476,0.00025022851584310946,-1.1006485649610376,-0.0016304584028220559,1.834929454997327e-05,0.0016488076973720292
138.8000000000015,-0.5818341601601646,0.007142139139139081,-1.6824137379168236,0.00023236749040989046,-1.100579577756659,-0.0016931334653652395,9.024166772542171e-05,0.0017833751330906611
138.90000000000148,-0.5821358788096758,0.00714698291377569,-1.682654396768608,0.00021464371214074962,-1.1005185179589323,-0.001753249923658002,0.00015698757305935673,0.0019102374967173586
139.00000000000148,-0.582434182975565,0.007160402194780147,-1.68289725143892,0.0002002401417963151,-1.100463068463355,-0.0018101399195316102,0.00022158204739326323,0.0020317219669248733
139.10000000000147,-0.5827324871414544,0.007173821475784603,-1.6831401975035063,0.0001866550779009435,-1.100407710362052,-0.0018670299154052183,0.00028612878231683823,0.0021531586977220564
139.20000000000147,-0.5830307913073438,0.0071872407567890595,-1.683381971423406,0.00017187124421835787,-1.1003511801160621,-0.0019239199112788263,0.0003518905999879417,0.002275810511266768
139.3000000000015,-0.5833290954732332,0.007200660037793516,-1.68362266020487,0.00015612121614549945,-1.1002935647316368,-0.0019808099071524504,0.00041877977944155127,0.002399589686594002
139.40000000000148,-0.5836273996391226,0.007214079318797972,-1.6838640904542235,0.000140670269272003,-1.100236690815101,-0.0020376999030260585,0.00048496912703276476,0.0025226690300588234
139.50000000000148,-0.5839257038050119,0.007227498599802373,-1.6841080600757867,0.00012713261543362275,-1.1001823562707749,-0.002094589898899667,0.0005486604767050048,0.0026432503756046717
139.6000000000015,-0.5842240079709012,0.00724091788080683,-1.6843550663125955,0.00011624003069066191,-1.1001310583416943,-0.002151479894773291,0.0006093553523667946,0.002760835247140086
139.7000000000015,-0.5845223121367906,0.007254337161811286,-1.6846044637164066,0.00010761721092977794,-1.100082151579616,-0.002208369890646899,0.0006676985385565571,0.002876068429203456
139.8000000000015,-0.5848206163026799,0.007267756442815743,-1.6848546411006735,0.00010036863733009493,-1.1000340247979936,-0.002265259886520507,0.0007253005645786845,0.0029905604510991916
139.90000000000148,-0.585117069569574,0.007281198698698865,-1.6851046005605745,9.347304477447249e-05,-1.0999875309910006,-0.002320449086133167,0.0007831587061395454,0.0031036077922727123
140.00000000000148,-0.5854116641641685,0.007294812312312493,-1.6853535353078013,8.590236146555075e-05,-1.0999418711436328,-0.0023739295806967575,0.0008420791042214272,0.003216008684918185
140.1000000000015,-0.5857062587587631,0.007308425925926121,-1.685601073863947,7.697707112030994e-05,-1.099894815105184,-0.002427410075260363,0.0009024326151777114,0.0033298426904380743
140.2000000000015,-0.5860008533533578,0.007322039539539749,-1.6858472962756628,6.644824943236038e-05,-1.099846442922305,-0.0024808905698239536,0.0009641385871974033,0.003445029157021357
140.3000000000015,-0.5862954479479523,0.007335653153153376,-1.686093352408321,5.4841349599543676e-05,-1.0997979044603687,-0.002534371064387544,0.0010260466320411174,0.0035604176964286614
140.4000000000015,-0.586590042542547,0.007349266766766949,-1.6863413554612086,4.383290724851996e-05,-1.0997513129186616,-0.0025878515589511496,0.0010860433185333875,0.003673894877484537
140.5000000000015,-0.5868846371371416,0.0073628803803805765,-1.68659178629853,3.4208579947625495e-05,-1.0997071491613886,-0.00264133205351474,0.0011436467330757157,0.0037849787865904556
140.6000000000015,-0.5871792317317361,0.007376493993994204,-1.6868430631704987,2.4790205363833806e-05,-1.0996638314387626,-0.0026948125480783305,0.0012004380466558193,0.00389525059473415
140.7000000000015,-0.5874738263263308,0.0073901076076077765,-1.6870937999872715,1.4504968663286988e-05,-1.0996199736609407,-0.002748293042641921,0.0012578027929703855,0.004006095835612306
140.8000000000015,-0.5877684209209253,0.007403721221221349,-1.6873438317011966,3.2962251423906963e-06,-1.0995754107802713,-0.002801773537205511,0.0013159054590061773,0.004117678996211688
140.9000000000015,-0.5880477012012052,0.007402461961961704,-1.6875939001218287,8.182187132721452e-06,-1.0995461989206237,-0.0028400655282204185,0.0013740036799026107,0.004214069208123029
141.0000000000015,-0.5883133668668709,0.007388047547547294,-1.6878442234702784,1.9895502331168657e-05,-1.0995308566034074,-0.002864863680979332,0.0014318787046632459,0.004296742385642578
141.1000000000015,-0.5885790325325365,0.007373633133132884,-1.68809521784536,3.1738101468059554e-05,-1.0995161853128237,-0.002889661833738245,0.0014891138937738271,0.004378775727512072
141.20000000000152,-0.5888446981982023,0.007359218718718474,-1.6883482420151044,4.266387543105932e-05,-1.099503543816902,-0.0029144599864971655,0.00154434997026911,0.004458809956766276
141.30000000000152,-0.589110363863868,0.0073448043043040645,-1.688604409783094,5.186947652668916e-05,-1.099494045919226,-0.002939258139256079,0.0015964726107637831,0.004535730750019862
141.4000000000015,-0.5893760295295335,0.007330389889889655,-1.6888631246292585,6.009579353505323e-05,-1.0994870950997249,-0.002964056292014992,0.0016460778338708982,0.00461013412588589
141.5000000000015,-0.5896416951951992,0.007315975475475245,-1.6891227503498365,6.884086950376123e-05,-1.0994810551546372,-0.0029888544447739056,0.0016948013438946759,0.004683655788668582
141.6000000000015,-0.5899073608608648,0.007301561061060835,-1.689382042443408,7.917396640866325e-05,-1.0994746815825431,-0.003013652597532819,0.0017438871553191134,0.004757539752851933
141.70000000000152,-0.5901730265265306,0.007287146646646425,-1.689641044613123,9.052684754473628e-05,-1.0994680180865923,-0.003038450750291739,0.001793291083860787,0.004831741834152526
141.80000000000152,-0.5904386921921962,0.007272732232232015,-1.6899012054917186,0.00010082487355544956,-1.0994625132995224,-0.0030632489030506527,0.0018415640256945198,0.0049048129287451725
141.9000000000015,-0.5906964899899938,0.007249699199198711,-1.6901640681007977,0.00010854938791193813,-1.0994675781108039,-0.003080284560361943,0.0018871624950761027,0.0049674470554380455
142.00000000000153,-0.590947641141145,0.007219268768768272,-1.6904290958687094,0.00011432509655640022,-1.0994814547275644,-0.003090770765795544,0.0019306226029697688,0.005021393368765312
142.10000000000153,-0.5911987922922961,0.0071888383383378884,-1.6906947765103595,0.00011986192461921341,-1.0994959842180634,-0.0031012569712291415,0.0019734561838367043,0.005074713155065845
142.20000000000152,-0.5914499434434473,0.007158407907907449,-1.690960682803559,0.000125655794723456,-1.0995107393601118,-0.0031117431766627393,0.002016090018328116,0.005127833194990855
142.30000000000152,-0.5917010945945984,0.0071279774774770654,-1.6912270553032145,0.00013141868798249856,-1.099525960708616,-0.003122229382096336,0.002058283117741708,0.005180512499838044
142.4000000000015,-0.5919522457457496,0.007097547047046571,-1.691493079037798,0.00013788107591139465,-1.0995408332920484,-0.003132715587529934,0.00210085002410334,0.005233565611633274
142.50000000000153,-0.5922033968969007,0.0070671166166161314,-1.6917574287454276,0.00014633485986415007,-1.0995540318485268,-0.0031432017929635347,0.0021451155763885436,0.005288317369352078
142.60000000000153,-0.5924545480480519,0.007036686186185748,-1.6920202316977626,0.0001564914566433151,-1.0995656836497107,-0.0031536879983971324,0.0021909520890943768,0.005344640087491509
142.70000000000152,-0.592705699199203,0.0070062557557553085,-1.6922832592152317,0.00016633451361469653,-1.0995775600160287,-0.00316417420383073,0.0022365878334025075,0.005400762037233237
142.80000000000155,-0.5929568503503542,0.006975825325324869,-1.6925488786202927,0.0001736860843999377,-1.0995920282699385,-0.0031746604092643305,0.0022796550863347,0.00545431549559903
142.90000000000154,-0.5931947062062097,0.006935622122121399,-1.6928182026031997,0.00017755182149348236,-1.09962349639699,-0.003171939537186257,0.0023190408739721365,0.005490980411158393
143.00000000000153,-0.5934214329329364,0.006887674174173464,-1.6930900385148564,0.00017896557120955503,-1.09966860558192,-0.003158167715971401,0.0023559375448375156,0.005514105260808916
143.10000000000153,-0.5936481596596631,0.006839726226225529,-1.6933622309539598,0.00018049087866112146,-1.0997140712942968,-0.0031443958947565452,0.002392499903380904,0.005536895798137449
143.20000000000152,-0.5938748863863899,0.006791778278277538,-1.6936336602288784,0.00018327037120358103,-1.0997587738424885,-0.003130624073541689,0.0024298472705301345,0.005560471344071824
143.30000000000155,-0.5941016131131166,0.006743830330329548,-1.6939045387611786,0.0001871664882103774,-1.0998029256480621,-0.003116852252326829,0.0024677668531521667,0.005584619105478996
143.40000000000154,-0.5943283398398433,0.006695882382381668,-1.6941744101344156,0.00019109054893307054,-1.0998460702945723,-0.0031030804311119728,0.00250671470559803,0.005609795136710003
143.50000000000153,-0.59455506656657,0.006647934434433733,-1.6944451431310024,0.00019492851410962686,-1.0998900765644324,-0.003089308609897117,0.002544821688520371,0.005634130298417488
143.60000000000156,-0.5947817932932968,0.006599986486485743,-1.6947176465787255,0.000199076236360618,-1.0999358532854286,-0.003075536788682257,0.002581178623210908,0.005656715411893165
143.70000000000155,-0.5950085200200235,0.006552038538537752,-1.6949917495016529,0.0002033070472577947,-1.0999832294816294,-0.0030617649674674007,0.0026159561380709124,0.005677721105538313
143.80000000000155,-0.5952352467467502,0.006504090590589873,-1.6952670461853432,0.0002072440969460576,-1.100031799438593,-0.003047993146252545,0.0026495596086635225,0.005697552754916067
143.90000000000154,-0.5954548102140249,0.006448002598790192,-1.695542877189189,0.00021130129228541517,-1.100088066975164,-0.0030271318769642193,0.0026826481456298876,0.0057097800225941065
144.00000000000153,-0.5956688124928569,0.0063854517714097,-1.695819259658042,0.00021605192843920928,-1.100150447165185,-0.0030007722592628465,0.002715204519663641,0.005715976778926487
144.10000000000156,-0.5958828147716888,0.006322900944029208,-1.6960963511225589,0.00022224051849406568,-1.10021353635087,-0.0029744126415614663,0.0027470706199479314,0.005721483261509398
144.20000000000155,-0.5960968170505208,0.006260350116648716,-1.6963741422264582,0.00022939830217361123,-1.1002773251759375,-0.0029480530238600935,0.002778255481576515,0.005726308505436609
144.30000000000155,-0.5963108193293527,0.006197799289268224,-1.6966521290271477,0.00023641194907986218,-1.100341309697795,-0.0029216934061587208,0.002809262734005445,0.005730956140164166
144.40000000000157,-0.5965248216081847,0.006135248461887732,-1.6969300337993851,0.00024273319720313768,-1.1004052121912005,-0.00289533378845734,0.0028403697978302174,0.0057357035862875575
144.50000000000156,-0.5967388238870166,0.00607269763450724,-1.6972085854725871,0.00024896415883046696,-1.1004697615855705,-0.0028689741707559674,0.0028708474384176513,0.005739821609173619
144.60000000000156,-0.5969528261658485,0.006010146807126804,-1.697488297969047,0.0002553325778088533,-1.1005354718031986,-0.002842614553054594,0.0029001814391885813,0.005742795992243175
144.70000000000155,-0.5971668284446805,0.005947595979746312,-1.6977686229813183,0.00026121481857943607,-1.1006017945366378,-0.0028162549353532213,0.0029289198174276146,0.005745174752780836
144.80000000000155,-0.5973808307235124,0.00588504515236582,-1.6980485190163166,0.0002669495900083918,-1.1006676882928041,-0.0027898953176518485,0.002958103795333215,0.005747999112985064
144.90000000000157,-0.5975804950675705,0.005808359932431062,-1.6983288274226467,0.0002729481851544424,-1.1007483323550762,-0.002749260086418053,0.0029868917024317683,0.0057361517888498215
145.00000000000156,-0.5977693331556586,0.005721021844342977,-1.6986100785008755,0.0002797145208158769,-1.100840745345217,-0.002697848549599433,0.003014752972227714,0.005712601521827147
145.10000000000156,-0.5979581712437467,0.0056336837562548925,-1.6988922720580497,0.0002869395740271452,-1.100934100814303,-0.0026464370127808117,0.003041687526109147,0.005688124538889959
145.20000000000158,-0.5981470093318348,0.005546345668166808,-1.699175474720323,0.0002942110893625616,-1.101028465388488,-0.002595025475962177,0.0030676284679461655,0.005662653943908342
145.30000000000157,-0.598335847419923,0.005459007580078723,-1.6994596318946442,0.00030128433312170966,-1.1011237844747213,-0.0025436139391435564,0.0030926301270074834,0.00563624406615104
145.40000000000157,-0.598524685508011,0.005371669491990638,-1.6997445692870965,0.0003079761995377073,-1.1012198837790854,-0.002492202402324936,0.0031168665347121568,0.005609068937037093
145.50000000000156,-0.598713523596099,0.0052843314039025535,-1.7000299709684263,0.0003141065470132487,-1.1013164473723274,-0.002440790865506316,0.0031406533699653216,0.0055814442354716375
145.60000000000156,-0.5989023616841871,0.005196993315814524,-1.7003155738187083,0.0003194552487469915,-1.1014132121345213,-0.002389379328687695,0.0031642534963842823,0.005553632825071977
145.70000000000158,-0.5990911997722752,0.005109655227726384,-1.700601338767822,0.0003241867535337395,-1.1015101389955468,-0.0023379677918690606,0.003187705739049895,0.0055256735309189555
145.80000000000157,-0.5992800378603633,0.005022317139638299,-1.7008873862945535,0.0003287779943438318,-1.1016073484341902,-0.00228655625505044,0.00321088937540386,0.0054974456304543
145.90000000000157,-0.5994688263263293,0.004935314814813518,-1.7011739107721702,0.00033350748042249023,-1.101705084445841,-0.002235146754049055,0.0032336097955650432,0.005468756549614098
146.0000000000016,-0.5996575650650681,0.004848578078076704,-1.7014608994135256,0.0003381426659185838,-1.1018033343484577,-0.002183728106326266,0.003255879546015329,0.005439607652341595
146.1000000000016,-0.5998463038038069,0.004761841341340001,-1.701748435169221,0.0003426112084257138,-1.101902131365414,-0.002132309458603492,0.003277615452415957,0.005409924911019449
146.20000000000158,-0.6000350425425456,0.004675104604603242,-1.7020364916626363,0.00034677256445836413,-1.1020014491200907,-0.002080890810880718,0.00329884365838468,0.005379734469265398
146.30000000000157,-0.6002237812812843,0.0045883678678665385,-1.702325293756339,0.0003505860237409397,-1.1021015124750546,-0.0020294721631579442,0.0033193390803425045,0.005348811243500449
146.40000000000157,-0.600412520020023,0.00450163113112978,-1.7026148953854132,0.0003540951424163552,-1.1022023753653902,-0.0019780535154351703,0.0033390475620642063,0.005317101077499376
146.5000000000016,-0.6006012587587618,0.004414894394393021,-1.7029053170926383,0.00035745703479928004,-1.1023040583338766,-0.0019266348677123815,0.00335794834950018,0.005284583217212561
146.6000000000016,-0.6007899974975005,0.004328157657656262,-1.7031961766880235,0.0003608719105420155,-1.102406179190523,-0.0018752162199896073,0.00337642358828248,0.005251639808272087
146.70000000000158,-0.6009787362362393,0.004241420920919559,-1.7034873400236727,0.0003645714938398381,-1.1025086037874334,-0.0018237975722668334,0.0033946070393260823,0.0052184046115929155
146.8000000000016,-0.601167474974978,0.0041546841841828,-1.7037786520871774,0.00036847932811134854,-1.1026111771121994,-0.0017723789245440444,0.0034126535093892273,0.005185032433933272
146.9000000000016,-0.6013579384384415,0.0040703448448434765,-1.7040704916874543,0.0003722772254941553,-1.1027125532490127,-0.0017227281744046988,0.0034301839858179176,0.005152912160222616
147.0000000000016,-0.6015496301301333,0.0039877622622608855,-1.7043629967647713,0.00037535801045762707,-1.102813366634638,-0.0016743382170097965,0.003447060332342046,0.005121398549351843
147.1000000000016,-0.6017413218218248,0.00390517967967835,-1.7046560256590988,0.0003774593209668886,-1.102914703837274,-0.0016259482596148941,0.0034634240116126723,0.0050893722712275664
147.20000000000158,-0.6019330135135166,0.003822597097095759,-1.7049495146990856,0.00037877491396065555,-1.103016501185569,-0.0015775583022199918,0.003479338505770314,0.005056896807990306
147.3000000000016,-0.6021247052052083,0.003740014514513168,-1.705243352775676,0.0003798510401417099,-1.1031186475704677,-0.001529168344825076,0.003494914733850966,0.005024083078676042
147.4000000000016,-0.6023163968969,0.003657431931930577,-1.705537995113509,0.00038116711254965185,-1.1032215982166091,-0.0014807783874301737,0.0035096972859639405,0.004990475673394114
147.5000000000016,-0.6025080885885916,0.003574849349347986,-1.7058333991807408,0.0003831462037873212,-1.1033253105921492,-0.0014323884300352714,0.0035237285351735446,0.004956116965208816
147.60000000000161,-0.6026997802802834,0.003492266766765395,-1.7061295181477272,0.00038573956558318745,-1.1034297378674438,-0.0013839984726403557,0.0035370552294777175,0.004921053702118074
147.7000000000016,-0.6028914719719751,0.003409684184182804,-1.7064262312929106,0.0003886600035500898,-1.1035347593209355,-0.0013356085152454534,0.0035497977855376297,0.004885406300783083
147.8000000000016,-0.6030831636636668,0.003327101601600213,-1.7067233042989307,0.0003917282048464532,-1.1036401406352638,-0.001287218557850551,0.0035621903503102953,0.004849408908160846
147.9000000000016,-0.6032750670670701,0.003245016016014679,-1.7070206786198983,0.00039463577239251535,-1.1037456115528281,-0.0012390763922868755,0.003574291298830313,0.0048133676911171885
148.0000000000016,-0.6034671091091122,0.003163284284282919,-1.7073185160280784,0.0003974380524525145,-1.1038514069189662,-0.001191098989924135,0.0035859386897180204,0.0047770376796421555
148.10000000000161,-0.6036591511511542,0.0030815525525512144,-1.7076167120086043,0.00040034583978898475,-1.1039575608574501,-0.0011431215875613808,0.0035972368764557424,0.004740358464017123
148.2000000000016,-0.6038511931931962,0.00299982082081951,-1.7079155435327449,0.0004031235953098067,-1.1040643503395486,-0.0010951441851986404,0.003607908723299265,0.0047030529084979055
148.3000000000016,-0.6040432352352383,0.0029180890890877498,-1.7082149560465296,0.000405798774759214,-1.1041717208112913,-0.0010471667828358998,0.003618008626728665,0.004665175409564565
148.40000000000163,-0.6042352772772803,0.002836357357356045,-1.7085151376583774,0.0004081439007167509,-1.104279860381097,-0.0009991893804731458,0.0036273483212294305,0.004626537701702576
148.50000000000162,-0.6044273193193224,0.002754625625624285,-1.7088159686147808,0.00041039607420645385,-1.1043886492954584,-0.0009512119781104054,0.0036360474074595603,0.0045872593855699655
148.60000000000161,-0.6046193613613644,0.0026728938938925806,-1.709117471099406,0.0004126610714447754,-1.1044981097380415,-0.0009032345757476649,0.003644083550621193,0.004547318126368858
148.7000000000016,-0.6048114034034064,0.002591162162160876,-1.7094197069778652,0.00041491051530906375,-1.1046083035744587,-0.0008552571733849244,0.0036513947348287184,0.004506651908213643
148.8000000000016,-0.6050034454454485,0.0025094304304291715,-1.7097222664701275,0.0004172354003794121,-1.104718821024679,-0.000807279771022184,0.0036583905968934705,0.004465670367915654
148.90000000000163,-0.6051978495395427,0.002429770460459224,-1.7100247496598766,0.000419487805162988,-1.104826900120334,-0.000761694570514708,0.0036654709074497595,0.004427165477964468
149.00000000000162,-0.6053938366766798,0.002351483323322079,-1.7103271568127558,0.0004214872051506724,-1.104933320136076,-0.0007177133634251264,0.0036726352599827415,0.0043903486234078675
149.10000000000161,-0.6055898238138169,0.002273196186184989,-1.7106297741751468,0.00042310395309330673,-1.10503995036133,-0.0006737321563355448,0.0036795972704142276,0.004353329426749772
149.20000000000164,-0.6057858109509542,0.0021949090490477885,-1.7109328928873144,0.0004241762824054307,-1.1051470819363602,-0.0006297509492459508,0.0036860656610594204,0.0043158166103053714
149.30000000000163,-0.6059817980880913,0.0021166219119106433,-1.7112368017002084,0.0004245347685442047,-1.1052550036121171,-0.0005857697421563693,0.0036917515475565696,0.004277521289712939
149.40000000000163,-0.6061777852252284,0.002038334774773498,-1.7115416743780032,0.000424000349885878,-1.1053638891527748,-0.0005417885350667878,0.003696481034020934,0.004238269569087722
149.50000000000162,-0.6063737723623654,0.0019600476376364084,-1.7118475701087363,0.00042266868706419825,-1.105473797746371,-0.0004978073279772062,0.0037001948017582552,0.004198002129735461
149.60000000000161,-0.6065697594995026,0.0018817605004992632,-1.7121542886734746,0.0004209595427273616,-1.105584529173972,-0.0004538261208876248,0.0037030929436095146,0.00415691906449714
149.70000000000164,-0.6067657466366398,0.0018034733633620625,-1.712461225018083,0.00041925411697818493,-1.1056954783814432,-0.0004098449137980307,0.0037057803879609716,0.004115625301759003
149.80000000000163,-0.6069617337737769,0.0017251862262249174,-1.7127677412181184,0.000417946908632838,-1.1058060074443414,-0.00036586370670844916,0.0037088949366579863,0.004074758643366435
149.90000000000163,-0.6071582887215905,0.0016474229901231041,-1.7130738151582285,0.0004175683883386183,-1.105915526436638,-0.0003224752750857826,0.003712458583527911,0.004034933858613693
150.00000000000165,-0.6073552228300477,0.0015700084011854853,-1.7133799098227458,0.00041800999189056665,-1.106024686992698,-0.0002794829967889623,0.003716008225480469,0.0039954912222694315
150.10000000000164,-0.6075521569385048,0.0014925938122478666,-1.7136865944806179,0.0004187313093177991,-1.1061344375421132,-0.00023649071849215423,0.0037189744762011253,0.00395546519469328
150.20000000000164,-0.6077490910469621,0.0014151792233101923,-1.7139940256331023,0.0004192716863086199,-1.1062449345861403,-0.00019349844019534606,0.0037212007203236514,0.003914699160518997
150.30000000000163,-0.6079460251554192,0.0013377646343725735,-1.7143019374232646,0.0004194716754011285,-1.1063559122678455,-0.000150506161898538,0.0037229527021323417,0.0038734588640308796
150.40000000000163,-0.6081429592638763,0.0012603500454349548,-1.7146099762403715,0.0004194900609463259,-1.1064670169764952,-0.00010751388360172981,0.0037245839403259214,0.0038320978239276514
150.50000000000165,-0.6083398933723335,0.0011829354564972805,-1.714918011760756,0.00041920927111727124,-1.1065781183884225,-6.45216053049095e-05,0.0037262246823541786,0.003790746287659088
150.60000000000164,-0.6085368274807906,0.0011055208675596617,-1.7152264168305882,0.0004186554021047284,-1.1066895893497977,-2.1529327008101428e-05,0.003727501919711814,0.0037490312467199152
150.70000000000164,-0.6087337615892479,0.001028106278622043,-1.7155355095298122,0.0004179313198989787,-1.1068017479405643,2.146295128870675e-05,0.0037280974662830865,0.00370663451499438
150.80000000000166,-0.608930695697705,0.0009506916896843687,-1.7158454168642057,0.0004171286657619344,-1.1069147211665007,6.445522958552707e-05,0.003727884213710087,0.00366342898412456
150.90000000000165,-0.609129652652656,0.0008762612612600029,-1.7161562169120395,0.00041648823853579486,-1.1070265642593835,0.00010540364688599313,0.003726783980955173,0.00362138033406918
151.00000000000165,-0.6093299029029062,0.0008037387387375139,-1.7164680481737105,0.0004159471682458893,-1.1071381452708042,0.00014504533338561025,0.00372465816858741,0.0035796128352018
151.10000000000164,-0.6095301531531565,0.0007312162162150249,-1.7167808206104769,0.0004154284233741645,-1.1072506674573204,0.00018468701988522736,0.003721596716206209,0.0035369096963209818
151.20000000000164,-0.6097304034034068,0.0006586936936924803,-1.7170942906427054,0.0004149434676855579,-1.1073638872392986,0.0002243287063848447,0.0037178431071046634,0.003493514400719819
151.30000000000166,-0.6099306536536571,0.0005861711711699358,-1.7174081978997602,0.0004145833283453193,-1.1074775442461031,0.0002639703928844729,0.003713657617057386,0.003449687224172913
151.40000000000165,-0.6101309039039072,0.0005136486486474467,-1.7177222861838009,0.000414429785951409,-1.1075913822798937,0.00030361207938409,0.0037092963505179133,0.0034056842711338233
151.50000000000165,-0.6103311541541575,0.0004411261261249022,-1.7180368284713214,0.00041424503009113156,-1.107705674317164,0.0003432537658837073,0.0037044862393293106,0.0033612324734456035
151.60000000000167,-0.6105314044044078,0.00036860360360235767,-1.7183517156440051,0.0004141585722911012,-1.1078203112395975,0.0003828954523833356,0.003699336332504944,0.0033164408801216083
151.70000000000167,-0.610731654654658,0.00029608108107986864,-1.7186670045788626,0.0004142256656386456,-1.1079353499242046,0.00042253713888295273,0.0036937896786767344,0.003271252539793782
151.80000000000166,-0.6109319049049082,0.0002235585585573241,-1.7189827491277354,0.0004146021769416697,-1.1080508442228272,0.00046217882538256974,0.003687792300906996,0.0032256134755244263
151.90000000000165,-0.6111317207207241,0.00015047747747626294,-1.7192990959412615,0.00041494714250711606,-1.1081673752205374,0.0005022373999142856,0.0036811974640628487,0.003178960064148563
152.00000000000165,-0.6113312702702736,7.70540540527831e-05,-1.719616288933711,0.0004148877100037529,-1.1082850186634374,0.0005425514864656566,0.003673761168489248,0.0031312096820235915
152.10000000000167,-0.6115308198198232,3.6306306293587554e-06,-1.719934429323828,0.0004142631247513462,-1.1084036095040046,0.0005828655730170389,0.003665382113442926,0.003082516540425887
152.20000000000167,-0.6117303693693728,6.979279279401007e-05,-1.7202534208091058,0.0004137523135029353,-1.108523051439733,0.0006231796595684098,0.003656156520402167,0.0030329768608337573
152.30000000000166,-0.6119299189189222,0.00014321621621748992,-1.7205730548688414,0.00041393910609255347,-1.1086431359499191,0.0006634937461197808,0.003646292829966431,0.00298279908384665
152.40000000000168,-0.6121294684684718,0.00021663963964091426,-1.7208931835159496,0.00041477282321400466,-1.1087637150474778,0.000703807832671163,0.003635938950913848,0.002932131118242685
152.50000000000168,-0.6123290180180214,0.0002900630630642831,-1.721213733528999,0.0004157649394683771,-1.1088847155109776,0.000744121919222534,0.0036251680274065794,0.0028810461081840454
152.60000000000167,-0.6125285675675709,0.0003634864864876519,-1.7215345424699358,0.0004164229707303013,-1.1090059749023649,0.0007844360057739051,0.003614142421899679,0.002829706416125774
152.70000000000167,-0.6127281171171204,0.00043690990991113177,-1.721855498484695,0.00041642973330990873,-1.1091273813675746,0.0008247500923252761,0.0036029739138938445,0.002778223821568568
152.80000000000166,-0.61292766666667,0.0005103333333345006,-1.7221766218740338,0.00041591445607025435,-1.1092489552073639,0.000865064178876647,0.003591642129381757,0.00272657795050511
152.90000000000168,-0.6131302632027061,0.0005801422027038594,-1.722498088141243,0.0004150969884619826,-1.1093678249385368,0.0009023166332719937,0.0035799714932395876,0.002677654859967594
153.00000000000168,-0.6133346492387421,0.0006478282387398782,-1.7228198728644522,0.00041430721156077155,-1.10948522362571,0.0009377709862424862,0.003567986357022826,0.0026302153707803396
153.10000000000167,-0.6135390352747782,0.0007155142747758969,-1.7231421569977423,0.0004135930672946042,-1.109603121722964,0.0009732253392129792,0.0035555056964007145,0.0025822803571877353
153.2000000000017,-0.6137434213108143,0.0007832003108119157,-1.723464940732968,0.0004129688018905675,-1.1097215194221537,0.001008679692183482,0.003542529251884697,0.0025338495597012154
153.3000000000017,-0.6139478073468503,0.0008508863468479899,-1.7237884358177715,0.0004125092402557096,-1.1098406284709212,0.0010441340451539747,0.003528845208415716,0.0024847111632617415
153.40000000000168,-0.6141521933828864,0.0009185723828840087,-1.7241129847928507,0.0004122041532587106,-1.1099607914099643,0.0010795883981244672,0.003514110959294456,0.0024345225611699887
153.50000000000168,-0.6143565794189223,0.0009862584189200274,-1.7244384404839306,0.0004120691914923924,-1.1100818610650083,0.00111504275109496,0.003498473614484355,0.0023834308633893953
153.60000000000167,-0.6145609654549584,0.0010539444549561017,-1.7247645656761077,0.0004121464366874106,-1.1102036002211493,0.001150497104065453,0.0034821703247369636,0.002331673220671511
153.7000000000017,-0.6147653514909945,0.001121630490992176,-1.725091169528445,0.0004125065305091713,-1.1103258180374505,0.0011859514570359557,0.0034653918687925812,0.0022794404117566255
153.8000000000017,-0.6149697375270304,0.0011893165270281947,-1.72541813337391,0.0004132329355432951,-1.1104483958468796,0.0012214058100064487,0.0034482568520632505,0.002226851042056802
153.90000000000168,-0.6151669049049082,0.001263004004005308,-1.7257454671240375,0.00041411350695907956,-1.1105785622191293,0.0012640666979979104,0.0034307553022107883,0.0021666886042128776
154.0000000000017,-0.6153598478478511,0.0013402312312325027,-1.7260733872012963,0.0004149764878630391,-1.110713539353445,0.0013109450531556223,0.0034126707379279982,0.002101725684772376
154.1000000000017,-0.6155527907907941,0.0014174584584597527,-1.7264022580644403,0.00041576795259223864,-1.1108494672736462,0.0013578234083133206,0.0033936386418520117,0.002035815233538691
154.2000000000017,-0.615745733733737,0.0014946856856870028,-1.7267319526302258,0.0004163971355698459,-1.110986218896489,0.0014047017634710192,0.0033737860402213104,0.0019690842767502914
154.3000000000017,-0.6159386766766799,0.0015719129129141973,-1.72706229451045,0.00041706943712782607,-1.11112361783377,0.0014515801186287178,0.0033532892641374174,0.0019017091455086996
154.40000000000168,-0.6161316196196229,0.0016491401401414474,-1.7273931403093261,0.0004178530437560779,-1.1112615206897032,0.0014984584737864164,0.00333229165465038,0.0018338331808639638
154.5000000000017,-0.6163245625625657,0.0017263673673686974,-1.7277241951177222,0.00041883810781062625,-1.1113996325551565,0.0015453368289441282,0.0033110880663921914,0.0017657512374480632
154.6000000000017,-0.6165175055055088,0.001803594594595892,-1.7280550789930178,0.000420188083979367,-1.111537573487509,0.0015922151841018266,0.0032900583886387885,0.001697843204536962
154.7000000000017,-0.6167104484484517,0.001880821821823142,-1.7283856330715286,0.00042198601695631055,-1.1116751846230768,0.0016390935392595252,0.0032693614319596527,0.0016302678927001275
154.80000000000172,-0.6169033913913946,0.001958049049050392,-1.7287161324422917,0.00042369870431269163,-1.1118127410508971,0.001685971894417237,0.003248722056466726,0.0015627501620494892
154.9000000000017,-0.6170916486486517,0.002038790790792222,-1.7290472768694887,0.00042475567159017125,-1.111955628220837,0.0017375258253004705,0.003227440446654594,0.0014899146213541237
155.0000000000017,-0.6172772842842874,0.002121523523524904,-1.7293794017492312,0.0004246935097669269,-1.1121021174649437,0.001791695814097946,0.003205181156476449,0.001413485342378503
155.1000000000017,-0.6174629199199231,0.0022042562562576973,-1.7297125808731493,0.0004236253868278306,-1.1122496609532262,0.0018458658028954222,0.003181870346172442,0.00133600454327702
155.2000000000017,-0.6176485555555586,0.0022869889889903794,-1.7300463274459577,0.0004220998778912133,-1.112397771890399,0.0019000357916928977,0.0031579947620529987,0.001257958970360101
155.30000000000172,-0.6178341911911943,0.002369721721723117,-1.7303805177847904,0.00042083356397382143,-1.1125463265935962,0.0019542057804903886,0.0031336780423273855,0.001179472261836997
155.4000000000017,-0.61801982682683,0.0024524544544558546,-1.7307152385499336,0.0004202073970591691,-1.1126954117231036,0.002008375769287864,0.0031088334980993886,0.0011004577288115246
155.5000000000017,-0.6182054624624655,0.0025351871871885923,-1.7310508567600364,0.00042003477784524623,-1.112845394297571,0.00206254575808534,0.003083094043746474,0.001020548285661134
155.60000000000173,-0.6183910980981013,0.0026179199199213854,-1.7313873499769272,0.0004198009614142517,-1.112996251878826,0.0021167157468828307,0.0030564820729762536,0.000939766326093423
155.70000000000172,-0.6185767337337369,0.0027006526526540675,-1.7317247410021936,0.00041947218044136036,-1.1131480072684568,0.0021708857356803066,0.0030289747398569485,0.0008580890041766419
155.80000000000172,-0.6187623693693726,0.002783385385386805,-1.7320626966293193,0.0004190023718460001,-1.1133003272599469,0.002225055724477782,0.003000905207742525,0.0007758494832647428
155.9000000000017,-0.6189608128800178,0.0028493213885237845,-1.7324010838903148,0.0004185478711116186,-1.113440271010297,0.002266409408795786,0.002972406401981503,0.0007059969931857172
156.0000000000017,-0.6191661994288913,0.002906259488948848,-1.7327395069860336,0.0004181442703828919,-1.1135733075571423,0.0023008156155763914,0.0029438740799173227,0.0006430584643409313
156.10000000000173,-0.6193715859777649,0.0029631975893739115,-1.7330777923593284,0.00041770390092232823,-1.1137062063815635,0.0023352218223570073,0.0029154817576676276,0.0005802599353106203
156.20000000000172,-0.6195769725266385,0.0030201356897990306,-1.7334158038329754,0.0004170725601939651,-1.113838831306337,0.002369628029137613,0.002887365572332771,0.000517737543195158
156.30000000000172,-0.6197823590755118,0.003077073790224094,-1.7337537215838188,0.00041620415707410707,-1.113971362508307,0.0024040342359182183,0.002859345306989913,0.0004553110710716949
156.40000000000174,-0.6199877456243854,0.0031340118906491576,-1.7340919764792444,0.0004147395956221045,-1.114104230854859,0.0024384404426988342,0.0028309900558750453,0.00039254961317621104
156.50000000000173,-0.620193132173259,0.003190949991074221,-1.7344307196376445,0.00041311538412314164,-1.1142375874643855,0.0024728466494794397,0.0028021486618988256,0.0003293020124193859
156.60000000000173,-0.6203985187221325,0.00324788809149934,-1.7347698508665461,0.00041200161840404537,-1.1143713321444135,0.002507252856260046,0.0027729212800673793,0.00026566842380733313
156.70000000000172,-0.620603905271006,0.0033048261919243482,-1.7351091575543007,0.00041155900099087983,-1.1145052522832948,0.0025416590630406516,0.0027435204850782486,0.00020186142203759694
156.80000000000172,-0.6208092918198795,0.0033617642923494673,-1.7354485184774315,0.00041147692410459236,-1.114639226657552,0.002576065269821257,0.0027140674639797354,0.00013800219415847827
156.90000000000174,-0.621050989489494,0.003384322822822916,-1.7357871171639139,0.0004111308348504483,-1.1147361276744199,0.0025741532742224625,0.0026853786536087674,0.00011122537938630488
157.00000000000173,-0.6213113498498544,0.003389127627627775,-1.7361250908740034,0.0004105598170700553,-1.114813741024149,0.002553575101107621,0.002657316774495743,0.00010374167338812182
157.10000000000173,-0.6215717102102147,0.003393932432432522,-1.7364632883391034,0.00040976420398308733,-1.1148915781288886,0.002532996927992779,0.0026290330462294654,9.603611823668637e-05
157.20000000000175,-0.6218320705705751,0.003398737237237326,-1.7368018888026064,0.0004092654463658807,-1.1149698182320313,0.002512418754877931,0.0026003481889038354,8.792943402590424e-05
157.30000000000175,-0.6220924309309355,0.003403542042042129,-1.7371408716972192,0.0004091450474628111,-1.1150484407662837,0.0024918405817630895,0.0025712827365890175,7.9442154825928e-05
157.40000000000174,-0.6223527912912958,0.003408346846846988,-1.7374803707366997,0.0004090746150321456,-1.1151275794454039,0.0024712624086482477,0.002541702942699595,7.044053405134715e-05
157.50000000000173,-0.6226131516516562,0.0034131516516517357,-1.7378203501764906,0.0004088954937905287,-1.1152071985248344,0.0024506842355334056,0.0025116445199676145,6.096028443420892e-05
157.60000000000173,-0.6228735120120166,0.003417956456456539,-1.7381608374960873,0.00040853755355307886,-1.1152873254840707,0.002430106062418564,0.0024810799574207128,5.0973895002148946e-05
157.70000000000175,-0.6231338723723769,0.0034227612612613423,-1.7385015870977591,0.00040826584657949194,-1.1153677147253822,0.0024095278893037165,0.0024502548218452917,4.0726932541575254e-05
157.80000000000175,-0.6233942327327373,0.003427566066066201,-1.7388423631155008,0.00040817530618431075,-1.1154481303827635,0.0023889497161888743,0.0024194049488662646,3.0455232677390354e-05
157.90000000000174,-0.6236570255255302,0.0034265540540540096,-1.7391829057057635,0.0004080920049778225,-1.1155258801802335,0.0023659332065362353,0.0023887901523349147,2.285694579867931e-05
158.00000000000176,-0.6239210895895942,0.003422750250250184,-1.7395231931558883,0.00040792209485862596,-1.1156021035662942,0.002341642648352885,0.002358432115243023,1.6789466890138223e-05
158.10000000000176,-0.6241851536536583,0.003418946446446358,-1.7398633365982605,0.000407796976827024,-1.115678182944602,0.002317352090169541,0.002328219676733685,1.0867586564143952e-05
158.20000000000175,-0.6244492177177223,0.003415142642642588,-1.7402037012610352,0.00040778691543141843,-1.1157544835433129,0.002293061531986198,0.0022977875800956338,4.726048109435742e-06
158.30000000000175,-0.6247132817817864,0.003411338838838762,-1.7405446352259284,0.0004079978940396689,-1.115831353444142,0.0022687709738028537,0.002266787716053439,-1.9832577494147997e-06
158.40000000000174,-0.6249773458458505,0.0034075350350349365,-1.740886326050256,0.0004083497128923863,-1.1159089802044055,0.0022444804156195102,0.002235032499918051,-9.447915701459204e-06
158.50000000000176,-0.6252414099099146,0.0034037312312311108,-1.7412286186580186,0.00040895586161771025,-1.115987208748104,0.0022201898574361594,0.0022026769805522633,-1.7512876883896134e-05
158.60000000000176,-0.6255054739739786,0.0033999274274273406,-1.7415710070861645,0.0004101063093567836,-1.1160655331121858,0.0021958992992528164,0.002170227095020498,-2.5672204232318578e-05
158.70000000000175,-0.6257695380380427,0.003396123623623515,-1.7419131308782303,0.0004118073259048449,-1.1161435928401877,0.0021716087410694725,0.002138043273732431,-3.356546733704162e-05
158.80000000000177,-0.6260336021021068,0.003392319819819689,-1.7422549030454846,0.0004137809185102981,-1.1162213009433777,0.0021473181828861217,0.0021062124800018374,-4.1105702884284244e-05
158.90000000000177,-0.626305604104109,0.0033739914914909797,-1.7425963710547936,0.00041538950575326083,-1.1162907669506845,0.0021150847669382344,0.002074687221900357,-4.039754503787742e-05
159.00000000000176,-0.6265814799799848,0.0033489664664659857,-1.7429373715732046,0.00041625157590430284,-1.1163558915932197,0.0020789752677932228,0.0020436308078449978,-3.534445994822499e-05
159.10000000000176,-0.6268573558558608,0.0033239414414409363,-1.7432777619877955,0.0004166535664128501,-1.1164204061319347,0.0020428657686482107,0.0020131858267033722,-2.9679941944838438e-05
159.20000000000175,-0.6271332317317366,0.0032989164164159424,-1.7436176339249072,0.0004170496098994114,-1.1164844021931706,0.002006756269503199,0.001983260628423137,-2.349564108006198e-05
159.30000000000177,-0.6274091076076125,0.003273891391390893,-1.7439571977093902,0.0004176831421991434,-1.1165480901017777,0.001970646770358177,0.0019536448646209625,-1.700190573721439e-05
159.40000000000177,-0.6276849834834883,0.003248866366365899,-1.744296740006943,0.0004186380604049855,-1.1166117565234546,0.001934537271213165,0.0019240518471162179,-1.0485424096947195e-05
159.50000000000176,-0.6279608593593642,0.0032238413413408495,-1.74463677586948,0.00042021093556521283,-1.1166759165101159,0.0018984277720681527,0.0018939665011805623,-4.461270887590445e-06
159.60000000000178,-0.6282367352352402,0.0031988163163158,-1.744978412668002,0.00042348399343516974,-1.1167416774327616,0.001862318272923131,0.0018622814338667695,-3.683905636163269e-08
159.70000000000178,-0.628512611111116,0.003173791291290806,-1.7453203172405138,0.00042691806279426814,-1.1168077061293977,0.0018262087737781194,0.0018303297856790525,4.121011900933089e-06
159.80000000000177,-0.6287884869869919,0.0031487662662658122,-1.7456624882870688,0.000430128246894923,-1.116874001300077,0.0017900992746331071,0.001798112834891742,8.013560258634915e-06
159.90000000000177,-0.6290593166859291,0.0031135782089697916,-1.7460048354512925,0.00043287117849333256,-1.1169455187653634,0.0017590318545637569,0.0017657209171624804,6.689062598723558e-06
160.00000000000176,-0.6293281897172771,0.0030741346070511932,-1.7463470863595296,0.0004351662697263947,-1.1170188966422525,0.0017299193467984594,0.0017334263856001167,3.5070388016572324e-06
160.10000000000178,-0.6295970627486251,0.0030346910051326503,-1.746688999803844,0.0004373919304478946,-1.1170919370552188,0.0017008068390331537,0.0017014704277807941,6.635887476404059e-07
160.20000000000178,-0.6298659357799732,0.002995247403214163,-1.7470308930412823,0.0004401042512575115,-1.1171649572613092,0.0016716943312678565,0.001669535767010503,-2.1585642573534493e-06
160.30000000000177,-0.6301348088113211,0.0029558038012955645,-1.7473730746917955,0.00044363484445042456,-1.1172382658804745,0.0016425818235025593,0.0016373137637540741,-5.268059748485135e-06
160.4000000000018,-0.6304036818426692,0.0029163601993770216,-1.747715417651619,0.00044744190942114237,-1.1173117358089497,0.0016134693157372538,0.0016049315025707268,-8.537813166527037e-06
160.5000000000018,-0.6306725548740171,0.0028769165974584787,-1.7480582522357309,0.0004509391201787949,-1.1173856973617138,0.0015843568079719564,0.0015720586498133558,-1.2298158158600579e-05
160.60000000000178,-0.6309414279053651,0.0028374729955399913,-1.748401431562633,0.0004536929151660596,-1.117460003657268,0.0015552443002066591,0.001538842068349631,-1.6402231857028148e-05
160.70000000000178,-0.631210300936713,0.002798029393621393,-1.7487444631503846,0.0004562425016623184,-1.1175341622136714,0.0015261317924413617,0.001505774224462018,-2.0357567979343606e-05
160.80000000000177,-0.631479173968061,0.00275858579170285,-1.7490877026182652,0.0004588390069284465,-1.1176085286502042,0.0014970192846760644,0.001472499484689453,-2.4519799986611433e-05
160.9000000000018,-0.631724812812817,0.002748790790790878,-1.7494312164805024,0.0004616597710341841,-1.1177064036676854,0.0014911375264278718,0.0014389513109033523,-5.218621552451953e-05
161.0000000000018,-0.6319608988989032,0.002751043043043133,-1.7497750262682445,0.0004647376845584583,-1.1178141273693414,0.001494807157239032,0.001405108154625728,-8.969900261330405e-05
161.10000000000178,-0.6321969849849891,0.002753295295295388,-1.7501182835289528,0.0004673792063198956,-1.1179212985439637,0.0014984767880501916,0.001371818451691281,-0.00012665833635891054
161.2000000000018,-0.6324330710710753,0.002755547547547643,-1.7504602044522848,0.00046921723232806745,-1.1180271333812095,0.0015021464188613531,0.0013398659957915113,-0.00016228042306984185
161.3000000000018,-0.6326691571571614,0.0027577997997998427,-1.7508020781599987,0.00047135392913899565,-1.1181329210028372,0.0015058160496725127,0.0013079616486456904,-0.00019785440102682234
161.4000000000018,-0.6329052432432475,0.0027600520520520977,-1.751143987429602,0.00047335975326989743,-1.1182387441863546,0.001509485680483673,0.0012760226170630306,-0.00023346306342064238
161.5000000000018,-0.6331413293293335,0.0027623043043043527,-1.7514860766155282,0.00047525897981715026,-1.1183447472861947,0.0015131553112948332,0.0012439045307065639,-0.00026925078058826933
161.60000000000178,-0.6333774154154196,0.0027645565565566077,-1.7518282419452489,0.0004767882031390114,-1.1184508265298292,0.0015168249421059934,0.001211711146729912,-0.0003051137953760815
161.7000000000018,-0.6336135015015057,0.0027668088088088627,-1.7521703909410302,0.0004782400584727453,-1.1185568894395246,0.0015204945729171545,0.0011795349276514592,-0.0003409596452656953
161.8000000000018,-0.6338495875875918,0.0027690610610611177,-1.7525125726933406,0.0004796101661103114,-1.1186629851057488,0.0015241642037283148,0.00114732676806546,-0.00037683743566285484
161.9000000000018,-0.6340923153153197,0.0027662792792791935,-1.7528545248548641,0.00048099456843508914,-1.1187622095395444,0.0015211893301498042,0.0011153490006992756,-0.0004058403294505287
162.00000000000182,-0.6343376106106151,0.002761524524524439,-1.753196466197935,0.0004825018612332199,-1.1188588555873198,0.0015156458034883073,0.0010833828388414077,-0.00043226296464689957
162.1000000000018,-0.6345829059059104,0.0027567697697696847,-1.7535385974097353,0.00048406022503311164,-1.118955691503825,0.0015101022768268116,0.0010512275812304553,-0.0004588746955963563
162.2000000000018,-0.6348282012012056,0.002752015015014986,-1.7538807797065639,0.00048581936341063336,-1.1190525785053582,0.0015045587501653157,0.0010190219975852435,-0.0004855367525800722
162.3000000000018,-0.6350734964965009,0.002747260260260176,-1.754223039614783,0.0004877528634691375,-1.119149543118282,0.0014990152235038199,0.0009867395478823137,-0.0005122756756215062
162.4000000000018,-0.6353187917917962,0.0027425055055054215,-1.7545656170413328,0.0004895467922445551,-1.1192468252495367,0.001493471696842324,0.0009541403153556247,-0.0005393313814866993
162.50000000000182,-0.6355640870870916,0.002737750750750667,-1.7549081430951148,0.0004915427584973875,-1.1193440560080232,0.0014879281701808268,0.0009215931768743611,-0.0005663349933064657
162.6000000000018,-0.6358093823823868,0.002732995995995968,-1.7552507541145927,0.0004936757989647544,-1.119441371732206,0.001482384643519331,0.0008889617782752038,-0.0005934228652441271
162.7000000000018,-0.6360546776776821,0.002728241241241214,-1.755593171811165,0.0004962544054302187,-1.119538494133483,0.001476841116857835,0.000856524395720723,-0.000620316721137112
162.80000000000183,-0.6362999729729775,0.0027234864864864594,-1.755935580878853,0.0004990930222261714,-1.1196356079058756,0.001471297590196338,0.0008240963226046067,-0.0006472012675917314
162.90000000000182,-0.6365475680680726,0.002716135635635497,-1.7562781751300203,0.0005021313483973833,-1.1197306070619477,0.0014634518804860167,0.0007914837343326177,-0.0006719681461533991
163.00000000000182,-0.6367960165165211,0.002707827327327217,-1.7566208584375023,0.000505211950323492,-1.1198248419209813,0.001454751958465352,0.0007587827461735234,-0.0006959692122918286
163.1000000000018,-0.6370444649649695,0.002699519019018881,-1.7569635850740437,0.0005080105361853215,-1.1199191201090741,0.0014460520364446873,0.0007260390734169135,-0.0007200129630277738
163.2000000000018,-0.637292913413418,0.002691210710710601,-1.7573060860157201,0.0005105915034949726,-1.1200131726023022,0.0014373521144240226,0.0006935217285035701,-0.0007438303859204525
163.30000000000183,-0.6375413618618664,0.002682902402402265,-1.7576483546872512,0.00051299064298993,-1.1201069928253848,0.0014286521924033553,0.000661237275325772,-0.0007674149170775833
163.40000000000182,-0.6377898103103148,0.0026745940940939295,-1.7579904944503362,0.0005152242487859171,-1.1202006841400214,0.0014199522703826903,0.0006290823409501335,-0.0007908699294325569
163.50000000000182,-0.6380382587587633,0.0026662857857856492,-1.7583325754893815,0.000517434375827186,-1.120294316730618,0.0014112523483620254,0.0005969867300334585,-0.000814265618328567
163.60000000000184,-0.6382867072072118,0.0026579774774773135,-1.758674648951489,0.0005198132645450881,-1.1203879417442772,0.0014025524263413583,0.0005648992846719849,-0.0008376531416693734
163.70000000000184,-0.6385351556556602,0.0026496691691689778,-1.7590167551774787,0.0005223855503444508,-1.1204815995218185,0.0013938525043206934,0.0005327796534225341,-0.0008610728508981593
163.80000000000183,-0.6387836041041086,0.0026413608608606975,-1.7593587519429628,0.0005252426402690968,-1.1205751478388541,0.0013851525823000287,0.0005007700503391918,-0.0008843825319608369
163.90000000000182,-0.6390301717509137,0.0026339865657238892,-1.7597007218455145,0.0005283283156720664,-1.1206705500946008,0.0013783314786866845,0.000468787867522416,-0.0009095436111642685
164.00000000000182,-0.6392760871051457,0.00262694896700294,-1.7600427119733815,0.0005315969192661862,-1.1207666248682358,0.0013721619890857137,0.00043678600679093467,-0.0009353759822947791
164.10000000000184,-0.6395220024593777,0.0026199113682819908,-1.7603848266267255,0.0005349885034761082,-1.1208628241673477,0.0013659924994847414,0.00040466015799548187,-0.0009613323414892596
164.20000000000184,-0.6397679178136098,0.002612873769560986,-1.7607271109818798,0.0005383121611289843,-1.12095919316827,0.0013598230098837707,0.00037236513524684794,-0.0009874578746369227
164.30000000000183,-0.6400138331678418,0.002605836170840037,-1.7610693122707204,0.0005413602167062548,-1.1210554791028786,0.0013536535202828002,0.00034015369711952936,-0.0010134998231632708
164.40000000000185,-0.6402597485220738,0.002598798572119032,-1.7614114846199804,0.0005440116630713865,-1.1211517360979066,0.0013474840306818277,0.00030797170746738685,-0.0010395123232144407
164.50000000000185,-0.6405056638763057,0.002591760973398083,-1.761753680576819,0.0005464090205573591,-1.1212480167005134,0.001341314541080857,0.0002757666100521433,-0.0010655479310287136
164.60000000000184,-0.6407515792305376,0.0025847233746771336,-1.7620960041308797,0.0005486974735543493,-1.1213444249003421,0.0013351450514798861,0.00024343440615636549,-0.0010917106453235206
164.70000000000184,-0.6409974945847696,0.0025776857759561844,-1.7624385052766234,0.0005510465726961122,-1.1214410106918538,0.0013289755618789156,0.00021092509248733324,-0.0011180504693915825
164.80000000000183,-0.6412434099390016,0.002570648177235235,-1.7627808199233632,0.0005533908382203689,-1.1215374099843616,0.0013228060722779449,0.0001786027510703343,-0.0011442033212076105
164.90000000000185,-0.6414975300300347,0.002555298798798511,-1.7631230812605385,0.0005557902845653162,-1.1216255512305038,0.0013084301842970674,0.00014633418382529404,-0.0011620960004717733
165.00000000000185,-0.6417543868868916,0.002537180680680373,-1.7634653644546012,0.0005583703871595569,-1.1217109775677097,0.0012913170062401824,0.00011404421607449702,-0.0011772727901656853
165.10000000000184,-0.6420112437437484,0.0025190625625622354,-1.763806792859505,0.0005605347579322739,-1.1217955491157565,0.0012742038281832973,8.26094854694028e-05,-0.0011915943427138946
165.20000000000186,-0.6422681006006055,0.0025009444444440976,-1.76414791841953,0.0005627398485130719,-1.1218798178189244,0.0012570906501264076,5.147803975194357e-05,-0.001205612610374464
165.30000000000186,-0.6425249574574623,0.00248282632632596,-1.7644892909145653,0.0005653350401546575,-1.121964333457103,0.0012399774720695228,2.0100091018083797e-05,-0.001219877381051439
165.40000000000185,-0.642781814314319,0.0024647082082078775,-1.764830973740893,0.0005684287030249813,-1.1220491594265738,0.0012228642940126375,-1.1587764726701183e-05,-0.0012344520587393387
165.50000000000185,-0.643038671171176,0.0024465900900897952,-1.7651733238350995,0.0005722164825026077,-1.1221346526639235,0.0012057511159557527,-4.3942471874961564e-05,-0.0012496935878307143
165.60000000000184,-0.6432955280280328,0.0024284719719716574,-1.7655167202323234,0.0005771474801071763,-1.1222211922042906,0.0011886379378988677,-7.734307293432081e-05,-0.0012659810108331885
165.70000000000186,-0.6435523848848896,0.0024103538538535196,-1.7658609438980242,0.0005828859667321717,-1.1223085590131345,0.0011715247598419777,-0.00011157054086060506,-0.0012830953007025828
165.80000000000186,-0.6438092417417465,0.002392235735735382,-1.7662048835669926,0.0005881947857588887,-1.122395641825246,0.001154411581785093,-0.00014551361765870603,-0.0012999251994437989
165.90000000000185,-0.6440668838548015,0.0023729419710287747,-1.766547830395814,0.0005922548404683203,-1.1224809465410126,0.0011365117650415013,-0.00017846346707514258,-0.001314975232116644
166.00000000000188,-0.6443247805290309,0.00235328353503772,-1.7668902780609053,0.0005955340382153285,-1.1225654975318744,0.0011183569745778865,-0.0002109137724646932,-0.0013292707470425797
166.10000000000187,-0.6445826772032601,0.00233362509904661,-1.7672327133840855,0.0005987988370812491,-1.1226500361808254,0.0011002021841142768,-0.00024335136259525183,-0.0013435535467095287
166.20000000000186,-0.6448405738774895,0.0023139666630555,-1.7675754616623864,0.0006023093344665886,-1.122734887784897,0.0010820473936506672,-0.0002761015412342531,-0.0013581489348849203
166.30000000000186,-0.6450984705517189,0.00229430822706439,-1.7679184780100397,0.0006058853438253298,-1.1228200074583208,0.0010638926031870575,-0.0003091194291850829,-0.0013730120323721404
166.40000000000185,-0.6453563672259481,0.00227464979107328,-1.7682605329899324,0.0006083867571560209,-1.1229041657639842,0.0010457378127234475,-0.0003411755959249552,-0.0013869134086484027
166.50000000000188,-0.6456142639001776,0.00225499135508217,-1.7686019910764783,0.0006101612717590577,-1.1229877271763007,0.0010275830222598327,-0.0003726345222223883,-0.001400217544482221
166.60000000000187,-0.6458721605744069,0.00223533291909106,-1.7689434794026622,0.0006118726441975975,-1.1230713188282553,0.001009428231796223,-0.0004041233473673551,-0.001413551579163578
166.70000000000186,-0.6461300572486363,0.0022156744831000053,-1.7692851056319128,0.0006139246007716981,-1.1231550483832766,0.0009912734413326132,-0.0004357497409390092,-0.0014270231822716224
166.8000000000019,-0.6463879539228656,0.002196016047108895,-1.7696270264503413,0.0006162365364829059,-1.1232390725274757,0.0009731186508689985,-0.00046767039510579037,-0.001440789045974789
166.90000000000188,-0.6466445660660709,0.002176851351351039,-1.7699688162724427,0.0006182226609601216,-1.1233242502063718,0.0009562472341775346,-0.0004994597303283738,-0.0014557069645059085
167.00000000000188,-0.6469008223223272,0.0021578323323320214,-1.770310071631517,0.0006197524279102362,-1.1234092493091898,0.0009397313876531896,-0.0005307142857432816,-0.0014704456733964713
167.10000000000187,-0.6471570785785834,0.002138813313313004,-1.770650920743702,0.0006210219964793984,-1.1234938421651186,0.0009232155411288443,-0.0005615622831894437,-0.0014847778243182882
167.20000000000186,-0.6474133348348396,0.0021197942942939862,-1.7709915307735662,0.0006225592260229451,-1.1235781959387265,0.0009066996946044993,-0.0005921708929330188,-0.001498870587537518
167.3000000000019,-0.6476695910910959,0.002100775275274913,-1.7713322936710036,0.0006245237227026079,-1.1236627025799077,0.0008901838480801495,-0.0006229320703622865,-0.001513115918442436
167.40000000000188,-0.6479258473473521,0.0020817562562558956,-1.771673036126852,0.0006262971238394366,-1.1237471887794999,0.0008736680015558044,-0.0006536725117724474,-0.0015273405133282517
167.50000000000188,-0.6481821036036084,0.0020627372372369335,-1.7720135720689856,0.0006276704032737168,-1.1238314684653772,0.0008571521550314594,-0.0006842061503514342,-0.0015413583053828935
167.6000000000019,-0.6484383598598648,0.002043718218217916,-1.7723539193399538,0.0006287746603979016,-1.1239155594800891,0.0008406363085071096,-0.0007145508334328462,-0.0015551871419399559
167.7000000000019,-0.648694616116121,0.0020246991991988983,-1.7726943239056803,0.0006305892990767781,-1.1239997077895594,0.0008241204619827643,-0.000744952531375991,-0.0015690729933587554
167.8000000000019,-0.6489508723723771,0.002005680180179825,-1.7730346136331792,0.0006328239391728552,-1.124083741260802,0.0008076046154584194,-0.0007752391174584432,-0.0015828437329168626
167.90000000000188,-0.6492082702702752,0.0019847187187183035,-1.7733747772632487,0.0006354893966704633,-1.1241665069929736,0.0007899461646492455,-0.0008053993374978902,-0.0015953455021471357
168.00000000000188,-0.6494659779779828,0.001963247247246891,-1.7737148777738239,0.0006384236656064024,-1.124248899795841,0.00077197765594681,-0.0008354961742850779,-0.001607473830231888
168.1000000000019,-0.6497236856856906,0.0019417757757753673,-1.7740549549244085,0.0006413895204963049,-1.1243312692387177,0.0007540091472443692,-0.0008655693920834279,-0.001619578539327797
168.2000000000019,-0.6499813933933983,0.0019203043043038992,-1.7743948910007474,0.0006441122663205512,-1.1244134976073492,0.0007360406385419336,-0.0008955012813781416,-0.0016315419199200753
168.3000000000019,-0.6502391011011059,0.001898832832832431,-1.7747342532434758,0.000646244818317987,-1.1244951521423698,0.000718072129839498,-0.0009248590873786123,-0.0016429312172181103
168.4000000000019,-0.6504968088088138,0.001877361361360963,-1.77507267089601,0.0006476371267899461,-1.1245758620871964,0.0007001036211370572,-0.0009532720580919124,-0.0016533756792289696
168.5000000000019,-0.6507545165165214,0.0018558898898894394,-1.7754106220736985,0.000648417661770484,-1.124656105557177,0.0006821351124346217,-0.000981218313239982,-0.0016633534256746036
168.6000000000019,-0.6510122242242291,0.0018344184184179713,-1.775748252583059,0.0006489606479006538,-1.12473602835883,0.0006641666037321861,-0.0010088436637451046,-0.0016730102674772907
168.7000000000019,-0.6512699319319368,0.0018129469469465032,-1.7760863567200667,0.0006499609904678794,-1.1248164247881298,0.0006461980950297505,-0.0010369424098964411,-0.0016831405049261916
168.8000000000019,-0.6515276396396446,0.001791475475475035,-1.7764250768727878,0.0006514613250643286,-1.1248974372331433,0.0006282295863273149,-0.0010656569439488307,-0.0016938865302761456
168.9000000000019,-0.6517779559559607,0.0017799899899897942,-1.7767639317039017,0.0006528931614835365,-1.124985975747941,0.0006176516686112455,-0.0010945059327054144,-0.0017121576013166598
169.0000000000019,-0.6520264044044091,0.0017709809809807742,-1.7771026257447566,0.0006540389130219593,-1.1250762213403476,0.0006089414249998177,-0.001123193911611788,-0.0017321353366116057
169.1000000000019,-0.6522748528528577,0.0017619719719717541,-1.7774409053672748,0.0006551765993637604,-1.1251660525144171,0.0006002311813883899,-0.0011514672565601136,-0.0017516984379485035
169.20000000000192,-0.6525233013013061,0.0017529629629627896,-1.777778768081655,0.0006563250886750804,-1.125255466780349,0.0005915209377769596,-0.0011793234816707136,-0.0017708444194476734
169.30000000000192,-0.6527717497497545,0.0017439539539537141,-1.7781163218534262,0.0006577075834059976,-1.1253445721036717,0.0005828106941655319,-0.001206870556321464,-0.001789681250486996
169.4000000000019,-0.6530201981982029,0.001734944944944694,-1.7784538421278642,0.0006589603548193823,-1.1254336439296613,0.0005741004505541041,-0.0012343839295517894,-0.0018084843801058936
169.5000000000019,-0.6532686466466514,0.0017259359359357296,-1.7787911252159159,0.000659925545404616,-1.1255224785692644,0.0005653902069426764,-0.0012616599160232608,-0.0018270501229659371
169.6000000000019,-0.6535170950950998,0.0017169269269267096,-1.7791283022965598,0.0006607045736081174,-1.1256112072014601,0.0005566799633312486,-0.001288829698388944,-0.0018455096617201925
169.70000000000192,-0.6537655435435483,0.0017079179179176895,-1.7794655844889096,0.0006610967243079191,-1.1257000409453612,0.0005479697197198183,-0.0013161043993150483,-0.0018640741190348665
169.80000000000192,-0.6540139919919967,0.001698908908908725,-1.779802810355998,0.0006612409611913561,-1.1257888183640012,0.0005392594761083905,-0.0013433225853352357,-0.001882582061443626
169.9000000000019,-0.6542658973974023,0.001688248748748511,-1.7801397603441151,0.0006612044341895995,-1.1258738629467129,0.0005270916101379518,-0.0013702647062326895,-0.0018973563163706413
170.00000000000193,-0.654518600100105,0.0016771876876874314,-1.780476539743379,0.0006609049118353472,-1.125957939643274,0.0005141262959335734,-0.001397036055466483,-0.0019111623514000563
170.10000000000193,-0.6547713028028077,0.001666126626626352,-1.780812913192336,0.0006606049866485497,-1.1260416103895283,0.0005011609817291988,-0.0014234012749270316,-0.0019245622566562304
170.20000000000192,-0.6550240055055103,0.001655065565565328,-1.7811490535258203,0.0006602764321359533,-1.12612504802031,0.000488195667524824,-0.0014495332022055418,-0.001937728869730366
170.30000000000192,-0.655276708208213,0.001644004504504304,-1.7814851518254522,0.0006602136559036298,-1.126208443617239,0.0004752303533204493,-0.0014756229222259586,-0.001950853275546408
170.4000000000019,-0.6555294109109158,0.0016329434434432244,-1.7818212112836984,0.0006603160628813054,-1.1262918003727826,0.0004622650391160746,-0.0015016736310513102,-0.001963938670167385
170.50000000000193,-0.6557821136136185,0.0016218823823821449,-1.782156893620931,0.000660244773617702,-1.1263747800073127,0.0004492997249116962,-0.0015273470521446806,-0.001976646777056377
170.60000000000193,-0.6560348163163212,0.0016108213213211209,-1.7824916806384405,0.0006595790829405646,-1.1264568643221193,0.0004363344107073215,-0.0015521249898204025,-0.001988459400527724
170.70000000000192,-0.6562875190190238,0.0015997602602600414,-1.7828255544943934,0.000658062817828986,-1.1265380354753696,0.0004233690965029468,-0.0015759896052651595,-0.0019993587017681064
170.80000000000194,-0.6565402217217267,0.0015886991991990174,-1.7831589955561618,0.0006559705178529329,-1.126618773834435,0.0004104037822985684,-0.0015994212687386667,-0.002009825051037235
170.90000000000194,-0.6567941493527645,0.001577742539132121,-1.7834926022081188,0.0006538433643819008,-1.1266984528553543,0.00039621298679462145,-0.0016230183674967149,-0.0020192313542913365
171.00000000000193,-0.6570483361046466,0.0015667990304932267,-1.7838263211879413,0.0006520993596792479,-1.1267779850832946,0.0003817629532413226,-0.001646727642058443,-0.0020284905952997656
171.10000000000193,-0.6573025228565288,0.0015558555218542769,-1.7841600390404917,0.0006506582095077151,-1.126857516183963,0.0003673129196880236,-0.0016704356400260379,-0.0020377485597140614
171.20000000000192,-0.657556709608411,0.0015449120132154381,-1.7844935398973207,0.0006490277862396532,-1.1269368302889098,0.00035286288613472474,-0.0016939264956871976,-0.0020467893818219224
171.30000000000194,-0.6578108963602931,0.0015339685045764884,-1.784826736544482,0.0006471859393321067,-1.127015840184189,0.0003384128525814217,-0.0017171129977820217,-0.0020555258503634436
171.40000000000194,-0.6580650831121753,0.0015230249959376496,-1.785159771420746,0.0006447882375583136,-1.1270946883085708,0.0003239628190281227,-0.0017401375876859256,-0.0020641004067140484
171.50000000000193,-0.6583192698640574,0.0015120814872986998,-1.785492448982081,0.0006420209370273655,-1.1271731791180235,0.0003095127854748238,-0.0017628047239334349,-0.002072317509408259
171.60000000000196,-0.6585734566159396,0.0015011379786597503,-1.78582475327427,0.0006390634684031449,-1.1272512966583303,0.00029506275192152083,-0.0017850984548543518,-0.0020801612067758725
171.70000000000195,-0.6588276433678217,0.0014901944700209113,-1.7861568756120128,0.0006359532932200818,-1.127329232244191,0.00028061271836822186,-0.001807210097631655,-0.0020878228159998766
171.80000000000194,-0.6590818301197038,0.001479250961382017,-1.7864888556418894,0.0006330451820839578,-1.1274070255221855,0.00026616268481492294,-0.0018291793012740433,-0.0020953419860889663
171.90000000000194,-0.6593384908646172,0.0014712566303776708,-1.786820932855342,0.0006302175500826346,-1.1274824419907248,0.00024923819607868333,-0.001851245559628522,-0.0021004837557072054
172.00000000000193,-0.6595956228462981,0.0014638240474942332,-1.7871529737303016,0.0006276309155397453,-1.1275573508840036,0.00023184238254576108,-0.0018732753529781885,-0.0021051177355239496
172.10000000000196,-0.6598527548279793,0.00145639146461074,-1.7874848899767577,0.0006251925589363383,-1.1276321351487784,0.000214446569012834,-0.0018951803936064237,-0.0021096269626192576
172.20000000000195,-0.6601098868096604,0.0014489588817273025,-1.7878165798384424,0.0006225772449969247,-1.127706693028782,0.00019705075547991186,-0.0019168589275212226,-0.0021139096830011346
172.30000000000194,-0.6603670187913414,0.0014415262988437538,-1.7881479645629725,0.0006196567939046327,-1.1277809457716312,0.0001796549419469896,-0.001938232204563508,-0.002117887146510498
172.40000000000197,-0.6606241507730226,0.0014340937159603162,-1.788479074265965,0.0006165427274722468,-1.1278549234929425,0.00016225912841406258,-0.001959330342546949,-0.0021215894709610116
172.50000000000196,-0.6608812827547037,0.001426661133076823,-1.788810274085988,0.0006132650300390008,-1.1279289913312842,0.00014486331488114033,-0.001980518482163591,-0.0021253817970447314
172.60000000000196,-0.6611384147363848,0.00141922855019333,-1.7891415307828678,0.0006099985773473371,-1.128003116046483,0.00012746750134821818,-0.00200176338535132,-0.002129230886699538
172.70000000000195,-0.6613955467180658,0.0014117959673098923,-1.7894727792552636,0.0006066605493888488,-1.1280772325371977,0.00011007168781529604,-0.002022999952862088,-0.002133071640677384
172.80000000000194,-0.6616526786997469,0.0014043633844263992,-1.7898039154885943,0.0006030328948121166,-1.1281512367888475,9.267587428237378e-05,-0.0020441241721164257,-0.0021368000463987996
172.90000000000197,-0.66190693493494,0.0013990750750750292,-1.7901346305696442,0.0005991537099633293,-1.1282276956347042,7.815542081023399e-05,-0.0020648271319004975,-0.0021429825527107312
173.00000000000196,-0.6621606886886937,0.0013941701701700726,-1.7904652378137584,0.0005951410858036077,-1.1283045491250647,6.413738330556245e-05,-0.0020854221495334607,-0.002149559532839023
173.10000000000196,-0.6624144424424474,0.0013892652652651716,-1.7907958229112217,0.000591027736301486,-1.1283813804687743,5.0119345800890905e-05,-0.002105994917212783,-0.002156114263013674
173.20000000000198,-0.6626681961962012,0.0013843603603602705,-1.7911260760850989,0.0005867824478923422,-1.1284578798888978,3.610130829621557e-05,-0.0021262356598744326,-0.002162336968170648
173.30000000000197,-0.662921949949955,0.0013794554554553695,-1.7914558598496733,0.0005821599925114329,-1.1285339098997182,2.2083270791544026e-05,-0.002146006893681304,-0.0021680901644728482
173.40000000000197,-0.6631757037037087,0.0013745505505504685,-1.7917852006746968,0.0005771314619320567,-1.1286094969709881,8.065233286872484e-06,-0.002165335090193129,-0.0021734003234800013
173.50000000000196,-0.6634294574574624,0.001369645645645512,-1.7921142395636376,0.0005717141322384434,-1.1286847821061752,-5.95280421779895e-06,-0.0021843612546592417,-0.0021784084504414426
173.60000000000196,-0.6636832112112162,0.0013647407407406664,-1.7924426457601994,0.0005659521735561501,-1.128759434548983,-1.99708417224706e-05,-0.002202754632548056,-0.0021827837908255853
173.70000000000198,-0.66393696496497,0.0013598358358357654,-1.7927704544477039,0.0005599687722189772,-1.1288334894827339,-3.398887922714594e-05,-0.002220550408902626,-0.00218656152967548
173.80000000000197,-0.6641907187187237,0.0013549309309308089,-1.793097823424975,0.000553621411020444,-1.1289071047062513,-4.800691673181748e-05,-0.002237906384236063,-0.0021898994675042457
173.90000000000197,-0.6644482667667719,0.0013473638638637486,-1.7934251694611951,0.0005471985706564375,-1.1289769026944232,-6.581956963383603e-05,-0.0022552393293779607,-0.0021894197597441246
174.000000000002,-0.6647064249249302,0.0013393558558557062,-1.7937529243025045,0.0005408448737527216,-1.1290464993775744,-8.424238270669858e-05,-0.002272980992129651,-0.002188738609422952
174.10000000000198,-0.6649645830830881,0.0013313478478476637,-1.7940810605113566,0.000534553162499285,-1.1291164774282685,-0.00010266519577955592,-0.0022911039365226316,-0.002188438740743076
174.20000000000198,-0.6652227412412464,0.0013233398398396767,-1.7944092869936867,0.0005282417267933326,-1.1291865457524404,-0.00012108800885241337,-0.0023093170700643176,-0.0021882290612119043
174.30000000000197,-0.6654808993994046,0.0013153318318316898,-1.794737269833201,0.0005216967917993642,-1.1292563704337963,-0.00013951082192527082,-0.002327286478010693,-0.0021877756560854224
174.40000000000197,-0.6657390575575626,0.0013073238238236473,-1.7950648227565225,0.0005151044627533796,-1.1293257651989599,-0.00015793363499812805,-0.0023448258885019413,-0.002186892253503813
174.500000000002,-0.6659972157157209,0.0012993158158156604,-1.7953918283956194,0.0005083390908600105,-1.1293946126798984,-0.0001763564480709906,-0.0023618179349824916,-0.0021854614869115012
174.60000000000198,-0.666255373873879,0.0012913078078076179,-1.7957183827111516,0.0005011235546016346,-1.1294630088372726,-0.00019477926114384804,-0.0023783585795880326,-0.002183579318444185
174.70000000000198,-0.6665135320320372,0.001283299799799631,-1.7960444901933639,0.0004934802947431649,-1.1295309581613266,-0.0002132020742167055,-0.002394452313980418,-0.0021812502397637124
174.800000000002,-0.6667716901901953,0.001275291791791644,-1.796370485889831,0.00048573663587536675,-1.1295987956996356,-0.00023162488728956804,-0.002410434187159408,-0.00217880929986984
174.900000000002,-0.6670424154154209,0.001259385385385059,-1.796696789861061,0.0004782284954794047,-1.1296543744456402,-0.00026261503413552124,-0.002426724261005142,-0.0021641092268696207
175.000000000002,-0.6673149879879934,0.0012422682682679542,-1.797023563541515,0.00047108427161901556,-1.1297085755535217,-0.00029545256638423777,-0.002443483971331624,-0.0021480314049473863
175.10000000000198,-0.6675875605605659,0.001225151151150794,-1.7973506246931963,0.00046436974501506967,-1.1297630641326304,-0.0003282900986329542,-0.00246053108148816,-0.0021322409828552057
175.20000000000198,-0.6678601331331385,0.0012080340340336893,-1.7976776444030107,0.00045833888309820825,-1.1298175112698723,-0.00036112763088167095,-0.0024775366796769933,-0.0021164090487953225
175.300000000002,-0.6681327057057111,0.0011909169169165845,-1.798004230352912,0.0004529730385466335,-1.1298715246472009,-0.0003939651631303968,-0.002494108449145482,-0.0021001432860150854
175.400000000002,-0.6684052782782837,0.0011737997997994243,-1.798330196472004,0.00044765234369881224,-1.1299249181937203,-0.00042680269537911323,-0.002510060320251614,-0.0020832576248725008
175.500000000002,-0.6686778508508563,0.0011566826826823196,-1.7986552669323284,0.00044156338998513345,-1.1299774160814722,-0.00045964022762782987,-0.002525116466274027,-0.0020654762386461975
175.600000000002,-0.6689504234234289,0.0011395655655652703,-1.7989794636446224,0.0004346282239098276,-1.1300290402211934,-0.0004924777598765558,-0.002539298799173058,-0.0020468210392965026
175.700000000002,-0.6692229959960014,0.00112244844844811,-1.7993032887288463,0.0004271257884481683,-1.1300802927328448,-0.0005253152921252723,-0.00255310944009847,-0.0020277941479731974
175.800000000002,-0.669495568568574,0.0011053313313310054,-1.7996272317839141,0.00041950296936321685,-1.1301316632153402,-0.0005581528243739889,-0.002567037989137622,-0.002008885164763633
175.900000000002,-0.6697849640341802,0.0010858237536129356,-1.7999518441263973,0.0004121940990147177,-1.130166880092217,-0.0006078134711027076,-0.0025816357640084764,-0.0019738222929057687
176.000000000002,-0.6700765613930622,0.0010658980664026707,-1.8002769914241235,0.00040502872896053255,-1.1302004300310613,-0.0006596760398443231,-0.00259676843367089,-0.001937092393826567
176.100000000002,-0.6703681587519441,0.0010459723791924058,-1.8006023632308281,0.0003979243686774714,-1.130234204478884,-0.0007115386085859532,-0.0026121255529681893,-0.0019005869443822362
176.200000000002,-0.6706597561108261,0.0010260466919821964,-1.8009275471514976,0.00039074176422704276,-1.1302677910406715,-0.0007634011773275685,-0.002627294727973948,-0.0018638935506463798
176.300000000002,-0.670951353469708,0.0010061210047719316,-1.8012523405382408,0.00038361801423092423,-1.1303009870685328,-0.0008152637460691839,-0.0026420733118701772,-0.0018268095658009933
176.40000000000202,-0.67124295082859,0.0009861953175616667,-1.801577418453277,0.0003767023818824766,-1.130334467624687,-0.0008671263148108139,-0.002657136367917595,-0.001790010053106781
176.50000000000202,-0.6715345481874719,0.0009662696303514018,-1.80190283644047,0.0003697804087752221,-1.130368288252998,-0.0009189888835524292,-0.002672539441017999,-0.0017535505574655698
176.600000000002,-0.6718261455463539,0.0009463439431411369,-1.8022282504974139,0.00036279991680254753,-1.13040210495106,-0.0009708514522940445,-0.002687938529774379,-0.0017170870774803344
176.700000000002,-0.6721177429052357,0.000926418255930872,-1.8025534716151352,0.0003556645714370976,-1.1304357287098994,-0.0010227140210356598,-0.0027031446262016185,-0.0016804306051659587
176.800000000002,-0.6724093402641176,0.0009064925687206626,-1.8028783234398413,0.00034783447841169046,-1.1304689831757238,-0.0010745765897772755,-0.0027179813774934457,-0.0016434047877161703
176.90000000000202,-0.672725076576583,0.0008594549549539865,-1.803202868878573,0.00033934244512701106,-1.1304777923019902,-0.0011505782969880283,-0.0027325116916334475,-0.0015819333946454192
177.00000000000202,-0.6730434949950015,0.0008094049049039431,-1.8035271656220706,0.00033029837930242945,-1.1304836706270691,-0.0012292621306947324,-0.0027467932603104433,-0.0015175311296157109
177.100000000002,-0.6733619134134199,0.0007593548548538442,-1.8038515388346092,0.000321180305740687,-1.1304896254211894,-0.001307945964401436,-0.002761151248720397,-0.0014532052843189611
177.20000000000203,-0.6736803318318383,0.0007093048048038009,-1.8041759280578589,0.00031229631500739874,-1.1304955962260206,-0.001386629798108162,-0.00277552519942143,-0.001388895401313268
177.30000000000203,-0.6739987502502567,0.0006592547547537575,-1.80449924311998,0.000303141436950205,-1.1305004928697233,-0.0014653136318148663,-0.00278882494124426,-0.0013235113094293939
177.40000000000202,-0.6743171686686751,0.0006092047047037141,-1.8048222675702519,0.00029438591948593995,-1.1305050989015768,-0.0015439974655215697,-0.002801834024594518,-0.0012578365590729481
177.50000000000202,-0.6746355870870935,0.0005591546546536152,-1.8051453620880817,0.00028586771365401997,-1.1305097750009883,-0.0016226812992282732,-0.002814913129729286,-0.0011922318305010128
177.600000000002,-0.6749540055055119,0.0005091046046035719,-1.8054685233357999,0.00027753275323905147,-1.130514517830288,-0.0017013651329349773,-0.00282805891982714,-0.0011266937868921625
177.70000000000203,-0.6752724239239304,0.0004590545545535285,-1.8057914015558898,0.0002688694008905479,-1.1305189776319593,-0.0017800489666417035,-0.0028409216381891102,-0.0010608726715474067
177.80000000000203,-0.6755908423423488,0.0004090045045034296,-1.8061142480492025,0.0002602863692948709,-1.1305234057068536,-0.001858732800348407,-0.0028537525864875957,-0.0009950197861391887
177.90000000000202,-0.675921404809626,0.0003465991983954697,-1.806436954537606,0.0002517642493621297,-1.13051554972798,-0.0019495608363817444,-0.0028664434873755537,-0.0009168826509938094
178.00000000000205,-0.6762531683366801,0.0002829719438864897,-1.806759484226811,0.00024345285396698557,-1.130506315890131,-0.0020415899473701917,-0.002878957547348731,-0.0008373675999785394
178.10000000000204,-0.6765849318637343,0.00021934468937745422,-1.8070815159992195,0.00023506173410947628,-1.1304965841354853,-0.0021336190583586124,-0.002890973649577666,-0.0007573545912190538
178.20000000000203,-0.6769166953907884,0.00015571743486841871,-1.807400819309667,0.0002240841005454186,-1.1304841239188785,-0.0022256481693470327,-0.002900261249648409,-0.0006746130803013763
178.30000000000203,-0.6772484589178425,9.209018035943872e-05,-1.807716531380232,0.00020978844532448804,-1.1304680724623895,-0.002317677280335454,-0.002905957570381295,-0.0005882802900458411
178.40000000000202,-0.6775802224448966,2.846292585040322e-05,-1.8080347860796966,0.00019827073507860948,-1.1304545636348,-0.0024097063913238745,-0.00291419648127583,-0.0005044900899519554
178.50000000000205,-0.6779119859719507,3.516432865863228e-05,-1.8083591601720888,0.00019359497044446616,-1.130447174200138,-0.0025017355023123217,-0.002928554747083947,-0.00042681924477162543
178.60000000000204,-0.6782437494990048,9.879158316761227e-05,-1.808686600204145,0.0001930300763468562,-1.1304428507051403,-0.0025937646133007424,-0.0029459789152313826,-0.0003522143019306402
178.70000000000203,-0.6785755130260589,0.00016241883767664778,-1.8090113647025858,0.00019034671203843612,-1.130435851676527,-0.002685793724289163,-0.0029607275131262366,-0.00027493378883707356
178.80000000000206,-0.678907276553113,0.0002260460921857388,-1.8093312936495123,0.00018303470716607428,-1.1304240170963993,-0.0027778228352776098,-0.0029706405235470244,-0.00019281768826941463
178.90000000000205,-0.6792562327327399,0.0003058123123139689,-1.8096493640171594,0.0001740874262440295,-1.1303931312844195,-0.002887044727625005,-0.0029786949193911084,-9.165019176610341e-05
179.00000000000205,-0.6796064829829902,0.0003867932932949403,-1.8099683356673024,0.00016599661618788009,-1.1303618526843122,-0.0029975607002893302,-0.002987650563079359,9.910137209971377e-06
179.10000000000204,-0.6799567332332404,0.0004677742742759672,-1.8102872283812887,0.00015781463258979223,-1.1303304951480484,-0.003108076672953656,-0.0029965272365978916,0.0001115494363557643
179.20000000000203,-0.6803069834834906,0.0005487552552568831,-1.8106035684756023,0.00014686895634774544,-1.1302965849921116,-0.003218592645617981,-0.003002851257056765,0.00021574138856121595
179.30000000000206,-0.6806572337337409,0.00062973623623791,-1.8109170116206186,0.00013264930481238224,-1.1302597778868777,-0.0033291086182823384,-0.003006278295444921,0.00032283032283741747
179.40000000000205,-0.6810074839839912,0.0007107172172188814,-1.8112298379075742,0.0001182747747296986,-1.130222353923583,-0.0034396245909466636,-0.0030090884436060196,0.00043053614734064405
179.50000000000205,-0.6813577342342414,0.0007916981981997973,-1.8115465874507992,0.00010889015393500401,-1.1301888532165578,-0.0035501405636109893,-0.0030158218164565197,0.0005343187471544696
179.60000000000207,-0.6817079844844918,0.0008726791791808242,-1.811869499159656,0.00010709930940999701,-1.1301615146751642,-0.0036606565362753466,-0.003028717323744647,0.0006319392125306994
179.70000000000206,-0.6820582347347419,0.0009536601601617956,-1.8121946467242345,0.00010885410052174915,-1.1301364119894926,-0.0037711725089396722,-0.003043848656308619,0.0007273238526310532
179.80000000000206,-0.6824084849849921,0.001034641141142767,-1.8125178785049183,0.0001084158237256716,-1.1301093935199262,-0.0038816884816039975,-0.0030570641751260673,0.0008246243064779302
179.90000000000205,-0.6827734872658304,0.0011240698484072942,-1.8128410161717698,0.00010757592172472297,-1.1300675289059394,-0.004006956591773755,-0.0030701855507994716,0.0009367710409742833
180.00000000000205,-0.683139431165642,0.001214037772242993,-1.8131682020703135,0.00011062401277694978,-1.1300287709046715,-0.00413316632774139,-0.003087355129398567,0.0010458111983428233
180.10000000000207,-0.6835053750654537,0.0013040056960786917,-1.8134961061248673,0.00011443595560245434,-1.1299907310594137,-0.00425937606370906,-0.0031052428357713135,0.0011541332279377467
180.20000000000206,-0.6838713189652654,0.0013939736199143902,-1.8138173069836774,0.00011154883999575649,-1.129945988018412,-0.004385585799676695,-0.0031164273186827136,0.001269158480993981
180.30000000000206,-0.684237262865077,0.0014839415437500336,-1.8141300361460058,0.00010000548041466661,-1.1298927732809287,-0.00451179553564433,-0.0031191400779076364,0.0013926554577366936
180.40000000000208,-0.6846032067648887,0.0015739094675857324,-1.8144384518283174,8.38516664084521e-05,-1.1298352450634286,-0.004638005271612001,-0.0031175393304059954,0.0015204659412060054
180.50000000000207,-0.6849691506647003,0.0016638773914213756,-1.8147469384973802,6.764827990757283e-05,-1.1297777878326798,-0.004764215007579635,-0.003116009543445624,0.0016482054641340114
180.60000000000207,-0.6853350945645119,0.0017538453152570188,-1.8150576502823559,5.4008963844109914e-05,-1.1297225557178439,-0.004890424743547271,-0.003116704846665276,0.0017737198968819944
180.70000000000206,-0.6857010384643236,0.0018438132390927175,-1.81537143181906,4.413925959301235e-05,-1.1296703933547363,-0.005016634479514906,-0.0031204698763556762,0.0018961646031592297
180.80000000000206,-0.6860669823641352,0.0019337811629283608,-1.8156861381903806,3.604133651657904e-05,-1.1296191558262454,-0.00514284421548254,-0.003125159715874854,0.0020176844996076864
180.90000000000208,-0.6864572181329708,0.0020486115263584903,-1.8159956881265198,2.3938557384473036e-05,-1.1295384699935491,-0.0052933459096297895,-0.00312469309587716,0.0021686528137526296
181.00000000000207,-0.6868484629348869,0.002164480952899228,-1.8162963643552161,3.6818491606638304e-06,-1.1294479014203294,-0.0054448566410742845,-0.0031153527445511343,0.00232950389652315
181.10000000000207,-0.687239707736803,0.002280350379439966,-1.8165921497475637,2.1181944035442157e-05,-1.1293524420107608,-0.0055963673725187785,-0.0031011215334312454,0.002495245839087533
181.2000000000021,-0.6876309525387192,0.0023962198059807593,-1.816891745740881,4.187508141173524e-05,-1.1292607932021619,-0.005747878103963316,-0.003090700900267883,0.002657177203695433
181.3000000000021,-0.6880221973406354,0.0025120892325215527,-1.8172001782472647,5.3857372830257155e-05,-1.1291779809066291,-0.005899388835407811,-0.0030891167575939904,0.0028102720778138204
181.40000000000208,-0.6884134421425515,0.0026279586590622905,-1.8175135204840056,6.287740903143657e-05,-1.129100078341454,-0.006050899566852306,-0.0030924423231211817,0.002958457243731124
181.50000000000207,-0.6888046869444677,0.002743828085603084,-1.8178208696389455,7.925840486133762e-05,-1.1290161826944778,-0.0062024102982968,-0.0030897747850597472,0.0031126355132370526
181.60000000000207,-0.6891959317463838,0.0028596975121438217,-1.818117545410834,0.00010825830398819569,-1.1289216136644502,-0.006353921029741295,-0.0030764338425872603,0.0032774871871540344
181.7000000000021,-0.6895871765482999,0.0029755669386846706,-1.8184098152429162,0.0001440393914921012,-1.1288226386946163,-0.006505431761185832,-0.0030586869393346523,0.00344674482185118
181.8000000000021,-0.689978421350216,0.003091436365225408,-1.8187039170619448,0.0001744464983346461,-1.1287254957117288,-0.006656942492630327,-0.0030427720024460156,0.0036141704901843114
181.90000000000208,-0.6903923446893874,0.0032306813627283604,-1.819001203605438,0.00019564184761278192,-1.1286088589160506,-0.0068311318356594165,-0.0030300417698199064,0.00380109006583951
182.0000000000021,-0.6908067234469025,0.0033704108216462414,-1.81929450962605,0.00020768066885434866,-1.1284877861791474,-0.007005776599356774,-0.0030133309944779113,0.003992445604878863
182.1000000000021,-0.6912211022044175,0.0035101402805640114,-1.8195713261579594,0.0002081755396530216,-1.128350223953542,-0.007180421363054084,-0.0029801307109674196,0.004200290652086665
182.2000000000021,-0.6916354809619325,0.0036498697394818924,-1.8198423970014415,0.0002136184226008142,-1.128206916039509,-0.007355066126751393,-0.0029411847199273377,0.004413881406824055
182.3000000000021,-0.6920498597194475,0.003789599198399718,-1.820128270171542,0.0002383037018459655,-1.1280784104520944,-0.007529710890448703,-0.002917041036755107,0.004612669853693596
182.40000000000208,-0.6924642384769626,0.003929328657317488,-1.8204336850515235,0.00027743004099856083,-1.1279694465745609,-0.007704355654146011,-0.0029124390450603584,0.004791916609085653
182.5000000000021,-0.6928786172344776,0.004069058116235369,-1.8207445406428753,0.00031620318639324907,-1.1278659234083976,-0.007879000417843372,-0.002913277746668526,0.004965722671174845
182.6000000000021,-0.6932929959919927,0.0042087875751531945,-1.8210440864180342,0.0003487714532700581,-1.1277510904260415,-0.00805364518154068,-0.0029028066143525428,0.005150838567188137
182.7000000000021,-0.6937073747495076,0.00434851703407102,-1.8213309337958048,0.0003847395471535675,-1.127623559046297,-0.008228289945237988,-0.002879637067243701,0.005348652877994287
182.80000000000211,-0.6941217535070223,0.004488246492988457,-1.821617634091695,0.0004309031255255169,-1.1274958805846726,-0.008402934708934958,-0.002856320421170979,0.005546614287763979
182.9000000000021,-0.6945180490661085,0.004608985002038601,-1.821911976420966,0.00047930011047858656,-1.1273939273548574,-0.008559496336497876,-0.0028406457917120424,0.005718850544785834
183.0000000000021,-0.6949143538879644,0.004729714248318917,-1.8222095899758906,0.0005191950504195297,-1.1272952360879263,-0.008716067227480992,-0.0028282423714500677,0.005887824856030924
183.1000000000021,-0.6953106587098203,0.004850443494599288,-1.8225020628882682,0.0005505300782768785,-1.1271914041784479,-0.008872638118464109,-0.0028106982924865588,0.00606193982597755
183.2000000000021,-0.6957069635316762,0.004971172740879604,-1.8227857741951214,0.0005758129886981322,-1.1270788106634453,-0.009029209009447226,-0.0027843925921443493,0.0062448164173028765
183.30000000000211,-0.6961032683535322,0.00509190198716003,-1.8230606239248908,0.0005939024670326143,-1.1269573555713586,-0.009185779900430388,-0.0027492252991554228,0.006436554601274965
183.4000000000021,-0.6964995731753882,0.005212631233440346,-1.8233270383810016,0.0006111779781079463,-1.1268274652056134,-0.009342350791413503,-0.0027056227172351835,0.0066367280741783195
183.5000000000021,-0.6968958779972441,0.005333360479720661,-1.8235883278125167,0.0006416051095529118,-1.1266924498152726,-0.00949892168239662,-0.0026568950957254296,0.006842026586671191
183.60000000000213,-0.6972921828191001,0.005454089726001088,-1.8238507494875709,0.000690795871354899,-1.1265585666684708,-0.009655492573379781,-0.002609299703041445,0.007046192870338336
183.70000000000212,-0.6976884876409559,0.005574818972281459,-1.8241199049764651,0.0007467888983123672,-1.1264314173355092,-0.009812063464362898,-0.002568438109753958,0.00724362535460894
183.80000000000211,-0.6980839096972798,0.005694665453029768,-1.8243977448759545,0.0007923379883171267,-1.1263138351786748,-0.009967751590313231,-0.002536260912886163,0.007431490677427068
183.9000000000021,-0.6984442519182585,0.005763080747081206,-1.8246861420478262,0.0008204394365681766,-1.1262418901295677,-0.010088359931852437,-0.0025146409744889395,0.007573718957363498
184.0000000000021,-0.6988046767218197,0.00583141345855015,-1.8249829307838983,0.000843682626391673,-1.1261782540620786,-0.010209050856241455,-0.002501412586633379,0.0077076382696080765
184.10000000000213,-0.6991651015253808,0.005899746170019149,-1.8252774234316094,0.0008817873981061819,-1.1261123219062286,-0.010329741780630508,-0.002485888097013915,0.007843853683616593
184.20000000000212,-0.6995255263289417,0.005968078881488148,-1.8255518157867185,0.00093134226378766,-1.1260262894577768,-0.010450432705019524,-0.0024502633016372784,0.008000169403382246
184.30000000000211,-0.6998859511325028,0.006036411592957147,-1.825747909245968,0.000952674007568155,-1.1258619581134652,-0.010571123629408541,-0.002336339597489249,0.008234784031919292
184.40000000000214,-0.700246375936064,0.006104744304426146,-1.8257577291106735,0.0009411697108949735,-1.1255113531746095,-0.010691814553797592,-0.002036142286122623,0.008655672267674969
184.50000000000213,-0.7006068007396251,0.006173077015895145,-1.825607188656805,0.0009533086508618505,-1.12500038791718,-0.01081250547818661,-0.0015755846437445211,0.00923692083444209
184.60000000000213,-0.7009672255431861,0.006241409727364089,-1.8255585314267195,0.0010241446600670612,-1.1245913058835333,-0.010933196402575627,-0.00121691021293983,0.009716286189635796
184.70000000000212,-0.7013276503467472,0.006309742438833088,-1.8258505577936914,0.0011147473834800525,-1.1245229074469443,-0.011053887326964645,-0.0011989193672099188,0.009854967959754726
184.80000000000211,-0.7016842787787846,0.006374278778778053,-1.826406486024493,0.0011815536748061017,-1.1247222072457084,-0.01117078188064951,-0.001444830373549377,0.009725951507100133
184.90000000000214,-0.7019591590698975,0.006338337426604224,-1.8269704094264545,0.0012245604313017022,-1.125011250356557,-0.011205928335041955,-0.0016987365395040798,0.009507191795537875
185.00000000000213,-0.7022340393610101,0.006302396074430394,-1.827415955384538,0.001253916797537169,-1.1251819160235277,-0.011241074789434388,-0.0018342652502517285,0.009406809539182659
185.10000000000213,-0.7025089196521229,0.00626645472225662,-1.8277778498986468,0.0012694990882632373,-1.125268930246524,-0.011276221243826823,-0.001886142505906125,0.009390078737920698
185.20000000000215,-0.7027837999432357,0.006230513370082735,-1.8281028415852818,0.0012860381258621434,-1.125319041642046,-0.011311367698219268,-0.0019011169231706846,0.009410250775048583
185.30000000000214,-0.7030586802343485,0.006194572017908961,-1.828415093937761,0.0013169939621078264,-1.1253564137034124,-0.011346514152611703,-0.0019033519955688068,0.009443162157042896
185.40000000000214,-0.7033335605254611,0.006158630665735132,-1.8287205820292172,0.0013599266372696928,-1.125387021503756,-0.011381660607004138,-0.0018988227964268365,0.0094828378105773
185.50000000000213,-0.7036084408165739,0.0061226893135613025,-1.8290196741621503,0.001399120708566959,-1.1254112333455764,-0.011416807061396571,-0.0018878976284583265,0.009528909432938245
185.60000000000213,-0.7038833211076867,0.006086747961387473,-1.8293141119250365,0.0014187808709063,-1.1254307908173498,-0.011451953515789006,-0.0018723180802464978,0.009579635435542508
185.70000000000215,-0.7041582013987995,0.006050806609213644,-1.8296036737040229,0.0014193775576862855,-1.1254454723052234,-0.01148709997018145,-0.0018518625381992908,0.00963523743198216
185.80000000000214,-0.7044340025025092,0.006014494994993624,-1.8298848908205847,0.0014149973493565726,-1.1254508883180754,-0.011523167238372593,-0.0018230623239749446,0.009700104914397649
185.90000000000214,-0.7047466651651719,0.005951782282280937,-1.830151984685433,0.0014140468673521367,-1.1254053195202611,-0.011596096099179984,-0.0017801388484654434,0.00981595725071454
186.00000000000216,-0.7050593278278345,0.005889069569568195,-1.8304003444875931,0.0014123868391691108,-1.1253410166597586,-0.011669024959987393,-0.0017184813008724452,0.009950543659114948
186.10000000000215,-0.7053719904904973,0.005826356856855508,-1.8306308659503812,0.0014118390932196245,-1.1252588754598838,-0.011741953820794782,-0.001638985404687758,0.010102968416107024
186.20000000000215,-0.7056846531531599,0.0057636441441427655,-1.8308498189439122,0.001424919440919492,-1.1251651657907522,-0.011814882681602171,-0.0015479210301952515,0.01026696165140692
186.30000000000214,-0.7059973158158226,0.0057009314314300785,-1.8310608335760212,0.0014579377545997918,-1.1250635177601986,-0.01188781154240956,-0.0014489182853998014,0.010438893257009758
186.40000000000214,-0.7063099784784852,0.0056382187187173916,-1.8312648969231349,0.0014984378900740893,-1.1249549184446497,-0.01196074040321695,-0.0013429642468905543,0.010617776156326395
186.50000000000216,-0.7066226411411479,0.005575506006004649,-1.8314622877996252,0.0015300293711377755,-1.1248396466584771,-0.01203366926402436,-0.0012303377292021307,0.01080333153482223
186.60000000000215,-0.7069353038038105,0.005512793293291907,-1.8316522791239498,0.001547569268032567,-1.1247169753201391,-0.012106598124831749,-0.0011103116509497432,0.010996286473882006
186.70000000000215,-0.7072479664664731,0.005450080580579275,-1.8318354130525192,0.0015560712450662928,-1.124587446586046,-0.012179526985639138,-0.0009834281687008182,0.011196098816938319
186.80000000000217,-0.7075628705248416,0.0053865619075967874,-1.8320137541889272,0.0015542899817722056,-1.1244508836640856,-0.012254697243424812,-0.0008517518862008462,0.011402945357223965
186.90000000000217,-0.7079382844156863,0.005285021890625907,-1.8321796973589377,0.0015318386403437856,-1.1242414129432514,-0.01239037736104138,-0.000707677629364185,0.011682699731677196
187.00000000000216,-0.708313698306531,0.0051834818736550825,-1.8323104523945926,0.0014876533146306326,-1.1239967540880615,-0.01252605747865795,-0.0005284152303788965,0.011997642248279053
187.10000000000215,-0.7086891121973757,0.005081941856684147,-1.8323944278319337,0.0014403632265486133,-1.123705315634558,-0.012661737596274519,-0.00030237322543288795,0.012359364370841631
187.20000000000215,-0.7090645260882206,0.0049804018397132666,-1.8324476469591673,0.0014110681768697564,-1.1233831208709466,-0.012797417713891089,-4.557490287263391e-05,0.012751842811018455
187.30000000000217,-0.7094399399790654,0.004878861822742331,-1.8324882732800365,0.0014028183005456718,-1.123048333300971,-0.012933097831507695,0.00022381623341924677,0.013156914064926943
187.40000000000217,-0.7098153538699101,0.004777321805771506,-1.8325128202777927,0.0014099177533045681,-1.1226974664078826,-0.013068777949124264,0.0005092867000559158,0.01357806464918018
187.50000000000216,-0.7101907677607548,0.00467578178880057,-1.8325096470585547,0.001428474034129601,-1.1223188792977998,-0.013204458066740834,0.0008224773907829702,0.014026935457523804
187.60000000000218,-0.7105661816515998,0.00457424177182969,-1.8324755438032416,0.0014461722373440011,-1.1219093621516418,-0.013340138184357442,0.0011665981245514339,0.014506736308908877
187.70000000000218,-0.7109415955424444,0.00447270175485881,-1.832413484236067,0.001442142096279242,-1.1214718886936228,-0.01347581830197401,0.0015386751770162445,0.015014493478990256
187.80000000000217,-0.7113152705390835,0.004374266535071114,-1.8323252558767011,0.0014125153543206315,-1.1210099853376176,-0.01360975952678604,0.001936921028381529,0.015546680555167568
187.90000000000217,-0.7116520039658971,0.004330919881804618,-1.8322100616284902,0.0013731578758572338,-1.120558057662593,-0.013706759203870782,0.002362132775177233,0.016068891979048015
188.00000000000216,-0.7119887373927106,0.004287573228538233,-1.8320649334643153,0.0013348757743181228,-1.1200761960716048,-0.013803758880955525,0.0028172784443994564,0.01662103732535498
188.10000000000218,-0.7123254708195244,0.004244226575271737,-1.831888830055359,0.0012978763038116181,-1.1195633592358347,-0.013900758558040295,0.0033033993647457543,0.01720415792278605
188.20000000000218,-0.7126622042463379,0.004200879922005241,-1.8316805998598986,0.0012658242113794405,-1.1190183956135606,-0.013997758235125038,0.0038216470778211914,0.017819405312946228
188.30000000000217,-0.7129989376731514,0.0041575332687387445,-1.831431402441976,0.0012470108976690986,-1.1184324647688246,-0.01409475791220978,0.004380862019468728,0.018475619931678507
188.4000000000022,-0.7133356710999651,0.004114186615472248,-1.8311286466664658,0.001247339188943486,-1.1177929755665006,-0.01419175758929455,0.0049936353247006255,0.019185392913995174
188.5000000000022,-0.7136724045267786,0.004070839962205752,-1.830771265172905,0.0012647260774596436,-1.1170988606461263,-0.014288757266379293,0.005661034353867089,0.019949791620246383
188.60000000000218,-0.7140091379535922,0.004027493308939256,-1.8303684417175217,0.0012806962457845295,-1.1163593037639294,-0.014385756943464036,0.006373875350632319,0.020759632294096355
188.70000000000218,-0.7143458713804057,0.0039841466556728156,-1.8299286103468604,0.0012737372010735992,-1.1155827389664545,-0.014482756620548778,0.007123724268343701,0.021606480888892478
188.80000000000217,-0.714683750573226,0.0039441052826373335,-1.8294491071500936,0.0012433185811647762,-1.1147653565768676,-0.01458090206507616,0.007913245017724205,0.022494147082800363
188.9000000000022,-0.7150272160828238,0.003943482615882399,-1.8289218447015718,0.0012057102953804133,-1.1138946286187479,-0.014684633844240362,0.008750525024318957,0.02343515886855932
189.0000000000022,-0.7153706815924217,0.00394285994912752,-1.8283469764756588,0.0011699632562921503,-1.1129762948832371,-0.014788365623404534,0.009635410813664109,0.024423776437068643
189.10000000000218,-0.7157141471020194,0.003942237282372585,-1.8277331950029072,0.0011346286323030697,-1.1120190479008878,-0.014892097402568706,0.01055920985510618,0.025451307257674888
189.2000000000022,-0.7160576126116172,0.00394161461561765,-1.8270802641371584,0.0010991268401633336,-1.1110226515255412,-0.014995829181732907,0.011522158294706885,0.02651798747643979
189.3000000000022,-0.7164010781212149,0.003940991948862715,-1.8263715677545913,0.0010688627666187722,-1.1099704896333764,-0.015099560960897079,0.012540872256190817,0.027640433217087895
189.4000000000022,-0.7167445436308126,0.003940369282107781,-1.825589705144195,0.0010483876560283267,-1.1088451615133823,-0.015203292740061252,0.01363275245047484,0.02883604519053609
189.5000000000022,-0.7170880091404104,0.003939746615352846,-1.8247313644922314,0.0010381984633798247,-1.107643355351821,-0.015307024519225424,0.01480111069120281,0.03010813521042823
189.60000000000218,-0.7174314746500083,0.003939123948597911,-1.8238040727525089,0.0010341029714227012,-1.1063725981025005,-0.015410756298389595,0.016038420024480728,0.03144917632287032
189.7000000000022,-0.7177749401596061,0.0039385012818429765,-1.8228166077570793,0.0010330206864478386,-1.1050416675974732,-0.015514488077553798,0.017335902618164867,0.03285039069571866
189.8000000000022,-0.7181279565958841,0.003948321961242174,-1.821756455634517,0.0010282594382932109,-1.1036284990386327,-0.015627770784817887,0.01870607234359165,0.034333843128409536
189.9000000000022,-0.7185658158479217,0.004053248280346811,-1.820606334315277,0.0010138040598267617,-1.1020405184673554,-0.01582589632226505,0.020166211270219673,0.03599210759248472
190.00000000000222,-0.7190036750999593,0.004158174599451503,-1.8193662201537664,0.0009894190504714517,-1.100362545053807,-0.01602402185971227,0.021716343043557663,0.03774036490326993
190.1000000000022,-0.7194415343519969,0.00426310091855614,-1.8180560066010985,0.0009545502255881022,-1.0986144722491016,-0.01622214739715943,0.02333657421240925,0.03955872160956868
190.2000000000022,-0.7198793936040345,0.004368027237660832,-1.8166889437012685,0.0009077892229121254,-1.096809550097234,-0.016420272934606597,0.025013654732698183,0.041433927667304776
190.3000000000022,-0.7203172528560721,0.004472953556765469,-1.8152521146332452,0.0008615136907520471,-1.094934861777173,-0.016618398472053757,0.026760501425375463,0.04337889989742922
190.4000000000022,-0.7207551121081097,0.004577879875870161,-1.8137232900260036,0.0008318739550493559,-1.092968177917894,-0.01681652400950092,0.028599343661387323,0.045415867670888246
190.50000000000222,-0.7211929713601474,0.004682806194974853,-1.8120957864248983,0.0008190618573946651,-1.090902815064751,-0.01701464954694814,0.03053686489530253,0.04755151444225067
190.6000000000022,-0.7216308306121849,0.00478773251407949,-1.8103733811701233,0.0008095702669613791,-1.0887425505579382,-0.017212775084395303,0.03256928778685121,0.049782062871246514
190.7000000000022,-0.7220686898642226,0.0048926588331841825,-1.808558584015034,0.0007955074854189004,-1.0864898941508114,-0.017410900621842466,0.034694102582603345,0.05210500320444581
190.80000000000223,-0.7225207903650955,0.005011778341040052,-1.8066579258452404,0.0007781072308800097,-1.084137135480145,-0.01762326740948242,0.03690477839693157,0.05452804580641399
190.90000000000222,-0.7230773934408559,0.005234914482932673,-1.804679504726236,0.0007580177569300739,-1.0816021112853802,-0.017940136783655494,0.03919321716422713,0.05713335394788262
191.00000000000222,-0.7236339965166162,0.005458050624825295,-1.8026178750652704,0.0007308097656755219,-1.0789838785486543,-0.018257006157828562,0.04156486447715957,0.05982187063498813
191.1000000000022,-0.7241905995923765,0.005681186766717861,-1.8004607617798647,0.0006930176056832993,-1.0762701621874882,-0.018573875532001634,0.04403199541813807,0.0626058709501397
191.2000000000022,-0.7247472026681369,0.0059043229086104265,-1.7981965733608871,0.0006545360715940474,-1.0734493706927504,-0.018890744906174706,0.04660620149622644,0.06549694640240114
191.30000000000223,-0.7253038057438974,0.0061274590505031035,-1.7958177305826952,0.000629005049071818,-1.0705139248387978,-0.019207614280347864,0.04929506193700038,0.06850267621734825
191.40000000000222,-0.7258604088196576,0.006350595192395725,-1.7933202031887263,0.0006161607570210892,-1.0674597943690687,-0.019524483654520933,0.052102606996956756,0.07162709065147768
191.50000000000222,-0.7264170118954181,0.006573731334288346,-1.7907125727158077,0.0006014586213364259,-1.0642955608203897,-0.019841353028694005,0.05502025513920426,0.07486160816789827
191.60000000000224,-0.7269736149711785,0.006796867476181023,-1.7879972738241947,0.000568578867151337,-1.0610236588530162,-0.020158222402867163,0.058045571703423844,0.07820379410629101
191.70000000000223,-0.7275302180469387,0.007020003618073589,-1.7851602885367281,0.000516238633841315,-1.0576300704897894,-0.020475091777040235,0.061192574666712796,0.08166766644375303
191.80000000000223,-0.7280552121723514,0.0072489601723515484,-1.782192916142585,0.0004649773368583521,-1.0541377039702335,-0.02076035220224503,0.06446996473983285,0.08523031694207789
191.90000000000222,-0.7283557199879827,0.007556267987982812,-1.779107447101039,0.00043037173988491606,-1.0507517271130564,-0.02082112632696878,0.06786545146346415,0.08868657779043293
192.00000000000222,-0.7286562278036139,0.00786357580361402,-1.7759167726348113,0.0004025718999512984,-1.0472605448311973,-0.020881900451692526,0.07136614361489757,0.0922480440665901
192.10000000000224,-0.7289567356192452,0.008170883619245395,-1.7726188556957274,0.0003701763153514115,-1.0436621200764822,-0.020942674576416295,0.07497407824216445,0.09591675281858075
192.20000000000223,-0.7292572434348765,0.008478191434876658,-1.7691987637027893,0.0003355917229135308,-1.0399415202679128,-0.021003448701140046,0.07870418792620683,0.09970763662734687
192.30000000000223,-0.7295577512505077,0.008785499250507867,-1.7656421696685478,0.0003027194930067534,-1.03608441841804,-0.021064222825863795,0.08257079965441758,0.10363502248028136
192.40000000000225,-0.7298582590661391,0.009092807066139186,-1.761941421853615,0.0002665143810840487,-1.0320831627874758,-0.02112499695058756,0.08658156516620405,0.10770656211679161
192.50000000000225,-0.7301587668817704,0.00940011488177045,-1.75810580539952,0.00021198209314432503,-1.0279470385177496,-0.021185771075311312,0.09072719931994055,0.11191297039525186
192.60000000000224,-0.7304592746974015,0.009707422697401713,-1.7541328325370884,0.00014154742899308292,-1.023673557839687,-0.02124654520003506,0.09501018988471713,0.11625673508475219
192.70000000000223,-0.7307597825130328,0.010014730513032977,-1.7500147902203558,7.208563387783862e-05,-1.019255007707323,-0.021307319324758812,0.0994382499064452,0.12074556923120401
192.80000000000223,-0.7307175514895239,0.010193954474642386,-1.745754068542623,1.6498643791940104e-05,-1.015036517053099,-0.02102535461156334,0.10400898929177232,0.12503434390333568
192.90000000000225,-0.7286575822007784,0.010092194141121114,-1.7413614158559945,2.339572343379448e-05,-1.012703833655216,-0.018725651640710467,0.10871165968854457,0.12743731132925504
193.00000000000225,-0.7265976129120333,0.009990433807599786,-1.7368278708912408,6.186827792731275e-05,-1.0102302579792075,-0.016425948669858245,0.11355522236601656,0.1299811710358748
193.10000000000224,-0.7245376436232883,0.009888673474078513,-1.7321412009716528,0.00010659824996372969,-1.0076035573483644,-0.014126245699006026,0.11855191000081852,0.13267815569982455
193.20000000000226,-0.7224776743345427,0.00978691314055724,-1.727293759605988,0.0001528502726702019,-1.0048160852714454,-0.011826542728153151,0.12370936908409945,0.1355359118122526
193.30000000000226,-0.7204177050457976,0.009685152807035913,-1.7222754078490075,0.00019083204784586805,-1.0018577028032098,-0.009526839757300933,0.12903773856115414,0.13856457831845506
193.40000000000225,-0.7183577357570528,0.00958339247351464,-1.717101089990432,0.00023939889998059183,-0.9987433542333792,-0.00722713678644871,0.13452207414213263,0.14174921092858134
193.50000000000225,-0.7162977664683077,0.009481632139993368,-1.711784906055124,0.000311806818669047,-0.9954871395868163,-0.0049274338155964915,0.1401482758021066,0.14507570961770308
193.60000000000224,-0.7142377971795626,0.009379871806472095,-1.70631042178751,0.00039832683534046787,-0.9920726246079474,-0.002627730844744271,0.14593277779660452,0.1485605086413488
193.70000000000226,-0.7121778278908171,0.009278111472950767,-1.7006405217851237,0.0004732124356598977,-0.9884626938943066,-0.0003280278738913966,0.15191269552811432,0.1522407234020057
193.80000000000226,-0.7098106262236532,0.009097112949446262,-1.694769627997124,0.000527721764132405,-0.9849590017734708,0.002278907474768879,0.1580936070474347,0.1558146995726658
193.90000000000225,-0.7040940209638575,0.009138619784045565,-1.6887206606262763,0.0005747968132602255,-0.9846266396624188,0.008235246409394945,0.16445259215174915,0.1562173457423542
194.00000000000227,-0.6983774157040603,0.009180126618644813,-1.682499522781146,0.0006145196013089826,-0.9841221070770856,0.014191585344022704,0.1709837477324659,0.1567921623884432
194.10000000000227,-0.6926608104442645,0.009221633453244116,-1.6761035584504917,0.0006301585866366199,-0.9834427480062272,0.02014792427864877,0.17768972980070902,0.15754180552206026
194.20000000000226,-0.6869442051844689,0.009263140287843363,-1.6695156838024503,0.0006380633070313113,-0.9825714786179814,0.026104263213274834,0.184587622188302,0.15848335897502716
194.30000000000226,-0.6812275999246732,0.009304647122442722,-1.6627003013274757,0.0006962749492374076,-0.9814727014028025,0.0320606021479009,0.1917130224048903,0.1596524202569894
194.40000000000225,-0.6755109946648775,0.00934615395704197,-1.6556848899364196,0.000769664552166538,-0.9801738952715421,0.03801694108252697,0.19903845153949748,0.1610215104569705
194.50000000000227,-0.6697943894050802,0.009387660791641272,-1.6484803618869814,0.0008284566250482683,-0.9786859724819013,0.043973280017154726,0.2065529973344145,0.1625797173172598
194.60000000000227,-0.6640777841452845,0.00942916762624052,-1.6410816394755563,0.0008678006785497461,-0.9770038553302718,0.0499296189517808,0.2142617374931232,0.1643321185413424
194.70000000000226,-0.6583611788854887,0.009470674460839823,-1.6334606507728155,0.0009030669194790564,-0.9750994718873268,0.05588595788640686,0.22219274394498578,0.16630678605857893
194.80000000000229,-0.6526445736256914,0.009512181295439126,-1.6256014762272215,0.0009519382778115926,-0.9729569026015301,0.06184229682103462,0.23036193624153278,0.16851963942049816
194.90000000000228,-0.6448795284919611,0.00960882341402064,-1.6175017113711911,0.001001526957302823,-0.9726221828792301,0.06984707562407537,0.23877171885032278,0.1689246432262474
195.00000000000227,-0.636932031756716,0.009783006366274993,-1.609194513126508,0.0010514633796810946,-0.972262481369792,0.07803430602814232,0.24738893484942187,0.16935462882127955
