Time/min,Temp/Cel,DSC/uW,DDSC/(uW/min)
0,29.997673034668,0.0459709167480469,0.761306762695313
0.0016666666666666668,29.9973220825195,0.0500125885009766,0.795089721679688
0.0033333333333333335,29.996955871582,0.0509738922119141,0.807518005371094
0.005,29.9966049194336,0.0498905181884766,0.804450988769531
0.006666666666666667,29.9962558746338,0.0482559204101563,0.7789306640625
0.008333333333333333,29.9959049224854,0.0462512969970703,0.725257873535156
0.01,29.9955387115479,0.0436897277832031,0.654167175292969
0.011666666666666667,29.9951877593994,0.0420551300048828,0.588981628417969
0.013333333333333334,29.9948062896729,0.0439815521240234,0.549888610839844
0.015,29.9944400787354,0.0501880645751953,0.540481567382813
0.016666666666666666,29.9940586090088,0.0583534240722656,0.544784545898438
0.018333333333333333,29.9936943054199,0.0658931732177734,0.537551879882813
0.02,29.9933128356934,0.0719833374023438,0.506080627441406
0.021666666666666667,29.9929466247559,0.0763759613037109,0.468315124511719
0.023333333333333334,29.9925498962402,0.0785102844238281,0.455245971679688
0.025,29.9921836853027,0.0786418914794922,0.474357604980469
0.02666666666666667,29.9918022155762,0.0779590606689453,0.501296997070313
0.028333333333333332,29.9914207458496,0.0773544311523438,0.506401062011719
0.03,29.9910564422607,0.0766067504882813,0.504913330078125
0.03166666666666667,29.9906749725342,0.0745334625244141,0.527664184570313
0.03333333333333333,29.9902935028076,0.0700893402099609,0.572662353515625
0.035,29.9899425506592,0.0637283325195313,0.628074645996094
0.03666666666666667,29.9895915985107,0.056915283203125,0.697906494140625
0.03833333333333333,29.9892253875732,0.0505409240722656,0.798179626464844
0.04,29.9888591766357,0.0448284149169922,0.934524536132813
0.041666666666666664,29.9884948730469,0.0402736663818359,1.09078216552734
0.043333333333333335,29.9881286621094,0.0373439788818359,1.24225616455078
0.045,29.9877471923828,0.0355472564697266,1.37178039550781
0.04666666666666667,29.9873809814453,0.0338630676269531,1.47944641113281
0.04833333333333333,29.9869995117188,0.0319232940673828,1.57502746582031
0.05,29.9866333007813,0.0300197601318359,1.66074371337891
0.051666666666666666,29.9862384796143,0.0281734466552734,1.73460388183594
0.05333333333333334,29.9858570098877,0.0257835388183594,1.80869293212891
0.055,29.9854755401611,0.022247314453125,1.91336059570313
0.056666666666666664,29.9850940704346,0.0174999237060547,2.07041931152344
0.058333333333333334,29.9846973419189,0.0123367309570313,2.26300048828125
0.06,29.9843158721924,0.00832176208496094,2.45056915283203
0.06166666666666667,29.9839344024658,0.00643348693847656,2.60879516601563
0.06333333333333334,29.983570098877,0.00533103942871094,2.74211883544922
0.065,29.9832038879395,0.00242996215820313,2.86468505859375
0.06666666666666667,29.9828224182129,-0.0030517578125,2.98665618896484
0.06833333333333333,29.9824256896973,-0.00939559936523438,3.11597442626953
0.07,29.9820442199707,-0.0140209197998047,3.22196960449219
0.07166666666666667,29.9816474914551,-0.0170993804931641,3.23057556152344
0.07333333333333333,29.9812679290771,-0.0200538635253906,3.10155487060547
0.075,29.9808864593506,-0.022857666015625,2.87214660644531
0.07666666666666666,29.980489730835,-0.0253849029541016,2.60147094726563
0.07833333333333334,29.9801082611084,-0.0282516479492188,2.34475708007813
0.08,29.9797267913818,-0.0323162078857422,2.18852233886719
0.08166666666666667,29.9793453216553,-0.0379180908203125,2.17076110839844
0.08333333333333333,29.9789485931396,-0.0449275970458984,2.22715759277344
0.085,29.9785690307617,-0.0535087585449219,2.28540802001953
0.08666666666666667,29.9781875610352,-0.0633411407470703,2.47739410400391
0.08833333333333333,29.9778060913086,-0.0733966827392578,2.6107177734375
0.09,29.977424621582,-0.0829963684082031,2.69224548339844
0.09166666666666666,29.9770431518555,-0.0921440124511719,2.77228546142578
0.09333333333333334,29.9766616821289,-0.100860595703125,2.88416290283203
0.095,29.9763126373291,-0.108669281005859,3.02703094482422
0.09666666666666666,29.9759464263916,-0.11546516418457,3.19951629638672
0.09833333333333333,29.9755802154541,-0.122346878051758,3.42533111572266
0.1,29.9752292633057,-0.130229949951172,3.72679138183594
0.10166666666666667,29.9748783111572,-0.138320922851563,4.09375762939453
0.10333333333333333,29.9745273590088,-0.145416259765625,4.50276947021484
0.105,29.9741764068604,-0.152133941650391,4.93400573730469
0.10666666666666667,29.9738426208496,-0.160213470458984,5.36267852783203
0.10833333333333334,29.9735069274902,-0.170246124267578,5.77288055419922
0.11,29.9731559753418,-0.181705474853516,6.18550872802734
0.11166666666666666,29.9728202819824,-0.191143035888672,6.65068817138672
0.11333333333333333,29.9724998474121,-0.192607879638672,7.18292999267578
0.115,29.9721794128418,-0.183929443359375,7.75655364990234
0.11666666666666667,29.9718589782715,-0.169256210327148,8.33759307861328
0.11833333333333333,29.9715538024902,-0.153060913085938,8.88473510742188
0.12,29.9712200164795,-0.138481140136719,9.36618804931641
0.12166666666666667,29.9708995819092,-0.1318359375,9.77215576171875
0.12333333333333334,29.9705944061279,-0.136068344116211,10.1205825805664
0.125,29.9702892303467,-0.145322799682617,10.4524612426758
0.12666666666666668,29.9699993133545,-0.153106689453125,10.8047332763672
0.12833333333333333,29.9697093963623,-0.170902252197266,11.1948623657227
0.13,29.9694347381592,-0.183696746826172,11.619140625
0.13166666666666665,29.9691753387451,-0.19243049621582,12.0549774169922
0.13333333333333333,29.9689025878906,-0.201004028320313,12.47314453125
0.135,29.9686431884766,-0.212173461914063,12.8549194335938
0.13666666666666666,29.9683990478516,-0.226469039916992,13.2120895385742
0.13833333333333334,29.9681701660156,-0.244379043579102,13.5774307250977
0.14,29.9679718017578,-0.2679443359375,13.9714279174805
0.14166666666666666,29.9677429199219,-0.298229217529297,14.3933715820313
0.14333333333333334,29.9675445556641,-0.33282470703125,14.8496704101563
0.145,29.9673461914063,-0.368797302246094,15.359001159668
0.14666666666666667,29.9671478271484,-0.40583610534668,15.9185943603516
0.14833333333333334,29.9669799804688,-0.444459915161133,16.4876174926758
0.15,29.9668121337891,-0.484125137329102,17.0187606811523
0.15166666666666667,29.9666595458984,-0.52485466003418,17.4913787841797
0.15333333333333332,29.9665241241455,-0.568244934082031,17.9489364624023
0.155,29.9663867950439,-0.615676879882813,18.4794387817383
0.15666666666666668,29.9662799835205,-0.666433334350586,19.1231002807617
0.15833333333333333,29.9661884307861,-0.717657089233398,19.8381271362305
0.16,29.9661121368408,-0.765779495239258,20.5774383544922
0.16166666666666665,29.9660358428955,-0.808767318725586,21.3080520629883
0.16333333333333333,29.9659900665283,-0.846662521362305,21.9548492431641
0.165,29.9659442901611,-0.88129997253418,22.4800872802734
0.16666666666666666,29.9659290313721,-0.915966033935547,22.9403915405273
0.16833333333333333,29.965913772583,-0.953903198242188,23.3926162719727
0.17,29.9659442901611,-0.996246337890625,23.6880111694336
0.17166666666666666,29.9659595489502,-1.04165840148926,24.0181045532227
0.17333333333333334,29.9659900665283,-1.08757781982422,24.3917770385742
0.175,29.9660663604736,-1.13157272338867,24.7674407958984
0.17666666666666667,29.966157913208,-1.17210388183594,25.0964813232422
0.17833333333333334,29.9662494659424,-1.20967674255371,25.2692184448242
0.18,29.9663715362549,-1.24691772460938,25.4376525878906
0.18166666666666667,29.9665241241455,-1.2866325378418,25.6600341796875
0.18333333333333332,29.9666900634766,-1.32967758178711,25.828742980957
0.185,29.9668884277344,-1.37579345703125,25.8360443115234
0.18666666666666668,29.9671173095703,-1.42533302307129,25.6313323974609
0.18833333333333332,29.9673614501953,-1.47868347167969,25.2277679443359
0.19,29.9676208496094,-1.53418159484863,24.7099456787109
0.19166666666666668,29.9679107666016,-1.58847618103027,24.1661682128906
0.19333333333333333,29.9682464599609,-1.63932037353516,23.6076507568359
0.195,29.9686126708984,-1.68688774108887,22.9963989257813
0.19666666666666666,29.968994140625,-1.7325611114502,22.3428039550781
0.19833333333333333,29.9694042205811,-1.77752113342285,21.6931686401367
0.2,29.9698314666748,-1.82243347167969,20.9877319335938
0.20166666666666666,29.9702892303467,-1.86784744262695,20.1565933227539
0.20333333333333334,29.9707622528076,-1.91415214538574,19.2992477416992
0.205,29.9712810516357,-1.96140670776367,18.638053894043
0.20666666666666667,29.9718437194824,-2.00940895080566,18.3607177734375
0.20833333333333334,29.9724388122559,-2.05702209472656,18.4226760864258
0.21,29.9730491638184,-2.10249137878418,18.5871276855469
0.21166666666666667,29.973705291748,-2.1449031829834,18.443733215332
0.21333333333333335,29.9743747711182,-2.18520545959473,17.6522598266602
0.215,29.9750919342041,-2.22507858276367,16.5506057739258
0.21666666666666667,29.9758548736572,-2.26495742797852,15.7378005981445
0.21833333333333332,29.9766311645508,-2.30354690551758,15.1747055053711
0.22,29.9774703979492,-2.33223724365234,14.1404571533203
0.22166666666666668,29.9783248901367,-2.36418342590332,12.0706329345703
0.22333333333333333,29.9792079925537,-2.40628051757813,9.26687622070313
0.225,29.9801235198975,-2.45062446594238,6.38346862792969
0.22666666666666666,29.9811000823975,-2.4858283996582,3.70687866210938
0.22833333333333333,29.9820899963379,-2.50474166870117,1.13513946533203
0.23,29.9831428527832,-2.50815010070801,-1.43790435791016
0.23166666666666666,29.9842395782471,-2.50362205505371,-4.068603515625
0.23333333333333334,29.9853687286377,-2.49797248840332,-6.57376098632813
0.235,29.9865417480469,-2.49215888977051,-8.33960723876953
0.23666666666666666,29.9877624511719,-2.48461151123047,-9.34414672851563
0.23833333333333334,29.9890270233154,-2.47757720947266,-10.6378555297852
0.24,29.9903392791748,-2.47419738769531,-12.9941940307617
0.24166666666666667,29.9916954040527,-2.46663475036621,-16.0341339111328
0.24333333333333335,29.9930992126465,-2.44549560546875,-18.92138671875
0.245,29.9945316314697,-2.41703796386719,-21.1760787963867
0.24666666666666667,29.9960422515869,-2.39983367919922,-22.8936996459961
0.24833333333333332,29.9975967407227,-2.4113597869873,-24.5631408691406
0.25,29.9991817474365,-2.4511890411377,-26.4228057861328
0.25166666666666665,30.0008296966553,-2.50283050537109,-28.1743011474609
0.25333333333333335,30.0025215148926,-2.53322410583496,-29.9905014038086
0.255,30.0042591094971,-2.51268005371094,-32.7837524414063
0.25666666666666665,30.0060596466064,-2.46679496765137,-36.951301574707
0.25833333333333336,30.0079193115234,-2.44305610656738,-41.9306488037109
0.26,30.0098094940186,-2.4366626739502,-46.9269561767578
0.26166666666666666,30.0117607116699,-2.38804817199707,-51.3506927490234
0.2633333333333333,30.0137577056885,-2.25280380249023,-55.3658752441406
0.265,30.0158176422119,-2.05887222290039,-59.4087295532227
0.26666666666666666,30.0179214477539,-1.86163330078125,-63.7646255493164
0.2683333333333333,30.0200862884521,-1.68470001220703,-68.4751968383789
0.27,30.0223121643066,-1.51992797851563,-73.3672027587891
0.27166666666666667,30.0245838165283,-1.35885810852051,-78.1713409423828
0.2733333333333333,30.0269165039063,-1.19513130187988,-82.6646575927734
0.275,30.0293102264404,-1.04066276550293,-86.8688735961914
0.27666666666666667,30.0317497253418,-0.944353103637695,-91.0841674804688
0.2783333333333333,30.0342502593994,-0.908208847045898,-95.6863861083984
0.28,30.0367965698242,-0.846073150634766,-100.653877258301
0.2816666666666667,30.0394039154053,-0.694671630859375,-105.472686767578
0.2833333333333333,30.0420722961426,-0.486255645751953,-109.803321838379
0.285,30.0448017120361,-0.291065216064453,-113.93962097168
0.2866666666666667,30.0475921630859,-0.149478912353516,-118.100509643555
0.28833333333333333,30.050443649292,-0.0535984039306641,-122.309692382813
0.29,30.0533390045166,0.0375194549560547,-126.725814819336
0.2916666666666667,30.0562973022461,0.144878387451172,-131.365875244141
0.29333333333333333,30.0593318939209,0.245367050170898,-136.01008605957
0.295,30.0624122619629,0.354305267333984,-140.664733886719
0.2966666666666667,30.0655536651611,0.546773910522461,-145.556442260742
0.29833333333333334,30.068754196167,0.854196548461914,-150.952102661133
0.3,30.0720176696777,1.22926330566406,-156.877197265625
0.3016666666666667,30.0753421783447,1.60703277587891,-162.903472900391
0.30333333333333334,30.0787105560303,1.94698715209961,-168.149597167969
0.305,30.0821723937988,2.2496395111084,-172.213592529297
0.30666666666666664,30.085693359375,2.54444694519043,-175.753158569336
0.30833333333333335,30.0892925262451,2.86309432983398,-179.509841918945
0.31,30.0929355621338,3.22043800354004,-183.68098449707
0.31166666666666665,30.0966567993164,3.60919189453125,-188.146118164063
0.31333333333333335,30.1004371643066,4.00612831115723,-192.648025512695
0.315,30.1042804718018,4.38509941101074,-196.534759521484
0.31666666666666665,30.1081829071045,4.7411003112793,-199.764862060547
0.31833333333333336,30.1121788024902,5.09818840026855,-203.973220825195
0.32,30.1162185668945,5.48925399780273,-210.338424682617
0.32166666666666666,30.1203193664551,5.91024589538574,-217.681549072266
0.3233333333333333,30.1244831085205,6.31519317626953,-224.299621582031
0.325,30.1287212371826,6.68364238739014,-230.085662841797
0.32666666666666666,30.13303565979,7.04947280883789,-235.991424560547
0.3283333333333333,30.1373977661133,7.4246711730957,-242.495010375977
0.33,30.1418190002441,7.79264068603516,-249.353271484375
0.33166666666666667,30.1463012695313,8.14912509918213,-255.726837158203
0.3333333333333333,30.1508598327637,8.49596786499023,-260.862823486328
0.335,30.1554946899414,8.83134365081787,-265.46923828125
0.33666666666666667,30.1602058410645,9.18883800506592,-270.760498046875
0.3383333333333333,30.1649932861328,9.61702442169189,-276.417114257813
0.34,30.1698417663574,10.1125478744507,-280.996032714844
0.3416666666666667,30.1747512817383,10.6300439834595,-283.836883544922
0.3433333333333333,30.1797218322754,11.1386270523071,-285.766235351563
0.345,30.1847839355469,11.624418258667,-288.048309326172
0.3466666666666667,30.1899070739746,12.0983295440674,-291.314849853516
0.34833333333333333,30.1950912475586,12.5872249603271,-295.860931396484
0.35,30.2003517150879,13.0975208282471,-301.678741455078
0.3516666666666667,30.2056884765625,13.622049331665,-308.101745605469
0.35333333333333333,30.2110862731934,14.1589159965515,-314.2861328125
0.355,30.2165451049805,14.6951446533203,-319.939514160156
0.3566666666666667,30.2220935821533,15.1827673912048,-325.02392578125
0.35833333333333334,30.2277050018311,15.6064100265503,-329.166168212891
0.36,30.2333927154541,16.0534162521362,-332.371978759766
0.3616666666666667,30.2391395568848,16.6199941635132,-335.609283447266
0.36333333333333334,30.2449798583984,17.2940559387207,-339.808868408203
0.365,30.2508659362793,17.9969639778137,-344.826263427734
0.36666666666666664,30.2568416595459,18.6875505447388,-349.728881835938
0.36833333333333335,30.2628803253174,19.3748874664307,-354.051361083984
0.37,30.2689933776855,20.0584396123886,-358.613220214844
0.37166666666666665,30.2751846313477,20.7258431911469,-364.166198730469
0.37333333333333335,30.2814350128174,21.3480893969536,-370.461181640625
0.375,30.2877635955811,21.8834488540888,-376.866363525391
0.37666666666666665,30.2941818237305,22.3678055405617,-383.210357666016
0.37833333333333335,30.3006477355957,22.9176818132401,-389.361785888672
0.38,30.3071880340576,23.5815336704254,-394.847442626953
0.38166666666666665,30.3138198852539,24.2705345153809,-399.34716796875
0.38333333333333336,30.3205299377441,24.8823382854462,-403.106689453125
0.385,30.327299118042,25.4208874702454,-406.654083251953
0.38666666666666666,30.3341445922852,25.951014995575,-410.442169189453
0.3883333333333333,30.3410816192627,26.5258774757385,-414.540466308594
0.39,30.348051071167,27.1995272636414,-418.96044921875
0.39166666666666666,30.3551254272461,28.0029916763306,-423.747833251953
0.3933333333333333,30.3622608184814,28.8955850601196,-428.53125
0.395,30.369457244873,29.7997035980225,-432.938903808594
0.39666666666666667,30.376745223999,30.6677551269531,-437.196655273438
0.3983333333333333,30.3840942382813,31.4704265594482,-442.073669433594
0.4,30.3915195465088,32.1716165542603,-447.687377929688
0.40166666666666667,30.3990058898926,32.7958555221558,-452.795501708984
0.4033333333333333,30.4065685272217,33.4566965103149,-456.392791748047
0.405,30.414192199707,34.2276525497437,-459.080322265625
0.4066666666666667,30.4219074249268,35.0507164001465,-461.815795898438
0.4083333333333333,30.4296836853027,35.8277168273926,-464.442657470703
0.41,30.4375190734863,36.5537528991699,-467.041168212891
0.4116666666666667,30.4454326629639,37.3091068267822,-469.763488769531
0.41333333333333333,30.4534225463867,38.1398239135742,-472.748748779297
0.415,30.4614887237549,39.0208930969238,-476.311706542969
0.4166666666666667,30.4696140289307,39.9014987945557,-480.917022705078
0.41833333333333333,30.4778175354004,40.7655429840088,-486.1201171875
0.42,30.4860820770264,41.6356544494629,-490.537109375
0.4216666666666667,30.49440574646,42.5209808349609,-493.602722167969
0.42333333333333334,30.5028076171875,43.3914794921875,-496.378540039063
0.425,30.5112705230713,44.2222690582275,-500.086120605469
0.4266666666666667,30.5198230743408,45.0264701843262,-504.688018798828
0.42833333333333334,30.5284385681152,45.8279342651367,-509.419464111328
0.43,30.5371131896973,46.6433715820313,-513.648071289063
0.43166666666666664,30.5458660125732,47.5005970001221,-516.733947753906
0.43333333333333335,30.5546932220459,48.4098434448242,-518.314208984375
0.435,30.5635833740234,49.3329887390137,-518.875061035156
0.43666666666666665,30.5725479125977,50.2371597290039,-519.339721679688
0.43833333333333335,30.5815734863281,51.1282024383545,-520.27587890625
0.44,30.5906772613525,52.0222434997559,-522.033142089844
0.44166666666666665,30.5998401641846,52.9136924743652,-525.028930664063
0.44333333333333336,30.6090641021729,53.786376953125,-528.951538085938
0.445,30.6183643341064,54.6527309417725,-532.446960449219
0.44666666666666666,30.627742767334,55.5507526397705,-534.659973144531
0.4483333333333333,30.6371803283691,56.4816150665283,-536.291015625
0.45,30.6466941833496,57.3911075592041,-538.491394042969
0.45166666666666666,30.6562690734863,58.2949848175049,-541.301147460938
0.4533333333333333,30.6659049987793,59.2054004669189,-543.768005371094
0.455,30.6756324768066,60.1215724945068,-545.354858398438
0.45666666666666667,30.6854057312012,61.040735244751,-546.362487792969
0.4583333333333333,30.695240020752,61.9598712921143,-547.390441894531
0.46,30.7051658630371,62.8778171539307,-548.616943359375
0.46166666666666667,30.7151374816895,63.7957782745361,-549.756225585938
0.4633333333333333,30.725170135498,64.7150974273682,-550.688232421875
0.465,30.7352485656738,65.6354160308838,-551.767211914063
0.4666666666666667,30.745418548584,66.5561847686768,-553.292114257813
0.4683333333333333,30.7556343078613,67.4782238006592,-555.122497558594
0.47,30.765926361084,68.4026393890381,-557.004211425781
0.4716666666666667,30.7762794494629,69.3298892974854,-558.764587402344
0.47333333333333333,30.7866916656494,70.2606945037842,-560.075317382813
0.475,30.7971668243408,71.1958446502686,-560.795654296875
0.4766666666666667,30.8077030181885,72.1351757049561,-561.359130859375
0.47833333333333333,30.8183002471924,73.0780162811279,-562.138916015625
0.48,30.828971862793,74.0240802764893,-563.050476074219
0.4816666666666667,30.8397064208984,74.9731884002686,-563.899841308594
0.48333333333333334,30.8505020141602,75.9240322113037,-564.772216796875
0.485,30.8613567352295,76.8751544952393,-565.887939453125
0.4866666666666667,30.8722896575928,77.8272800445557,-567.112426757813
0.48833333333333334,30.8832530975342,78.7826557159424,-567.986206054688
0.49,30.8943061828613,79.7416400909424,-568.474304199219
0.49166666666666664,30.9054069519043,80.7020015716553,-569.199279785156
0.49333333333333335,30.9165668487549,81.6621875762939,-569.96044921875
0.495,30.9278049468994,82.6231098175049,-570.621215820313
0.49666666666666665,30.9391021728516,83.5860652923584,-571.203186035156
0.49833333333333335,30.9504451751709,84.5511035919189,-571.745178222656
0.5,30.9618511199951,85.517370223999,-572.293029785156
0.5016666666666667,30.973331451416,86.4836254119873,-572.880249023438
0.5033333333333333,30.9848594665527,87.4486751556396,-573.494018554688
0.505,30.9964466094971,88.4116725921631,-574.085388183594
0.5066666666666667,31.0080947875977,89.3720836639404,-574.625244140625
0.5083333333333333,31.0198040008545,90.3299465179443,-575.125427246094
0.51,31.0315608978271,91.2866802215576,-575.60595703125
0.5116666666666667,31.0433921813965,92.2449550628662,-576.068115234375
0.5133333333333333,31.055269241333,93.2070903778076,-576.500244140625
0.515,31.0672073364258,94.1735439300537,-576.878723144531
0.5166666666666667,31.0792064666748,95.1428203582764,-577.174133300781
0.5183333333333333,31.0912532806396,96.1129207611084,-577.370422363281
0.52,31.1033592224121,97.0820751190186,-577.47509765625
0.5216666666666666,31.1155261993408,98.0490779876709,-577.505615234375
0.5233333333333333,31.1277389526367,99.0138988494873,-577.473999023438
0.525,31.1400127410889,99.978048324585,-577.394226074219
0.5266666666666666,31.1523323059082,100.9437084198,-577.284484863281
0.5283333333333333,31.1647129058838,101.912099838257,-577.146057128906
0.53,31.1771545410156,102.882940292358,-576.960144042969
0.5316666666666666,31.1896266937256,103.854475021362,-576.719360351563
0.5333333333333333,31.2021598815918,104.824384689331,-576.448059082031
0.535,31.2147388458252,105.791692733765,-576.177368164063
0.5366666666666666,31.2273788452148,106.757169723511,-575.911743164063
0.5383333333333333,31.2400798797607,107.721837997437,-575.621398925781
0.54,31.2528247833252,108.686170578003,-575.267883300781
0.5416666666666666,31.2656173706055,109.650960922241,-574.846496582031
0.5433333333333333,31.278470993042,110.617841720581,-574.404479980469
0.545,31.2913703918457,111.586950302124,-573.997802734375
0.5466666666666666,31.3043308258057,112.555547714233,-573.642150878906
0.5483333333333333,31.3173503875732,113.5208568573,-573.320983886719
0.55,31.3304176330566,114.483304977417,-573.014831542969
0.5516666666666666,31.3435459136963,115.445386886597,-572.701904296875
0.5533333333333333,31.3567028045654,116.408315658569,-572.346008300781
0.555,31.3699073791504,117.371580123901,-571.904479980469
0.5566666666666666,31.3831729888916,118.333921432495,-571.359069824219
0.5583333333333333,31.3964824676514,119.293691635132,-570.735717773438
0.56,31.409839630127,120.249380111694,-570.073120117188
0.5616666666666666,31.4232425689697,121.200941085815,-569.384399414063
0.5633333333333334,31.4366893768311,122.149549484253,-568.663330078125
0.565,31.4501838684082,123.096021652222,-567.918090820313
0.5666666666666667,31.4637222290039,124.04022026062,-567.160766601563
0.5683333333333334,31.4773235321045,124.98219871521,-566.371948242188
0.57,31.4909381866455,125.922788619995,-565.5068359375
0.5716666666666667,31.5046310424805,126.862668991089,-564.530883789063
0.5733333333333334,31.518367767334,127.801588058472,-563.452331542969
0.575,31.5321521759033,128.739339828491,-562.323303222656
0.5766666666666667,31.5459651947021,129.676969528198,-561.204040527344
0.5783333333333334,31.5598392486572,130.615758895874,-560.119079589844
0.58,31.5737457275391,131.554517745972,-559.046691894531
0.5816666666666667,31.5876960754395,132.49009513855,-557.947082519531
0.5833333333333334,31.6017093658447,133.4212474823,-556.787170410156
0.585,31.6157512664795,134.350667953491,-555.540344238281
0.5866666666666667,31.6298389434814,135.281827926636,-554.198791503906
0.5883333333333334,31.6439571380615,136.215185165405,-552.796203613281
0.59,31.6581382751465,137.148832321167,-551.391174316406
0.5916666666666667,31.67236328125,138.081182479858,-550.00634765625
0.5933333333333334,31.6866035461426,139.011838912964,-548.607788085938
0.595,31.70090675354,139.940458297729,-547.153259277344
0.5966666666666667,31.7152538299561,140.865797042847,-545.633422851563
0.5983333333333334,31.7296466827393,141.78680229187,-544.074829101563
0.6,31.7440547943115,142.704130172729,-542.523986816406
0.6016666666666667,31.758508682251,143.619016647339,-541.023620605469
0.6033333333333334,31.7730083465576,144.53077507019,-539.574096679688
0.605,31.7875556945801,145.437688827515,-538.125183105469
0.6066666666666667,31.8021469116211,146.340406417847,-536.630126953125
0.6083333333333333,31.8167839050293,147.241445541382,-535.090209960938
0.61,31.8314361572266,148.141370773315,-533.523803710938
0.6116666666666667,31.8461494445801,149.037672042847,-531.93310546875
0.6133333333333333,31.8608779907227,149.927183151245,-530.536926269531
0.615,31.8756523132324,150.808835983276,-529.066772460938
0.6166666666666667,31.8904571533203,151.684659957886,-527.396728515625
0.6183333333333333,31.9053077697754,152.558698654175,-525.689025878906
0.62,31.9202041625977,153.433759689331,-524.135070800781
0.6216666666666667,31.935115814209,154.309064865112,-522.582824707031
0.6233333333333333,31.9500732421875,155.181760787964,-520.795166015625
0.625,31.9650611877441,156.049894332886,-518.858093261719
0.6266666666666667,31.980094909668,156.912870407104,-516.933898925781
0.6283333333333333,31.9951438903809,157.770185470581,-514.928649902344
0.63,32.01025390625,158.621900558472,-512.704895019531
0.6316666666666667,32.0253791809082,159.470121383667,-510.396606445313
0.6333333333333333,32.0405311584473,160.317167282104,-508.168487548828
0.635,32.0557174682617,161.162702560425,-505.927917480469
0.6366666666666667,32.0709342956543,162.004423141479,-503.522827148438
0.6383333333333333,32.0861968994141,162.841032028198,-500.995971679688
0.64,32.101490020752,163.673490524292,-498.491638183594
0.6416666666666667,32.116813659668,164.504026412964,-496.077575683594
0.6433333333333333,32.1321678161621,165.334684371948,-493.749206542969
0.645,32.1475677490234,166.165449142456,-491.432556152344
0.6466666666666666,32.1629829406738,166.993314743042,-489.044952392578
0.6483333333333333,32.1784439086914,167.815198898315,-486.610107421875
0.65,32.193920135498,168.631071090698,-484.209320068359
0.6516666666666666,32.2094383239746,169.442518234253,-481.856323242188
0.6533333333333333,32.2249908447266,170.250547409058,-479.470642089844
0.655,32.2405586242676,171.07407951355,-476.994323730469
0.6566666666666666,32.2561721801758,171.89048576355,-474.495300292969
0.6583333333333333,32.271800994873,172.689069747925,-472.0458984375
0.66,32.2874603271484,173.48438835144,-469.618286132813
0.6616666666666666,32.3031463623047,174.293684005737,-467.134643554688
0.6633333333333333,32.3188667297363,175.103086471558,-464.581787109375
0.665,32.334602355957,175.889692306519,-462.008972167969
0.6666666666666666,32.3503684997559,176.659421920776,-459.489990234375
0.6683333333333333,32.3661804199219,177.428495407104,-457.050659179688
0.67,32.3819923400879,178.192548751831,-454.711486816406
0.6716666666666666,32.3978614807129,178.940595626831,-452.491333007813
0.6733333333333333,32.4137496948242,179.681882858276,-450.324462890625
0.675,32.4296531677246,180.428556442261,-448.042419433594
0.6766666666666666,32.4455871582031,181.172498703003,-445.575988769531
0.6783333333333333,32.4615669250488,181.900693893433,-442.99365234375
0.68,32.4775581359863,182.615461349487,-440.326354980469
0.6816666666666666,32.4935684204102,183.327772140503,-437.528869628906
0.6833333333333333,32.5096092224121,184.043928146362,-434.6953125
0.685,32.5256958007813,184.764783859253,-432.021057128906
0.6866666666666666,32.5417785644531,185.483488082886,-429.472778320313
0.6883333333333334,32.5579109191895,186.191434860229,-426.848510742188
0.69,32.5740585327148,186.891248703003,-424.134521484375
0.6916666666666667,32.5902061462402,187.592222213745,-421.462097167969
0.6933333333333334,32.6063804626465,188.296064376831,-418.825927734375
0.695,32.6225891113281,188.993558883667,-416.113037109375
0.6966666666666667,32.6388130187988,189.676710128784,-413.019470214844
0.6983333333333334,32.6550788879395,190.35011100769,-409.865112304688
0.7,32.6713638305664,191.021818161011,-406.882507324219
0.7016666666666667,32.6876640319824,191.693555831909,-403.914184570313
0.7033333333333334,32.7039947509766,192.361646652222,-400.807983398438
0.705,32.7203369140625,193.024213790894,-397.792236328125
0.7066666666666667,32.7366981506348,193.682508468628,-395.066162109375
0.7083333333333334,32.7531051635742,194.340726852417,-392.528503417969
0.71,32.7695236206055,195.000425338745,-389.956237792969
0.7116666666666667,32.785961151123,195.662809371948,-387.431396484375
0.7133333333333334,32.8024139404297,196.329511642456,-385.095703125
0.715,32.8188781738281,196.997159957886,-382.64501953125
0.7166666666666667,32.8353614807129,197.654035568237,-379.911254882813
0.7183333333333334,32.8518905639648,198.294034957886,-377.272155761719
0.72,32.8684158325195,198.920560836792,-374.777526855469
0.7216666666666667,32.8849906921387,199.534894943237,-372.418029785156
0.7233333333333334,32.9015655517578,200.134229660034,-370.069519042969
0.725,32.9181671142578,200.728635787964,-367.65673828125
0.7266666666666667,32.9347877502441,201.33643913269,-365.165588378906
0.7283333333333334,32.9514236450195,201.954847335815,-362.674255371094
0.73,32.9680862426758,202.564023971558,-360.28271484375
0.7316666666666667,32.9847831726074,203.159742355347,-358.076477050781
0.7333333333333333,33.0014953613281,203.752912521362,-355.799011230469
0.735,33.0182037353516,204.344678878784,-353.439331054688
0.7366666666666667,33.0349464416504,204.926633834839,-351.105102539063
0.7383333333333333,33.051685333252,205.49236869812,-348.72509765625
0.74,33.068473815918,206.04591178894,-346.224975585938
0.7416666666666667,33.0852470397949,206.595945358276,-343.706909179688
0.7433333333333333,33.1020469665527,207.1439037323,-341.334594726563
0.745,33.1188659667969,207.69434928894,-339.157287597656
0.7466666666666667,33.1356964111328,208.252439498901,-337.05908203125
0.7483333333333333,33.1525611877441,208.8118724823,-334.829040527344
0.75,33.1694412231445,209.37013053894,-332.296142578125
0.7516666666666667,33.1863327026367,209.924848556519,-329.538757324219
0.7533333333333333,33.2032279968262,210.478498458862,-326.744934082031
0.755,33.2201347351074,211.031904220581,-323.950744628906
0.7566666666666667,33.237060546875,211.568967819214,-321.104370117188
0.7583333333333333,33.2540016174316,212.087827682495,-318.313659667969
0.76,33.2709541320801,212.611845016479,-315.722900390625
0.7616666666666667,33.2879104614258,213.132154464722,-313.304992675781
0.7633333333333333,33.3048782348633,213.650297164917,-310.957763671875
0.765,33.3218803405762,214.166898727417,-308.628112792969
0.7666666666666667,33.3388786315918,214.6819896698,-306.203063964844
0.7683333333333333,33.3558959960938,215.195249557495,-303.548950195313
0.77,33.3729286193848,215.706342697144,-300.840087890625
0.7716666666666666,33.3899726867676,216.214994430542,-298.279357910156
0.7733333333333333,33.4070053100586,216.730955123901,-295.877746582031
0.775,33.4240798950195,217.242139816284,-293.492431640625
0.7766666666666666,33.4411582946777,217.749341964722,-291.076171875
0.7783333333333333,33.4582481384277,218.252317428589,-288.696716308594
0.78,33.4753723144531,218.737134933472,-286.4296875
0.7816666666666666,33.4924774169922,219.202192306519,-284.266845703125
0.7833333333333333,33.5096168518066,219.664060592651,-282.149230957031
0.785,33.5267562866211,220.138105392456,-280.065490722656
0.7866666666666666,33.5438919067383,220.624753952026,-277.917846679688
0.7883333333333333,33.5610466003418,221.112470626831,-275.594604492188
0.79,33.5782279968262,221.584928512573,-273.152526855469
0.7916666666666666,33.5954132080078,222.032072067261,-270.637023925781
0.7933333333333333,33.6125946044922,222.461988449097,-268.106506347656
0.795,33.629810333252,222.891553878784,-265.551818847656
0.7966666666666666,33.6470222473145,223.325407028198,-262.964904785156
0.7983333333333333,33.6642379760742,223.755857467651,-260.5341796875
0.8,33.6814804077148,224.180173873901,-258.277770996094
0.8016666666666666,33.6987266540527,224.604276657104,-255.915161132813
0.8033333333333333,33.7159690856934,225.02931022644,-253.552551269531
0.805,33.7332305908203,225.448041915894,-251.173461914063
0.8066666666666666,33.75048828125,225.853239059448,-248.772766113281
0.8083333333333333,33.767749786377,226.245557785034,-246.359619140625
0.81,33.7850227355957,226.6321849823,-243.957641601563
0.8116666666666666,33.8023147583008,227.024854660034,-241.570861816406
0.8133333333333334,33.8196029663086,227.420637130737,-239.161376953125
0.815,33.8369255065918,227.816221237183,-236.565856933594
0.8166666666666667,33.8542442321777,228.210615158081,-233.928588867188
0.8183333333333334,33.8715515136719,228.601026535034,-231.287109375
0.82,33.8888854980469,228.984693527222,-228.690856933594
0.8216666666666667,33.9062385559082,229.36150932312,-226.323669433594
0.8233333333333334,33.9235725402832,229.734815597534,-224.203308105469
0.825,33.9409408569336,230.108381271362,-222.133483886719
0.8266666666666667,33.9583206176758,230.482694625854,-219.930358886719
0.8283333333333334,33.9757041931152,230.854169845581,-217.568664550781
0.83,33.9930839538574,231.218656539917,-215.157348632813
0.8316666666666667,34.0104827880859,231.574583053589,-212.875305175781
0.8333333333333334,34.0278930664063,231.923215866089,-210.844482421875
0.835,34.0452919006348,232.267057418823,-208.968566894531
0.8366666666666667,34.0627174377441,232.607816696167,-207.026550292969
0.8383333333333334,34.0801620483398,232.945646286011,-204.932189941406
0.84,34.0975875854492,233.280149459839,-202.769897460938
0.8416666666666667,34.1150321960449,233.610975265503,-200.601196289063
0.8433333333333334,34.1325035095215,233.938108444214,-198.395690917969
0.845,34.1499633789063,234.261533737183,-196.161804199219
0.8466666666666667,34.1674499511719,234.581418991089,-193.986694335938
0.8483333333333334,34.1849250793457,234.89796257019,-191.945983886719
0.85,34.2024116516113,235.211957931519,-190.030700683594
0.8516666666666667,34.2199020385742,235.525053024292,-188.170532226563
0.8533333333333334,34.2374038696289,235.837247848511,-186.230346679688
0.855,34.2549095153809,236.145109176636,-184.224243164063
0.8566666666666667,34.2724113464355,236.444776535034,-182.16796875
0.8583333333333333,34.2899322509766,236.73618888855,-180.065368652344
0.86,34.3074493408203,237.023267745972,-177.9580078125
0.8616666666666667,34.3249816894531,237.309888839722,-175.904663085938
0.8633333333333333,34.3425178527832,237.597440719604,-173.938842773438
0.865,34.360034942627,237.885801315308,-172.023376464844
0.8666666666666667,34.3775863647461,238.175184249878,-170.080627441406
0.8683333333333333,34.395133972168,238.465635299683,-168.076171875
0.87,34.412670135498,238.755475997925,-166.062377929688
0.8716666666666667,34.430233001709,239.042249679565,-164.119995117188
0.8733333333333333,34.4477844238281,239.324537277222,-162.269348144531
0.875,34.46533203125,239.602445602417,-160.452941894531
0.8766666666666667,34.4828987121582,239.876035690308,-158.60009765625
0.8783333333333333,34.5004615783691,240.143766403198,-156.693969726563
0.88,34.5180435180664,240.403089523315,-154.766235351563
0.8816666666666667,34.5356063842773,240.653348922729,-152.854797363281
0.8833333333333333,34.5531997680664,240.896940231323,-150.991882324219
0.885,34.5707817077637,241.137250900269,-149.201293945313
0.8866666666666667,34.5883750915527,241.376127243042,-147.485595703125
0.8883333333333333,34.6059875488281,241.613599777222,-145.820617675781
0.89,34.6236114501953,241.848737716675,-144.176330566406
0.8916666666666667,34.6412239074707,242.081449508667,-142.520324707031
0.8933333333333333,34.6588478088379,242.313062667847,-140.808654785156
0.895,34.6764907836914,242.544050216675,-139.020446777344
0.8966666666666666,34.6941146850586,242.772657394409,-137.202026367188
0.8983333333333333,34.7117385864258,242.996885299683,-135.431579589844
0.9,34.7293815612793,243.216062545776,-133.733093261719
0.9016666666666666,34.7470054626465,243.430860519409,-132.047241210938
0.9033333333333333,34.7646484375,243.64341545105,-130.304809570313
0.905,34.7822875976563,243.856412887573,-128.506896972656
0.9066666666666666,34.7999305725098,244.070096969604,-126.709167480469
0.9083333333333333,34.8175849914551,244.281766891479,-124.934143066406
0.91,34.8352279663086,244.489042282104,-123.135498046875
0.9116666666666666,34.8528671264648,244.692701339722,-121.26708984375
0.9133333333333333,34.8705215454102,244.895322799683,-119.34521484375
0.915,34.8881645202637,245.0970287323,-117.428833007813
0.9166666666666666,34.905818939209,245.2942943573,-115.564819335938
0.9183333333333333,34.9234619140625,245.483732223511,-113.77734375
0.92,34.9411163330078,245.665647506714,-112.092956542969
0.9216666666666666,34.9587745666504,245.842832565308,-110.5400390625
0.9233333333333333,34.9764137268066,246.018049240112,-109.111083984375
0.925,34.994068145752,246.193632125854,-107.751892089844
0.9266666666666666,35.0117111206055,246.371549606323,-106.396545410156
0.9283333333333333,35.0293655395508,246.552000045776,-105.003295898438
0.93,35.0470085144043,246.733137130737,-103.567016601563
0.9316666666666666,35.0646629333496,246.912656784058,-102.122314453125
0.9333333333333333,35.0823211669922,247.088651657104,-100.705810546875
0.935,35.0999603271484,247.259107589722,-99.3048706054688
0.9366666666666666,35.1176338195801,247.422285079956,-97.8792114257813
0.9383333333333334,35.1352882385254,247.578611373901,-96.4227905273438
0.94,35.1529426574707,247.730741500854,-94.9603271484375
0.9416666666666667,35.1706008911133,247.880613327026,-93.5130615234375
0.9433333333333334,35.1882553100586,248.02720451355,-92.1058959960938
0.945,35.2059288024902,248.168622970581,-90.756591796875
0.9466666666666667,35.2235832214355,248.306348800659,-89.4462890625
0.9483333333333334,35.2412414550781,248.444898605347,-88.1484375
0.95,35.2588958740234,248.586362838745,-86.8714599609375
0.9516666666666667,35.2765502929688,248.726926803589,-85.6204833984375
0.9533333333333334,35.2942237854004,248.861066818237,-84.3427734375
0.955,35.3118934631348,248.987684249878,-82.9671020507813
0.9566666666666667,35.3295669555664,249.110273361206,-81.4953002929688
0.9583333333333334,35.3472366333008,249.232847213745,-80.0211181640625
0.96,35.3649253845215,249.357481002808,-78.6557006835938
0.9616666666666667,35.3825950622559,249.484846115112,-77.4453735351563
0.9633333333333334,35.4002647399902,249.61475944519,-76.363037109375
0.965,35.4179534912109,249.745939254761,-75.3396606445313
0.9666666666666667,35.4356384277344,249.876264572144,-74.2891845703125
0.9683333333333334,35.453311920166,250.003629684448,-73.1394653320313
0.97,35.4709968566895,250.126401901245,-71.8723754882813
0.9716666666666667,35.4887008666992,250.244184494019,-70.5208740234375
0.9733333333333334,35.5063858032227,250.358930587769,-69.1270751953125
0.975,35.524055480957,250.473600387573,-67.729248046875
0.9766666666666667,35.5417442321777,250.588468551636,-66.37939453125
0.9783333333333334,35.5594139099121,250.700651168823,-65.1275024414063
0.98,35.5770874023438,250.807889938354,-63.9761352539063
0.9816666666666667,35.5947570800781,250.910245895386,-62.8818969726563
0.9833333333333333,35.6124305725098,251.008817672729,-61.8165893554688
0.985,35.6301002502441,251.106351852417,-60.8115234375
0.9866666666666667,35.6477737426758,251.206464767456,-59.917236328125
0.9883333333333333,35.6654281616211,251.310270309448,-59.10791015625
0.99,35.6831130981445,251.415800094604,-58.2637939453125
0.9916666666666667,35.7007865905762,251.521055221558,-57.2788696289063
0.9933333333333333,35.7184562683105,251.624082565308,-56.1780395507813
0.995,35.7361297607422,251.721265792847,-55.09423828125
0.9966666666666667,35.7537994384766,251.809247970581,-54.1395263671875
0.9983333333333333,35.7714729309082,251.888303756714,-53.3184814453125
1,35.7891426086426,251.962720870972,-52.550537109375
1.0016666666666667,35.8067970275879,252.038373947144,-51.7516479492188
1.0033333333333334,35.8244705200195,252.119428634644,-50.8798828125
1.005,35.8421249389648,252.206418991089,-49.9312133789063
1.0066666666666666,35.8597984313965,252.296354293823,-48.9210205078125
1.0083333333333333,35.8774528503418,252.384397506714,-47.8840942382813
1.01,35.8951263427734,252.466505050659,-46.8638305664063
1.0116666666666667,35.9127960205078,252.5413646698,-45.8935546875
1.0133333333333334,35.9304504394531,252.60987663269,-44.9723510742188
1.015,35.9481239318848,252.673246383667,-44.0623168945313
1.0166666666666666,35.9657936096191,252.732755661011,-43.11328125
1.0183333333333333,35.9834518432617,252.790723800659,-42.1093139648438
1.02,36.0011215209961,252.849576950073,-41.0892333984375
1.0216666666666667,36.0187797546387,252.909955978394,-40.116943359375
1.0233333333333334,36.036449432373,252.970899581909,-39.2354736328125
1.025,36.0541229248047,253.031995773315,-38.4494018554688
1.0266666666666666,36.0717926025391,253.094831466675,-37.7070922851563
1.0283333333333333,36.0894622802734,253.161725997925,-36.9223022460938
1.03,36.107120513916,253.232007980347,-36.0382690429688
1.0316666666666667,36.1247901916504,253.300214767456,-35.0579223632813
1.0333333333333334,36.142463684082,253.359601974487,-34.0087280273438
1.035,36.1601333618164,253.408430099487,-32.9337158203125
1.0366666666666666,36.177791595459,253.452253341675,-31.9072265625
1.0383333333333333,36.1954460144043,253.499311447144,-31.0023193359375
1.04,36.2131004333496,253.553480148315,-30.235107421875
1.0416666666666667,36.2307586669922,253.612058639526,-29.5550537109375
1.0433333333333332,36.2484283447266,253.670118331909,-28.8825073242188
1.045,36.2660865783691,253.724836349487,-28.1467895507813
1.0466666666666666,36.2837409973145,253.775693893433,-27.3114624023438
1.0483333333333333,36.301399230957,253.822690963745,-26.3838500976563
1.05,36.3190536499023,253.866605758667,-25.4168701171875
1.0516666666666667,36.3367118835449,253.908948898315,-24.49072265625
1.0533333333333332,36.3543510437012,253.95086479187,-23.6577758789063
1.055,36.3719749450684,253.99188041687,-22.9235229492188
1.0566666666666666,36.3896179199219,254.030790328979,-22.2815551757813
1.0583333333333333,36.4072570800781,254.066373825073,-21.7179565429688
1.06,36.4249000549316,254.097578048706,-21.1858520507813
1.0616666666666668,36.4425239562988,254.124753952026,-20.6218872070313
1.0633333333333332,36.4601669311523,254.150968551636,-19.968017578125
1.065,36.4777908325195,254.17986869812,-19.1984252929688
1.0666666666666667,36.4954299926758,254.212934494019,-18.5180053710938
1.0683333333333334,36.5130577087402,254.248609542847,-17.8756713867188
1.07,36.5306968688965,254.283323287964,-17.1828002929688
1.0716666666666668,36.5483245849609,254.313459396362,-16.3787841796875
1.0733333333333333,36.5659484863281,254.337293624878,-15.46875
1.075,36.5835762023926,254.355115890503,-14.5142211914063
1.0766666666666667,36.6012001037598,254.368558883667,-13.5650024414063
1.0783333333333334,36.6188278198242,254.380201339722,-12.6538696289063
1.08,36.6364364624023,254.392774581909,-11.8265991210938
1.0816666666666668,36.6540603637695,254.40789604187,-11.0853881835938
1.0833333333333333,36.671688079834,254.42564201355,-10.4007568359375
1.085,36.6892967224121,254.445249557495,-9.76446533203125
1.0866666666666667,36.7069244384766,254.464994430542,-9.16094970703125
1.0883333333333334,36.7245330810547,254.482374191284,-8.54901123046875
1.09,36.7421760559082,254.495008468628,-7.893310546875
1.0916666666666666,36.7597846984863,254.502470016479,-7.29144287109375
1.0933333333333333,36.7773818969727,254.507398605347,-6.73004150390625
1.095,36.7950057983398,254.512845993042,-6.19793701171875
1.0966666666666667,36.8125991821289,254.520170211792,-5.70135498046875
1.0983333333333334,36.8302116394043,254.530042648315,-5.23828125
1.1,36.8478202819824,254.542585372925,-4.8134765625
1.1016666666666666,36.8654174804688,254.556211471558,-4.44122314453125
1.1033333333333333,36.8830261230469,254.568067550659,-4.122802734375
1.105,36.9006080627441,254.573957443237,-3.82598876953125
1.1066666666666667,36.9182014465332,254.570768356323,-3.5050048828125
1.1083333333333334,36.9357986450195,254.575162887573,-3.1329345703125
1.11,36.9533767700195,254.584470748901,-2.7198486328125
1.1116666666666666,36.9709587097168,254.593626022339,-2.31097412109375
1.1133333333333333,36.9885520935059,254.596906661987,-1.95574951171875
1.115,37.0061302185059,254.589277267456,-1.60565185546875
1.1166666666666667,37.0237274169922,254.569120407104,-1.27496337890625
1.1183333333333334,37.0413055419922,254.538846969604,-1.008544921875
1.12,37.0588874816895,254.506742477417,-0.7591552734375
1.1216666666666666,37.0764808654785,254.484861373901,-0.4925537109375
1.1233333333333333,37.0940628051758,254.477262496948,-0.17376708984375
1.125,37.1116409301758,254.478788375854,0.2061767578125
1.1266666666666667,37.129222869873,254.483823776245,0.62677001953125
1.1283333333333334,37.146800994873,254.488248825073,1.0565185546875
1.13,37.164363861084,254.488111495972,1.4765625
1.1316666666666666,37.1819305419922,254.480466842651,1.87298583984375
1.1333333333333333,37.1994934082031,254.474225997925,2.23297119140625
1.135,37.2170600891113,254.469785690308,2.56201171875
1.1366666666666667,37.2346229553223,254.467359542847,2.88427734375
1.1383333333333334,37.2521896362305,254.466993331909,3.22283935546875
1.14,37.2697525024414,254.467313766479,3.5870361328125
1.1416666666666666,37.2873039245605,254.467496871948,3.9664306640625
1.1433333333333333,37.3048515319824,254.467679977417,4.33428955078125
1.145,37.3224029541016,254.468320846558,4.6640625
1.1466666666666667,37.3399658203125,254.469800949097,4.92022705078125
1.1483333333333334,37.3575325012207,254.471952438354,5.07843017578125
1.15,37.3750801086426,254.474012374878,5.348876953125
1.1516666666666666,37.3926277160645,254.475263595581,5.70245361328125
1.1533333333333333,37.4101791381836,254.475904464722,6.0736083984375
1.155,37.4277267456055,254.476438522339,6.38433837890625
1.1566666666666667,37.4452781677246,254.471097946167,6.5643310546875
1.1583333333333334,37.4628105163574,254.461362838745,6.58612060546875
1.16,37.4803619384766,254.452604293823,6.47662353515625
1.1616666666666666,37.4978942871094,254.443464279175,6.34112548828125
1.1633333333333333,37.5154457092285,254.433820724487,6.328125
1.165,37.5329780578613,254.42237663269,6.4801025390625
1.1666666666666667,37.5505294799805,254.408460617065,6.72564697265625
1.1683333333333332,37.5680618286133,254.393018722534,6.99920654296875
1.17,37.5856094360352,254.376951217651,7.26434326171875
1.1716666666666666,37.6031455993652,254.359327316284,7.48370361328125
1.1733333333333333,37.620677947998,254.338926315308,7.623046875
1.175,37.6382141113281,254.316389083862,7.78802490234375
1.1766666666666667,37.6557464599609,254.293897628784,7.9844970703125
1.1783333333333332,37.673282623291,254.272489547729,8.21795654296875
1.18,37.6908149719238,254.251600265503,8.48876953125
1.1816666666666666,37.7083511352539,254.231122970581,8.781005859375
1.1833333333333333,37.7258834838867,254.212049484253,9.08734130859375
1.185,37.7434196472168,254.195020675659,9.4075927734375
1.1866666666666668,37.7609367370605,254.179395675659,9.73699951171875
1.1883333333333332,37.7784729003906,254.163938522339,10.0640258789063
1.19,37.7960052490234,254.147565841675,10.3749389648438
1.1916666666666667,37.8135223388672,254.129423141479,10.6646118164063
1.1933333333333334,37.8310432434082,254.109266281128,10.9456787109375
1.195,37.848560333252,254.087491989136,11.2428588867188
1.1966666666666668,37.8660659790039,254.064878463745,11.56640625
1.1983333333333333,37.8835830688477,254.042249679565,11.8353881835938
1.2,37.9010734558105,254.020277023315,12.0560302734375
1.2016666666666667,37.9185409545898,253.999128341675,12.2916870117188
1.2033333333333334,37.9358940124512,253.978315353394,12.5321044921875
1.205,37.9532661437988,253.957517623901,12.7776489257813
1.2066666666666668,37.9706230163574,253.937253952026,13.00634765625
1.2083333333333333,37.9879951477051,253.9183177948,13.2002563476563
1.21,38.0053520202637,253.900556564331,13.3699951171875
1.2116666666666667,38.022705078125,253.882886886597,13.5377197265625
1.2133333333333334,38.0400619506836,253.864469528198,13.7067260742188
1.215,38.0574188232422,253.845212936401,13.8700561523438
1.2166666666666666,38.0747909545898,253.825223922729,14.0321044921875
1.2183333333333333,38.0921478271484,253.804410934448,14.2080688476563
1.22,38.109489440918,253.782529830933,14.3988647460938
1.2216666666666667,38.1268577575684,253.759595870972,14.5940551757813
1.2233333333333334,38.1441993713379,253.735563278198,14.7919921875
1.225,38.1615562438965,253.710218429565,14.999267578125
1.2266666666666666,38.178897857666,253.683713912964,15.2156982421875
1.2283333333333333,38.1962394714355,253.656904220581,15.43212890625
1.23,38.2135963439941,253.631132125854,15.6403198242188
1.2316666666666667,38.2309341430664,253.607374191284,15.8382568359375
1.2333333333333334,38.2482757568359,253.585294723511,16.0263061523438
1.235,38.2656326293945,253.563123703003,16.201904296875
1.2366666666666666,38.2829742431641,253.538999557495,16.3551635742188
1.2383333333333333,38.3003158569336,253.512571334839,16.4815063476563
1.24,38.3176574707031,253.484815597534,16.5992431640625
1.2416666666666667,38.3349952697754,253.456693649292,16.7400512695313
1.2433333333333334,38.3523216247559,253.428297042847,16.9180297851563
1.245,38.3696479797363,253.399122238159,17.115234375
1.2466666666666666,38.3869895935059,253.369016647339,17.3082275390625
1.2483333333333333,38.4043159484863,253.338514328003,17.4898681640625
1.25,38.4216423034668,253.308439254761,17.663818359375
1.2516666666666667,38.4389533996582,253.278852462769,17.8306274414063
1.2533333333333334,38.4562797546387,253.248807907104,17.98974609375
1.255,38.4735908508301,253.217100143433,18.13916015625
1.2566666666666666,38.4909172058105,253.183088302612,18.2662353515625
1.2583333333333333,38.5082244873047,253.147047042847,18.3539428710938
1.26,38.5255355834961,253.109891891479,18.40576171875
1.2616666666666667,38.5428466796875,253.072584152222,18.444580078125
1.2633333333333334,38.5601577758789,253.035429000854,18.4912719726563
1.265,38.5774688720703,252.998456954956,18.5460205078125
1.2666666666666666,38.5947799682617,252.962110519409,18.6015014648438
1.2683333333333333,38.6120910644531,252.927045822144,18.6586303710938
1.27,38.6293869018555,252.893384933472,18.7315063476563
1.2716666666666667,38.6466827392578,252.860578536987,18.8442993164063
1.2733333333333334,38.6639785766602,252.827711105347,19.0140380859375
1.275,38.6812744140625,252.793897628784,19.2279052734375
1.2766666666666666,38.6985549926758,252.759107589722,19.439208984375
1.2783333333333333,38.7158508300781,252.724561691284,19.6014404296875
1.28,38.7331466674805,252.69141960144,19.7105712890625
1.2816666666666667,38.7504272460938,252.658979415894,19.8004760742188
1.2833333333333334,38.7677230834961,252.625272750854,19.8982543945313
1.285,38.7850189208984,252.589292526245,19.9978637695313
1.2866666666666666,38.8022994995117,252.552045822144,20.0747680664063
1.2883333333333333,38.8195953369141,252.515165328979,20.1128540039063
1.29,38.8368759155273,252.479764938354,20.1143188476563
1.2916666666666667,38.8541679382324,252.446332931519,20.0965576171875
1.2933333333333332,38.8714485168457,252.414670944214,20.080078125
1.295,38.888729095459,252.383741378784,20.0753173828125
1.2966666666666666,38.9060096740723,252.352872848511,20.0694580078125
1.2983333333333333,38.9232902526855,252.323026657104,20.031005859375
1.3,38.9405708312988,252.295728683472,19.9414672851563
1.3016666666666667,38.9578514099121,252.270597457886,19.82080078125
1.3033333333333332,38.9751167297363,252.245481491089,19.705810546875
1.305,38.9923820495605,252.218656539917,19.6093139648438
1.3066666666666666,39.0096473693848,252.190061569214,19.5221557617188
1.3083333333333333,39.0269165039063,252.160093307495,19.443603515625
1.31,39.0441932678223,252.128828048706,19.3859252929688
1.3116666666666668,39.0614624023438,252.095945358276,19.35791015625
1.3133333333333332,39.078727722168,252.060773849487,19.35498046875
1.315,39.0959777832031,252.022871017456,19.3624877929688
1.3166666666666667,39.1132431030273,251.982969284058,19.363037109375
1.3183333333333334,39.1304931640625,251.943189620972,19.3480224609375
1.32,39.1477584838867,251.905546188354,19.3236694335938
1.3216666666666668,39.1650085449219,251.870023727417,19.2984008789063
1.3233333333333333,39.182258605957,251.834775924683,19.2683715820313
1.325,39.1995086669922,251.798505783081,19.2183837890625
1.3266666666666667,39.2167587280273,251.761808395386,19.1398315429688
1.3283333333333334,39.2340087890625,251.726224899292,19.042236328125
1.33,39.2512588500977,251.692945480347,18.944091796875
1.3316666666666668,39.2685089111328,251.662321090698,18.8644409179688
1.3333333333333333,39.2857437133789,251.633726119995,18.8193969726563
1.335,39.3029937744141,251.605512619019,18.816650390625
1.3366666666666667,39.3202590942383,251.57586479187,18.8468627929688
1.3383333333333334,39.3374938964844,251.544645309448,18.8893432617188
1.34,39.3547439575195,251.513837814331,18.9391479492188
1.3416666666666666,39.3719787597656,251.485258102417,19.0101928710938
1.3433333333333333,39.389217376709,251.458158493042,19.0989990234375
1.345,39.4064521789551,251.430433273315,19.1742553710938
1.3466666666666667,39.4237022399902,251.401319503784,19.2068481445313
1.3483333333333334,39.4409370422363,251.371610641479,19.1953125
1.35,39.4581718444824,251.34181022644,19.1539306640625
1.3516666666666666,39.4753761291504,251.311552047729,19.0995483398438
1.3533333333333333,39.4926109313965,251.280225753784,19.04296875
1.355,39.5098304748535,251.247663497925,18.9827270507813
1.3566666666666667,39.5270500183105,251.214170455933,18.9111328125
1.3583333333333334,39.5442695617676,251.180311203003,18.8258056640625
1.36,39.5614929199219,251.146772384644,18.739013671875
1.3616666666666666,39.5787124633789,251.114255905151,18.6692504882813
1.3633333333333333,39.5959320068359,251.083219528198,18.6231079101563
1.365,39.613151550293,251.053281784058,18.5886840820313
1.3666666666666667,39.63037109375,251.023740768433,18.55517578125
1.3683333333333334,39.647575378418,250.994306564331,18.5284423828125
1.37,39.6648101806641,250.9651927948,18.5225830078125
1.3716666666666666,39.6820297241211,250.936491012573,18.5407104492188
1.3733333333333333,39.6992530822754,250.90772819519,18.5755004882813
1.375,39.7164726257324,250.878049850464,18.6194458007813
1.3766666666666667,39.7336769104004,250.846616744995,18.6619262695313
1.3783333333333334,39.7508964538574,250.81316947937,18.6837158203125
1.38,39.7681007385254,250.778760910034,18.6767578125
1.3816666666666666,39.7852897644043,250.744764328003,18.662109375
1.3833333333333333,39.8025093078613,250.711545944214,18.6674194335938
1.385,39.8197021484375,250.679014205933,18.6879272460938
1.3866666666666667,39.8369064331055,250.647626876831,18.6934204101563
1.3883333333333334,39.8541107177734,250.618085861206,18.6655883789063
1.39,39.8712997436523,250.590452194214,18.6139526367188
1.3916666666666666,39.8885040283203,250.563932418823,18.55517578125
1.3933333333333333,39.9057083129883,250.537199020386,18.4978637695313
1.395,39.9229164123535,250.509031295776,18.4381713867188
1.3966666666666667,39.9401206970215,250.478879928589,18.3651123046875
1.3983333333333334,39.9573249816895,250.446943283081,18.2700805664063
1.4,39.9745292663574,250.414152145386,18.1571044921875
1.4016666666666666,39.9917182922363,250.381605148315,18.044677734375
1.4033333333333333,40.0089225769043,250.349775314331,17.9595336914063
1.405,40.0261154174805,250.318098068237,17.9205322265625
1.4066666666666667,40.0433197021484,250.285718917847,17.9197998046875
1.4083333333333334,40.0605239868164,250.252241134644,17.9263916015625
1.41,40.0777282714844,250.217771530151,17.9119262695313
1.4116666666666666,40.0949325561523,250.182676315308,17.8764038085938
1.4133333333333333,40.1121368408203,250.147886276245,17.8423461914063
1.415,40.1293296813965,250.114362716675,17.8231201171875
1.4166666666666667,40.1465034484863,250.082105636597,17.8141479492188
1.4183333333333332,40.1636924743652,250.050352096558,17.8035278320313
1.42,40.1808662414551,250.018888473511,17.7848510742188
1.4216666666666666,40.198055267334,249.988248825073,17.7615966796875
1.4233333333333333,40.2152328491211,249.958662033081,17.7432861328125
1.425,40.232421875,249.929639816284,17.7412719726563
1.4266666666666667,40.2495956420898,249.900831222534,17.7645263671875
1.4283333333333332,40.2667846679688,249.872648239136,17.8156127929688
1.43,40.2839736938477,249.845853805542,17.8939819335938
1.4316666666666666,40.3011512756348,249.820447921753,17.9981689453125
1.4333333333333333,40.3183403015137,249.795545578003,18.117919921875
1.435,40.3355293273926,249.770063400269,18.2283325195313
1.4366666666666668,40.3527336120605,249.743711471558,18.306884765625
1.4383333333333332,40.3699073791504,249.717237472534,18.3486328125
1.44,40.3871154785156,249.691663742065,18.3614501953125
1.4416666666666667,40.4043045043945,249.667219161987,18.3592529296875
1.4433333333333334,40.4215087890625,249.643049240112,18.3592529296875
1.445,40.4386978149414,249.617628097534,18.3777465820313
1.4466666666666668,40.4558715820313,249.589841842651,18.4161987304688
1.4483333333333333,40.4730606079102,249.559965133667,18.4524536132813
1.45,40.4902534484863,249.529874801636,18.4522705078125
1.4516666666666667,40.5074424743652,249.50164604187,18.4013671875
1.4533333333333334,40.5246162414551,249.475492477417,18.3162231445313
1.455,40.541805267334,249.449628829956,18.2283325195313
1.4566666666666668,40.5589790344238,249.422468185425,18.158935546875
1.4583333333333333,40.5761566162109,249.393537521362,18.110595703125
1.46,40.5933303833008,249.362989425659,18.0750732421875
1.4616666666666667,40.6105041503906,249.331098556519,18.046142578125
1.4633333333333334,40.6276779174805,249.298627853394,18.0195922851563
1.465,40.6448554992676,249.266157150269,17.9884643554688
1.4666666666666666,40.6620292663574,249.233106613159,17.9476318359375
1.4683333333333333,40.6792030334473,249.198637008667,17.899658203125
1.47,40.6963920593262,249.162992477417,17.8568115234375
1.4716666666666667,40.713565826416,249.126920700073,17.8383178710938
1.4733333333333334,40.7307434082031,249.090604782104,17.8493041992188
1.475,40.747917175293,249.054105758667,17.8743896484375
1.4766666666666666,40.7650909423828,249.018171310425,17.8976440429688
1.4783333333333333,40.7822647094727,248.983457565308,17.92236328125
1.48,40.7994270324707,248.949827194214,17.9571533203125
1.4816666666666667,40.8166160583496,248.916822433472,17.9979858398438
1.4833333333333334,40.8337745666504,248.884214401245,18.032958984375
1.485,40.8509483337402,248.851667404175,18.0543823242188
1.4866666666666666,40.8681221008301,248.818296432495,18.0620727539063
1.4883333333333333,40.8852844238281,248.783414840698,18.0626220703125
1.49,40.902458190918,248.748014450073,18.066650390625
1.4916666666666667,40.9196166992188,248.714551925659,18.0844116210938
1.4933333333333334,40.9367752075195,248.684324264526,18.1213989257813
1.495,40.9539375305176,248.656324386597,18.1702880859375
1.4966666666666666,40.9710807800293,248.628858566284,18.2100219726563
1.4983333333333333,40.988208770752,248.601118087769,18.2237548828125
1.5,41.0053863525391,248.572889328003,18.20947265625
1.5016666666666667,41.0225296020508,248.544095993042,18.1693725585938
1.5033333333333334,41.0396881103516,248.515043258667,18.1012573242188
1.505,41.0568466186523,248.486616134644,18.0093383789063
1.5066666666666666,41.0739936828613,248.459623336792,17.9100952148438
1.5083333333333333,41.091136932373,248.434003829956,17.81103515625
1.51,41.1082954406738,248.40919303894,17.7057495117188
1.5116666666666667,41.1254539489746,248.384580612183,17.59130859375
1.5133333333333334,41.1426010131836,248.359327316284,17.4755859375
1.515,41.1597442626953,248.333005905151,17.3695678710938
1.5166666666666666,41.176872253418,248.3060131073,17.2831420898438
1.5183333333333333,41.1940040588379,248.278593063354,17.2239990234375
1.52,41.2111320495605,248.25018119812,17.185546875
1.5216666666666667,41.2282600402832,248.220808029175,17.1483764648438
1.5233333333333334,41.2453918457031,248.191831588745,17.09912109375
1.525,41.2625198364258,248.164472579956,17.0436401367188
1.5266666666666666,41.2796325683594,248.138517379761,17.0000610351563
1.5283333333333333,41.2967643737793,248.112455368042,16.9747924804688
1.53,41.3138771057129,248.084623336792,16.9495239257813
1.5316666666666667,41.3310050964355,248.054410934448,16.8984375
1.5333333333333334,41.3481369018555,248.022840499878,16.8173217773438
1.535,41.3652496337891,247.991529464722,16.7195434570313
1.5366666666666666,41.3823623657227,247.961301803589,16.6148071289063
1.5383333333333333,41.3994789123535,247.932126998901,16.5071411132813
1.54,41.4165916442871,247.90382194519,16.408447265625
1.5416666666666667,41.4337043762207,247.876081466675,16.3341064453125
1.5433333333333332,41.4508361816406,247.848875045776,16.283935546875
1.545,41.4679489135742,247.822660446167,16.2412719726563
1.5466666666666666,41.4850769042969,247.797849655151,16.1958618164063
1.5483333333333333,41.5022087097168,247.773649215698,16.1581420898438
1.55,41.5193214416504,247.748853683472,16.143310546875
1.5516666666666667,41.536434173584,247.72315788269,16.15283203125
1.5533333333333332,41.5535507202148,247.697050094604,16.17626953125
1.555,41.5706634521484,247.670621871948,16.1993408203125
1.5566666666666666,41.5877914428711,247.643140792847,16.2189331054688
1.5583333333333333,41.604907989502,247.613843917847,16.2357788085938
1.56,41.6220207214355,247.582838058472,16.2372436523438
1.5616666666666668,41.6391334533691,247.551328659058,16.2015380859375
1.5633333333333332,41.65625,247.520795822144,16.1304931640625
1.565,41.6733474731445,247.491895675659,16.0601806640625
1.5666666666666667,41.6904640197754,247.463911056519,16.0257568359375
1.5683333333333334,41.7075614929199,247.434995651245,16.0250244140625
1.57,41.7246589660645,247.403730392456,16.0189819335938
1.5716666666666668,41.7417449951172,247.37095451355,15.9642333984375
1.5733333333333333,41.7588424682617,247.339811325073,15.8472290039063
1.575,41.7759284973145,247.313108444214,15.6937866210938
1.5766666666666667,41.793025970459,247.29102897644,15.5403442382813
1.5783333333333334,41.8101234436035,247.271757125854,15.4011840820313
1.58,41.8272094726563,247.253263473511,15.2642211914063
1.5816666666666668,41.8443069458008,247.2337474823,15.1155395507813
1.5833333333333333,41.8614234924316,247.211713790894,14.952392578125
1.585,41.8785057067871,247.187101364136,14.7866821289063
1.5866666666666667,41.8955688476563,247.161603927612,14.637451171875
1.5883333333333334,41.9126243591309,247.136960983276,14.5164184570313
1.59,41.9296722412109,247.113111495972,14.4127807617188
1.5916666666666666,41.9467277526855,247.08872795105,14.302734375
1.5933333333333333,41.9637756347656,247.063123703003,14.173095703125
1.595,41.9808044433594,247.036558151245,14.0337524414063
1.5966666666666667,41.9978485107422,247.009382247925,13.9002685546875
1.5983333333333334,42.014892578125,246.981428146362,13.764404296875
1.6,42.0319366455078,246.953031539917,13.6029052734375
1.6016666666666666,42.0489807128906,246.925489425659,13.4071655273438
1.6033333333333333,42.0660247802734,246.900053024292,13.1934814453125
1.605,42.0830688476563,246.876600265503,12.9823608398438
1.6066666666666667,42.1001129150391,246.853483200073,12.7842407226563
1.6083333333333334,42.1171569824219,246.828992843628,12.5963745117188
1.61,42.1341857910156,246.803098678589,12.3958740234375
1.6116666666666666,42.1512298583984,246.777540206909,12.15673828125
1.6133333333333333,42.1682739257813,246.754270553589,11.8855590820313
1.615,42.185302734375,246.733808517456,11.6297607421875
1.6166666666666667,42.2023468017578,246.71502494812,11.4393310546875
1.6183333333333334,42.2193908691406,246.696500778198,11.3265380859375
1.62,42.2364349365234,246.677869796753,11.2692260742188
1.6216666666666666,42.2534790039063,246.660108566284,11.2402954101563
1.6233333333333333,42.2705230712891,246.644193649292,11.2181396484375
1.625,42.2875518798828,246.630048751831,11.185546875
1.6266666666666667,42.3045806884766,246.616651535034,11.1417846679688
1.6283333333333334,42.3216247558594,246.602872848511,11.1047973632813
1.63,42.3386535644531,246.588148117065,11.0906982421875
1.6316666666666666,42.3556671142578,246.572584152222,11.0921630859375
1.6333333333333333,42.3726959228516,246.556959152222,11.0912475585938
1.635,42.3897285461426,246.542066574097,11.0859375
1.6366666666666667,42.4067573547363,246.527570724487,11.0861206054688
1.6383333333333334,42.4237861633301,246.512266159058,11.0864868164063
1.64,42.4407997131348,246.49610710144,11.0597534179688
1.6416666666666666,42.4578132629395,246.480268478394,10.9951171875
1.6433333333333333,42.4748268127441,246.465574264526,10.9143676757813
1.645,42.4918403625488,246.451871871948,10.8343505859375
1.6466666666666667,42.5088386535645,246.438932418823,10.7400512695313
1.6483333333333334,42.5258674621582,246.426542282104,10.6100463867188
1.65,42.5428810119629,246.414213180542,10.452392578125
1.6516666666666666,42.5598831176758,246.402006149292,10.2982177734375
1.6533333333333333,42.5768966674805,246.390668869019,10.1694946289063
1.655,42.5939102172852,246.380491256714,10.0697021484375
1.6566666666666667,42.6109390258789,246.370664596558,9.99407958984375
1.6583333333333334,42.6279525756836,246.359830856323,9.93731689453125
1.66,42.6449661254883,246.347150802612,9.89556884765625
1.6616666666666666,42.661979675293,246.332654953003,9.87542724609375
1.6633333333333333,42.6789932250977,246.316572189331,9.8935546875
1.665,42.6960067749023,246.298902511597,9.95782470703125
1.6666666666666667,42.7130241394043,246.279584884644,10.0491943359375
1.6683333333333332,42.730037689209,246.258619308472,10.1328735351563
1.67,42.7470512390137,246.236204147339,10.187255859375
1.6716666666666666,42.7640495300293,246.212736129761,10.2149047851563
1.6733333333333333,42.7810478210449,246.188764572144,10.2293701171875
1.675,42.7980461120605,246.164457321167,10.2478637695313
1.6766666666666667,42.8150444030762,246.139295578003,10.2841186523438
1.6783333333333332,42.8320617675781,246.112714767456,10.33740234375
1.68,42.8490600585938,246.085508346558,10.3978271484375
1.6816666666666666,42.8660430908203,246.059782028198,10.4688720703125
1.6833333333333333,42.883056640625,246.036771774292,10.5618896484375
1.685,42.9000549316406,246.015958786011,10.6712036132813
1.6866666666666668,42.9170532226563,245.997190475464,10.7741088867188
1.6883333333333332,42.9340515136719,245.981595993042,10.8572387695313
1.69,42.9510688781738,245.969312667847,10.921142578125
1.6916666666666667,42.9680671691895,245.957960128784,10.9649047851563
1.6933333333333334,42.9850807189941,245.944913864136,10.9890747070313
1.695,43.0020790100098,245.930082321167,10.9974975585938
1.6966666666666668,43.0190773010254,245.915128707886,10.9903564453125
1.6983333333333333,43.036075592041,245.900968551636,10.9661865234375
1.7,43.0530891418457,245.886915206909,10.9330444335938
1.7016666666666667,43.0700912475586,245.871870040894,10.9096069335938
1.7033333333333334,43.0870895385742,245.854917526245,10.9019165039063
1.705,43.1040878295898,245.835645675659,10.8907470703125
1.7066666666666668,43.1210861206055,245.814374923706,10.8521118164063
1.7083333333333333,43.138069152832,245.792615890503,10.7794189453125
1.71,43.1550674438477,245.772245407104,10.6766967773438
1.7116666666666667,43.1720695495605,245.753934860229,10.5510864257813
1.7133333333333334,43.1890525817871,245.736906051636,10.4181518554688
1.715,43.2060508728027,245.720136642456,10.298583984375
1.7166666666666666,43.2230491638184,245.702970504761,10.1976928710938
1.7183333333333333,43.240047454834,245.685056686401,10.0991821289063
1.72,43.2570457458496,245.666120529175,9.983642578125
1.7216666666666667,43.2740325927734,245.645780563354,9.85455322265625
1.7233333333333334,43.2910308837891,245.623701095581,9.736083984375
1.725,43.3080291748047,245.60011100769,9.64178466796875
1.7266666666666666,43.3250274658203,245.576307296753,9.56231689453125
1.7283333333333333,43.3420257568359,245.554029464722,9.497314453125
1.73,43.3590126037598,245.534162521362,9.46820068359375
1.7316666666666667,43.3760261535645,245.516447067261,9.482666015625
1.7333333333333334,43.3930244445801,245.500471115112,9.51214599609375
1.735,43.4100074768066,245.486249923706,9.5255126953125
1.7366666666666666,43.4270210266113,245.474210739136,9.52606201171875
1.7383333333333333,43.444019317627,245.464628219604,9.5361328125
1.74,43.4610023498535,245.456815719604,9.56671142578125
1.7416666666666667,43.4780044555664,245.44874382019,9.607177734375
1.7433333333333334,43.495002746582,245.438016891479,9.63812255859375
1.745,43.5120010375977,245.424161911011,9.63995361328125
1.7466666666666666,43.5289840698242,245.409009933472,9.608642578125
1.7483333333333333,43.5459823608398,245.394559860229,9.55572509765625
1.75,43.5629959106445,245.381299972534,9.5020751953125
1.7516666666666667,43.5799980163574,245.368894577026,9.46710205078125
1.7533333333333334,43.596981048584,245.35694694519,9.4610595703125
1.755,43.6139793395996,245.344556808472,9.4793701171875
1.7566666666666666,43.6309776306152,245.330549240112,9.50885009765625
1.7583333333333333,43.6479759216309,245.314649581909,9.53887939453125
1.76,43.6649742126465,245.297697067261,9.5672607421875
1.7616666666666667,43.6819763183594,245.280744552612,9.5870361328125
1.7633333333333334,43.698974609375,245.264295578003,9.5767822265625
1.765,43.7159729003906,245.248441696167,9.52239990234375
1.7666666666666666,43.7329559326172,245.233289718628,9.439453125
1.7683333333333333,43.7499389648438,245.2190990448,9.3577880859375
1.77,43.7669372558594,245.20574760437,9.29168701171875
1.7716666666666667,43.7839241027832,245.192579269409,9.23931884765625
1.7733333333333334,43.8009223937988,245.179090499878,9.1988525390625
1.775,43.8179054260254,245.165281295776,9.17120361328125
1.7766666666666666,43.834888458252,245.151121139526,9.1585693359375
1.7783333333333333,43.8518867492676,245.13624382019,9.170654296875
1.78,43.8688888549805,245.120450973511,9.22119140625
1.7816666666666667,43.8858871459961,245.103742599487,9.3087158203125
1.7833333333333334,43.9028701782227,245.086317062378,9.4068603515625
1.785,43.9198532104492,245.068693161011,9.48046875
1.7866666666666666,43.9368362426758,245.051588058472,9.51617431640625
1.7883333333333333,43.9538383483887,245.034925460815,9.5262451171875
1.79,43.9708213806152,245.018064498901,9.5269775390625
1.7916666666666667,43.9878196716309,245.000776290894,9.53009033203125
1.7933333333333332,44.0048179626465,244.983320236206,9.55316162109375
1.795,44.0218162536621,244.96551322937,9.6090087890625
1.7966666666666666,44.0387992858887,244.94695854187,9.6800537109375
1.7983333333333333,44.0558013916016,244.927732467651,9.73004150390625
1.8,44.0727844238281,244.90806388855,9.744873046875
1.8016666666666667,44.0897827148438,244.887784957886,9.73846435546875
1.8033333333333332,44.1067657470703,244.86720085144,9.72344970703125
1.805,44.1237640380859,244.847715377808,9.6939697265625
1.8066666666666666,44.1407623291016,244.830167770386,9.64654541015625
1.8083333333333333,44.1577491760254,244.81348991394,9.5972900390625
1.81,44.174747467041,244.796491622925,9.56744384765625
1.8116666666666668,44.1917304992676,244.779722213745,9.56121826171875
1.8133333333333332,44.2087287902832,244.764219284058,9.5709228515625
1.815,44.2257270812988,244.749876022339,9.59197998046875
1.8166666666666667,44.2427139282227,244.736204147339,9.620361328125
1.8183333333333334,44.2596969604492,244.723035812378,9.64013671875
1.82,44.2766799926758,244.709989547729,9.6346435546875
1.8216666666666668,44.2936630249023,244.696195602417,9.60919189453125
1.8233333333333333,44.3106460571289,244.681089401245,9.58026123046875
1.825,44.3276329040527,244.664838790894,9.5511474609375
1.8266666666666667,44.3446159362793,244.647977828979,9.509765625
1.8283333333333334,44.3615837097168,244.631147384644,9.448974609375
1.83,44.3785820007324,244.615156173706,9.3731689453125
1.8316666666666668,44.395565032959,244.600645065308,9.295166015625
1.8333333333333333,44.4125366210938,244.587125778198,9.22998046875
1.835,44.4295196533203,244.572797775269,9.1864013671875
1.8366666666666667,44.4464874267578,244.556196212769,9.158203125
1.8383333333333334,44.4634552001953,244.537885665894,9.134765625
1.84,44.4804267883301,244.51971244812,9.11151123046875
1.8416666666666666,44.4973945617676,244.502576828003,9.0845947265625
1.8433333333333333,44.5143775939941,244.486158370972,9.0450439453125
1.845,44.5313453674316,244.470457077026,8.990478515625
1.8466666666666667,44.5483016967773,244.456464767456,8.931884765625
1.8483333333333334,44.5652847290039,244.444562911987,8.8692626953125
1.85,44.5822372436523,244.433515548706,8.77716064453125
1.8516666666666666,44.5992050170898,244.421812057495,8.6385498046875
1.8533333333333333,44.6161613464355,244.408979415894,8.4744873046875
1.855,44.633129119873,244.395002365112,8.32177734375
1.8566666666666667,44.6500968933105,244.379758834839,8.19305419921875
1.8583333333333334,44.667064666748,244.363584518433,8.08355712890625
1.86,44.6840362548828,244.347776412964,7.991455078125
1.8616666666666666,44.7009887695313,244.3333568573,7.91619873046875
1.8633333333333333,44.7179412841797,244.3196849823,7.8515625
1.865,44.7348976135254,244.305387496948,7.7969970703125
1.8666666666666667,44.7518501281738,244.2903881073,7.75982666015625
1.8683333333333334,44.7688026428223,244.276212692261,7.7431640625
1.87,44.7857704162598,244.26417350769,7.74188232421875
1.8716666666666666,44.8027267456055,244.253828048706,7.75872802734375
1.8733333333333333,44.819694519043,244.243467330933,7.80706787109375
1.875,44.8366470336914,244.231611251831,7.8834228515625
1.8766666666666667,44.8536033630371,244.21778678894,7.95355224609375
1.8783333333333334,44.8705558776855,244.20232963562,7.98248291015625
1.88,44.887523651123,244.18572807312,7.96929931640625
1.8816666666666666,44.9044609069824,244.168439865112,7.93743896484375
1.8833333333333333,44.9214324951172,244.151014328003,7.90447998046875
1.885,44.9383850097656,244.134031295776,7.87042236328125
1.8866666666666667,44.955322265625,244.117994308472,7.8314208984375
1.8883333333333334,44.9722633361816,244.103391647339,7.79278564453125
1.89,44.9892158508301,244.091062545776,7.760009765625
1.8916666666666666,45.0061378479004,244.082059860229,7.72174072265625
1.8933333333333333,45.023078918457,244.076612472534,7.66058349609375
1.895,45.0400161743164,244.073514938354,7.5743408203125
1.8966666666666667,45.0569381713867,244.070737838745,7.47637939453125
1.8983333333333334,45.0738792419434,244.067121505737,7.38134765625
1.9,45.0908164978027,244.062574386597,7.3040771484375
1.9016666666666666,45.1077537536621,244.057081222534,7.2568359375
1.9033333333333333,45.1246795654297,244.05030632019,7.23321533203125
1.905,45.1416168212891,244.041898727417,7.21051025390625
1.9066666666666667,45.1585578918457,244.031339645386,7.17626953125
1.9083333333333334,45.1754951477051,244.018186569214,7.1385498046875
1.91,45.1924324035645,244.002714157104,7.11181640625
1.9116666666666666,45.2093734741211,243.985990524292,7.10980224609375
1.9133333333333333,45.2263107299805,243.968595504761,7.1392822265625
1.915,45.2432479858398,243.95005607605,7.1854248046875
1.9166666666666667,45.2602043151855,243.930173873901,7.21875
1.9183333333333332,45.2771263122559,243.910001754761,7.21746826171875
1.92,45.2940635681152,243.890989303589,7.18121337890625
1.9216666666666666,45.3110046386719,243.873777389526,7.12152099609375
1.9233333333333333,45.3279418945313,243.85825920105,7.048095703125
1.925,45.3448791503906,243.843870162964,6.96624755859375
1.9266666666666667,45.3618354797363,243.830289840698,6.8822021484375
1.9283333333333332,45.3787574768066,243.817838668823,6.80712890625
1.93,45.3957099914551,243.807065963745,6.7598876953125
1.9316666666666666,45.4126358032227,243.797895431519,6.7620849609375
1.9333333333333333,45.429573059082,243.790037155151,6.8232421875
1.935,45.4465255737305,243.783430099487,6.9345703125
1.9366666666666668,45.4634666442871,243.777784347534,7.07574462890625
1.9383333333333332,45.4804039001465,243.771970748901,7.228271484375
1.94,45.4973411560059,243.764646530151,7.382080078125
1.9416666666666667,45.5142974853516,243.754911422729,7.52764892578125
1.9433333333333334,45.5312347412109,243.743040084839,7.650146484375
1.945,45.5481719970703,243.730588912964,7.7362060546875
1.9466666666666668,45.565128326416,243.718809127808,7.781982421875
1.9483333333333333,45.5820808410645,243.707365036011,7.7896728515625
1.95,45.5990333557129,243.695508956909,7.76531982421875
1.9516666666666667,45.6160011291504,243.683561325073,7.7200927734375
1.9533333333333334,45.6329574584961,243.671689987183,7.66717529296875
1.955,45.6499099731445,243.658887863159,7.61224365234375
1.9566666666666668,45.6668472290039,243.644681930542,7.55548095703125
1.9583333333333333,45.6838035583496,243.630048751831,7.50128173828125
1.96,45.700756072998,243.616331100464,7.45916748046875
1.9616666666666667,45.7177085876465,243.603895187378,7.4278564453125
1.9633333333333334,45.7346496582031,243.592267990112,7.39306640625
1.965,45.7516021728516,243.581098556519,7.34600830078125
1.9666666666666666,45.7685546875,243.57049369812,7.28924560546875
1.9683333333333333,45.7854957580566,243.560514450073,7.23248291015625
1.97,45.8024482727051,243.550733566284,7.18743896484375
1.9716666666666667,45.8194007873535,243.540067672729,7.1627197265625
1.9733333333333334,45.8363342285156,243.527555465698,7.15887451171875
1.975,45.8532600402832,243.513456344604,7.1700439453125
1.9766666666666666,45.8702049255371,243.498731613159,7.18450927734375
1.9783333333333333,45.887149810791,243.483869552612,7.19146728515625
1.98,45.9040756225586,243.468381881714,7.18780517578125
1.9816666666666667,45.9210052490234,243.451948165894,7.18194580078125
1.9833333333333334,45.9379501342773,243.435270309448,7.177734375
1.985,45.9548797607422,243.419569015503,7.17352294921875
1.9866666666666666,45.9718055725098,243.4056224823,7.17041015625
1.9883333333333333,45.9887504577637,243.393400192261,7.16839599609375
1.99,46.0056800842285,243.382200241089,7.15850830078125
1.9916666666666667,46.0226249694824,243.371076583862,7.1334228515625
1.9933333333333334,46.03955078125,243.359373092651,7.10064697265625
1.995,46.0564804077148,243.347059249878,7.064208984375
1.9966666666666666,46.0734100341797,243.334241867065,7.0111083984375
1.9983333333333333,46.0903358459473,243.320432662964,6.92889404296875
2,46.1072807312012,243.305067062378,6.8192138671875
2.0016666666666665,46.124210357666,243.288404464722,6.69415283203125
2.0033333333333334,46.1411552429199,243.272001266479,6.56744384765625
2.005,46.1580810546875,243.257688522339,6.4537353515625
2.006666666666667,46.1750106811523,243.246091842651,6.36529541015625
2.0083333333333333,46.1919403076172,243.236433029175,6.30670166015625
2.01,46.208869934082,243.227582931519,6.26934814453125
2.0116666666666667,46.2257957458496,243.218885421753,6.23162841796875
2.013333333333333,46.2427253723145,243.210172653198,6.16973876953125
2.015,46.2596549987793,243.201322555542,6.08367919921875
2.0166666666666666,46.2765846252441,243.192533493042,6.00531005859375
2.0183333333333335,46.2935104370117,243.184720993042,5.96392822265625
2.02,46.3104400634766,243.178495407104,5.9549560546875
2.0216666666666665,46.3273696899414,243.172986984253,5.94708251953125
2.0233333333333334,46.3442840576172,243.166151046753,5.92071533203125
2.025,46.3612098693848,243.156766891479,5.886474609375
2.026666666666667,46.3781242370605,243.145246505737,5.8634033203125
2.0283333333333333,46.3950538635254,243.133054733276,5.85736083984375
2.03,46.4119682312012,243.1214427948,5.86376953125
2.0316666666666667,46.4288940429688,243.110822677612,5.8743896484375
2.033333333333333,46.4458084106445,243.101057052612,5.87127685546875
2.035,46.4627227783203,243.091840744019,5.83282470703125
2.0366666666666666,46.479621887207,243.083005905151,5.75335693359375
2.0383333333333336,46.4965362548828,243.074628829956,5.64971923828125
2.04,46.5134620666504,243.067274093628,5.54022216796875
2.0416666666666665,46.5303611755371,243.061780929565,5.42962646484375
2.0433333333333334,46.5472755432129,243.058485031128,5.31756591796875
2.045,46.5641746520996,243.056608200073,5.2181396484375
2.046666666666667,46.5810890197754,243.054456710815,5.154052734375
2.0483333333333333,46.5979995727539,243.050657272339,5.13043212890625
2.05,46.6148986816406,243.04493522644,5.1309814453125
2.0516666666666667,46.6318130493164,243.038068771362,5.13262939453125
2.0533333333333332,46.6487274169922,243.03143119812,5.1229248046875
2.055,46.6656265258789,243.025922775269,5.10736083984375
2.0566666666666666,46.6825370788574,243.020582199097,5.0958251953125
2.058333333333333,46.6994514465332,243.013013839722,5.09326171875
2.06,46.7163505554199,243.001737594604,5.10369873046875
2.0616666666666665,46.7332649230957,242.987623214722,5.1331787109375
2.0633333333333335,46.7501792907715,242.972791671753,5.1741943359375
2.065,46.76708984375,242.958555221558,5.2001953125
2.066666666666667,46.7840042114258,242.944730758667,5.18756103515625
2.0683333333333334,46.8009185791016,242.930952072144,5.13446044921875
2.07,46.8178329467773,242.917509078979,5.0606689453125
2.0716666666666668,46.8347473144531,242.904752731323,4.98944091796875
2.0733333333333333,46.8516578674316,242.892667770386,4.92938232421875
2.075,46.8685722351074,242.881803512573,4.8760986328125
2.0766666666666667,46.8854713439941,242.873304367065,4.82537841796875
2.078333333333333,46.9023704528809,242.867612838745,4.78179931640625
2.08,46.9192543029785,242.863431930542,4.75048828125
2.0816666666666666,46.9361686706543,242.8587474823,4.7354736328125
2.0833333333333335,46.9530639648438,242.852598190308,4.74609375
2.085,46.9699630737305,242.845273971558,4.79150390625
2.0866666666666664,46.9868469238281,242.837156295776,4.8702392578125
2.0883333333333334,47.0037460327148,242.828184127808,4.95849609375
2.09,47.0206451416016,242.818555831909,5.01800537109375
2.091666666666667,47.0375442504883,242.808851242065,5.026611328125
2.0933333333333333,47.054443359375,242.799863815308,5.00225830078125
2.095,47.0713539123535,242.791975021362,4.98248291015625
2.0966666666666667,47.0882530212402,242.784559249878,4.98358154296875
2.098333333333333,47.105167388916,242.776670455933,4.97918701171875
2.1,47.1220664978027,242.768095016479,4.927734375
2.1016666666666666,47.1389656066895,242.759412765503,4.815673828125
2.1033333333333335,47.1558647155762,242.750730514526,4.67156982421875
2.105,47.1727447509766,242.741804122925,4.540283203125
2.1066666666666665,47.1896438598633,242.732801437378,4.445068359375
2.1083333333333334,47.20654296875,242.72447013855,4.37530517578125
2.11,47.2234420776367,242.717374801636,4.31103515625
2.111666666666667,47.2403259277344,242.711332321167,4.24859619140625
2.1133333333333333,47.2572250366211,242.705656051636,4.198974609375
2.115,47.2741241455078,242.700040817261,4.17315673828125
2.1166666666666667,47.2910194396973,242.694715499878,4.17755126953125
2.118333333333333,47.3079032897949,242.689725875854,4.21307373046875
2.12,47.3248023986816,242.684522628784,4.27203369140625
2.1216666666666666,47.3416862487793,242.678754806519,4.33209228515625
2.1233333333333335,47.358570098877,242.672651290894,4.36468505859375
2.125,47.3754386901855,242.666273117065,4.35498046875
2.1266666666666665,47.3923377990723,242.65919303894,4.310302734375
2.1283333333333334,47.409236907959,242.650754928589,4.24365234375
2.13,47.4261322021484,242.641248703003,4.1627197265625
2.131666666666667,47.4430160522461,242.632490158081,4.07666015625
2.1333333333333333,47.4599151611328,242.626050949097,3.9964599609375
2.135,47.4768142700195,242.621213912964,3.93695068359375
2.1366666666666667,47.4937133789063,242.61622428894,3.90472412109375
2.138333333333333,47.510612487793,242.610624313354,3.88714599609375
2.14,47.5275115966797,242.60564994812,3.869384765625
2.1416666666666666,47.5443916320801,242.602369308472,3.85418701171875
2.1433333333333335,47.5612907409668,242.600431442261,3.853271484375
2.145,47.5781745910645,242.59832572937,3.86407470703125
2.1466666666666665,47.5950889587402,242.594434738159,3.87689208984375
2.1483333333333334,47.6119728088379,242.588132858276,3.88421630859375
2.15,47.6288719177246,242.580121994019,3.881103515625
2.151666666666667,47.6457710266113,242.571699142456,3.86590576171875
2.1533333333333333,47.6626663208008,242.563459396362,3.84539794921875
2.155,47.6795501708984,242.554838180542,3.83074951171875
2.1566666666666667,47.6964645385742,242.544904708862,3.83056640625
2.158333333333333,47.7133483886719,242.533674240112,3.84375
2.16,47.7302474975586,242.522214889526,3.85675048828125
2.1616666666666666,47.7471618652344,242.511610031128,3.856201171875
2.1633333333333336,47.7640724182129,242.502424240112,3.8507080078125
2.165,47.7809715270996,242.495023727417,3.86627197265625
2.1666666666666665,47.7978858947754,242.489683151245,3.91314697265625
2.1683333333333334,47.8147850036621,242.486082077026,3.97576904296875
2.17,47.8316993713379,242.483518600464,4.030517578125
2.171666666666667,47.8485984802246,242.481290817261,4.067138671875
2.1733333333333333,47.8654937744141,242.478834152222,4.09259033203125
2.175,47.8823928833008,242.475812911987,4.11749267578125
2.1766666666666667,47.8992919921875,242.471784591675,4.1414794921875
2.1783333333333332,47.9162063598633,242.466581344604,4.16180419921875
2.18,47.9330902099609,242.46063041687,4.1861572265625
2.1816666666666666,47.9500045776367,242.454221725464,4.22900390625
2.183333333333333,47.9668998718262,242.446912765503,4.28814697265625
2.185,47.9837837219238,242.438306808472,4.33905029296875
2.1866666666666665,48.0006980895996,242.42872428894,4.3575439453125
2.1883333333333335,48.0175971984863,242.418729782104,4.34307861328125
2.19,48.0345115661621,242.409116744995,4.3135986328125
2.191666666666667,48.0514106750488,242.401044845581,4.28668212890625
2.1933333333333334,48.0683212280273,242.395215988159,4.27203369140625
2.195,48.0852203369141,242.390882492065,4.27166748046875
2.1966666666666668,48.1021194458008,242.386426925659,4.27935791015625
2.1983333333333333,48.1190338134766,242.380826950073,4.28466796875
2.2,48.1359481811523,242.374402999878,4.28485107421875
2.2016666666666667,48.1528434753418,242.368330001831,4.28814697265625
2.203333333333333,48.1697425842285,242.363172531128,4.3033447265625
2.205,48.1866569519043,242.357862472534,4.3355712890625
2.2066666666666666,48.2035865783691,242.350461959839,4.38629150390625
2.2083333333333335,48.2204856872559,242.340177536011,4.44744873046875
2.21,48.2374000549316,242.327878952026,4.50054931640625
2.2116666666666664,48.2542953491211,242.314878463745,4.53607177734375
2.2133333333333334,48.2711944580078,242.302320480347,4.56170654296875
2.215,48.2880935668945,242.291440963745,4.58807373046875
2.216666666666667,48.3049926757813,242.282926559448,4.6219482421875
2.2183333333333333,48.321907043457,242.276090621948,4.6629638671875
2.22,48.3388061523438,242.269407272339,4.70654296875
2.2216666666666667,48.3557014465332,242.261777877808,4.7490234375
2.223333333333333,48.3726005554199,242.253232955933,4.7852783203125
2.225,48.3894844055176,242.245023727417,4.80780029296875
2.2266666666666666,48.4063835144043,242.238843917847,4.81475830078125
2.2283333333333335,48.423282623291,242.235197067261,4.8153076171875
2.23,48.4401664733887,242.232511520386,4.815673828125
2.2316666666666665,48.4570503234863,242.228666305542,4.82354736328125
2.2333333333333334,48.4739303588867,242.222898483276,4.8555908203125
2.235,48.4908142089844,242.215696334839,4.9229736328125
2.236666666666667,48.507698059082,242.207487106323,5.0137939453125
2.2383333333333333,48.5245819091797,242.198225021362,5.1038818359375
2.24,48.5414657592773,242.1878490448,5.17987060546875
2.2416666666666667,48.5583343505859,242.176603317261,5.2445068359375
2.243333333333333,48.5752182006836,242.164869308472,5.30401611328125
2.245,48.5921020507813,242.152997970581,5.354736328125
2.2466666666666666,48.6089706420898,242.14112663269,5.34027099609375
2.2483333333333335,48.6258544921875,242.129499435425,5.26153564453125
2.25,48.6427383422852,242.119062423706,5.13885498046875
2.2516666666666665,48.6596183776855,242.111036300659,5.0035400390625
2.2533333333333334,48.6764869689941,242.105512619019,4.8804931640625
2.255,48.6933708190918,242.101148605347,4.7764892578125
2.256666666666667,48.7102546691895,242.096494674683,4.70269775390625
2.2583333333333333,48.727123260498,242.090650558472,4.68017578125
2.26,48.7440071105957,242.083204269409,4.7098388671875
2.2616666666666667,48.7608757019043,242.074369430542,4.76092529296875
2.263333333333333,48.777759552002,242.064878463745,4.79681396484375
2.265,48.7946434020996,242.055448532104,4.80340576171875
2.2666666666666666,48.8115119934082,242.046262741089,4.7900390625
2.2683333333333335,48.8283805847168,242.037076950073,4.77301025390625
2.27,48.8452491760254,242.027448654175,4.75616455078125
2.2716666666666665,48.862117767334,242.017423629761,4.72412109375
2.2733333333333334,48.8789978027344,242.007154464722,4.657470703125
2.275,48.895881652832,241.996412277222,4.55987548828125
2.276666666666667,48.9127502441406,241.984968185425,4.45404052734375
2.2783333333333333,48.9296188354492,241.973066329956,4.36065673828125
2.28,48.9465026855469,241.961103439331,4.2919921875
2.2816666666666667,48.9633712768555,241.949171066284,4.2469482421875
2.283333333333333,48.980224609375,241.93736076355,4.21234130859375
2.285,48.9970932006836,241.926328659058,4.177001953125
2.2866666666666666,49.0139617919922,241.916944503784,4.1396484375
2.2883333333333336,49.0308303833008,241.912839889526,4.1048583984375
2.29,49.0477142333984,241.912000656128,4.07666015625
2.2916666666666665,49.064567565918,241.911939620972,4.061279296875
2.2933333333333334,49.0814361572266,241.910917282104,4.06805419921875
2.295,49.0983047485352,241.908170700073,4.0924072265625
2.296666666666667,49.1151580810547,241.904279708862,4.11328125
2.2983333333333333,49.1320266723633,241.899549484253,4.11090087890625
2.3,49.1488800048828,241.892911911011,4.07666015625
2.3016666666666667,49.1657485961914,241.883604049683,4.00927734375
2.3033333333333332,49.1826171875,241.872663497925,3.9107666015625
2.305,49.1994705200195,241.862043380737,3.79229736328125
2.3066666666666666,49.2163238525391,241.852949142456,3.6708984375
2.308333333333333,49.2331924438477,241.845853805542,3.5570068359375
2.31,49.2500457763672,241.841093063354,3.45318603515625
2.3116666666666665,49.2669143676758,241.838850021362,3.3603515625
2.3133333333333335,49.2837677001953,241.838834762573,3.28363037109375
2.315,49.3006324768066,241.840543746948,3.21917724609375
2.316666666666667,49.3174858093262,241.842908859253,3.15362548828125
2.3183333333333334,49.3343696594238,241.844526290894,3.076904296875
2.32,49.3512382507324,241.8440990448,2.98846435546875
2.3216666666666668,49.3681221008301,241.840559005737,2.89324951171875
2.3233333333333333,49.3849754333496,241.833936691284,2.7978515625
2.325,49.4018592834473,241.825574874878,2.71014404296875
2.3266666666666667,49.4187278747559,241.816785812378,2.640380859375
2.328333333333333,49.4355964660645,241.808027267456,2.60009765625
2.33,49.452465057373,241.799055099487,2.63433837890625
2.3316666666666666,49.4693336486816,241.789777755737,2.71563720703125
2.3333333333333335,49.4861869812012,241.7806224823,2.8037109375
2.335,49.5030555725098,241.772031784058,2.8685302734375
2.3366666666666664,49.5199089050293,241.764478683472,2.90350341796875
2.3383333333333334,49.5367774963379,241.758375167847,2.9256591796875
2.34,49.5536308288574,241.75391960144,2.9417724609375
2.341666666666667,49.570484161377,241.750928878784,2.93536376953125
2.3433333333333333,49.5873527526855,241.749097824097,2.8919677734375
2.345,49.6042213439941,241.748472213745,2.81964111328125
2.3466666666666667,49.6210746765137,241.748853683472,2.744384765625
2.348333333333333,49.6379432678223,241.749540328979,2.6890869140625
2.35,49.6547966003418,241.749845504761,2.66400146484375
2.3516666666666666,49.6716651916504,241.749311447144,2.67333984375
2.3533333333333335,49.688533782959,241.7474193573,2.72039794921875
2.355,49.7053985595703,241.743787765503,2.80462646484375
2.3566666666666665,49.7222671508789,241.738889694214,2.91943359375
2.3583333333333334,49.7391357421875,241.733610153198,3.047607421875
2.36,49.7560043334961,241.728559494019,3.164794921875
2.361666666666667,49.7728729248047,241.724027633667,3.2464599609375
2.3633333333333333,49.7897262573242,241.719999313354,3.27740478515625
2.365,49.8065948486328,241.716016769409,3.26312255859375
2.3666666666666667,49.8234786987305,241.711515426636,3.2237548828125
2.368333333333333,49.8403472900391,241.706296920776,3.17706298828125
2.37,49.8572158813477,241.700269699097,3.13238525390625
2.3716666666666666,49.8740692138672,241.693311691284,3.0911865234375
2.3733333333333335,49.8909378051758,241.685697555542,3.05108642578125
2.375,49.9077758789063,241.678297042847,3.0113525390625
2.3766666666666665,49.9246444702148,241.671873092651,2.97235107421875
2.3783333333333334,49.9415130615234,241.666212081909,2.93609619140625
2.38,49.958381652832,241.660474777222,2.90185546875
2.381666666666667,49.9752502441406,241.654401779175,2.86871337890625
2.3833333333333333,49.9921188354492,241.64829826355,2.84197998046875
2.385,50.0089874267578,241.642606735229,2.82843017578125
2.3866666666666667,50.0258560180664,241.637693405151,2.83245849609375
2.388333333333333,50.0427093505859,241.633344650269,2.85498046875
2.39,50.0595779418945,241.628858566284,2.89544677734375
2.3916666666666666,50.0764465332031,241.623853683472,2.949462890625
2.3933333333333335,50.0933113098145,241.618314743042,3.006591796875
2.395,50.110179901123,241.612150192261,3.0516357421875
2.3966666666666665,50.1270484924316,241.605115890503,3.0765380859375
2.3983333333333334,50.1439170837402,241.597257614136,3.0897216796875
2.4,50.1607856750488,241.588941574097,3.10400390625
2.401666666666667,50.1776542663574,241.580793380737,3.1256103515625
2.4033333333333333,50.194507598877,241.573560714722,3.15673828125
2.405,50.2113609313965,241.567441940308,3.19464111328125
2.4066666666666667,50.228214263916,241.562009811401,3.22943115234375
2.408333333333333,50.2450675964355,241.556928634644,3.246826171875
2.41,50.2619209289551,241.552030563354,3.240966796875
2.4116666666666666,50.2787742614746,241.546995162964,3.21771240234375
2.4133333333333336,50.2956275939941,241.541456222534,3.186767578125
2.415,50.3124809265137,241.535520553589,3.1519775390625
2.4166666666666665,50.3293342590332,241.529676437378,3.11279296875
2.4183333333333334,50.3461875915527,241.524335861206,3.0673828125
2.42,50.3630409240723,241.519804000854,3.01812744140625
2.421666666666667,50.3799095153809,241.516553878784,2.9696044921875
2.4233333333333333,50.3967628479004,241.514860153198,2.92529296875
2.425,50.4136161804199,241.514097213745,2.88995361328125
2.4266666666666667,50.4304695129395,241.513395309448,2.8740234375
2.4283333333333332,50.447322845459,241.512434005737,2.88134765625
2.43,50.4641761779785,241.510938644409,2.89764404296875
2.4316666666666666,50.481029510498,241.508253097534,2.90185546875
2.433333333333333,50.4978828430176,241.504056930542,2.88958740234375
2.435,50.5147361755371,241.498762130737,2.87054443359375
2.4366666666666665,50.5315895080566,241.493116378784,2.8502197265625
2.4383333333333335,50.5484428405762,241.487409591675,2.82403564453125
2.44,50.5652809143066,241.481412887573,2.78997802734375
2.441666666666667,50.5821189880371,241.474943161011,2.75262451171875
2.4433333333333334,50.5989723205566,241.468091964722,2.72259521484375
2.445,50.615795135498,241.460966110229,2.7132568359375
2.4466666666666668,50.6326484680176,241.453779220581,2.7275390625
2.4483333333333333,50.6495018005371,241.446897506714,2.753173828125
2.45,50.6663551330566,241.440946578979,2.77880859375
2.4516666666666667,50.6831932067871,241.43621635437,2.80242919921875
2.453333333333333,50.7000465393066,241.432126998901,2.82073974609375
2.455,50.7168884277344,241.42774772644,2.82568359375
2.4566666666666666,50.7337417602539,241.42303276062,2.814697265625
2.4583333333333335,50.7505798339844,241.418897628784,2.7945556640625
2.46,50.7674331665039,241.416257858276,2.77734375
2.4616666666666664,50.7842712402344,241.414701461792,2.78741455078125
2.4633333333333334,50.8011093139648,241.413007736206,2.81231689453125
2.465,50.8179473876953,241.410627365112,2.85498046875
2.466666666666667,50.8348007202148,241.407468795776,2.90753173828125
2.4683333333333333,50.8516387939453,241.403104782104,2.95770263671875
2.47,50.8684768676758,241.397581100464,3
2.4716666666666667,50.8853149414063,241.391874313354,3.03277587890625
2.473333333333333,50.9021530151367,241.387037277222,3.0516357421875
2.475,50.9190063476563,241.383054733276,3.0556640625
2.4766666666666666,50.9358596801758,241.379102706909,3.0509033203125
2.4783333333333335,50.9527130126953,241.374631881714,3.04632568359375
2.48,50.9695510864258,241.369779586792,3.0465087890625
2.4816666666666665,50.9863891601563,241.36475944519,3.04779052734375
2.4833333333333334,51.0032424926758,241.35955619812,3.04449462890625
2.485,51.0200958251953,241.353910446167,3.03314208984375
2.486666666666667,51.0369338989258,241.347455978394,3.01409912109375
2.4883333333333333,51.0537719726563,241.340147018433,2.991943359375
2.49,51.0706253051758,241.332578659058,2.9732666015625
2.4916666666666667,51.0874633789063,241.325361251831,2.965576171875
2.493333333333333,51.1043014526367,241.318494796753,2.97125244140625
2.495,51.1211547851563,241.311933517456,2.98260498046875
2.4966666666666666,51.1379928588867,241.305982589722,2.98736572265625
2.4983333333333335,51.1548156738281,241.30096244812,2.98443603515625
2.5,51.1716537475586,241.296796798706,2.9857177734375
2.5016666666666665,51.1885070800781,241.292890548706,3.00567626953125
2.5033333333333334,51.2053337097168,241.287519454956,3.04193115234375
2.505,51.2221717834473,241.282194137573,3.0794677734375
2.506666666666667,51.2390251159668,241.276945114136,3.11004638671875
2.5083333333333333,51.2558479309082,241.271802902222,3.13201904296875
2.51,51.2726860046387,241.266920089722,3.1417236328125
2.5116666666666667,51.2895240783691,241.262434005737,3.14007568359375
2.513333333333333,51.3063621520996,241.258207321167,3.1373291015625
2.515,51.323184967041,241.253950119019,3.14501953125
2.5166666666666666,51.3400230407715,241.249418258667,3.16241455078125
2.5183333333333335,51.3568305969238,241.244520187378,3.17926025390625
2.52,51.3736686706543,241.239255905151,3.1871337890625
2.5216666666666665,51.3904914855957,241.233533859253,3.18585205078125
2.5233333333333334,51.4073295593262,241.227430343628,3.17816162109375
2.525,51.4241676330566,241.221235275269,3.1658935546875
2.526666666666667,51.4410057067871,241.215330123901,3.14739990234375
2.5283333333333333,51.4578475952148,241.209791183472,3.1204833984375
2.53,51.4746704101563,241.2044506073,3.0860595703125
2.5316666666666667,51.4915084838867,241.199125289917,3.0516357421875
2.533333333333333,51.5083160400391,241.193815231323,3.0238037109375
2.535,51.5251541137695,241.188611984253,3.00164794921875
2.5366666666666666,51.5419769287109,241.183576583862,2.98406982421875
2.5383333333333336,51.5588150024414,241.178800582886,2.97308349609375
2.54,51.5756530761719,241.17432975769,2.9718017578125
2.5416666666666665,51.5924758911133,241.170087814331,2.978759765625
2.5433333333333334,51.6093139648438,241.165784835815,2.984619140625
2.545,51.6261520385742,241.161207199097,2.96630859375
2.546666666666667,51.6429901123047,241.156385421753,2.94305419921875
2.5483333333333333,51.6598281860352,241.151456832886,2.91925048828125
2.55,51.6766662597656,241.146467208862,2.898193359375
2.5516666666666667,51.6935081481934,241.14129447937,2.88226318359375
2.5533333333333332,51.7103462219238,241.135908126831,2.87164306640625
2.555,51.7271842956543,241.130430221558,2.8626708984375
2.5566666666666666,51.7440376281738,241.124952316284,2.8516845703125
2.558333333333333,51.7608604431152,241.119520187378,2.83831787109375
2.56,51.7776985168457,241.114164352417,2.82696533203125
2.5616666666666665,51.7945365905762,241.109037399292,2.8216552734375
2.5633333333333335,51.8113441467285,241.104291915894,2.82073974609375
2.565,51.8281669616699,241.099912643433,2.81964111328125
2.566666666666667,51.8450050354004,241.095731735229,2.816162109375
2.5683333333333334,51.8618125915527,241.091627120972,2.81268310546875
2.57,51.8786506652832,241.08741569519,2.8114013671875
2.5716666666666668,51.8954734802246,241.082975387573,2.81231689453125
2.5733333333333333,51.9123153686523,241.078275680542,2.81341552734375
2.575,51.9291381835938,241.073377609253,2.8121337890625
2.5766666666666667,51.9459609985352,241.068357467651,2.80609130859375
2.578333333333333,51.9627838134766,241.063261032104,2.79583740234375
2.58,51.979606628418,241.058225631714,2.78594970703125
2.5816666666666666,51.9964447021484,241.053312301636,2.78302001953125
2.5833333333333335,52.0132827758789,241.048566818237,2.78887939453125
2.585,52.0301208496094,241.044172286987,2.79803466796875
2.5866666666666664,52.0469589233398,241.040327072144,2.8048095703125
2.5883333333333334,52.0637817382813,241.036939620972,2.80718994140625
2.59,52.0806198120117,241.033674240112,2.80572509765625
2.591666666666667,52.0974426269531,241.03028678894,2.80078125
2.5933333333333333,52.1142959594727,241.026731491089,2.79254150390625
2.595,52.1311340332031,241.02313041687,2.7835693359375
2.5966666666666667,52.1479873657227,241.019651412964,2.778076171875
2.598333333333333,52.1648406982422,241.016309738159,2.776611328125
2.6,52.1816940307617,241.012891769409,2.7747802734375
2.6016666666666666,52.1985359191895,241.008939743042,2.76690673828125
2.6033333333333335,52.215389251709,241.004117965698,2.75335693359375
2.605,52.2322120666504,240.998472213745,2.738525390625
2.6066666666666665,52.2490653991699,240.992460250854,2.7264404296875
2.6083333333333334,52.2659034729004,240.986555099487,2.71783447265625
2.61,52.2827415466309,240.980939865112,2.7125244140625
2.611666666666667,52.2995796203613,240.975507736206,2.70867919921875
2.6133333333333333,52.3164176940918,240.970090866089,2.70574951171875
2.615,52.3332710266113,240.964673995972,2.70245361328125
2.6166666666666667,52.3500938415527,240.959470748901,2.69769287109375
2.618333333333333,52.3669471740723,240.95477104187,2.69183349609375
2.62,52.3838005065918,240.950590133667,2.68743896484375
2.6216666666666666,52.4006538391113,240.9466381073,2.6883544921875
2.6233333333333335,52.4174919128418,240.942411422729,2.69403076171875
2.625,52.4343299865723,240.93768119812,2.69970703125
2.6266666666666665,52.4511833190918,240.932615280151,2.70318603515625
2.6283333333333334,52.4680213928223,240.927473068237,2.70684814453125
2.63,52.4848594665527,240.922452926636,2.7125244140625
2.631666666666667,52.5016975402832,240.917646408081,2.718017578125
2.6333333333333333,52.5185356140137,240.913068771362,2.720947265625
2.635,52.5353736877441,240.908582687378,2.7213134765625
2.6366666666666667,52.5522270202637,240.903944015503,2.72039794921875
2.638333333333333,52.5690498352051,240.898923873901,2.7198486328125
2.64,52.5858879089355,240.89356803894,2.720947265625
2.6416666666666666,52.6027297973633,240.888288497925,2.72259521484375
2.6433333333333335,52.6195526123047,240.883588790894,2.72003173828125
2.645,52.6363906860352,240.879590988159,2.709228515625
2.6466666666666665,52.6532440185547,240.876081466675,2.690185546875
2.6483333333333334,52.6700820922852,240.872709274292,2.66912841796875
2.65,52.6869201660156,240.869245529175,2.65228271484375
2.651666666666667,52.7037582397461,240.8655834198,2.64129638671875
2.6533333333333333,52.7206268310547,240.861692428589,2.63232421875
2.655,52.7374649047852,240.857496261597,2.6220703125
2.6566666666666667,52.7543182373047,240.853071212769,2.61090087890625
2.658333333333333,52.7711563110352,240.848569869995,2.60174560546875
2.66,52.7880096435547,240.844038009644,2.59661865234375
2.6616666666666666,52.8048629760742,240.839307785034,2.59332275390625
2.6633333333333336,52.8217010498047,240.834196090698,2.58782958984375
2.665,52.8385391235352,240.828809738159,2.5755615234375
2.6666666666666665,52.8553771972656,240.8235912323,2.55596923828125
2.6683333333333334,52.8722152709961,240.818906784058,2.53216552734375
2.67,52.8890533447266,240.814756393433,2.5081787109375
2.671666666666667,52.905891418457,240.8108959198,2.48638916015625
2.6733333333333333,52.9227447509766,240.807172775269,2.468994140625
2.675,52.939582824707,240.803541183472,2.4583740234375
2.6766666666666667,52.9564208984375,240.799955368042,2.455810546875
2.6783333333333332,52.973258972168,240.796430587769,2.45654296875
2.68,52.9900970458984,240.792997360229,2.45306396484375
2.6816666666666666,53.0069351196289,240.78956413269,2.4429931640625
2.683333333333333,53.0237770080566,240.786008834839,2.43328857421875
2.685,53.0406150817871,240.782270431519,2.4312744140625
2.6866666666666665,53.0574684143066,240.778348922729,2.436767578125
2.6883333333333335,53.0743064880371,240.774290084839,2.44427490234375
2.69,53.0911598205566,240.77003288269,2.4481201171875
2.691666666666667,53.1079978942871,240.765531539917,2.447021484375
2.6933333333333334,53.1248207092285,240.760831832886,2.4429931640625
2.695,53.141674041748,240.756147384644,2.43914794921875
2.6966666666666668,53.1585121154785,240.751585006714,2.43621826171875
2.6983333333333333,53.175365447998,240.747098922729,2.4334716796875
2.7,53.1922035217285,240.742658615112,2.43017578125
2.7016666666666667,53.209041595459,240.738386154175,2.42559814453125
2.703333333333333,53.2258644104004,240.734479904175,2.4180908203125
2.705,53.2427024841309,240.730985641479,2.40380859375
2.7066666666666666,53.2595405578613,240.727781295776,2.38311767578125
2.7083333333333335,53.2763786315918,240.724683761597,2.36151123046875
2.71,53.2932167053223,240.721601486206,2.345947265625
2.7116666666666664,53.3100700378418,240.718458175659,2.33697509765625
2.7133333333333334,53.3269233703613,240.715253829956,2.33184814453125
2.715,53.3437614440918,240.711896896362,2.3280029296875
2.716666666666667,53.3606147766113,240.708204269409,2.32598876953125
2.7183333333333333,53.3774528503418,240.703931808472,2.32708740234375
2.72,53.3943061828613,240.69923210144,2.33148193359375
2.7216666666666667,53.4111442565918,240.694501876831,2.33807373046875
2.723333333333333,53.4280128479004,240.689985275269,2.34466552734375
2.725,53.4448661804199,240.685514450073,2.34979248046875
2.7266666666666666,53.4617195129395,240.680982589722,2.35198974609375
2.7283333333333335,53.478588104248,240.676527023315,2.35107421875
2.73,53.4954414367676,240.672391891479,2.34759521484375
2.7316666666666665,53.5122947692871,240.668699264526,2.3419189453125
2.7333333333333334,53.5291481018066,240.665327072144,2.3338623046875
2.735,53.5460014343262,240.662000656128,2.32415771484375
2.736666666666667,53.5628547668457,240.658430099487,2.31463623046875
2.7383333333333333,53.5796928405762,240.65447807312,2.306396484375
2.74,53.5965309143066,240.650281906128,2.29888916015625
2.7416666666666667,53.6133842468262,240.646055221558,2.29156494140625
2.743333333333333,53.6302375793457,240.641904830933,2.28533935546875
2.745,53.6470756530762,240.637800216675,2.282958984375
2.7466666666666666,53.6639289855957,240.633878707886,2.28662109375
2.7483333333333335,53.6807823181152,240.630216598511,2.29522705078125
2.75,53.6976203918457,240.626798629761,2.30438232421875
2.7516666666666665,53.7144737243652,240.623411178589,2.31097412109375
2.7533333333333334,53.7313423156738,240.620008468628,2.31317138671875
2.755,53.748176574707,240.616575241089,2.31207275390625
2.756666666666667,53.7650260925293,240.613172531128,2.30841064453125
2.7583333333333333,53.7818450927734,240.609708786011,2.302001953125
2.76,53.7986602783203,240.606031417847,2.2891845703125
2.7616666666666667,53.8155097961426,240.602140426636,2.271240234375
2.763333333333333,53.8323440551758,240.59815788269,2.2532958984375
2.765,53.849178314209,240.594175338745,2.24066162109375
2.7666666666666666,53.8659973144531,240.5901927948,2.23114013671875
2.7683333333333335,53.8828010559082,240.586271286011,2.2218017578125
2.77,53.8996315002441,240.582426071167,2.21282958984375
2.7716666666666665,53.9164505004883,240.578657150269,2.206787109375
2.7733333333333334,53.9332695007324,240.574872970581,2.20477294921875
2.775,53.9500885009766,240.571043014526,2.20404052734375
2.776666666666667,53.9669075012207,240.567152023315,2.20184326171875
2.7783333333333333,53.9837265014648,240.563261032104,2.196533203125
2.78,54.000560760498,240.559385299683,2.18756103515625
2.7816666666666667,54.0173797607422,240.55552482605,2.1756591796875
2.783333333333333,54.0341949462891,240.551694869995,2.162109375
2.785,54.0509986877441,240.547941207886,2.1470947265625
2.7866666666666666,54.0678329467773,240.544233322144,2.130615234375
2.7883333333333336,54.0846519470215,240.540433883667,2.11541748046875
2.79,54.1014709472656,240.536512374878,2.1024169921875
2.7916666666666665,54.1182899475098,240.532651901245,2.091064453125
2.7933333333333334,54.1350936889648,240.529020309448,2.07952880859375
2.795,54.151927947998,240.525693893433,2.070556640625
2.796666666666667,54.1687316894531,240.522581100464,2.06561279296875
2.7983333333333333,54.185546875,240.519529342651,2.0635986328125
2.8,54.2023658752441,240.516370773315,2.06103515625
2.8016666666666667,54.2191696166992,240.513166427612,2.05462646484375
2.8033333333333332,54.2359886169434,240.509962081909,2.04437255859375
2.805,54.2527923583984,240.506727218628,2.03265380859375
2.8066666666666666,54.2696113586426,240.503263473511,2.0218505859375
2.808333333333333,54.2864151000977,240.499586105347,2.01104736328125
2.81,54.3032188415527,240.495832443237,1.99859619140625
2.8116666666666665,54.3200225830078,240.492124557495,1.98101806640625
2.8133333333333335,54.3368263244629,240.488492965698,1.957763671875
2.815,54.353645324707,240.484968185425,1.9302978515625
2.816666666666667,54.3704452514648,240.481657028198,1.9024658203125
2.8183333333333334,54.387264251709,240.478513717651,1.875732421875
2.82,54.4040679931641,240.475385665894,1.8511962890625
2.8216666666666668,54.4209022521973,240.47218132019,1.828857421875
2.8233333333333333,54.4377059936523,240.468976974487,1.8087158203125
2.825,54.4545249938965,240.465879440308,1.7904052734375
2.8266666666666667,54.4713439941406,240.462980270386,1.77410888671875
2.828333333333333,54.4881629943848,240.460248947144,1.76055908203125
2.83,54.5049819946289,240.457593917847,1.7479248046875
2.8316666666666666,54.5217971801758,240.455015182495,1.73638916015625
2.8333333333333335,54.5386161804199,240.452543258667,1.7288818359375
2.835,54.5554351806641,240.450117111206,1.72650146484375
2.8366666666666664,54.5722541809082,240.447462081909,1.72650146484375
2.8383333333333334,54.5890731811523,240.444440841675,1.72430419921875
2.84,54.6058921813965,240.441205978394,1.71844482421875
2.841666666666667,54.6227264404297,240.437955856323,1.70947265625
2.8433333333333333,54.6395568847656,240.434812545776,1.6995849609375
2.845,54.6563911437988,240.431776046753,1.6900634765625
2.8466666666666667,54.673225402832,240.428770065308,1.68072509765625
2.848333333333333,54.6900596618652,240.425687789917,1.669189453125
2.85,54.7069091796875,240.422605514526,1.6549072265625
2.8516666666666666,54.7237434387207,240.419721603394,1.63861083984375
2.8533333333333335,54.7405891418457,240.4173412323,1.62176513671875
2.855,54.757438659668,240.415510177612,1.60491943359375
2.8566666666666665,54.7742729187012,240.414014816284,1.58935546875
2.8583333333333334,54.7911224365234,240.412504196167,1.57708740234375
2.86,54.8079566955566,240.410840988159,1.5684814453125
2.861666666666667,54.8248176574707,240.408994674683,1.56280517578125
2.8633333333333333,54.8416519165039,240.406980514526,1.55877685546875
2.865,54.8585014343262,240.40479850769,1.55621337890625
2.8666666666666667,54.8753356933594,240.402494430542,1.55474853515625
2.868333333333333,54.8921813964844,240.400098800659,1.55438232421875
2.87,54.9090309143066,240.397520065308,1.5531005859375
2.8716666666666666,54.9258804321289,240.394773483276,1.5465087890625
2.8733333333333335,54.9427146911621,240.391813278198,1.5318603515625
2.875,54.9595642089844,240.388578414917,1.5113525390625
2.8766666666666665,54.9764099121094,240.385145187378,1.48883056640625
2.8783333333333334,54.9932594299316,240.381818771362,1.464111328125
2.88,55.0100936889648,240.378889083862,1.43719482421875
2.881666666666667,55.0269432067871,240.3763256073,1.41192626953125
2.8833333333333333,55.0437774658203,240.373914718628,1.3948974609375
2.885,55.0606079101563,240.371534347534,1.389404296875
2.8866666666666667,55.0774421691895,240.369123458862,1.39324951171875
2.888333333333333,55.0942916870117,240.366666793823,1.402587890625
2.89,55.1111259460449,240.364164352417,1.41339111328125
2.8916666666666666,55.1279602050781,240.3616771698,1.4234619140625
2.8933333333333335,55.1447906494141,240.359281539917,1.4315185546875
2.895,55.1616401672363,240.356977462769,1.43975830078125
2.8966666666666665,55.1784744262695,240.354749679565,1.45001220703125
2.8983333333333334,55.1953239440918,240.352521896362,1.4622802734375
2.9,55.212158203125,240.350233078003,1.4747314453125
2.901666666666667,55.2289772033691,240.347806930542,1.4871826171875
2.9033333333333333,55.245792388916,240.345151901245,1.49981689453125
2.905,55.2626266479492,240.342283248901,1.5120849609375
2.9066666666666667,55.2794456481934,240.339292526245,1.522705078125
2.908333333333333,55.2962646484375,240.336317062378,1.5296630859375
2.91,55.3130836486816,240.333448410034,1.5311279296875
2.9116666666666666,55.3299179077148,240.330823898315,1.52618408203125
2.9133333333333336,55.346736907959,240.328718185425,1.517578125
2.915,55.3635520935059,240.327360153198,1.50732421875
2.9166666666666665,55.38037109375,240.326597213745,1.49505615234375
2.9183333333333334,55.3971900939941,240.326047897339,1.4813232421875
2.92,55.4140090942383,240.325452804565,1.4696044921875
2.921666666666667,55.4308433532715,240.324674606323,1.462646484375
2.9233333333333333,55.4476776123047,240.323545455933,1.45989990234375
2.925,55.4644966125488,240.321714401245,1.45953369140625
2.9266666666666667,55.481315612793,240.31902885437,1.46099853515625
2.9283333333333332,55.4981307983398,240.315671920776,1.46246337890625
2.93,55.514949798584,240.311887741089,1.46173095703125
2.9316666666666666,55.5317840576172,240.307905197144,1.45953369140625
2.933333333333333,55.5485877990723,240.303983688354,1.45880126953125
2.935,55.5654220581055,240.300428390503,1.4600830078125
2.9366666666666665,55.5822257995605,240.297361373901,1.46026611328125
2.9383333333333335,55.5990447998047,240.294675827026,1.4571533203125
2.94,55.6158485412598,240.292158126831,1.4505615234375
2.941666666666667,55.6326675415039,240.289609909058,1.4425048828125
2.9433333333333334,55.6494827270508,240.286909103394,1.4344482421875
2.945,55.6663017272949,240.284009933472,1.427490234375
2.9466666666666668,55.68310546875,240.280973434448,1.42144775390625
2.9483333333333333,55.6999244689941,240.277906417847,1.4161376953125
2.95,55.7167282104492,240.275022506714,1.41119384765625
2.9516666666666667,55.7335472106934,240.272504806519,1.40771484375
2.953333333333333,55.7503509521484,240.270338058472,1.40789794921875
2.955,55.7671699523926,240.268308639526,1.414306640625
2.9566666666666666,55.7839736938477,240.266202926636,1.42822265625
2.9583333333333335,55.8008041381836,240.263990402222,1.44671630859375
2.96,55.8176078796387,240.261701583862,1.4659423828125
2.9616666666666664,55.8344268798828,240.259351730347,1.4835205078125
2.9633333333333334,55.851245880127,240.257001876831,1.49981689453125
2.965,55.868049621582,240.254667282104,1.5157470703125
2.966666666666667,55.8848686218262,240.252286911011,1.52801513671875
2.9683333333333333,55.9016723632813,240.249784469604,1.5311279296875
2.97,55.9184913635254,240.24725151062,1.522705078125
2.9716666666666667,55.9353256225586,240.244855880737,1.50384521484375
2.973333333333333,55.9521408081055,240.2425365448,1.478759765625
2.975,55.9689598083496,240.240110397339,1.4520263671875
2.9766666666666666,55.9857940673828,240.237607955933,1.4267578125
2.9783333333333335,56.0025978088379,240.235288619995,1.40386962890625
2.98,56.019416809082,240.233320236206,1.3839111328125
2.9816666666666665,56.0362205505371,240.231641769409,1.3663330078125
2.9833333333333334,56.0530395507813,240.230024337769,1.34912109375
2.985,56.0698585510254,240.228269577026,1.32879638671875
2.986666666666667,56.0866928100586,240.226194381714,1.30426025390625
2.9883333333333333,56.1035232543945,240.223829269409,1.27825927734375
2.99,56.1203575134277,240.221281051636,1.25390625
2.9916666666666667,56.1371765136719,240.218717575073,1.23394775390625
2.993333333333333,56.1540107727051,240.216138839722,1.220947265625
2.995,56.1708450317383,240.213499069214,1.21600341796875
2.9966666666666666,56.1876907348633,240.210859298706,1.2161865234375
2.9983333333333335,56.2045249938965,240.208341598511,1.216552734375
3,56.2213592529297,240.206037521362,1.2154541015625
3.0016666666666665,56.2381935119629,240.203886032104,1.2147216796875
3.0033333333333334,56.2550277709961,240.201826095581,1.21563720703125
3.005,56.2718772888184,240.199689865112,1.21636962890625
3.006666666666667,56.2887077331543,240.197233200073,1.21307373046875
3.0083333333333333,56.3055419921875,240.194379806519,1.201904296875
3.01,56.3223762512207,240.191434860229,1.181396484375
3.0116666666666667,56.3391952514648,240.188779830933,1.15447998046875
3.013333333333333,56.356029510498,240.186567306519,1.12701416015625
3.015,56.3728790283203,240.184675216675,1.1019287109375
3.0166666666666666,56.3896942138672,240.182981491089,1.07794189453125
3.0183333333333335,56.4065284729004,240.181531906128,1.05523681640625
3.02,56.4233627319336,240.180372238159,1.03729248046875
3.0216666666666665,56.4401969909668,240.179349899292,1.026123046875
3.0233333333333334,56.45703125,240.178297042847,1.021728515625
3.025,56.4738655090332,240.177183151245,1.02301025390625
3.026666666666667,56.4906806945801,240.176176071167,1.0294189453125
3.0283333333333333,56.5075302124023,240.175321578979,1.037109375
3.03,56.5243492126465,240.174451828003,1.040771484375
3.0316666666666667,56.5411834716797,240.173414230347,1.037109375
3.033333333333333,56.5580177307129,240.172193527222,1.0279541015625
3.035,56.574836730957,240.17075920105,1.01531982421875
3.0366666666666666,56.591682434082,240.169004440308,1.00067138671875
3.0383333333333336,56.6085166931152,240.166959762573,0.984375
3.04,56.6253509521484,240.164823532104,0.96826171875
3.0416666666666665,56.6421699523926,240.162702560425,0.95416259765625
3.0433333333333334,56.6589889526367,240.160474777222,0.94317626953125
3.045,56.6758232116699,240.158048629761,0.93511962890625
3.046666666666667,56.6926536560059,240.155637741089,0.92742919921875
3.0483333333333333,56.70947265625,240.153577804565,0.91497802734375
3.05,56.7263069152832,240.152128219604,0.89666748046875
3.0516666666666667,56.7431411743164,240.151334762573,0.87835693359375
3.0533333333333332,56.7599754333496,240.151044845581,0.8668212890625
3.055,56.7768096923828,240.150938034058,0.86407470703125
3.0566666666666666,56.793628692627,240.150709152222,0.8668212890625
3.058333333333333,56.8104438781738,240.150281906128,0.87066650390625
3.06,56.827278137207,240.149671554565,0.8719482421875
3.0616666666666665,56.8440971374512,240.148847579956,0.86956787109375
3.0633333333333335,56.8609313964844,240.1478099823,0.8653564453125
3.065,56.8777656555176,240.14649772644,0.862060546875
3.066666666666667,56.8946151733398,240.144773483276,0.861328125
3.0683333333333334,56.9114303588867,240.142484664917,0.8660888671875
3.07,56.9282646179199,240.139768600464,0.87579345703125
3.0716666666666668,56.9450836181641,240.137098312378,0.88531494140625
3.0733333333333333,56.9619026184082,240.134855270386,0.88916015625
3.075,56.9787216186523,240.133054733276,0.88641357421875
3.0766666666666667,56.9955558776855,240.13152885437,0.87945556640625
3.078333333333333,57.0123748779297,240.130109786987,0.87030029296875
3.08,57.0291900634766,240.128828048706,0.8609619140625
3.0816666666666666,57.0460090637207,240.127653121948,0.85382080078125
3.0833333333333335,57.0628280639648,240.126523971558,0.848876953125
3.085,57.079647064209,240.125288009644,0.8441162109375
3.0866666666666664,57.0964660644531,240.123899459839,0.83734130859375
3.0883333333333334,57.1132850646973,240.122404098511,0.829833984375
3.09,57.1300888061523,240.120985031128,0.8236083984375
3.091666666666667,57.1469078063965,240.119657516479,0.82049560546875
3.0933333333333333,57.1637268066406,240.118238449097,0.822509765625
3.095,57.1805267333984,240.116544723511,0.8316650390625
3.0966666666666667,57.1973457336426,240.114561080933,0.8463134765625
3.098333333333333,57.2141799926758,240.112440109253,0.86224365234375
3.1,57.2309989929199,240.110425949097,0.87615966796875
3.1016666666666666,57.2478179931641,240.108869552612,0.88641357421875
3.1033333333333335,57.2646369934082,240.107908248901,0.89190673828125
3.105,57.2814559936523,240.107236862183,0.8946533203125
3.1066666666666665,57.2982749938965,240.10645866394,0.89593505859375
3.1083333333333334,57.3150901794434,240.105405807495,0.8939208984375
3.11,57.3319091796875,240.104001998901,0.88330078125
3.111666666666667,57.3487281799316,240.102338790894,0.86370849609375
3.1133333333333333,57.3655471801758,240.100675582886,0.84228515625
3.115,57.382381439209,240.099317550659,0.82781982421875
3.1166666666666667,57.3992004394531,240.09832572937,0.8232421875
3.118333333333333,57.4160194396973,240.097471237183,0.8272705078125
3.12,57.4328536987305,240.096479415894,0.83514404296875
3.1216666666666666,57.4496688842773,240.095212936401,0.8426513671875
3.1233333333333335,57.4664878845215,240.093671798706,0.847412109375
3.125,57.4833068847656,240.091962814331,0.85125732421875
3.1266666666666665,57.5001258850098,240.090131759644,0.85491943359375
3.1283333333333334,57.5169448852539,240.088270187378,0.8558349609375
3.13,57.533763885498,240.086484909058,0.8525390625
3.131666666666667,57.5505981445313,240.084943771362,0.84906005859375
3.1333333333333333,57.5674171447754,240.083753585815,0.84869384765625
3.135,57.5842323303223,240.082792282104,0.84979248046875
3.1366666666666667,57.6010665893555,240.081739425659,0.84722900390625
3.138333333333333,57.6178855895996,240.080411911011,0.8397216796875
3.14,57.6347045898438,240.078855514526,0.8302001953125
3.1416666666666666,57.651538848877,240.077268600464,0.8228759765625
3.1433333333333335,57.6683578491211,240.075803756714,0.821044921875
3.145,57.6851234436035,240.074522018433,0.8250732421875
3.1466666666666665,57.7018623352051,240.07325553894,0.83056640625
3.1483333333333334,57.7185897827148,240.071836471558,0.83367919921875
3.15,57.7353286743164,240.070280075073,0.83294677734375
3.151666666666667,57.7520523071289,240.068876266479,0.82763671875
3.1533333333333333,57.7687759399414,240.067792892456,0.81829833984375
3.155,57.7854995727539,240.06690788269,0.806396484375
3.1566666666666667,57.8022384643555,240.065870285034,0.79522705078125
3.158333333333333,57.818962097168,240.064451217651,0.787353515625
3.16,57.8357009887695,240.062589645386,0.78369140625
3.1616666666666666,57.852424621582,240.060514450073,0.7822265625
3.1633333333333336,57.8691635131836,240.05860710144,0.7803955078125
3.165,57.8858871459961,240.057035446167,0.77490234375
3.1666666666666665,57.9026260375977,240.055585861206,0.76446533203125
3.1683333333333334,57.9193496704102,240.054044723511,0.74981689453125
3.17,57.9360733032227,240.052579879761,0.7353515625
3.171666666666667,57.9528160095215,240.051359176636,0.72637939453125
3.1733333333333333,57.969539642334,240.050230026245,0.72509765625
3.175,57.9862785339355,240.048933029175,0.7291259765625
3.1766666666666667,58.0030174255371,240.047422409058,0.73260498046875
3.1783333333333332,58.0197563171387,240.045942306519,0.73095703125
3.18,58.0364952087402,240.044584274292,0.72528076171875
3.1816666666666666,58.0532341003418,240.043256759644,0.71942138671875
3.183333333333333,58.0699729919434,240.04185295105,0.717041015625
3.185,58.0866966247559,240.040449142456,0.719970703125
3.1866666666666665,58.1034202575684,240.039152145386,0.7265625
3.1883333333333335,58.1201438903809,240.038022994995,0.73077392578125
3.19,58.1368827819824,240.036985397339,0.7276611328125
3.191666666666667,58.1536064147949,240.03599357605,0.71795654296875
3.1933333333333334,58.1703300476074,240.035032272339,0.70806884765625
3.195,58.1870536804199,240.034147262573,0.70166015625
3.1966666666666668,58.2037925720215,240.033475875854,0.696533203125
3.1983333333333333,58.220531463623,240.033048629761,0.68902587890625
3.2,58.2372589111328,240.032712936401,0.678955078125
3.2016666666666667,58.2539825439453,240.032163619995,0.6676025390625
3.203333333333333,58.2707061767578,240.031293869019,0.6580810546875
3.205,58.2874298095703,240.030179977417,0.65203857421875
3.2066666666666666,58.3041534423828,240.029096603394,0.64892578125
3.2083333333333335,58.3209075927734,240.028257369995,0.64453125
3.21,58.337646484375,240.027647018433,0.637939453125
3.2116666666666664,58.3543701171875,240.026990890503,0.63336181640625
3.2133333333333334,58.3711242675781,240.025953292847,0.63336181640625
3.215,58.3878479003906,240.024518966675,0.6346435546875
3.216666666666667,58.4045715332031,240.022993087769,0.63262939453125
3.2183333333333333,58.4213104248047,240.021741867065,0.62640380859375
3.22,58.4380340576172,240.020826339722,0.61761474609375
3.2216666666666667,58.4547729492188,240.019971847534,0.60662841796875
3.223333333333333,58.4714965820313,240.0189037323,0.5947265625
3.225,58.488224029541,240.017515182495,0.5830078125
3.2266666666666666,58.5049476623535,240.01580619812,0.573486328125
3.2283333333333335,58.521671295166,240.013975143433,0.56689453125
3.23,58.5384101867676,240.012357711792,0.56451416015625
3.2316666666666665,58.5551490783691,240.011198043823,0.56524658203125
3.2333333333333334,58.5718727111816,240.010450363159,0.5672607421875
3.235,58.5886116027832,240.009870529175,0.5701904296875
3.236666666666667,58.6053504943848,240.009321212769,0.57366943359375
3.2383333333333333,58.6220893859863,240.008863449097,0.57843017578125
3.24,58.6388130187988,240.008451461792,0.58428955078125
3.2416666666666667,58.6555671691895,240.007871627808,0.5899658203125
3.243333333333333,58.672306060791,240.006956100464,0.59161376953125
3.245,58.6890296936035,240.005674362183,0.58831787109375
3.2466666666666666,58.7057685852051,240.004270553589,0.58209228515625
3.2483333333333335,58.7225074768066,240.002958297729,0.57623291015625
3.25,58.7392311096191,240.001874923706,0.57330322265625
3.2516666666666665,58.7559700012207,240.000883102417,0.57366943359375
3.2533333333333334,58.7727088928223,239.999799728394,0.5745849609375
3.255,58.7894325256348,239.998579025269,0.5731201171875
3.256666666666667,58.8061599731445,239.997343063354,0.5679931640625
3.2583333333333333,58.8228988647461,239.996213912964,0.561767578125
3.26,58.8396377563477,239.995222091675,0.55755615234375
3.2616666666666667,58.8563613891602,239.994474411011,0.5548095703125
3.263333333333333,58.8731002807617,239.994031906128,0.54949951171875
3.265,58.8898239135742,239.993696212769,0.538330078125
3.2666666666666666,58.9065475463867,239.993268966675,0.52130126953125
3.2683333333333335,58.9232864379883,239.992658615112,0.4991455078125
3.27,58.9400100708008,239.991910934448,0.473876953125
3.2716666666666665,58.9567489624023,239.990980148315,0.450439453125
3.2733333333333334,58.9734878540039,239.989881515503,0.43450927734375
3.275,58.9902267456055,239.988721847534,0.427734375
3.276666666666667,59.006950378418,239.987516403198,0.42645263671875
3.2783333333333333,59.0236892700195,239.98634147644,0.42535400390625
3.28,59.0404434204102,239.985273361206,0.42315673828125
3.2816666666666667,59.0571823120117,239.984357833862,0.41986083984375
3.283333333333333,59.0739059448242,239.983549118042,0.4156494140625
3.285,59.0906600952148,239.982862472534,0.4105224609375
3.2866666666666666,59.1073989868164,239.982267379761,0.403564453125
3.2883333333333336,59.124137878418,239.981672286987,0.39495849609375
3.29,59.1408767700195,239.981077194214,0.3856201171875
3.2916666666666665,59.1576309204102,239.98048210144,0.37774658203125
3.2933333333333334,59.1743545532227,239.9798412323,0.3717041015625
3.295,59.1910934448242,239.979108810425,0.36639404296875
3.296666666666667,59.207820892334,239.978193283081,0.361083984375
3.2983333333333333,59.2245597839355,239.977186203003,0.35614013671875
3.3,59.2412986755371,239.976179122925,0.350830078125
3.3016666666666667,59.2580375671387,239.97527885437,0.34423828125
3.3033333333333332,59.2747764587402,239.974592208862,0.33782958984375
3.305,59.2915153503418,239.974180221558,0.33343505859375
3.3066666666666666,59.3082542419434,239.974042892456,0.33123779296875
3.308333333333333,59.3249931335449,239.974073410034,0.331787109375
3.31,59.3417167663574,239.974210739136,0.3350830078125
3.3116666666666665,59.358455657959,239.974485397339,0.34130859375
3.3133333333333335,59.3751792907715,239.974821090698,0.34771728515625
3.315,59.391902923584,239.974988937378,0.35284423828125
3.316666666666667,59.4086112976074,239.974805831909,0.3563232421875
3.3183333333333334,59.4253349304199,239.974332809448,0.35797119140625
3.32,59.4420585632324,239.973875045776,0.35906982421875
3.3216666666666668,59.4587707519531,239.973600387573,0.362548828125
3.3233333333333333,59.4754791259766,239.973463058472,0.36932373046875
3.325,59.4922027587891,239.973234176636,0.3782958984375
3.3266666666666667,59.5089111328125,239.972745895386,0.38800048828125
3.328333333333333,59.525634765625,239.972043991089,0.3966064453125
3.33,59.5423583984375,239.971357345581,0.40118408203125
3.3316666666666666,59.55908203125,239.970823287964,0.40045166015625
3.3333333333333335,59.5757942199707,239.97039604187,0.3951416015625
3.335,59.5925178527832,239.96990776062,0.38671875
3.3366666666666664,59.6092414855957,239.969266891479,0.37939453125
3.3383333333333334,59.6259498596191,239.968488693237,0.3760986328125
3.34,59.6426734924316,239.967664718628,0.37701416015625
3.341666666666667,59.6593818664551,239.96697807312,0.37939453125
3.3433333333333333,59.6761054992676,239.966535568237,0.381591796875
3.345,59.6928291320801,239.96632194519,0.38470458984375
3.3466666666666667,59.7095413208008,239.966245651245,0.390380859375
3.348333333333333,59.7262649536133,239.966093063354,0.39898681640625
3.35,59.7429885864258,239.965620040894,0.40850830078125
3.3516666666666666,59.7596817016602,239.964735031128,0.4156494140625
3.3533333333333335,59.7764053344727,239.963468551636,0.4189453125
3.355,59.7931289672852,239.962003707886,0.4178466796875
3.3566666666666665,59.8098373413086,239.960477828979,0.412353515625
3.3583333333333334,59.8265609741211,239.959028244019,0.4024658203125
3.36,59.8432731628418,239.957685470581,0.38909912109375
3.361666666666667,59.8599662780762,239.956418991089,0.37591552734375
3.3633333333333333,59.8766899108887,239.955060958862,0.3665771484375
3.365,59.893383026123,239.953580856323,0.36181640625
3.3666666666666667,59.9100914001465,239.952024459839,0.3603515625
3.368333333333333,59.9268035888672,239.950529098511,0.361083984375
3.37,59.9435119628906,239.949216842651,0.3643798828125
3.3716666666666666,59.9602203369141,239.948240280151,0.3695068359375
3.3733333333333335,59.9769287109375,239.947706222534,0.37371826171875
3.375,59.9936370849609,239.947553634644,0.37371826171875
3.3766666666666665,60.0103454589844,239.9476146698,0.36785888671875
3.3783333333333334,60.0270576477051,239.947492599487,0.3577880859375
3.38,60.0437660217285,239.946851730347,0.3468017578125
3.381666666666667,60.060474395752,239.945768356323,0.3380126953125
3.3833333333333333,60.0771827697754,239.944562911987,0.3343505859375
3.385,60.0938911437988,239.943479537964,0.337646484375
3.3866666666666667,60.1106033325195,239.942533493042,0.3468017578125
3.388333333333333,60.127311706543,239.941648483276,0.358154296875
3.39,60.1440200805664,239.940793991089,0.36859130859375
3.3916666666666666,60.1607437133789,239.940031051636,0.37408447265625
3.3933333333333335,60.1774520874023,239.939573287964,0.3717041015625
3.395,60.1941757202148,239.939573287964,0.3603515625
3.3966666666666665,60.2108993530273,239.940000534058,0.34149169921875
3.3983333333333334,60.2276382446289,239.940626144409,0.3182373046875
3.4,60.2443618774414,239.94126701355,0.295166015625
3.401666666666667,60.2610893249512,239.94190788269,0.27667236328125
3.4033333333333333,60.2778129577637,239.942548751831,0.26312255859375
3.405,60.2945518493652,239.94305229187,0.24993896484375
3.4066666666666667,60.3112754821777,239.943311691284,0.233642578125
3.408333333333333,60.3280143737793,239.943204879761,0.2156982421875
3.41,60.3447532653809,239.942655563354,0.20050048828125
3.4116666666666666,60.3614921569824,239.941679000854,0.19061279296875
3.4133333333333336,60.3782157897949,239.940565109253,0.1875
3.415,60.3949546813965,239.939680099487,0.19097900390625
3.4166666666666665,60.411678314209,239.939252853394,0.1981201171875
3.4183333333333334,60.4284172058105,239.939252853394,0.20562744140625
3.42,60.4451560974121,239.939451217651,0.2080078125
3.421666666666667,60.4618797302246,239.939588546753,0.20123291015625
3.4233333333333333,60.4786186218262,239.939496994019,0.18603515625
3.425,60.4953422546387,239.939115524292,0.16717529296875
3.4266666666666667,60.5120811462402,239.938398361206,0.14959716796875
3.4283333333333332,60.5288200378418,239.937421798706,0.13330078125
3.43,60.5455474853516,239.936399459839,0.1160888671875
3.4316666666666666,60.5622863769531,239.935377120972,0.0963134765625
3.433333333333333,60.5790100097656,239.934446334839,0.075439453125
3.435,60.5957489013672,239.933759689331,0.05841064453125
3.4366666666666665,60.6124877929688,239.933439254761,0.04852294921875
3.4383333333333335,60.6292114257813,239.933546066284,0.04559326171875
3.44,60.6459503173828,239.933958053589,0.046875
3.441666666666667,60.6626892089844,239.93443107605,0.04962158203125
3.4433333333333334,60.6794128417969,239.934629440308,0.05255126953125
3.445,60.6961517333984,239.934492111206,0.0545654296875
3.4466666666666668,60.7129058837891,239.934232711792,0.0545654296875
3.4483333333333333,60.7296447753906,239.934110641479,0.05145263671875
3.45,60.7463836669922,239.934049606323,0.0450439453125
3.4516666666666667,60.7631225585938,239.933820724487,0.035888671875
3.453333333333333,60.7798461914063,239.933332443237,0.0230712890625
3.455,60.7966003417969,239.932615280151,0.00860595703125
3.4566666666666666,60.8133392333984,239.931791305542,-0.0029296875
3.4583333333333335,60.8300628662109,239.931043624878,-0.00714111328125
3.46,60.8467712402344,239.930479049683,-0.00439453125
3.4616666666666664,60.8634948730469,239.930158615112,0.00091552734375
3.4633333333333334,60.8802375793457,239.930082321167,0.00347900390625
3.465,60.8969764709473,239.930265426636,0.0010986328125
3.466666666666667,60.9137268066406,239.930631637573,-0.00732421875
3.4683333333333333,60.9304542541504,239.9310131073,-0.02069091796875
3.47,60.947208404541,239.931425094604,-0.03607177734375
3.4716666666666667,60.9639320373535,239.931974411011,-0.04815673828125
3.473333333333333,60.9806709289551,239.932767868042,-0.05419921875
3.475,60.9974098205566,239.933744430542,-0.05364990234375
3.4766666666666666,61.0141334533691,239.934705734253,-0.04779052734375
3.4783333333333335,61.0308723449707,239.935529708862,-0.0380859375
3.48,61.0476112365723,239.936201095581,-0.0267333984375
3.4816666666666665,61.0643348693848,239.936719894409,-0.01739501953125
3.4833333333333334,61.0810432434082,239.937131881714,-0.0135498046875
3.485,61.0977668762207,239.937528610229,-0.01593017578125
3.486666666666667,61.1145057678223,239.93800163269,-0.021240234375
3.4883333333333333,61.1312446594238,239.938505172729,-0.02581787109375
3.49,61.1479530334473,239.939023971558,-0.02838134765625
3.4916666666666667,61.1646919250488,239.939451217651,-0.0318603515625
3.493333333333333,61.1814193725586,239.939664840698,-0.0406494140625
3.495,61.1981430053711,239.939756393433,-0.05511474609375
3.4966666666666666,61.2148666381836,239.939847946167,-0.07122802734375
3.4983333333333335,61.2315902709961,239.939924240112,-0.0838623046875
3.5,61.2483139038086,239.939847946167,-0.09100341796875
3.5016666666666665,61.2650375366211,239.939619064331,-0.0955810546875
3.5033333333333334,61.2817611694336,239.939374923706,-0.100341796875
3.505,61.2984848022461,239.939298629761,-0.1051025390625
3.506666666666667,61.3152236938477,239.939405441284,-0.10693359375
3.5083333333333333,61.3319473266602,239.939725875854,-0.1051025390625
3.51,61.3486747741699,239.94012260437,-0.1036376953125
3.5116666666666667,61.3653984069824,239.940427780151,-0.10546875
3.513333333333333,61.3821220397949,239.940412521362,-0.1102294921875
3.515,61.3988609313965,239.939893722534,-0.1146240234375
3.5166666666666666,61.415584564209,239.938917160034,-0.11737060546875
3.5183333333333335,61.4323234558105,239.937742233276,-0.12066650390625
3.52,61.449047088623,239.936613082886,-0.1270751953125
3.5216666666666665,61.4657859802246,239.935773849487,-0.13568115234375
3.5233333333333334,61.4825248718262,239.93540763855,-0.14300537109375
3.525,61.4992637634277,239.93556022644,-0.14483642578125
3.526666666666667,61.5159873962402,239.935956954956,-0.1402587890625
3.5283333333333333,61.5327110290527,239.936262130737,-0.131103515625
3.53,61.5494499206543,239.93638420105,-0.1204833984375
3.5316666666666667,61.5661888122559,239.936475753784,-0.11041259765625
3.533333333333333,61.5829124450684,239.93670463562,-0.10272216796875
3.535,61.5996513366699,239.937208175659,-0.098876953125
3.5366666666666666,61.6164016723633,239.937925338745,-0.09906005859375
3.5383333333333336,61.6331481933594,239.938550949097,-0.103271484375
3.54,61.6498756408691,239.938779830933,-0.11041259765625
3.5416666666666665,61.6666374206543,239.938627243042,-0.1201171875
3.5433333333333334,61.6833801269531,239.938444137573,-0.13092041015625
3.545,61.7001266479492,239.938520431519,-0.1409912109375
3.546666666666667,61.7168846130371,239.938840866089,-0.1468505859375
3.5483333333333333,61.7336311340332,239.939176559448,-0.1468505859375
3.55,61.750358581543,239.939390182495,-0.14044189453125
3.5516666666666667,61.7671051025391,239.939649581909,-0.12982177734375
3.5533333333333332,61.7838325500488,239.940214157104,-0.11993408203125
3.555,61.8005638122559,239.941160202026,-0.114990234375
3.5566666666666666,61.8173065185547,239.942319869995,-0.11663818359375
3.558333333333333,61.8340530395508,239.943525314331,-0.1226806640625
3.56,61.8507957458496,239.944761276245,-0.1307373046875
3.5616666666666665,61.8675422668457,239.946119308472,-0.14208984375
3.5633333333333335,61.8842849731445,239.947507858276,-0.15765380859375
3.565,61.9010162353516,239.948637008667,-0.1746826171875
3.566666666666667,61.9177627563477,239.949201583862,-0.18878173828125
3.5683333333333334,61.9345207214355,239.949216842651,-0.20050048828125
3.57,61.9512672424316,239.948926925659,-0.21331787109375
3.5716666666666668,61.9679946899414,239.948545455933,-0.22943115234375
3.5733333333333333,61.9847412109375,239.948225021362,-0.24700927734375
3.575,62.0014839172363,239.948011398315,-0.26220703125
3.5766666666666667,62.0182304382324,239.947904586792,-0.27008056640625
3.578333333333333,62.0349578857422,239.948011398315,-0.26824951171875
3.58,62.0517044067383,239.948453903198,-0.26092529296875
3.5816666666666666,62.0684471130371,239.949125289917,-0.257080078125
3.5833333333333335,62.0851783752441,239.949857711792,-0.261474609375
3.585,62.101921081543,239.950529098511,-0.2713623046875
3.5866666666666664,62.1186676025391,239.951124191284,-0.2816162109375
3.5883333333333334,62.1354103088379,239.951536178589,-0.29022216796875
3.59,62.152156829834,239.951642990112,-0.298828125
3.591666666666667,62.1688995361328,239.951429367065,-0.30999755859375
3.5933333333333333,62.1856307983398,239.950941085815,-0.3233642578125
3.595,62.2023773193359,239.950422286987,-0.3358154296875
3.5966666666666667,62.2191200256348,239.949995040894,-0.34478759765625
3.598333333333333,62.2358512878418,239.949613571167,-0.35009765625
3.6,62.2525939941406,239.949140548706,-0.35211181640625
3.6016666666666666,62.2693252563477,239.948637008667,-0.35009765625
3.6033333333333335,62.2860527038574,239.948453903198,-0.34185791015625
3.605,62.3027992248535,239.94891166687,-0.32958984375
3.6066666666666665,62.3195266723633,239.949964523315,-0.31805419921875
3.6083333333333334,62.3362731933594,239.951292037964,-0.3116455078125
3.61,62.3530044555664,239.952665328979,-0.3116455078125
3.611666666666667,62.3697471618652,239.954038619995,-0.3182373046875
3.6133333333333333,62.3864936828613,239.955503463745,-0.33197021484375
3.615,62.4032211303711,239.957059860229,-0.350830078125
3.6166666666666667,62.4199676513672,239.958555221558,-0.36932373046875
3.618333333333333,62.436695098877,239.959714889526,-0.38177490234375
3.62,62.453426361084,239.960279464722,-0.3848876953125
3.6216666666666666,62.4701843261719,239.960294723511,-0.38104248046875
3.6233333333333335,62.4869155883789,239.960203170776,-0.3768310546875
3.625,62.5036468505859,239.960416793823,-0.37738037109375
3.6266666666666665,62.5203895568848,239.961057662964,-0.38287353515625
3.6283333333333334,62.5371360778809,239.961988449097,-0.39093017578125
3.63,62.5538635253906,239.963026046753,-0.40264892578125
3.631666666666667,62.5706253051758,239.964078903198,-0.41986083984375
3.6333333333333333,62.5873527526855,239.965223312378,-0.4420166015625
3.635,62.6040840148926,239.966596603394,-0.466552734375
3.6366666666666667,62.6208114624023,239.968198776245,-0.48907470703125
3.638333333333333,62.6375579833984,239.969892501831,-0.5064697265625
3.64,62.6543006896973,239.971494674683,-0.5189208984375
3.6416666666666666,62.6710472106934,239.972867965698,-0.529541015625
3.6433333333333335,62.6877632141113,239.973936080933,-0.53961181640625
3.645,62.704475402832,239.974607467651,-0.547119140625
3.6466666666666665,62.7212219238281,239.974973678589,-0.54876708984375
3.6483333333333334,62.7379341125488,239.975141525269,-0.544189453125
3.65,62.7546653747559,239.975172042847,-0.5364990234375
3.651666666666667,62.771411895752,239.975187301636,-0.52789306640625
3.6533333333333333,62.7881393432617,239.97544670105,-0.51800537109375
3.655,62.8048706054688,239.976209640503,-0.50518798828125
3.6566666666666667,62.8215980529785,239.977460861206,-0.49090576171875
3.658333333333333,62.8383445739746,239.978788375854,-0.4793701171875
3.66,62.8550720214844,239.979719161987,-0.47479248046875
3.6616666666666666,62.8718032836914,239.980085372925,-0.47900390625
3.6633333333333336,62.8885498046875,239.980207443237,-0.48907470703125
3.665,62.9052925109863,239.980527877808,-0.49713134765625
3.6666666666666665,62.9220390319824,239.98130607605,-0.4976806640625
3.6683333333333334,62.9387817382813,239.98243522644,-0.4910888671875
3.67,62.9555282592773,239.983701705933,-0.48193359375
3.671666666666667,62.9722557067871,239.985090255737,-0.47442626953125
3.6733333333333333,62.9889869689941,239.986631393433,-0.4683837890625
3.675,63.005729675293,239.988264083862,-0.46124267578125
3.6766666666666667,63.0224761962891,239.989820480347,-0.4508056640625
3.6783333333333332,63.0392189025879,239.991178512573,-0.43853759765625
3.68,63.0559501647949,239.99220085144,-0.42645263671875
3.6816666666666666,63.0726928710938,239.99285697937,-0.4163818359375
3.683333333333333,63.0894393920898,239.993268966675,-0.4097900390625
3.685,63.1061820983887,239.993604660034,-0.40850830078125
3.6866666666666665,63.1229133605957,239.994047164917,-0.41400146484375
3.6883333333333335,63.1396598815918,239.99464225769,-0.42352294921875
3.69,63.1563873291016,239.995313644409,-0.4339599609375
3.691666666666667,63.1731491088867,239.996000289917,-0.4434814453125
3.6933333333333334,63.1898765563965,239.996656417847,-0.45172119140625
3.695,63.2066078186035,239.997205734253,-0.45703125
3.6966666666666668,63.2233505249023,239.997602462769,-0.4581298828125
3.6983333333333333,63.2400817871094,239.997968673706,-0.454833984375
3.7,63.2568092346191,239.998502731323,-0.45172119140625
3.7016666666666667,63.2735404968262,239.999280929565,-0.45428466796875
3.703333333333333,63.2902717590332,240.000196456909,-0.46563720703125
3.705,63.306999206543,240.001050949097,-0.48321533203125
3.7066666666666666,63.3237152099609,240.001630783081,-0.50006103515625
3.7083333333333335,63.340446472168,240.001890182495,-0.51068115234375
3.71,63.3571739196777,240.001981735229,-0.51434326171875
3.7116666666666664,63.3738899230957,240.002149581909,-0.51397705078125
3.7133333333333334,63.3906021118164,240.002561569214,-0.51104736328125
3.715,63.4073333740234,240.00311088562,-0.5050048828125
3.716666666666667,63.4240341186523,240.003660202026,-0.49603271484375
3.7183333333333333,63.4407615661621,240.004163742065,-0.48779296875
3.72,63.4574775695801,240.00474357605,-0.48468017578125
3.7216666666666667,63.4742088317871,240.005430221558,-0.49072265625
3.723333333333333,63.4909362792969,240.006193161011,-0.50482177734375
3.725,63.5076675415039,240.00701713562,-0.52349853515625
3.7266666666666666,63.5243949890137,240.007978439331,-0.5430908203125
3.7283333333333335,63.5411262512207,240.009107589722,-0.560302734375
3.73,63.5578689575195,240.01026725769,-0.57275390625
3.7316666666666665,63.5746002197266,240.011304855347,-0.580078125
3.7333333333333334,63.5913314819336,240.012128829956,-0.58355712890625
3.735,63.6080589294434,240.012830734253,-0.58648681640625
3.736666666666667,63.6247901916504,240.01353263855,-0.591796875
3.7383333333333333,63.6415061950684,240.014387130737,-0.6002197265625
3.74,63.6582489013672,240.015363693237,-0.6104736328125
3.7416666666666667,63.6749801635742,240.016431808472,-0.620361328125
3.743333333333333,63.6916923522949,240.017576217651,-0.62823486328125
3.745,63.708438873291,240.018888473511,-0.63427734375
3.7466666666666666,63.7251510620117,240.020475387573,-0.63995361328125
3.7483333333333335,63.7418823242188,240.022199630737,-0.64764404296875
3.75,63.7585983276367,240.023862838745,-0.6580810546875
3.7516666666666665,63.7753257751465,240.025297164917,-0.670166015625
3.7533333333333334,63.7920417785645,240.026533126831,-0.68060302734375
3.755,63.8087577819824,240.027677536011,-0.68646240234375
3.756666666666667,63.8254852294922,240.028715133667,-0.68902587890625
3.7583333333333333,63.8422164916992,240.029600143433,-0.6910400390625
3.76,63.8589286804199,240.030469894409,-0.69451904296875
3.7616666666666667,63.875659942627,240.031568527222,-0.696533203125
3.763333333333333,63.8923759460449,240.033094406128,-0.696533203125
3.765,63.9091033935547,240.034925460815,-0.69598388671875
3.7666666666666666,63.9258193969727,240.036893844604,-0.6961669921875
3.7683333333333335,63.9425506591797,240.038862228394,-0.69598388671875
3.77,63.9592628479004,240.040739059448,-0.6947021484375
3.7716666666666665,63.9759788513184,240.042371749878,-0.69580078125
3.7733333333333334,63.9926948547363,240.043653488159,-0.70257568359375
3.775,64.0094223022461,240.044630050659,-0.7159423828125
3.776666666666667,64.0261383056641,240.045530319214,-0.7320556640625
3.7783333333333333,64.042854309082,240.046522140503,-0.74798583984375
3.78,64.0595779418945,240.047620773315,-0.76336669921875
3.7816666666666667,64.0763092041016,240.04884147644,-0.77911376953125
3.783333333333333,64.0930404663086,240.050199508667,-0.79412841796875
3.785,64.1097717285156,240.051633834839,-0.80584716796875
3.7866666666666666,64.1265106201172,240.053052902222,-0.81243896484375
3.7883333333333336,64.1432418823242,240.05438041687,-0.81298828125
3.79,64.1599731445313,240.055601119995,-0.80877685546875
3.7916666666666665,64.1767044067383,240.056730270386,-0.8016357421875
3.7933333333333334,64.1934356689453,240.057828903198,-0.79339599609375
3.795,64.2101745605469,240.058866500854,-0.7855224609375
3.796666666666667,64.2269058227539,240.059766769409,-0.780029296875
3.7983333333333333,64.24365234375,240.060529708862,-0.780029296875
3.8,64.260368347168,240.061246871948,-0.78717041015625
3.8016666666666667,64.2771148681641,240.062040328979,-0.799072265625
3.8033333333333332,64.2938385009766,240.062788009644,-0.80987548828125
3.805,64.3105850219727,240.063474655151,-0.81463623046875
3.8066666666666666,64.3273162841797,240.064191818237,-0.81390380859375
3.808333333333333,64.3440475463867,240.065031051636,-0.81024169921875
3.81,64.3607711791992,240.065977096558,-0.806396484375
3.8116666666666665,64.3775024414063,240.066999435425,-0.80255126953125
3.8133333333333335,64.3942489624023,240.068250656128,-0.79925537109375
3.815,64.4109802246094,240.069852828979,-0.796875
3.816666666666667,64.4277114868164,240.07179069519,-0.79376220703125
3.8183333333333334,64.444450378418,240.073835372925,-0.78717041015625
3.82,64.4611968994141,240.07586479187,-0.77655029296875
3.8216666666666668,64.4779281616211,240.078001022339,-0.76446533203125
3.8233333333333333,64.4946746826172,240.080289840698,-0.75164794921875
3.825,64.5113983154297,240.082609176636,-0.73809814453125
3.8266666666666667,64.5281448364258,240.084730148315,-0.7247314453125
3.828333333333333,64.5448913574219,240.086591720581,-0.71337890625
3.83,64.5616226196289,240.088224411011,-0.705322265625
3.8316666666666666,64.578369140625,240.089597702026,-0.6998291015625
3.8333333333333335,64.5951080322266,240.090665817261,-0.6976318359375
3.835,64.6118545532227,240.091413497925,-0.7005615234375
3.8366666666666664,64.6286010742188,240.091993331909,-0.71026611328125
3.8383333333333334,64.6453323364258,240.092679977417,-0.72601318359375
3.84,64.6620712280273,240.093717575073,-0.74395751953125
3.841666666666667,64.6788177490234,240.095197677612,-0.7606201171875
3.8433333333333333,64.6955795288086,240.097059249878,-0.77435302734375
3.845,64.7123107910156,240.099058151245,-0.78643798828125
3.8466666666666667,64.7290496826172,240.100980758667,-0.79705810546875
3.848333333333333,64.7457809448242,240.102750778198,-0.8056640625
3.85,64.7625274658203,240.104413986206,-0.812255859375
3.8516666666666666,64.7792587280273,240.106061935425,-0.8177490234375
3.8533333333333335,64.7960052490234,240.107618331909,-0.822509765625
3.855,64.812744140625,240.108976364136,-0.8232421875
3.8566666666666665,64.8294906616211,240.110059738159,-0.8170166015625
3.8583333333333334,64.8462524414063,240.110776901245,-0.8031005859375
3.86,64.8629989624023,240.111127853394,-0.78515625
3.861666666666667,64.879753112793,240.111234664917,-0.76776123046875
3.8633333333333333,64.8964996337891,240.111326217651,-0.75091552734375
3.865,64.9132461547852,240.111478805542,-0.7349853515625
3.8666666666666667,64.9300003051758,240.111707687378,-0.72235107421875
3.868333333333333,64.9467468261719,240.112028121948,-0.7174072265625
3.87,64.963493347168,240.112501144409,-0.719970703125
3.8716666666666666,64.9802398681641,240.113157272339,-0.725830078125
3.8733333333333335,64.9969863891602,240.113920211792,-0.72967529296875
3.875,65.0137557983398,240.114866256714,-0.72967529296875
3.8766666666666665,65.030517578125,240.116209030151,-0.72784423828125
3.8783333333333334,65.0472793579102,240.118055343628,-0.72491455078125
3.88,65.0640335083008,240.120267868042,-0.71905517578125
3.881666666666667,65.0807800292969,240.122526168823,-0.70770263671875
3.8833333333333333,65.0975570678711,240.124631881714,-0.69085693359375
3.885,65.1143188476563,240.126569747925,-0.67218017578125
3.8866666666666667,65.1310729980469,240.128324508667,-0.658447265625
3.888333333333333,65.147819519043,240.12989616394,-0.654052734375
3.89,65.1645965576172,240.131330490112,-0.65899658203125
3.8916666666666666,65.1813507080078,240.132719039917,-0.66851806640625
3.8933333333333335,65.198112487793,240.134122848511,-0.67730712890625
3.895,65.2148742675781,240.135541915894,-0.68316650390625
3.8966666666666665,65.2316207885742,240.136854171753,-0.68609619140625
3.8983333333333334,65.2483749389648,240.137937545776,-0.68682861328125
3.9,65.26513671875,240.138715744019,-0.6873779296875
3.901666666666667,65.2818832397461,240.139265060425,-0.68994140625
3.9033333333333333,65.2986450195313,240.139844894409,-0.69580078125
3.905,65.3153991699219,240.140577316284,-0.70550537109375
3.9066666666666667,65.332160949707,240.141538619995,-0.71942138671875
3.908333333333333,65.3489074707031,240.142805099487,-0.73626708984375
3.91,65.3656616210938,240.144514083862,-0.752197265625
3.9116666666666666,65.3824081420898,240.146589279175,-0.76409912109375
3.9133333333333336,65.399169921875,240.148710250854,-0.7723388671875
3.915,65.4159164428711,240.15040397644,-0.78057861328125
3.9166666666666665,65.4326705932617,240.151472091675,-0.79046630859375
3.9183333333333334,65.4494171142578,240.152067184448,-0.79925537109375
3.92,65.466178894043,240.152402877808,-0.80401611328125
3.921666666666667,65.4829254150391,240.152601242065,-0.8045654296875
3.9233333333333333,65.4996795654297,240.1526927948,-0.803466796875
3.925,65.5164260864258,240.152769088745,-0.80255126953125
3.9266666666666667,65.533203125,240.153074264526,-0.80328369140625
3.9283333333333332,65.5499420166016,240.153928756714,-0.8067626953125
3.93,65.5666809082031,240.155485153198,-0.81170654296875
3.9316666666666666,65.5834426879883,240.157667160034,-0.816650390625
3.933333333333333,65.6001968383789,240.160123825073,-0.8214111328125
3.935,65.6169662475586,240.162504196167,-0.825439453125
3.9366666666666665,65.6337127685547,240.164548873901,-0.826171875
3.9383333333333335,65.6504669189453,240.166151046753,-0.8228759765625
3.94,65.6672286987305,240.167295455933,-0.81884765625
3.941666666666667,65.683967590332,240.168058395386,-0.8177490234375
3.9433333333333334,65.7007217407227,240.168622970581,-0.81903076171875
3.945,65.7174835205078,240.169218063354,-0.8192138671875
3.9466666666666668,65.7342224121094,240.170118331909,-0.81793212890625
3.9483333333333333,65.7509613037109,240.171430587769,-0.81646728515625
3.95,65.7677230834961,240.173063278198,-0.81427001953125
3.9516666666666667,65.7844619750977,240.174711227417,-0.80767822265625
3.953333333333333,65.8012237548828,240.176176071167,-0.79632568359375
3.955,65.8179626464844,240.177518844604,-0.78533935546875
3.9566666666666666,65.834716796875,240.178968429565,-0.78167724609375
3.9583333333333335,65.8514785766602,240.180738449097,-0.78753662109375
3.96,65.8682174682617,240.182813644409,-0.79998779296875
3.9616666666666664,65.8849563598633,240.185056686401,-0.81683349609375
3.9633333333333334,65.9016876220703,240.187314987183,-0.837158203125
3.965,65.9184417724609,240.189481735229,-0.862060546875
3.966666666666667,65.9351959228516,240.191511154175,-0.8909912109375
3.9683333333333333,65.9519424438477,240.193510055542,-0.92010498046875
3.97,65.9686813354492,240.195554733276,-0.94134521484375
3.9716666666666667,65.9854278564453,240.197538375854,-0.94793701171875
3.973333333333333,66.0021820068359,240.199384689331,-0.9378662109375
3.975,66.0189208984375,240.201169967651,-0.91754150390625
3.9766666666666666,66.0356826782227,240.202909469604,-0.8968505859375
3.9783333333333335,66.0524215698242,240.204389572144,-0.882568359375
3.98,66.0691604614258,240.2054271698,-0.87652587890625
3.9816666666666665,66.0859069824219,240.206174850464,-0.87872314453125
3.9833333333333334,66.1026611328125,240.206861495972,-0.8887939453125
3.985,66.1194229125977,240.207517623901,-0.9049072265625
3.986666666666667,66.1361770629883,240.208112716675,-0.92340087890625
3.9883333333333333,66.1529159545898,240.208738327026,-0.9400634765625
3.99,66.169677734375,240.209577560425,-0.95233154296875
3.9916666666666667,66.1864318847656,240.210660934448,-0.96038818359375
3.993333333333333,66.2031707763672,240.211820602417,-0.9671630859375
3.995,66.2199325561523,240.212949752808,-0.9744873046875
3.9966666666666666,66.236686706543,240.214155197144,-0.98126220703125
3.9983333333333335,66.2534408569336,240.215543746948,-0.98419189453125
4,66.2701873779297,240.217100143433,-0.9810791015625
4.001666666666667,66.2869415283203,240.218732833862,-0.9722900390625
4.003333333333333,66.3037033081055,240.220472335815,-0.96185302734375
4.005,66.320442199707,240.222364425659,-0.9539794921875
4.006666666666667,66.3371963500977,240.224531173706,-0.9503173828125
4.008333333333334,66.3539581298828,240.227018356323,-0.949951171875
4.01,66.3706970214844,240.229749679565,-0.9510498046875
4.011666666666667,66.387451171875,240.232374191284,-0.95379638671875
4.013333333333334,66.4042129516602,240.234479904175,-0.95947265625
4.015,66.4209518432617,240.235822677612,-0.9671630859375
4.016666666666667,66.4377059936523,240.236585617065,-0.971923828125
4.0183333333333335,66.4544525146484,240.237241744995,-0.97119140625
4.02,66.47119140625,240.238096237183,-0.966064453125
4.0216666666666665,66.4879379272461,240.239194869995,-0.9598388671875
4.023333333333333,66.5046920776367,240.240522384644,-0.9525146484375
4.025,66.5214309692383,240.242124557495,-0.945556640625
4.026666666666666,66.5381927490234,240.244031906128,-0.94317626953125
4.028333333333333,66.554931640625,240.246168136597,-0.9495849609375
4.03,66.5716705322266,240.248456954956,-0.96331787109375
4.031666666666666,66.5884170532227,240.250791549683,-0.97796630859375
4.033333333333333,66.6051559448242,240.253095626831,-0.9884033203125
4.035,66.6219024658203,240.255308151245,-0.99444580078125
4.036666666666667,66.6386566162109,240.257383346558,-0.99810791015625
4.038333333333333,66.6553955078125,240.25929069519,-0.99810791015625
4.04,66.6721267700195,240.260984420776,-0.9935302734375
4.041666666666667,66.6888656616211,240.262495040894,-0.9869384765625
4.043333333333333,66.7056274414063,240.263837814331,-0.98236083984375
4.045,66.7223663330078,240.265211105347,-0.98052978515625
4.046666666666667,66.7391052246094,240.266813278198,-0.9803466796875
4.048333333333333,66.7558517456055,240.268674850464,-0.9788818359375
4.05,66.772590637207,240.270673751831,-0.97320556640625
4.051666666666667,66.7893295288086,240.272764205933,-0.9627685546875
4.053333333333334,66.8060607910156,240.275037765503,-0.9517822265625
4.055,66.8227996826172,240.277494430542,-0.94793701171875
4.056666666666667,66.8395462036133,240.279981613159,-0.95654296875
4.058333333333334,66.8562850952148,240.282163619995,-0.97613525390625
4.06,66.8730239868164,240.283842086792,-0.99884033203125
4.0616666666666665,66.8897705078125,240.284894943237,-1.0169677734375
4.0633333333333335,66.9065246582031,240.285413742065,-1.027587890625
4.065,66.9232711791992,240.285551071167,-1.03271484375
4.066666666666666,66.9400253295898,240.28565788269,-1.0352783203125
4.068333333333333,66.9567489624023,240.286115646362,-1.036376953125
4.07,66.9735107421875,240.287244796753,-1.03656005859375
4.071666666666666,66.9902648925781,240.289014816284,-1.03509521484375
4.073333333333333,67.0070037841797,240.291074752808,-1.0323486328125
4.075,67.0237655639648,240.293027877808,-1.02850341796875
4.076666666666667,67.0405044555664,240.294691085815,-1.02557373046875
4.078333333333333,67.057258605957,240.296125411987,-1.0257568359375
4.08,67.0740203857422,240.297330856323,-1.03033447265625
4.081666666666667,67.0907440185547,240.298337936401,-1.04095458984375
4.083333333333333,67.1074905395508,240.299345016479,-1.05670166015625
4.085,67.1242446899414,240.300596237183,-1.0762939453125
4.086666666666667,67.140998840332,240.302183151245,-1.094970703125
4.088333333333333,67.1577453613281,240.3040599823,-1.108154296875
4.09,67.1744689941406,240.306104660034,-1.11383056640625
4.091666666666667,67.1912155151367,240.30811882019,-1.11273193359375
4.093333333333334,67.2079544067383,240.309980392456,-1.10614013671875
4.095,67.2246932983398,240.311689376831,-1.094970703125
4.096666666666667,67.2414245605469,240.313474655151,-1.08160400390625
4.098333333333334,67.2581787109375,240.315534591675,-1.06842041015625
4.1,67.2749176025391,240.317930221558,-1.05743408203125
4.101666666666667,67.2916641235352,240.320478439331,-1.0513916015625
4.1033333333333335,67.3084182739258,240.322843551636,-1.055419921875
4.105,67.3251647949219,240.324827194214,-1.0726318359375
4.1066666666666665,67.3419189453125,240.326581954956,-1.1015625
4.108333333333333,67.3586730957031,240.328397750854,-1.13433837890625
4.11,67.3754348754883,240.330396652222,-1.16217041015625
4.111666666666666,67.3921890258789,240.332548141479,-1.17828369140625
4.113333333333333,67.4089431762695,240.334714889526,-1.18267822265625
4.115,67.4257049560547,240.336820602417,-1.18048095703125
4.116666666666666,67.4424591064453,240.338804244995,-1.1766357421875
4.118333333333333,67.4592132568359,240.340772628784,-1.17352294921875
4.12,67.4759902954102,240.342863082886,-1.1722412109375
4.121666666666667,67.4927444458008,240.345151901245,-1.175537109375
4.123333333333333,67.5094985961914,240.347730636597,-1.18304443359375
4.125,67.5262603759766,240.350553512573,-1.19183349609375
4.126666666666667,67.5430145263672,240.35352897644,-1.19970703125
4.128333333333333,67.5597686767578,240.35645866394,-1.20758056640625
4.13,67.576530456543,240.359159469604,-1.215087890625
4.131666666666667,67.5932846069336,240.361494064331,-1.22113037109375
4.133333333333334,67.6100387573242,240.363401412964,-1.22625732421875
4.135,67.6268157958984,240.364942550659,-1.23175048828125
4.136666666666667,67.6435699462891,240.366285324097,-1.23687744140625
4.138333333333334,67.6603393554688,240.367628097534,-1.2392578125
4.14,67.677131652832,240.369016647339,-1.23724365234375
4.141666666666667,67.6939010620117,240.370283126831,-1.2308349609375
4.1433333333333335,67.7106552124023,240.371458053589,-1.2227783203125
4.145,67.7274169921875,240.372846603394,-1.216552734375
4.1466666666666665,67.7441711425781,240.374799728394,-1.21453857421875
4.148333333333333,67.7609405517578,240.377347946167,-1.2154541015625
4.15,67.777702331543,240.380186080933,-1.2176513671875
4.151666666666666,67.7944564819336,240.382963180542,-1.22021484375
4.153333333333333,67.8112106323242,240.38543510437,-1.22296142578125
4.155,67.8279724121094,240.387571334839,-1.2249755859375
4.156666666666666,67.8447113037109,240.389448165894,-1.2249755859375
4.158333333333333,67.8614730834961,240.391080856323,-1.2227783203125
4.16,67.8782119750977,240.392484664917,-1.2169189453125
4.161666666666667,67.8949661254883,240.393812179565,-1.2081298828125
4.163333333333333,67.9117279052734,240.395292282104,-1.19805908203125
4.165,67.928466796875,240.396924972534,-1.18707275390625
4.166666666666667,67.9452209472656,240.398664474487,-1.17498779296875
4.168333333333333,67.9619979858398,240.40057182312,-1.16143798828125
4.17,67.9787521362305,240.402814865112,-1.1484375
4.171666666666667,67.9955062866211,240.405317306519,-1.13946533203125
4.173333333333333,68.0122680664063,240.407865524292,-1.13616943359375
4.175,68.0290374755859,240.410306930542,-1.1385498046875
4.176666666666667,68.0458068847656,240.412626266479,-1.14404296875
4.178333333333334,68.0625839233398,240.414762496948,-1.14898681640625
4.18,68.0793533325195,240.416746139526,-1.152099609375
4.181666666666667,68.0961227416992,240.41863822937,-1.1546630859375
4.183333333333334,68.1128845214844,240.420499801636,-1.15869140625
4.185,68.1296539306641,240.42237663269,-1.16326904296875
4.1866666666666665,68.1464233398438,240.424222946167,-1.16510009765625
4.1883333333333335,68.163200378418,240.426038742065,-1.16107177734375
4.19,68.1799697875977,240.427869796753,-1.15008544921875
4.191666666666666,68.1967239379883,240.42986869812,-1.1341552734375
4.193333333333333,68.2134857177734,240.432081222534,-1.1180419921875
4.195,68.2302551269531,240.434461593628,-1.10723876953125
4.196666666666666,68.2470092773438,240.436796188354,-1.10137939453125
4.198333333333333,68.2637710571289,240.438901901245,-1.09771728515625
4.2,68.2805252075195,240.440702438354,-1.095703125
4.201666666666667,68.2972946166992,240.442182540894,-1.09716796875
4.203333333333333,68.3140716552734,240.44354057312,-1.10321044921875
4.205,68.3308258056641,240.444990158081,-1.11181640625
4.206666666666667,68.3475952148438,240.446653366089,-1.1220703125
4.208333333333333,68.3643569946289,240.448469161987,-1.13177490234375
4.21,68.3811264038086,240.450315475464,-1.1385498046875
4.211666666666667,68.3979110717773,240.45216178894,-1.13983154296875
4.213333333333333,68.414680480957,240.45411491394,-1.13653564453125
4.215,68.4314575195313,240.456174850464,-1.1312255859375
4.216666666666667,68.4482269287109,240.458280563354,-1.125
4.218333333333334,68.4649963378906,240.460279464722,-1.11785888671875
4.22,68.4817733764648,240.462034225464,-1.11236572265625
4.221666666666667,68.4985275268555,240.463636398315,-1.11053466796875
4.223333333333334,68.5152816772461,240.465238571167,-1.11236572265625
4.225,68.5320434570313,240.466840744019,-1.11566162109375
4.226666666666667,68.5487976074219,240.468397140503,-1.11822509765625
4.2283333333333335,68.5655517578125,240.469938278198,-1.118408203125
4.23,68.5823135375977,240.471555709839,-1.11602783203125
4.2316666666666665,68.5990676879883,240.473188400269,-1.111083984375
4.233333333333333,68.6158142089844,240.474699020386,-1.102294921875
4.235,68.632568359375,240.476133346558,-1.0887451171875
4.236666666666666,68.6493225097656,240.477705001831,-1.07318115234375
4.238333333333333,68.6660842895508,240.47935295105,-1.06109619140625
4.24,68.6828536987305,240.480924606323,-1.05706787109375
4.241666666666666,68.699592590332,240.482389450073,-1.060546875
4.243333333333333,68.7163696289063,240.483915328979,-1.0682373046875
4.245,68.7331237792969,240.485746383667,-1.07537841796875
4.246666666666667,68.7498779296875,240.487943649292,-1.07940673828125
4.248333333333333,68.7666549682617,240.490430831909,-1.0792236328125
4.25,68.7834091186523,240.492979049683,-1.0755615234375
4.251666666666667,68.800163269043,240.495450973511,-1.0693359375
4.253333333333333,68.8169403076172,240.497800827026,-1.06219482421875
4.255,68.8336944580078,240.500028610229,-1.0543212890625
4.256666666666667,68.8504486083984,240.50213432312,-1.04608154296875
4.258333333333334,68.8672256469727,240.504056930542,-1.036376953125
4.26,68.8839950561523,240.505781173706,-1.0257568359375
4.261666666666667,68.900749206543,240.507459640503,-1.01678466796875
4.263333333333334,68.9175109863281,240.50929069519,-1.01129150390625
4.265,68.9342651367188,240.511335372925,-1.0096435546875
4.266666666666667,68.9510345458984,240.513471603394,-1.01165771484375
4.2683333333333335,68.9677963256836,240.515562057495,-1.017333984375
4.27,68.9845504760742,240.517423629761,-1.02484130859375
4.2716666666666665,69.0013046264648,240.519041061401,-1.03070068359375
4.273333333333333,69.01806640625,240.520460128784,-1.03619384765625
4.275,69.0348205566406,240.521726608276,-1.04498291015625
4.276666666666666,69.0515899658203,240.5228099823,-1.056884765625
4.278333333333333,69.0683517456055,240.523893356323,-1.0653076171875
4.28,69.0851058959961,240.525220870972,-1.0675048828125
4.281666666666666,69.1018447875977,240.526990890503,-1.06475830078125
4.283333333333333,69.1185913085938,240.529081344604,-1.05999755859375
4.285,69.1353454589844,240.531202316284,-1.05450439453125
4.286666666666667,69.1520919799805,240.533155441284,-1.0484619140625
4.288333333333333,69.168830871582,240.534940719604,-1.0418701171875
4.29,69.1855850219727,240.536588668823,-1.03363037109375
4.291666666666667,69.2023315429688,240.53809928894,-1.02392578125
4.293333333333333,69.2190856933594,240.539426803589,-1.01568603515625
4.295,69.2358245849609,240.540678024292,-1.0118408203125
4.296666666666667,69.252571105957,240.541975021362,-1.01220703125
4.298333333333333,69.2693099975586,240.543348312378,-1.0147705078125
4.3,69.2860565185547,240.544645309448,-1.01824951171875
4.301666666666667,69.3028106689453,240.54575920105,-1.0224609375
4.303333333333334,69.3195495605469,240.546766281128,-1.02447509765625
4.305,69.336311340332,240.547910690308,-1.02099609375
4.306666666666667,69.3530502319336,240.549375534058,-1.01165771484375
4.308333333333334,69.3697891235352,240.551145553589,-0.999755859375
4.31,69.3865509033203,240.553174972534,-0.99041748046875
4.3116666666666665,69.4032897949219,240.555341720581,-0.98712158203125
4.3133333333333335,69.4200439453125,240.557447433472,-0.98876953125
4.315,69.4368057250977,240.559537887573,-0.99261474609375
4.316666666666666,69.4535446166992,240.561780929565,-0.99810791015625
4.318333333333333,69.4703063964844,240.564207077026,-1.0074462890625
4.32,69.487060546875,240.566480636597,-1.01971435546875
4.321666666666666,69.5038146972656,240.568311691284,-1.03179931640625
4.323333333333333,69.5205612182617,240.569654464722,-1.0396728515625
4.325,69.5373001098633,240.570722579956,-1.04351806640625
4.326666666666667,69.5540542602539,240.57179069519,-1.0458984375
4.328333333333333,69.57080078125,240.573118209839,-1.04937744140625
4.33,69.5875396728516,240.574766159058,-1.05322265625
4.331666666666667,69.6043014526367,240.576566696167,-1.05596923828125
4.333333333333333,69.6210403442383,240.57830619812,-1.0557861328125
4.335,69.6377944946289,240.58009147644,-1.05340576171875
4.336666666666667,69.654541015625,240.582120895386,-1.049560546875
4.338333333333333,69.6712799072266,240.584379196167,-1.04534912109375
4.34,69.6880187988281,240.586698532104,-1.04132080078125
4.341666666666667,69.7047805786133,240.588911056519,-1.03857421875
4.343333333333334,69.7215194702148,240.590986251831,-1.03802490234375
4.345,69.7382659912109,240.592832565308,-1.03912353515625
4.346666666666667,69.7550048828125,240.594373703003,-1.0396728515625
4.348333333333334,69.7717437744141,240.595640182495,-1.0389404296875
4.35,69.7884750366211,240.596784591675,-1.03802490234375
4.351666666666667,69.8052139282227,240.598096847534,-1.037841796875
4.3533333333333335,69.8219528198242,240.599683761597,-1.0389404296875
4.355,69.8386993408203,240.601438522339,-1.0411376953125
4.3566666666666665,69.8554382324219,240.603178024292,-1.04241943359375
4.358333333333333,69.872184753418,240.604902267456,-1.03948974609375
4.36,69.8889389038086,240.606763839722,-1.03271484375
4.361666666666666,69.9056777954102,240.608869552612,-1.0272216796875
4.363333333333333,69.9224243164063,240.611204147339,-1.02703857421875
4.365,69.9391784667969,240.6136302948,-1.03253173828125
4.366666666666666,69.955924987793,240.616041183472,-1.0411376953125
4.368333333333333,69.9726791381836,240.618360519409,-1.051025390625
4.37,69.9894180297852,240.620603561401,-1.060546875
4.371666666666667,70.0061645507813,240.622709274292,-1.06951904296875
4.373333333333333,70.0229034423828,240.624586105347,-1.07684326171875
4.375,70.0396575927734,240.626081466675,-1.0814208984375
4.376666666666667,70.0564041137695,240.627210617065,-1.07958984375
4.378333333333333,70.0731430053711,240.628141403198,-1.06988525390625
4.38,70.0898895263672,240.62908744812,-1.0557861328125
4.381666666666667,70.1066284179688,240.630125045776,-1.04461669921875
4.383333333333334,70.1233673095703,240.631193161011,-1.042236328125
4.385,70.1401138305664,240.632261276245,-1.05120849609375
4.386666666666667,70.156852722168,240.633359909058,-1.0697021484375
4.388333333333334,70.1736068725586,240.634550094604,-1.0924072265625
4.39,70.1903533935547,240.635953903198,-1.11328125
4.391666666666667,70.2070770263672,240.637647628784,-1.1290283203125
4.3933333333333335,70.2238388061523,240.63966178894,-1.13690185546875
4.395,70.240608215332,240.641920089722,-1.13580322265625
4.3966666666666665,70.2573471069336,240.644208908081,-1.12664794921875
4.398333333333333,70.2741088867188,240.646406173706,-1.11236572265625
4.4,70.2908630371094,240.648405075073,-1.095703125
4.401666666666666,70.3076171875,240.650266647339,-1.07867431640625
4.403333333333333,70.3243942260742,240.652082443237,-1.06365966796875
4.405,70.3411483764648,240.653898239136,-1.0513916015625
4.406666666666666,70.3579025268555,240.655698776245,-1.04168701171875
4.408333333333333,70.3746795654297,240.657484054565,-1.03399658203125
4.41,70.3914337158203,240.659376144409,-1.02960205078125
4.411666666666667,70.408203125,240.661497116089,-1.02850341796875
4.413333333333333,70.4249649047852,240.663892745972,-1.0301513671875
4.415,70.4417343139648,240.666303634644,-1.033447265625
4.416666666666667,70.4584884643555,240.668424606323,-1.0382080078125
4.418333333333333,70.4752655029297,240.670057296753,-1.04461669921875
4.42,70.4920349121094,240.671277999878,-1.05230712890625
4.421666666666667,70.5087890625,240.672361373901,-1.05999755859375
4.423333333333333,70.5255508422852,240.673749923706,-1.06585693359375
4.425,70.5423049926758,240.675764083862,-1.07061767578125
4.426666666666667,70.5590744018555,240.678586959839,-1.07684326171875
4.428333333333334,70.5758361816406,240.681974411011,-1.08636474609375
4.43,70.5926055908203,240.68540763855,-1.0986328125
4.431666666666667,70.6093597412109,240.688413619995,-1.1085205078125
4.433333333333334,70.6261367797852,240.690870285034,-1.1107177734375
4.435,70.6429214477539,240.692838668823,-1.1019287109375
4.4366666666666665,70.6596908569336,240.694334030151,-1.08453369140625
4.4383333333333335,70.6764678955078,240.69532585144,-1.06329345703125
4.44,70.6932373046875,240.695875167847,-1.0411376953125
4.441666666666666,70.7100067138672,240.696210861206,-1.02081298828125
4.443333333333333,70.7267608642578,240.696653366089,-1.00250244140625
4.445,70.743537902832,240.697507858276,-0.98675537109375
4.446666666666666,70.7602920532227,240.698820114136,-0.974853515625
4.448333333333333,70.7770614624023,240.700437545776,-0.96771240234375
4.45,70.7938385009766,240.702207565308,-0.96478271484375
4.451666666666667,70.8105926513672,240.704160690308,-0.96295166015625
4.453333333333333,70.8273773193359,240.706312179565,-0.9609375
4.455,70.8441543579102,240.708555221558,-0.9580078125
4.456666666666667,70.8609390258789,240.710706710815,-0.95709228515625
4.458333333333333,70.8777084350586,240.712598800659,-0.9620361328125
4.46,70.8945007324219,240.714262008667,-0.97467041015625
4.461666666666667,70.9112854003906,240.71583366394,-0.99224853515625
4.463333333333333,70.9280548095703,240.717420578003,-1.00946044921875
4.465,70.9448394775391,240.718946456909,-1.02008056640625
4.466666666666667,70.9616317749023,240.720411300659,-1.02008056640625
4.468333333333334,70.978401184082,240.721998214722,-1.00653076171875
4.47,70.9951705932617,240.723890304565,-0.9832763671875
4.471666666666667,71.011962890625,240.726102828979,-0.9580078125
4.473333333333334,71.0287322998047,240.728330612183,-0.93841552734375
4.475,71.0455169677734,240.730207443237,-0.92889404296875
4.476666666666667,71.0623016357422,240.731489181519,-0.93017578125
4.4783333333333335,71.0790786743164,240.732297897339,-0.94189453125
4.48,71.0958480834961,240.732816696167,-0.96148681640625
4.4816666666666665,71.1126327514648,240.733167648315,-0.9840087890625
4.483333333333333,71.1294097900391,240.733472824097,-1.0045166015625
4.485,71.1461791992188,240.733808517456,-1.02008056640625
4.486666666666666,71.1629486083984,240.734312057495,-1.0283203125
4.488333333333333,71.1797256469727,240.735136032104,-1.02850341796875
4.49,71.1964950561523,240.73634147644,-1.02264404296875
4.491666666666666,71.213264465332,240.737882614136,-1.01422119140625
4.493333333333333,71.2300491333008,240.739622116089,-1.00286865234375
4.495,71.2468109130859,240.741575241089,-0.9854736328125
4.496666666666667,71.2635955810547,240.743726730347,-0.9613037109375
4.498333333333333,71.2803649902344,240.746061325073,-0.93548583984375
4.5,71.2971420288086,240.748594284058,-0.9151611328125
4.501666666666667,71.3139114379883,240.751279830933,-0.9034423828125
4.503333333333333,71.3306655883789,240.753965377808,-0.898681640625
4.505,71.3474578857422,240.756483078003,-0.89776611328125
4.506666666666667,71.3642272949219,240.758756637573,-0.900146484375
4.508333333333334,71.3809967041016,240.760770797729,-0.9052734375
4.51,71.3977890014648,240.762464523315,-0.90875244140625
4.511666666666667,71.4145736694336,240.763914108276,-0.90472412109375
4.513333333333334,71.4313430786133,240.765241622925,-0.890625
4.515,71.448127746582,240.76661491394,-0.87176513671875
4.516666666666667,71.4649047851563,240.768278121948,-0.85675048828125
4.5183333333333335,71.481689453125,240.770353317261,-0.851806640625
4.52,71.4984588623047,240.772825241089,-0.8558349609375
4.5216666666666665,71.515251159668,240.775449752808,-0.864990234375
4.523333333333333,71.5320358276367,240.777875900269,-0.87506103515625
4.525,71.5488204956055,240.779920578003,-0.88348388671875
4.526666666666666,71.5656204223633,240.781660079956,-0.88970947265625
4.528333333333333,71.5824127197266,240.783201217651,-0.89263916015625
4.53,71.5991973876953,240.7845287323,-0.89080810546875
4.531666666666666,71.615966796875,240.78565788269,-0.8851318359375
4.533333333333333,71.6327590942383,240.786725997925,-0.8778076171875
4.535,71.649543762207,240.787733078003,-0.87176513671875
4.536666666666667,71.6663284301758,240.7884349823,-0.86700439453125
4.538333333333333,71.6831130981445,240.788663864136,-0.86224365234375
4.54,71.6999206542969,240.788663864136,-0.85400390625
4.541666666666667,71.7166900634766,240.788862228394,-0.838623046875
4.543333333333333,71.7334747314453,240.789548873901,-0.8162841796875
4.545,71.750244140625,240.790723800659,-0.79119873046875
4.546666666666667,71.7670364379883,240.792234420776,-0.76776123046875
4.548333333333333,71.7838363647461,240.79395866394,-0.749267578125
4.55,71.8006057739258,240.795850753784,-0.7393798828125
4.551666666666667,71.8173828125,240.797727584839,-0.74102783203125
4.553333333333334,71.8341674804688,240.799283981323,-0.75164794921875
4.555,71.8509521484375,240.800321578979,-0.765380859375
4.556666666666667,71.8677215576172,240.800977706909,-0.77618408203125
4.558333333333334,71.8844985961914,240.801603317261,-0.77874755859375
4.56,71.9012680053711,240.802473068237,-0.7723388671875
4.5616666666666665,71.9180526733398,240.803617477417,-0.75970458984375
4.5633333333333335,71.9348449707031,240.804899215698,-0.7459716796875
4.565,71.9516143798828,240.806089401245,-0.73443603515625
4.566666666666666,71.9683990478516,240.807096481323,-0.72491455078125
4.568333333333333,71.9851760864258,240.807950973511,-0.71722412109375
4.57,72.0019607543945,240.808698654175,-0.71173095703125
4.571666666666666,72.0187301635742,240.809370040894,-0.7108154296875
4.573333333333333,72.035514831543,240.810102462769,-0.71630859375
4.575,72.0523071289063,240.811033248901,-0.725830078125
4.576666666666667,72.069091796875,240.812269210815,-0.73773193359375
4.578333333333333,72.0858764648438,240.8138256073,-0.7540283203125
4.58,72.102653503418,240.815580368042,-0.77801513671875
4.581666666666667,72.1194381713867,240.817228317261,-0.80584716796875
4.583333333333333,72.1362228393555,240.818479537964,-0.8280029296875
4.585,72.1530075073242,240.819303512573,-0.8367919921875
4.586666666666667,72.1697998046875,240.819898605347,-0.8331298828125
4.588333333333333,72.1865844726563,240.820463180542,-0.82342529296875
4.59,72.203369140625,240.821195602417,-0.81170654296875
4.591666666666667,72.2201538085938,240.822385787964,-0.79888916015625
4.593333333333334,72.236930847168,240.824216842651,-0.7855224609375
4.595,72.2537002563477,240.826551437378,-0.77508544921875
4.596666666666667,72.2704849243164,240.829023361206,-0.77142333984375
4.598333333333334,72.2872772216797,240.831296920776,-0.77581787109375
4.6,72.3040466308594,240.833173751831,-0.78643798828125
4.601666666666667,72.3208312988281,240.834714889526,-0.79925537109375
4.6033333333333335,72.3376235961914,240.836133956909,-0.81097412109375
4.605,72.3543930053711,240.837614059448,-0.82122802734375
4.6066666666666665,72.3711776733398,240.839078903198,-0.83221435546875
4.608333333333333,72.3879470825195,240.840330123901,-0.84576416015625
4.61,72.4047546386719,240.841428756714,-0.8609619140625
4.611666666666666,72.4215240478516,240.842512130737,-0.87506103515625
4.613333333333333,72.4383087158203,240.84376335144,-0.88458251953125
4.615,72.4551086425781,240.845350265503,-0.8873291015625
4.616666666666666,72.4719009399414,240.847211837769,-0.884765625
4.618333333333333,72.4887008666992,240.849210739136,-0.882568359375
4.62,72.505485534668,240.851270675659,-0.8851318359375
4.621666666666667,72.5222854614258,240.853498458862,-0.89300537109375
4.623333333333333,72.5390777587891,240.8558177948,-0.90325927734375
4.625,72.5558776855469,240.857862472534,-0.9129638671875
4.626666666666667,72.5726623535156,240.859281539917,-0.92120361328125
4.628333333333333,72.5894546508789,240.860151290894,-0.927978515625
4.63,72.6062393188477,240.86085319519,-0.93255615234375
4.631666666666667,72.6230239868164,240.861600875854,-0.93145751953125
4.633333333333334,72.6398086547852,240.862424850464,-0.920654296875
4.635,72.6566009521484,240.863187789917,-0.8997802734375
4.636666666666667,72.6734008789063,240.863874435425,-0.87286376953125
4.638333333333334,72.6901702880859,240.8646068573,-0.8466796875
4.64,72.7069549560547,240.865629196167,-0.82672119140625
4.641666666666667,72.723747253418,240.867139816284,-0.81591796875
4.6433333333333335,72.7405471801758,240.869077682495,-0.81280517578125
4.645,72.7573318481445,240.871198654175,-0.8133544921875
4.6466666666666665,72.7741241455078,240.873334884644,-0.814453125
4.648333333333333,72.7909240722656,240.875440597534,-0.81610107421875
4.65,72.8077087402344,240.877576828003,-0.81903076171875
4.651666666666666,72.8245086669922,240.879697799683,-0.8221435546875
4.653333333333333,72.8413162231445,240.881620407104,-0.82452392578125
4.655,72.8581008911133,240.883085250854,-0.82470703125
4.656666666666666,72.8749008178711,240.884046554565,-0.82049560546875
4.658333333333333,72.8917007446289,240.884763717651,-0.812255859375
4.66,72.9085083007813,240.885816574097,-0.80255126953125
4.661666666666667,72.92529296875,240.887586593628,-0.793212890625
4.663333333333333,72.9420928955078,240.8899974823,-0.78240966796875
4.665,72.9588775634766,240.892499923706,-0.7694091796875
4.666666666666667,72.9756851196289,240.894559860229,-0.75732421875
4.668333333333333,72.9924697875977,240.896070480347,-0.75146484375
4.67,73.0092544555664,240.897230148315,-0.75238037109375
4.671666666666667,73.0260391235352,240.898176193237,-0.75457763671875
4.673333333333333,73.0428161621094,240.898817062378,-0.75567626953125
4.675,73.0596008300781,240.89910697937,-0.75640869140625
4.676666666666667,73.0764007568359,240.899198532104,-0.76007080078125
4.678333333333334,73.0931854248047,240.899290084839,-0.76776123046875
4.68,73.109977722168,240.899580001831,-0.77655029296875
4.681666666666667,73.1267623901367,240.900190353394,-0.7818603515625
4.683333333333334,73.1435470581055,240.901166915894,-0.7796630859375
4.685,73.1603240966797,240.902448654175,-0.7708740234375
4.6866666666666665,73.1771087646484,240.903913497925,-0.759521484375
4.6883333333333335,73.1938781738281,240.905485153198,-0.747802734375
4.69,73.2106475830078,240.90708732605,-0.73626708984375
4.691666666666666,73.2274398803711,240.908582687378,-0.72418212890625
4.693333333333333,73.2442092895508,240.909940719604,-0.7122802734375
4.695,73.2609634399414,240.911222457886,-0.70367431640625
4.696666666666666,73.2777404785156,240.912488937378,-0.7020263671875
4.698333333333333,73.2945098876953,240.913724899292,-0.70697021484375
4.7,73.311279296875,240.91489982605,-0.7122802734375
4.701666666666667,73.3280410766602,240.916090011597,-0.7108154296875
4.703333333333333,73.3448104858398,240.917371749878,-0.699462890625
4.705,73.3615646362305,240.918699264526,-0.68060302734375
4.706666666666667,73.3783264160156,240.91993522644,-0.659912109375
4.708333333333333,73.3950271606445,240.920972824097,-0.6427001953125
4.71,73.411750793457,240.921903610229,-0.63134765625
4.711666666666667,73.4284896850586,240.922849655151,-0.62530517578125
4.713333333333333,73.4452285766602,240.923734664917,-0.6251220703125
4.715,73.4619674682617,240.924573898315,-0.63262939453125
4.716666666666667,73.4787063598633,240.925458908081,-0.64691162109375
4.718333333333334,73.4954299926758,240.926527023315,-0.664306640625
4.72,73.5121536254883,240.927854537964,-0.6807861328125
4.721666666666667,73.5288925170898,240.929319381714,-0.693603515625
4.723333333333334,73.5456161499023,240.930784225464,-0.7001953125
4.725,73.5623550415039,240.932111740112,-0.6998291015625
4.726666666666667,73.5790786743164,240.933317184448,-0.6947021484375
4.7283333333333335,73.595817565918,240.934492111206,-0.68719482421875
4.73,73.6125411987305,240.935651779175,-0.678955078125
4.7316666666666665,73.629280090332,240.936796188354,-0.671630859375
4.733333333333333,73.6460189819336,240.937925338745,-0.66815185546875
4.735,73.6627426147461,240.939054489136,-0.66815185546875
4.736666666666666,73.6794815063477,240.940259933472,-0.668701171875
4.738333333333333,73.6962051391602,240.94158744812,-0.6676025390625
4.74,73.7129287719727,240.942960739136,-0.6646728515625
4.741666666666666,73.7296676635742,240.944120407104,-0.66082763671875
4.743333333333333,73.7463912963867,240.945051193237,-0.65625
4.745,73.7631301879883,240.945875167847,-0.6514892578125
4.746666666666667,73.7798690795898,240.946714401245,-0.6470947265625
4.748333333333333,73.7966079711914,240.947492599487,-0.6434326171875
4.75,73.813346862793,240.948118209839,-0.6416015625
4.751666666666667,73.8300857543945,240.948682785034,-0.6419677734375
4.753333333333333,73.8468246459961,240.949338912964,-0.64471435546875
4.755,73.8635787963867,240.950269699097,-0.65185546875
4.756666666666667,73.8803176879883,240.951536178589,-0.6646728515625
4.758333333333334,73.8970565795898,240.953016281128,-0.6800537109375
4.76,73.9137954711914,240.954557418823,-0.6917724609375
4.761666666666667,73.9305191040039,240.956022262573,-0.69561767578125
4.763333333333334,73.9472579956055,240.9573802948,-0.69561767578125
4.765,73.963996887207,240.958539962769,-0.6968994140625
4.766666666666667,73.9807357788086,240.95948600769,-0.70257568359375
4.7683333333333335,73.9974746704102,240.960340499878,-0.71173095703125
4.77,74.0142288208008,240.961179733276,-0.7225341796875
4.7716666666666665,74.0309677124023,240.962064743042,-0.7335205078125
4.773333333333333,74.047721862793,240.963056564331,-0.7423095703125
4.775,74.0644607543945,240.964262008667,-0.746337890625
4.776666666666666,74.0811996459961,240.965620040894,-0.74578857421875
4.778333333333333,74.0979385375977,240.966947555542,-0.7423095703125
4.78,74.1146926879883,240.9681224823,-0.73846435546875
4.781666666666666,74.131462097168,240.969114303589,-0.73480224609375
4.783333333333333,74.1482162475586,240.969968795776,-0.731689453125
4.785,74.1649551391602,240.970777511597,-0.7294921875
4.786666666666667,74.1817092895508,240.971662521362,-0.728759765625
4.788333333333333,74.1984634399414,240.972623825073,-0.72930908203125
4.79,74.215217590332,240.973554611206,-0.7305908203125
4.791666666666667,74.2319793701172,240.974439620972,-0.73223876953125
4.793333333333333,74.2487335205078,240.975400924683,-0.73443603515625
4.795,74.2655029296875,240.97657585144,-0.7379150390625
4.796666666666667,74.2822418212891,240.978055953979,-0.74176025390625
4.798333333333333,74.2990112304688,240.979963302612,-0.743408203125
4.8,74.3157653808594,240.982130050659,-0.74212646484375
4.801666666666667,74.33251953125,240.984174728394,-0.73846435546875
4.803333333333334,74.3492889404297,240.985822677612,-0.73388671875
4.805,74.3660583496094,240.987287521362,-0.7298583984375
4.806666666666667,74.3828277587891,240.988859176636,-0.72674560546875
4.808333333333334,74.3995971679688,240.990659713745,-0.72509765625
4.81,74.4163665771484,240.992628097534,-0.7239990234375
4.8116666666666665,74.4331283569336,240.994703292847,-0.7239990234375
4.8133333333333335,74.4499130249023,240.996778488159,-0.72509765625
4.815,74.466682434082,240.998655319214,-0.7254638671875
4.816666666666666,74.4834365844727,241.000120162964,-0.7232666015625
4.818333333333333,74.5002059936523,241.001203536987,-0.7203369140625
4.82,74.516975402832,241.002119064331,-0.721435546875
4.821666666666666,74.5337448120117,241.003126144409,-0.72821044921875
4.823333333333333,74.5505142211914,241.004194259644,-0.7408447265625
4.825,74.5672836303711,241.005094528198,-0.75823974609375
4.826666666666667,74.5840377807617,241.005842208862,-0.77874755859375
4.828333333333333,74.6008071899414,241.006605148315,-0.799072265625
4.83,74.617561340332,241.007490158081,-0.81646728515625
4.831666666666667,74.6343078613281,241.008375167847,-0.8287353515625
4.833333333333333,74.6510620117188,241.0091381073,-0.8345947265625
4.835,74.6678314208984,241.009885787964,-0.83294677734375
4.836666666666667,74.6845855712891,241.010831832886,-0.82525634765625
4.838333333333333,74.7013549804688,241.012083053589,-0.81280517578125
4.84,74.7181243896484,241.013486862183,-0.7950439453125
4.841666666666667,74.7348785400391,241.014860153198,-0.77362060546875
4.843333333333334,74.7516479492188,241.016096115112,-0.7525634765625
4.845,74.7684173583984,241.017179489136,-0.73480224609375
4.846666666666667,74.7851715087891,241.018201828003,-0.7196044921875
4.848333333333334,74.8019409179688,241.019102096558,-0.70477294921875
4.85,74.8187103271484,241.019910812378,-0.68902587890625
4.851666666666667,74.8354644775391,241.020673751831,-0.67181396484375
4.8533333333333335,74.8522262573242,241.021512985229,-0.65423583984375
4.855,74.8689804077148,241.022489547729,-0.63848876953125
4.8566666666666665,74.8857192993164,241.023511886597,-0.62823486328125
4.858333333333333,74.902473449707,241.024534225464,-0.626953125
4.86,74.9192428588867,241.025648117065,-0.633544921875
4.861666666666666,74.9360122680664,241.027067184448,-0.64306640625
4.863333333333333,74.952766418457,241.028806686401,-0.6507568359375
4.865,74.9695205688477,241.030851364136,-0.65771484375
4.866666666666666,74.9862747192383,241.033155441284,-0.66815185546875
4.868333333333333,75.0030288696289,241.035673141479,-0.68133544921875
4.87,75.0197982788086,241.038251876831,-0.69232177734375
4.871666666666667,75.0365524291992,241.040662765503,-0.69635009765625
4.873333333333333,75.0533065795898,241.042615890503,-0.69525146484375
4.875,75.0700607299805,241.043989181519,-0.6932373046875
4.876666666666667,75.0868148803711,241.044813156128,-0.6917724609375
4.878333333333333,75.1035690307617,241.045347213745,-0.6881103515625
4.88,75.1203155517578,241.045789718628,-0.6807861328125
4.881666666666667,75.1370544433594,241.046216964722,-0.671630859375
4.883333333333334,75.15380859375,241.046598434448,-0.6639404296875
4.885,75.1705627441406,241.04688835144,-0.66192626953125
4.886666666666667,75.1873168945313,241.04705619812,-0.66558837890625
4.888333333333334,75.2040710449219,241.047254562378,-0.6697998046875
4.89,75.2208251953125,241.047590255737,-0.67254638671875
4.891666666666667,75.2375793457031,241.048078536987,-0.67529296875
4.8933333333333335,75.2543487548828,241.048612594604,-0.68060302734375
4.895,75.2710876464844,241.049222946167,-0.68756103515625
4.8966666666666665,75.2878570556641,241.04998588562,-0.69378662109375
4.898333333333333,75.3046112060547,241.051008224487,-0.70001220703125
4.9,75.3213653564453,241.052366256714,-0.70806884765625
4.901666666666666,75.338134765625,241.053998947144,-0.71722412109375
4.903333333333333,75.3549041748047,241.055707931519,-0.72088623046875
4.905,75.3716735839844,241.057355880737,-0.7144775390625
4.906666666666666,75.3884353637695,241.059003829956,-0.696533203125
4.908333333333333,75.4052047729492,241.060773849487,-0.67034912109375
4.91,75.4219589233398,241.062620162964,-0.64013671875
4.911666666666667,75.4387283325195,241.064298629761,-0.61029052734375
4.913333333333333,75.4554977416992,241.065519332886,-0.58319091796875
4.915,75.4722671508789,241.066312789917,-0.56103515625
4.916666666666667,75.4890365600586,241.06690788269,-0.545654296875
4.918333333333333,75.5058059692383,241.067533493042,-0.53778076171875
4.92,75.522575378418,241.068174362183,-0.53485107421875
4.921666666666667,75.5393447875977,241.068815231323,-0.5343017578125
4.923333333333333,75.5560989379883,241.069456100464,-0.535400390625
4.925,75.5728454589844,241.070188522339,-0.53924560546875
4.926666666666667,75.5896148681641,241.071256637573,-0.54620361328125
4.928333333333334,75.6063842773438,241.072645187378,-0.5555419921875
4.93,75.6231536865234,241.074018478394,-0.56341552734375
4.931666666666667,75.6399230957031,241.075147628784,-0.5679931640625
4.933333333333334,75.6566925048828,241.07618522644,-0.56854248046875
4.935,75.6734619140625,241.077390670776,-0.56707763671875
4.9366666666666665,75.6902465820313,241.078809738159,-0.56524658203125
4.9383333333333335,75.70703125,241.080305099487,-0.5643310546875
4.94,75.7238006591797,241.081846237183,-0.56304931640625
4.941666666666666,75.7405776977539,241.083539962769,-0.5592041015625
4.943333333333333,75.7573623657227,241.085416793823,-0.55224609375
4.945,75.7741470336914,241.087141036987,-0.54547119140625
4.946666666666666,75.7909164428711,241.088346481323,-0.5416259765625
4.948333333333333,75.8076858520508,241.088895797729,-0.53961181640625
4.95,75.8244552612305,241.089017868042,-0.53594970703125
4.951666666666667,75.8412246704102,241.089017868042,-0.53009033203125
4.953333333333333,75.8579940795898,241.089109420776,-0.52569580078125
4.955,75.8747787475586,241.089262008667,-0.5269775390625
4.956666666666667,75.8915405273438,241.08936882019,-0.53228759765625
4.958333333333333,75.9083251953125,241.089460372925,-0.53814697265625
4.96,75.9251098632813,241.089628219604,-0.54254150390625
4.961666666666667,75.94189453125,241.089918136597,-0.54547119140625
4.963333333333333,75.9586639404297,241.090314865112,-0.5445556640625
4.965,75.9754486083984,241.09083366394,-0.53759765625
4.966666666666667,75.9922332763672,241.091535568237,-0.5255126953125
4.968333333333334,76.0090026855469,241.092405319214,-0.50811767578125
4.97,76.025764465332,241.093351364136,-0.48834228515625
4.971666666666667,76.0425491333008,241.094205856323,-0.4713134765625
4.973333333333334,76.0593338012695,241.094923019409,-0.460693359375
4.975,76.0761032104492,241.095457077026,-0.456298828125
4.976666666666667,76.0928726196289,241.095869064331,-0.45574951171875
4.9783333333333335,76.1096267700195,241.096326828003,-0.456298828125
4.98,76.1263961791992,241.097013473511,-0.4566650390625
4.9816666666666665,76.1431503295898,241.097929000854,-0.45556640625
4.983333333333333,76.1599197387695,241.098966598511,-0.451171875
4.985,76.1766738891602,241.100019454956,-0.4405517578125
4.986666666666666,76.1934280395508,241.101163864136,-0.42645263671875
4.988333333333333,76.2101898193359,241.102491378784,-0.41455078125
4.99,76.2269287109375,241.103971481323,-0.41015625
4.991666666666666,76.2436981201172,241.105436325073,-0.41363525390625
4.993333333333333,76.2604522705078,241.1067943573,-0.42132568359375
4.995,76.2772064208984,241.108106613159,-0.42974853515625
4.996666666666667,76.2939605712891,241.109434127808,-0.4383544921875
4.998333333333333,76.3107147216797,241.110670089722,-0.44769287109375
5,76.3274688720703,241.111753463745,-0.45648193359375
5.001666666666667,76.34423828125,241.112745285034,-0.46343994140625
5.003333333333333,76.3609924316406,241.1136302948,-0.46856689453125
5.005,76.3777465820313,241.114194869995,-0.47222900390625
5.006666666666667,76.3944854736328,241.114255905151,-0.47332763671875
5.008333333333334,76.4112548828125,241.113981246948,-0.47021484375
5.01,76.4280242919922,241.113599777222,-0.462158203125
5.011666666666667,76.4447784423828,241.113340377808,-0.448974609375
5.013333333333334,76.4615325927734,241.11329460144,-0.43194580078125
5.015,76.4782867431641,241.113538742065,-0.4130859375
5.016666666666667,76.4950485229492,241.114210128784,-0.39752197265625
5.0183333333333335,76.5118179321289,241.115369796753,-0.38946533203125
5.02,76.5285873413086,241.116834640503,-0.38909912109375
5.0216666666666665,76.5453262329102,241.118360519409,-0.39349365234375
5.023333333333333,76.5620803833008,241.11981010437,-0.40081787109375
5.025,76.5788497924805,241.121137619019,-0.410888671875
5.026666666666666,76.595588684082,241.122129440308,-0.42169189453125
5.028333333333333,76.6123580932617,241.122678756714,-0.428466796875
5.03,76.6291122436523,241.122892379761,-0.42755126953125
5.031666666666666,76.645881652832,241.123075485229,-0.42059326171875
5.033333333333333,76.6626358032227,241.123487472534,-0.41162109375
5.035,76.6793899536133,241.124128341675,-0.40301513671875
5.036666666666667,76.696159362793,241.124921798706,-0.3944091796875
5.038333333333333,76.7129135131836,241.125791549683,-0.38616943359375
5.04,76.7296752929688,241.126676559448,-0.380859375
5.041666666666667,76.7464141845703,241.127500534058,-0.37884521484375
5.043333333333333,76.7631683349609,241.128248214722,-0.3775634765625
5.045,76.7799224853516,241.128965377808,-0.37481689453125
5.046666666666667,76.7966918945313,241.129667282104,-0.37298583984375
5.048333333333333,76.8134460449219,241.130277633667,-0.3760986328125
5.05,76.8302001953125,241.13072013855,-0.3841552734375
5.051666666666667,76.8469543457031,241.130918502808,-0.39495849609375
5.053333333333334,76.8637237548828,241.130765914917,-0.404296875
5.055,76.8804779052734,241.130201339722,-0.4105224609375
5.056666666666667,76.897216796875,241.129346847534,-0.41180419921875
5.058333333333334,76.9139556884766,241.128583908081,-0.40557861328125
5.06,76.9307098388672,241.128324508667,-0.390380859375
5.0616666666666665,76.9474487304688,241.128751754761,-0.36895751953125
5.0633333333333335,76.9642028808594,241.129804611206,-0.34661865234375
5.065,76.9809722900391,241.131330490112,-0.32757568359375
5.066666666666666,76.9977111816406,241.133207321167,-0.3123779296875
5.068333333333333,77.0144653320313,241.135160446167,-0.30120849609375
5.07,77.0312194824219,241.136869430542,-0.29278564453125
5.071666666666666,77.0479736328125,241.138120651245,-0.28564453125
5.073333333333333,77.0647201538086,241.1390209198,-0.27703857421875
5.075,77.0814743041992,241.139738082886,-0.265869140625
5.076666666666667,77.0982131958008,241.140378952026,-0.25286865234375
5.078333333333333,77.1149673461914,241.1409740448,-0.23968505859375
5.08,77.1317367553711,241.14161491394,-0.2274169921875
5.081666666666667,77.1484756469727,241.142408370972,-0.2178955078125
5.083333333333333,77.1652297973633,241.143323898315,-0.2113037109375
5.085,77.1819839477539,241.144208908081,-0.2061767578125
5.086666666666667,77.1987228393555,241.144865036011,-0.2010498046875
5.088333333333333,77.2154769897461,241.145277023315,-0.1962890625
5.09,77.2322158813477,241.145597457886,-0.1929931640625
5.091666666666667,77.2489547729492,241.145994186401,-0.191162109375
5.093333333333334,77.2656936645508,241.146512985229,-0.1907958984375
5.095,77.2824325561523,241.147031784058,-0.193359375
5.096666666666667,77.2991943359375,241.147504806519,-0.2003173828125
5.098333333333334,77.3159561157227,241.147855758667,-0.211669921875
5.1,77.3327331542969,241.148008346558,-0.22576904296875
5.101666666666667,77.3495025634766,241.147901535034,-0.24078369140625
5.1033333333333335,77.3662796020508,241.147581100464,-0.25341796875
5.105,77.3830413818359,241.147245407104,-0.25909423828125
5.1066666666666665,77.3998107910156,241.147108078003,-0.25543212890625
5.108333333333333,77.4165725708008,241.147169113159,-0.2442626953125
5.11,77.4333343505859,241.147230148315,-0.2318115234375
5.111666666666666,77.4500885009766,241.147077560425,-0.22357177734375
5.113333333333333,77.4668502807617,241.146696090698,-0.2208251953125
5.115,77.4836120605469,241.146162033081,-0.2215576171875
5.116666666666666,77.5003662109375,241.145643234253,-0.2237548828125
5.118333333333333,77.5171279907227,241.14520072937,-0.22760009765625
5.12,77.5339050292969,241.144895553589,-0.23419189453125
5.121666666666667,77.5506591796875,241.144742965698,-0.2406005859375
5.123333333333333,77.5674209594727,241.144834518433,-0.24224853515625
5.125,77.5841827392578,241.145109176636,-0.2391357421875
5.126666666666667,77.6009521484375,241.145429611206,-0.2362060546875
5.128333333333333,77.6176986694336,241.145719528198,-0.23822021484375
5.13,77.6344604492188,241.146024703979,-0.24462890625
5.131666666666667,77.6512298583984,241.146360397339,-0.2523193359375
5.133333333333334,77.6679763793945,241.146650314331,-0.26019287109375
5.135,77.6847381591797,241.146818161011,-0.26715087890625
5.136666666666667,77.7015075683594,241.146879196167,-0.27447509765625
5.138333333333334,77.7182693481445,241.146894454956,-0.2830810546875
5.14,77.7350463867188,241.14698600769,-0.2940673828125
5.141666666666667,77.7518310546875,241.147397994995,-0.30633544921875
5.1433333333333335,77.7686080932617,241.148389816284,-0.31842041015625
5.145,77.7853851318359,241.149869918823,-0.328857421875
5.1466666666666665,77.8021621704102,241.151395797729,-0.33673095703125
5.148333333333333,77.8189315795898,241.152616500854,-0.3424072265625
5.15,77.835693359375,241.153562545776,-0.3460693359375
5.151666666666666,77.8524856567383,241.15447807312,-0.34808349609375
5.153333333333333,77.869270324707,241.155500411987,-0.34954833984375
5.155,77.8860473632813,241.156522750854,-0.3526611328125
5.156666666666666,77.9028244018555,241.157484054565,-0.3603515625
5.158333333333333,77.9196090698242,241.15838432312,-0.3717041015625
5.16,77.9364013671875,241.159345626831,-0.38525390625
5.161666666666667,77.9531784057617,241.160490036011,-0.39898681640625
5.163333333333333,77.969970703125,241.161664962769,-0.41326904296875
5.165,77.9867553710938,241.162595748901,-0.4266357421875
5.166666666666667,78.003532409668,241.163251876831,-0.43780517578125
5.168333333333333,78.0203094482422,241.163892745972,-0.44586181640625
5.17,78.0371017456055,241.164716720581,-0.45098876953125
5.171666666666667,78.0538864135742,241.165662765503,-0.45465087890625
5.173333333333333,78.0706787109375,241.166624069214,-0.45941162109375
5.175,78.0874710083008,241.167676925659,-0.4683837890625
5.176666666666667,78.1042633056641,241.168775558472,-0.48211669921875
5.178333333333334,78.1210632324219,241.169904708862,-0.498046875
5.18,78.1378555297852,241.171094894409,-0.5126953125
5.181666666666667,78.1546325683594,241.172361373901,-0.5233154296875
5.183333333333334,78.1714248657227,241.173536300659,-0.5277099609375
5.185,78.1882095336914,241.174436569214,-0.5247802734375
5.1866666666666665,78.2049865722656,241.17498588562,-0.51580810546875
5.1883333333333335,78.2217788696289,241.17530632019,-0.50482177734375
5.19,78.2385787963867,241.17564201355,-0.49566650390625
5.191666666666666,78.25537109375,241.176008224487,-0.49072265625
5.193333333333333,78.2721633911133,241.176237106323,-0.489990234375
5.195,78.2889556884766,241.176206588745,-0.49200439453125
5.196666666666666,78.3057556152344,241.176084518433,-0.49566650390625
5.198333333333333,78.3225479125977,241.176191329956,-0.5009765625
5.2,78.3393249511719,241.17661857605,-0.50958251953125
5.201666666666667,78.3561172485352,241.177305221558,-0.5203857421875
5.203333333333333,78.372917175293,241.178144454956,-0.5302734375
5.205,78.3896942138672,241.179182052612,-0.53851318359375
5.206666666666667,78.4064865112305,241.180387496948,-0.5467529296875
5.208333333333333,78.4232788085938,241.181592941284,-0.552978515625
5.21,78.4400634765625,241.182584762573,-0.55572509765625
5.211666666666667,78.4568557739258,241.183301925659,-0.55718994140625
5.213333333333333,78.4736480712891,241.183912277222,-0.56195068359375
5.215,78.4904403686523,241.184644699097,-0.5712890625
5.216666666666667,78.5072402954102,241.185682296753,-0.58209228515625
5.218333333333334,78.5240325927734,241.186994552612,-0.59326171875
5.22,78.5408248901367,241.188383102417,-0.60260009765625
5.221666666666667,78.5576171875,241.189619064331,-0.6068115234375
5.223333333333334,78.5744171142578,241.190595626831,-0.6038818359375
5.225,78.5912094116211,241.191373825073,-0.59747314453125
5.226666666666667,78.6079864501953,241.192121505737,-0.593994140625
5.2283333333333335,78.6247940063477,241.192853927612,-0.59783935546875
5.23,78.6415939331055,241.193464279175,-0.608642578125
5.2316666666666665,78.6584014892578,241.193922042847,-0.623291015625
5.233333333333333,78.6751937866211,241.194456100464,-0.64031982421875
5.235,78.6919860839844,241.195310592651,-0.66156005859375
5.236666666666666,78.7087860107422,241.196500778198,-0.68829345703125
5.238333333333333,78.7255630493164,241.197828292847,-0.71795654296875
5.24,78.7423553466797,241.19923210144,-0.74505615234375
5.241666666666666,78.759147644043,241.200849533081,-0.76629638671875
5.243333333333333,78.7759323120117,241.202711105347,-0.7796630859375
5.245,78.792724609375,241.204679489136,-0.78533935546875
5.246666666666667,78.8095169067383,241.206541061401,-0.78533935546875
5.248333333333333,78.8262939453125,241.208158493042,-0.78424072265625
5.25,78.8430938720703,241.2093334198,-0.78680419921875
5.251666666666667,78.8598861694336,241.210203170776,-0.796142578125
5.253333333333333,78.8766784667969,241.211149215698,-0.81134033203125
5.255,78.8934707641602,241.212491989136,-0.82891845703125
5.256666666666667,78.910270690918,241.214231491089,-0.8441162109375
5.258333333333334,78.9270477294922,241.216184616089,-0.85418701171875
5.26,78.9438552856445,241.218214035034,-0.8609619140625
5.261666666666667,78.9606323242188,241.220121383667,-0.8690185546875
5.263333333333334,78.9774322509766,241.221662521362,-0.88201904296875
5.265,78.9942245483398,241.222684860229,-0.8990478515625
5.266666666666667,79.0110168457031,241.22332572937,-0.91534423828125
5.2683333333333335,79.0277938842773,241.223936080933,-0.9261474609375
5.27,79.0445785522461,241.224805831909,-0.93072509765625
5.2716666666666665,79.0613708496094,241.226026535034,-0.93402099609375
5.273333333333333,79.0781478881836,241.227582931519,-0.939697265625
5.275,79.0949325561523,241.229368209839,-0.94683837890625
5.276666666666666,79.1117095947266,241.231367111206,-0.95068359375
5.278333333333333,79.1285018920898,241.233564376831,-0.94921875
5.28,79.1452941894531,241.235914230347,-0.94464111328125
5.281666666666666,79.1620941162109,241.238279342651,-0.9393310546875
5.283333333333333,79.1788711547852,241.240476608276,-0.9334716796875
5.285,79.1956634521484,241.242277145386,-0.92706298828125
5.286666666666667,79.2124557495117,241.243589401245,-0.9228515625
5.288333333333333,79.2292556762695,241.244626998901,-0.923583984375
5.29,79.2460479736328,241.245740890503,-0.93035888671875
5.291666666666667,79.2628555297852,241.247159957886,-0.9437255859375
5.293333333333333,79.2796478271484,241.248929977417,-0.95928955078125
5.295,79.2964477539063,241.250913619995,-0.970458984375
5.296666666666667,79.3132400512695,241.252988815308,-0.97265625
5.298333333333333,79.3300323486328,241.254987716675,-0.96844482421875
5.3,79.3468246459961,241.256864547729,-0.961669921875
5.301666666666667,79.3636093139648,241.258741378784,-0.9547119140625
5.303333333333334,79.3804016113281,241.260801315308,-0.95123291015625
5.305,79.3971786499023,241.263120651245,-0.95599365234375
5.306666666666667,79.4139556884766,241.265516281128,-0.97064208984375
5.308333333333334,79.4307250976563,241.267652511597,-0.9927978515625
5.31,79.4475021362305,241.269300460815,-1.0177001953125
5.3116666666666665,79.4642791748047,241.270414352417,-1.04168701171875
5.3133333333333335,79.4810638427734,241.271299362183,-1.0634765625
5.315,79.4978256225586,241.272230148315,-1.08251953125
5.316666666666666,79.5146026611328,241.273359298706,-1.09881591796875
5.318333333333333,79.531364440918,241.274534225464,-1.10980224609375
5.32,79.5481491088867,241.275602340698,-1.11419677734375
5.321666666666666,79.5649108886719,241.27654838562,-1.11236572265625
5.323333333333333,79.5816879272461,241.277509689331,-1.10723876953125
5.325,79.5984573364258,241.278638839722,-1.103759765625
5.326666666666667,79.615234375,241.27996635437,-1.108154296875
5.328333333333333,79.6319961547852,241.281583786011,-1.12188720703125
5.33,79.6487655639648,241.283506393433,-1.14019775390625
5.331666666666667,79.66552734375,241.285688400269,-1.155029296875
5.333333333333333,79.6823043823242,241.287977218628,-1.16070556640625
5.335,79.6990737915039,241.290143966675,-1.1572265625
5.336666666666667,79.7158355712891,241.292020797729,-1.14935302734375
5.338333333333333,79.7325973510742,241.293546676636,-1.1422119140625
5.34,79.7493515014648,241.29493522644,-1.1396484375
5.341666666666667,79.76611328125,241.296323776245,-1.14422607421875
5.343333333333334,79.7828750610352,241.297773361206,-1.15484619140625
5.345,79.7996597290039,241.299390792847,-1.16619873046875
5.346666666666667,79.8164215087891,241.301328659058,-1.17242431640625
5.348333333333334,79.8331832885742,241.30357170105,-1.17315673828125
5.35,79.8499603271484,241.306058883667,-1.17352294921875
5.351666666666667,79.8667449951172,241.308744430542,-1.1781005859375
5.3533333333333335,79.8835220336914,241.311613082886,-1.18780517578125
5.355,79.9002990722656,241.314649581909,-1.19805908203125
5.3566666666666665,79.9170837402344,241.317792892456,-1.2052001953125
5.358333333333333,79.9338455200195,241.320936203003,-1.2099609375
5.36,79.9506225585938,241.323850631714,-1.21673583984375
5.361666666666666,79.9673919677734,241.326414108276,-1.22845458984375
5.363333333333333,79.9841537475586,241.328611373901,-1.24310302734375
5.365,80.0009155273438,241.330549240112,-1.257568359375
5.366666666666666,80.017692565918,241.332456588745,-1.269287109375
5.368333333333333,80.0344619750977,241.334623336792,-1.2784423828125
5.37,80.0512084960938,241.337080001831,-1.28466796875
5.371666666666667,80.0679702758789,241.339643478394,-1.28759765625
5.373333333333333,80.0847244262695,241.341993331909,-1.28741455078125
5.375,80.1014862060547,241.343885421753,-1.28521728515625
5.376666666666667,80.1182479858398,241.345365524292,-1.28485107421875
5.378333333333333,80.1350021362305,241.34669303894,-1.289794921875
5.38,80.1517639160156,241.348173141479,-1.3018798828125
5.381666666666667,80.1685180664063,241.3499584198,-1.3172607421875
5.383333333333334,80.1852798461914,241.352216720581,-1.33026123046875
5.385,80.2020263671875,241.354978561401,-1.33685302734375
5.386666666666667,80.2188110351563,241.357984542847,-1.335205078125
5.388333333333334,80.2355728149414,241.360822677612,-1.32659912109375
5.39,80.2523345947266,241.363279342651,-1.3165283203125
5.391666666666667,80.2690963745117,241.365446090698,-1.30718994140625
5.3933333333333335,80.2858810424805,241.367475509644,-1.2982177734375
5.395,80.3026580810547,241.369398117065,-1.28851318359375
5.3966666666666665,80.3194351196289,241.371137619019,-1.27972412109375
5.398333333333333,80.3362197875977,241.372663497925,-1.2744140625
5.4,80.3529815673828,241.374189376831,-1.2747802734375
5.401666666666666,80.369758605957,241.375928878784,-1.282470703125
5.403333333333333,80.3865280151367,241.377973556519,-1.29620361328125
5.405,80.4033050537109,241.380140304565,-1.313232421875
5.406666666666666,80.4200820922852,241.382307052612,-1.3297119140625
5.408333333333333,80.4368438720703,241.384412765503,-1.34161376953125
5.41,80.4536285400391,241.386503219604,-1.3450927734375
5.411666666666667,80.4704055786133,241.388639450073,-1.34088134765625
5.413333333333333,80.4871826171875,241.39080619812,-1.33282470703125
5.415,80.5039672851563,241.392972946167,-1.3275146484375
5.416666666666667,80.5207290649414,241.395078659058,-1.32989501953125
5.418333333333333,80.5375061035156,241.397214889526,-1.3399658203125
5.42,80.5542831420898,241.399503707886,-1.35406494140625
5.421666666666667,80.5710678100586,241.40203666687,-1.36578369140625
5.423333333333333,80.5878295898438,241.404706954956,-1.37127685546875
5.425,80.604621887207,241.407178878784,-1.36944580078125
5.426666666666667,80.6213912963867,241.409177780151,-1.36248779296875
5.428333333333334,80.6381683349609,241.41065788269,-1.3538818359375
5.43,80.6549301147461,241.411878585815,-1.3472900390625
5.431666666666667,80.6716842651367,241.413282394409,-1.343994140625
5.433333333333334,80.6884460449219,241.414991378784,-1.34454345703125
5.435,80.705207824707,241.416929244995,-1.34893798828125
5.4366666666666665,80.7219772338867,241.418989181519,-1.3582763671875
5.4383333333333335,80.7387237548828,241.421293258667,-1.37200927734375
5.44,80.755485534668,241.423994064331,-1.38885498046875
5.441666666666666,80.7722396850586,241.427167892456,-1.40606689453125
5.443333333333333,80.7890014648438,241.430723190308,-1.421630859375
5.445,80.8057632446289,241.43443107605,-1.433349609375
5.446666666666666,80.8225326538086,241.438047409058,-1.44268798828125
5.448333333333333,80.8392944335938,241.441358566284,-1.4505615234375
5.45,80.8560562133789,241.444257736206,-1.458251953125
5.451666666666667,80.8728256225586,241.446714401245,-1.46502685546875
5.453333333333333,80.8895874023438,241.448820114136,-1.46942138671875
5.455,80.906379699707,241.450712203979,-1.47161865234375
5.456666666666667,80.9231414794922,241.452619552612,-1.4725341796875
5.458333333333333,80.9399261474609,241.454710006714,-1.4725341796875
5.46,80.9567031860352,241.457029342651,-1.46923828125
5.461666666666667,80.9734649658203,241.459531784058,-1.4615478515625
5.463333333333333,80.9902648925781,241.461988449097,-1.45111083984375
5.465,81.0070419311523,241.464231491089,-1.44085693359375
5.466666666666667,81.0238189697266,241.466337203979,-1.4351806640625
5.468333333333334,81.0405960083008,241.468519210815,-1.43756103515625
5.47,81.0573806762695,241.470808029175,-1.44891357421875
5.471666666666667,81.0741577148438,241.473096847534,-1.46502685546875
5.473333333333334,81.0909194946289,241.47527885437,-1.47894287109375
5.475,81.1077194213867,241.477491378784,-1.48846435546875
5.476666666666667,81.1244964599609,241.479887008667,-1.49395751953125
5.4783333333333335,81.1412582397461,241.482587814331,-1.49560546875
5.48,81.1580429077148,241.485471725464,-1.493408203125
5.4816666666666665,81.1748046875,241.488401412964,-1.489013671875
5.483333333333333,81.1915817260742,241.491361618042,-1.4835205078125
5.485,81.2083435058594,241.494398117065,-1.477294921875
5.486666666666666,81.2251281738281,241.4974193573,-1.4718017578125
5.488333333333333,81.2419204711914,241.500364303589,-1.46978759765625
5.49,81.2586822509766,241.503187179565,-1.4747314453125
5.491666666666666,81.2754821777344,241.505933761597,-1.48516845703125
5.493333333333333,81.2922592163086,241.508588790894,-1.49578857421875
5.495,81.3090362548828,241.5110912323,-1.50384521484375
5.496666666666667,81.3258285522461,241.513441085815,-1.51263427734375
5.498333333333333,81.3426132202148,241.515684127808,-1.52581787109375
5.5,81.3593902587891,241.517789840698,-1.5413818359375
5.501666666666667,81.3761825561523,241.519651412964,-1.554931640625
5.503333333333333,81.3929595947266,241.521299362183,-1.56317138671875
5.505,81.4097290039063,241.52296257019,-1.568115234375
5.506666666666667,81.4265060424805,241.524778366089,-1.57159423828125
5.508333333333334,81.4432830810547,241.526777267456,-1.57342529296875
5.51,81.4600677490234,241.528974533081,-1.5721435546875
5.511666666666667,81.4768447875977,241.531400680542,-1.56976318359375
5.513333333333334,81.4936218261719,241.533964157104,-1.56939697265625
5.515,81.5104064941406,241.536527633667,-1.57305908203125
5.516666666666667,81.5271835327148,241.539030075073,-1.57781982421875
5.5183333333333335,81.5439758300781,241.541425704956,-1.58111572265625
5.52,81.5607681274414,241.543622970581,-1.58111572265625
5.5216666666666665,81.5775527954102,241.545743942261,-1.57928466796875
5.523333333333333,81.5943450927734,241.548078536987,-1.57763671875
5.525,81.6111221313477,241.55079460144,-1.5758056640625
5.526666666666666,81.6279144287109,241.553831100464,-1.57342529296875
5.528333333333333,81.6447296142578,241.557081222534,-1.57177734375
5.53,81.661506652832,241.560529708862,-1.5714111328125
5.531666666666666,81.6782989501953,241.564252853394,-1.57305908203125
5.533333333333333,81.6950912475586,241.568021774292,-1.57562255859375
5.535,81.7118911743164,241.571363449097,-1.57855224609375
5.536666666666667,81.7286987304688,241.574140548706,-1.5816650390625
5.538333333333333,81.745475769043,241.576765060425,-1.584228515625
5.54,81.7622528076172,241.57977104187,-1.5860595703125
5.541666666666667,81.7790679931641,241.583158493042,-1.590087890625
5.543333333333333,81.7958450317383,241.58660697937,-1.60125732421875
5.545,81.8126373291016,241.589796066284,-1.620849609375
5.546666666666667,81.8294296264648,241.592664718628,-1.64373779296875
5.548333333333333,81.8462295532227,241.595197677612,-1.66461181640625
5.55,81.8630065917969,241.597455978394,-1.68035888671875
5.551666666666667,81.8797988891602,241.599531173706,-1.69061279296875
5.553333333333334,81.8965759277344,241.601621627808,-1.69500732421875
5.555,81.9133605957031,241.603879928589,-1.69537353515625
5.556666666666667,81.9301376342773,241.606367111206,-1.69482421875
5.558333333333334,81.9469299316406,241.608976364136,-1.69573974609375
5.56,81.9637145996094,241.611646652222,-1.70086669921875
5.5616666666666665,81.9804916381836,241.614347457886,-1.71258544921875
5.5633333333333335,81.9972839355469,241.617078781128,-1.72796630859375
5.565,82.014045715332,241.619871139526,-1.74078369140625
5.566666666666666,82.0308303833008,241.622678756714,-1.746826171875
5.568333333333333,82.0476226806641,241.625516891479,-1.74847412109375
5.57,82.0643997192383,241.628400802612,-1.74957275390625
5.571666666666666,82.081184387207,241.631315231323,-1.75048828125
5.573333333333333,82.0979614257813,241.634275436401,-1.74737548828125
5.575,82.1147384643555,241.637235641479,-1.7391357421875
5.576666666666667,82.1315002441406,241.640134811401,-1.73052978515625
5.578333333333333,82.1482849121094,241.642896652222,-1.72613525390625
5.58,82.1650466918945,241.645460128784,-1.72265625
5.581666666666667,82.1818237304688,241.647855758667,-1.71368408203125
5.583333333333333,82.1985931396484,241.650297164917,-1.69921875
5.585,82.2153701782227,241.653089523315,-1.68511962890625
5.586666666666667,82.2321319580078,241.656370162964,-1.67816162109375
5.588333333333333,82.2489166259766,241.659940719604,-1.67999267578125
5.59,82.2656936645508,241.663496017456,-1.68896484375
5.591666666666667,82.2824859619141,241.666807174683,-1.701416015625
5.593333333333334,82.2992630004883,241.669858932495,-1.71405029296875
5.595,82.316047668457,241.672651290894,-1.723388671875
5.596666666666667,82.3328399658203,241.675245285034,-1.7274169921875
5.598333333333334,82.3496322631836,241.677762985229,-1.72723388671875
5.6,82.3664093017578,241.680341720581,-1.7244873046875
5.601666666666667,82.3832092285156,241.683164596558,-1.7200927734375
5.6033333333333335,82.4000015258789,241.686338424683,-1.71551513671875
5.605,82.4167938232422,241.689741134644,-1.71331787109375
5.6066666666666665,82.4335861206055,241.693143844604,-1.71514892578125
5.608333333333333,82.4503707885742,241.696363449097,-1.72064208984375
5.61,82.4671630859375,241.699537277222,-1.72705078125
5.611666666666666,82.4839401245117,241.702878952026,-1.73345947265625
5.613333333333333,82.5007247924805,241.7064037323,-1.74151611328125
5.615,82.5175170898438,241.709867477417,-1.7523193359375
5.616666666666666,82.5342788696289,241.712949752808,-1.76495361328125
5.618333333333333,82.5510711669922,241.715574264526,-1.77557373046875
5.62,82.5678558349609,241.717985153198,-1.78179931640625
5.621666666666667,82.5846328735352,241.720319747925,-1.7841796875
5.623333333333333,82.6014099121094,241.722578048706,-1.7860107421875
5.625,82.6181869506836,241.724760055542,-1.78948974609375
5.626666666666667,82.6349716186523,241.727033615112,-1.79351806640625
5.628333333333333,82.6517639160156,241.729642868042,-1.79461669921875
5.63,82.6685256958008,241.732664108276,-1.79278564453125
5.631666666666667,82.6853103637695,241.735944747925,-1.790771484375
5.633333333333334,82.7020721435547,241.739240646362,-1.79296875
5.635,82.7188491821289,241.74236869812,-1.79974365234375
5.636666666666667,82.7356338500977,241.745237350464,-1.810546875
5.638333333333334,82.7524108886719,241.747831344604,-1.8240966796875
5.64,82.7691879272461,241.750303268433,-1.837646484375
5.641666666666667,82.7859802246094,241.752683639526,-1.84844970703125
5.6433333333333335,82.8027496337891,241.754987716675,-1.85467529296875
5.645,82.8195419311523,241.757307052612,-1.856689453125
5.6466666666666665,82.8363189697266,241.759855270386,-1.8570556640625
5.648333333333333,82.8531112670898,241.762800216675,-1.85723876953125
5.65,82.8698959350586,241.766065597534,-1.856689453125
5.651666666666666,82.8866882324219,241.769437789917,-1.8533935546875
5.653333333333333,82.9034805297852,241.772855758667,-1.84771728515625
5.655,82.9202651977539,241.776441574097,-1.84368896484375
5.656666666666666,82.9370574951172,241.780302047729,-1.84552001953125
5.658333333333333,82.9538497924805,241.784315109253,-1.85577392578125
5.66,82.9706420898438,241.78809928894,-1.872802734375
5.661666666666667,82.9874496459961,241.791379928589,-1.89019775390625
5.663333333333333,83.0042343139648,241.794141769409,-1.90338134765625
5.665,83.0210418701172,241.796689987183,-1.91070556640625
5.666666666666667,83.0378341674805,241.799421310425,-1.91290283203125
5.668333333333333,83.0546264648438,241.802549362183,-1.91162109375
5.67,83.0714263916016,241.805921554565,-1.90869140625
5.671666666666667,83.0882186889648,241.809339523315,-1.90850830078125
5.673333333333333,83.1050109863281,241.812726974487,-1.9149169921875
5.675,83.1218032836914,241.816221237183,-1.9281005859375
5.676666666666667,83.1386032104492,241.81983757019,-1.9456787109375
5.678333333333334,83.1553955078125,241.823530197144,-1.96435546875
5.68,83.1721878051758,241.827253341675,-1.98248291015625
5.681666666666667,83.1889801025391,241.830900192261,-1.99859619140625
5.683333333333334,83.2057647705078,241.834379196167,-2.014892578125
5.685,83.2225570678711,241.837720870972,-2.033203125
5.6866666666666665,83.2393646240234,241.841062545776,-2.051513671875
5.6883333333333335,83.2561416625977,241.844495773315,-2.06561279296875
5.69,83.2729263305664,241.847913742065,-2.07330322265625
5.691666666666666,83.2897186279297,241.85108757019,-2.07568359375
5.693333333333333,83.306510925293,241.853986740112,-2.076416015625
5.695,83.3233032226563,241.856855392456,-2.07879638671875
5.696666666666666,83.3401031494141,241.86004447937,-2.080810546875
5.698333333333333,83.3568954467773,241.863660812378,-2.079345703125
5.7,83.3736877441406,241.867597579956,-2.07550048828125
5.701666666666667,83.390495300293,241.871641159058,-2.077880859375
5.703333333333333,83.4072952270508,241.87550163269,-2.09161376953125
5.705,83.4241027832031,241.878934860229,-2.11468505859375
5.706666666666667,83.4408950805664,241.881803512573,-2.1405029296875
5.708333333333333,83.4576873779297,241.884168624878,-2.16302490234375
5.71,83.4745025634766,241.886335372925,-2.1785888671875
5.711666666666667,83.4913101196289,241.888700485229,-2.18792724609375
5.713333333333333,83.5081024169922,241.891706466675,-2.1932373046875
5.715,83.5249099731445,241.89552116394,-2.19561767578125
5.716666666666667,83.5417098999023,241.89991569519,-2.19287109375
5.718333333333334,83.5585174560547,241.904508590698,-2.18536376953125
5.72,83.575325012207,241.908933639526,-2.1763916015625
5.721666666666667,83.5921325683594,241.913038253784,-2.16851806640625
5.723333333333334,83.6089248657227,241.91685295105,-2.16485595703125
5.725,83.6257553100586,241.92059135437,-2.168701171875
5.726666666666667,83.6425476074219,241.924421310425,-2.18096923828125
5.7283333333333335,83.6593399047852,241.928266525269,-2.1976318359375
5.73,83.6761474609375,241.9319896698,-2.21502685546875
5.7316666666666665,83.6929473876953,241.935575485229,-2.2335205078125
5.733333333333333,83.7097396850586,241.939039230347,-2.2540283203125
5.735,83.7265472412109,241.942472457886,-2.27215576171875
5.736666666666666,83.7433395385742,241.946088790894,-2.28314208984375
5.738333333333333,83.7601470947266,241.949842453003,-2.2862548828125
5.74,83.7769470214844,241.953580856323,-2.28570556640625
5.741666666666666,83.7937393188477,241.957273483276,-2.2840576171875
5.743333333333333,83.8105163574219,241.961256027222,-2.2818603515625
5.745,83.8273086547852,241.96568107605,-2.281494140625
5.746666666666667,83.844123840332,241.970365524292,-2.2869873046875
5.748333333333333,83.8609161376953,241.975065231323,-2.30145263671875
5.75,83.8777084350586,241.97967338562,-2.325439453125
5.751666666666667,83.8945159912109,241.984098434448,-2.3543701171875
5.753333333333333,83.9113159179688,241.988248825073,-2.38018798828125
5.755,83.928108215332,241.992109298706,-2.39410400390625
5.756666666666667,83.9449005126953,241.995695114136,-2.39300537109375
5.758333333333334,83.9617080688477,241.998960494995,-2.38037109375
5.76,83.9785079956055,242.001951217651,-2.36260986328125
5.761666666666667,83.9952850341797,242.00489616394,-2.34613037109375
5.763333333333334,84.012077331543,242.007963180542,-2.3345947265625
5.765,84.0288696289063,242.011304855347,-2.3272705078125
5.766666666666667,84.045654296875,242.015104293823,-2.32086181640625
5.7683333333333335,84.0624465942383,242.019468307495,-2.313720703125
5.77,84.0792388916016,242.024198532104,-2.30804443359375
5.7716666666666665,84.0960159301758,242.029081344604,-2.3060302734375
5.773333333333333,84.1128158569336,242.03404045105,-2.307861328125
5.775,84.1296081542969,242.03892326355,-2.31243896484375
5.776666666666666,84.1464004516602,242.043333053589,-2.318115234375
5.778333333333333,84.1631927490234,242.047117233276,-2.32177734375
5.78,84.1799926757813,242.050565719604,-2.3228759765625
5.781666666666666,84.1967849731445,242.054136276245,-2.32177734375
5.783333333333333,84.2135772705078,242.057935714722,-2.31903076171875
5.785,84.2303848266602,242.061796188354,-2.31317138671875
5.786666666666667,84.247184753418,242.065626144409,-2.303466796875
5.788333333333333,84.2639770507813,242.06951713562,-2.29119873046875
5.79,84.2807540893555,242.0735912323,-2.277099609375
5.791666666666667,84.2975616455078,242.077955245972,-2.26483154296875
5.793333333333333,84.3143615722656,242.08253288269,-2.2591552734375
5.795,84.3311538696289,242.087049484253,-2.2620849609375
5.796666666666667,84.3479614257813,242.091215133667,-2.27032470703125
5.798333333333333,84.3647689819336,242.094938278198,-2.2796630859375
5.8,84.3815536499023,242.098279953003,-2.2906494140625
5.801666666666667,84.3983612060547,242.101392745972,-2.304931640625
5.803333333333334,84.415153503418,242.104444503784,-2.321044921875
5.805,84.4319458007813,242.107587814331,-2.33660888671875
5.806666666666667,84.44873046875,242.110792160034,-2.34906005859375
5.808333333333334,84.4655380249023,242.113996505737,-2.35675048828125
5.81,84.4823303222656,242.117231369019,-2.3602294921875
5.8116666666666665,84.4991226196289,242.120603561401,-2.3616943359375
5.8133333333333335,84.5159301757813,242.124158859253,-2.36077880859375
5.815,84.5327301025391,242.127897262573,-2.35491943359375
5.816666666666666,84.5495223999023,242.131742477417,-2.3448486328125
5.818333333333333,84.5663146972656,242.135648727417,-2.33551025390625
5.82,84.5831069946289,242.139570236206,-2.33056640625
5.821666666666666,84.5999069213867,242.14341545105,-2.32928466796875
5.823333333333333,84.6166839599609,242.147062301636,-2.32635498046875
5.825,84.6334762573242,242.150526046753,-2.3192138671875
5.826666666666667,84.6502838134766,242.154020309448,-2.309326171875
5.828333333333333,84.6670837402344,242.157636642456,-2.29962158203125
5.83,84.6838607788086,242.161298751831,-2.2913818359375
5.831666666666667,84.7006530761719,242.164823532104,-2.2847900390625
5.833333333333333,84.7174377441406,242.168409347534,-2.28076171875
5.835,84.7342300415039,242.172361373901,-2.28131103515625
5.836666666666667,84.7510223388672,242.176755905151,-2.2877197265625
5.838333333333333,84.7677993774414,242.181303024292,-2.297607421875
5.84,84.7845993041992,242.185667037964,-2.307861328125
5.841666666666667,84.8013916015625,242.189847946167,-2.31793212890625
5.843333333333334,84.8181686401367,242.19402885437,-2.32965087890625
5.845,84.8349609375,242.198316574097,-2.34539794921875
5.846666666666667,84.8517608642578,242.202680587769,-2.364990234375
5.848333333333334,84.8685531616211,242.207059860229,-2.38861083984375
5.85,84.8853454589844,242.211500167847,-2.41534423828125
5.851666666666667,84.9021377563477,242.216154098511,-2.44390869140625
5.8533333333333335,84.9189529418945,242.221006393433,-2.47393798828125
5.855,84.9357452392578,242.225812911987,-2.50506591796875
5.8566666666666665,84.9525527954102,242.230283737183,-2.53399658203125
5.858333333333333,84.9693450927734,242.234327316284,-2.55633544921875
5.86,84.9861526489258,242.237958908081,-2.5693359375
5.861666666666666,85.0029525756836,242.241331100464,-2.57391357421875
5.863333333333333,85.0197448730469,242.244672775269,-2.57537841796875
5.865,85.0365371704102,242.247999191284,-2.57904052734375
5.866666666666666,85.0533294677734,242.251203536987,-2.586181640625
5.868333333333333,85.0701293945313,242.254240036011,-2.59423828125
5.87,85.0869064331055,242.257261276245,-2.60302734375
5.871666666666667,85.1036987304688,242.260465621948,-2.615478515625
5.873333333333333,85.120491027832,242.263990402222,-2.634521484375
5.875,85.1373062133789,242.268018722534,-2.6561279296875
5.876666666666667,85.1540985107422,242.27264213562,-2.67388916015625
5.878333333333333,85.1708908081055,242.2776927948,-2.6824951171875
5.88,85.1876678466797,242.282682418823,-2.68450927734375
5.881666666666667,85.2044525146484,242.287260055542,-2.68560791015625
5.883333333333334,85.2212448120117,242.291440963745,-2.68798828125
5.885,85.238037109375,242.295530319214,-2.68927001953125
5.886666666666667,85.2548446655273,242.299894332886,-2.687255859375
5.888333333333334,85.2716445922852,242.304670333862,-2.6839599609375
5.89,85.2884368896484,242.309843063354,-2.68121337890625
5.891666666666667,85.3052291870117,242.315275192261,-2.677734375
5.8933333333333335,85.3220062255859,242.320890426636,-2.66912841796875
5.895,85.3387908935547,242.326765060425,-2.65484619140625
5.8966666666666665,85.355583190918,242.332914352417,-2.640380859375
5.898333333333333,85.3723754882813,242.339063644409,-2.6312255859375
5.9,85.3891677856445,242.344770431519,-2.62921142578125
5.901666666666666,85.4059524536133,242.349760055542,-2.63287353515625
5.903333333333333,85.4227447509766,242.354063034058,-2.64056396484375
5.905,85.4395370483398,242.358030319214,-2.65155029296875
5.906666666666666,85.4563369750977,242.361982345581,-2.66619873046875
5.908333333333333,85.4731292724609,242.366041183472,-2.682861328125
5.91,85.4899368286133,242.370206832886,-2.6986083984375
5.911666666666667,85.5067443847656,242.374555587769,-2.7117919921875
5.913333333333333,85.5235366821289,242.3792552948,-2.72369384765625
5.915,85.5403366088867,242.384366989136,-2.735595703125
5.916666666666667,85.55712890625,242.389753341675,-2.745849609375
5.918333333333333,85.5739212036133,242.395185470581,-2.7528076171875
5.92,85.5907287597656,242.400297164917,-2.75738525390625
5.921666666666667,85.6075439453125,242.405012130737,-2.76470947265625
5.923333333333333,85.6243362426758,242.409467697144,-2.7769775390625
5.925,85.6411437988281,242.413846969604,-2.79107666015625
5.926666666666667,85.6579513549805,242.418134689331,-2.8011474609375
5.928333333333334,85.6747589111328,242.422254562378,-2.80316162109375
5.93,85.6915740966797,242.426343917847,-2.7974853515625
5.931666666666667,85.708381652832,242.430494308472,-2.78778076171875
5.933333333333334,85.7251892089844,242.434644699097,-2.77825927734375
5.935,85.7419967651367,242.438581466675,-2.7711181640625
5.9366666666666665,85.7588195800781,242.44224357605,-2.7652587890625
5.9383333333333335,85.7756195068359,242.445844650269,-2.75921630859375
5.94,85.7924270629883,242.449552536011,-2.753173828125
5.941666666666666,85.8092346191406,242.453428268433,-2.74932861328125
5.943333333333333,85.826042175293,242.457365036011,-2.74951171875
5.945,85.8428573608398,242.461378097534,-2.75482177734375
5.946666666666666,85.8596649169922,242.465635299683,-2.7637939453125
5.948333333333333,85.8764724731445,242.470182418823,-2.77349853515625
5.95,85.8932800292969,242.474775314331,-2.782470703125
5.951666666666667,85.9101028442383,242.479124069214,-2.7901611328125
5.953333333333333,85.9269027709961,242.483243942261,-2.79547119140625
5.955,85.9437255859375,242.487440109253,-2.79656982421875
5.956666666666667,85.9605331420898,242.491956710815,-2.7923583984375
5.958333333333333,85.9773254394531,242.496839523315,-2.7843017578125
5.96,85.9941177368164,242.502042770386,-2.77532958984375
5.961666666666667,86.0109329223633,242.507474899292,-2.77001953125
5.963333333333333,86.0277404785156,242.513074874878,-2.7696533203125
5.965,86.0445327758789,242.518674850464,-2.7740478515625
5.966666666666667,86.0613403320313,242.524030685425,-2.78082275390625
5.968333333333334,86.0781555175781,242.528959274292,-2.788330078125
5.97,86.0949630737305,242.533491134644,-2.794921875
5.971666666666667,86.1117553710938,242.537794113159,-2.798583984375
5.973333333333334,86.128547668457,242.542158126831,-2.80059814453125
5.975,86.1453552246094,242.546796798706,-2.804443359375
5.976666666666667,86.1621704101563,242.551816940308,-2.81341552734375
5.9783333333333335,86.1789779663086,242.557203292847,-2.82696533203125
5.98,86.19580078125,242.5628490448,-2.84161376953125
5.9816666666666665,86.2126083374023,242.568494796753,-2.85479736328125
5.983333333333333,86.2294082641602,242.573881149292,-2.86468505859375
5.985,86.2462310791016,242.578886032104,-2.87164306640625
5.986666666666666,86.2630386352539,242.583631515503,-2.8765869140625
5.988333333333333,86.2798461914063,242.588346481323,-2.87933349609375
5.99,86.2966384887695,242.593107223511,-2.8795166015625
5.991666666666666,86.3134536743164,242.597913742065,-2.8787841796875
5.993333333333333,86.3302612304688,242.60272026062,-2.8809814453125
5.995,86.347053527832,242.607511520386,-2.88720703125
5.996666666666667,86.3638305664063,242.612302780151,-2.89471435546875
5.998333333333333,86.3806457519531,242.617063522339,-2.9007568359375
6,86.3974380493164,242.621778488159,-2.90570068359375
6.001666666666667,86.4142456054688,242.626462936401,-2.9117431640625
6.003333333333333,86.4310531616211,242.631132125854,-2.91925048828125
6.005,86.4478454589844,242.635816574097,-2.9263916015625
6.006666666666667,86.4646453857422,242.64063835144,-2.93280029296875
6.008333333333334,86.4814529418945,242.645582199097,-2.9417724609375
6.01,86.4982299804688,242.650495529175,-2.95733642578125
6.011666666666667,86.5150375366211,242.655164718628,-2.98004150390625
6.013333333333334,86.5318374633789,242.659559249878,-3.006591796875
6.015,86.5486297607422,242.663877487183,-3.02947998046875
6.016666666666667,86.5654220581055,242.668348312378,-3.0439453125
6.0183333333333335,86.5822143554688,242.67303276062,-3.04815673828125
6.02,86.5990142822266,242.677824020386,-3.0435791015625
6.0216666666666665,86.6158065795898,242.682645797729,-3.03369140625
6.023333333333333,86.6325988769531,242.687452316284,-3.02508544921875
6.025,86.6493911743164,242.692152023315,-3.022705078125
6.026666666666666,86.6661911010742,242.696668624878,-3.0274658203125
6.028333333333333,86.6829833984375,242.701093673706,-3.03662109375
6.03,86.6997756958008,242.70557975769,-3.046875
6.031666666666666,86.716552734375,242.71014213562,-3.05548095703125
6.033333333333333,86.7333526611328,242.714673995972,-3.0611572265625
6.035,86.7501449584961,242.719205856323,-3.064453125
6.036666666666667,86.7669372558594,242.723844528198,-3.0673828125
6.038333333333333,86.7837295532227,242.728666305542,-3.071044921875
6.04,86.8005294799805,242.733686447144,-3.07562255859375
6.041666666666667,86.8173065185547,242.738981246948,-3.08074951171875
6.043333333333333,86.834098815918,242.744688034058,-3.08551025390625
6.045,86.8509063720703,242.750745773315,-3.090087890625
6.046666666666667,86.8677062988281,242.756940841675,-3.09356689453125
6.048333333333333,86.8845138549805,242.763074874878,-3.094482421875
6.05,86.9013061523438,242.769178390503,-3.09375
6.051666666666667,86.9181137084961,242.77540397644,-3.0948486328125
6.053333333333334,86.9348983764648,242.781827926636,-3.101806640625
6.055,86.9516906738281,242.788343429565,-3.11627197265625
6.056666666666667,86.9684829711914,242.79461479187,-3.13751220703125
6.058333333333334,86.9852752685547,242.800458908081,-3.1629638671875
6.06,87.0020751953125,242.805830001831,-3.18841552734375
6.0616666666666665,87.0188674926758,242.810834884644,-3.20965576171875
6.0633333333333335,87.0356597900391,242.815656661987,-3.22430419921875
6.065,87.0524368286133,242.820585250854,-3.2332763671875
6.066666666666666,87.0692367553711,242.825773239136,-3.240234375
6.068333333333333,87.0860443115234,242.831174850464,-3.24957275390625
6.07,87.1028366088867,242.836683273315,-3.26220703125
6.071666666666666,87.11962890625,242.842252731323,-3.27685546875
6.073333333333333,87.1364440917969,242.847730636597,-3.29315185546875
6.075,87.1532363891602,242.853010177612,-3.3109130859375
6.076666666666667,87.1700439453125,242.85809135437,-3.327392578125
6.078333333333333,87.1868362426758,242.863126754761,-3.339111328125
6.08,87.2036285400391,242.868223190308,-3.34478759765625
6.081666666666667,87.2204437255859,242.873365402222,-3.34478759765625
6.083333333333333,87.2372360229492,242.878507614136,-3.34002685546875
6.085,87.2540283203125,242.883588790894,-3.33197021484375
6.086666666666667,87.2708206176758,242.888639450073,-3.3226318359375
6.088333333333333,87.2876205444336,242.893613815308,-3.3131103515625
6.09,87.3044281005859,242.898511886597,-3.30322265625
6.091666666666667,87.3212203979492,242.903394699097,-3.2926025390625
6.093333333333334,87.3380279541016,242.908399581909,-3.28143310546875
6.095,87.3548431396484,242.913648605347,-3.26953125
6.096666666666667,87.3716354370117,242.919248580933,-3.2567138671875
6.098333333333334,87.3884429931641,242.925336837769,-3.24444580078125
6.1,87.4052505493164,242.931928634644,-3.234375
6.101666666666667,87.4220581054688,242.938734054565,-3.22869873046875
6.1033333333333335,87.4388580322266,242.945295333862,-3.22760009765625
6.105,87.4556655883789,242.951337814331,-3.22906494140625
6.1066666666666665,87.4724731445313,242.95689201355,-3.22943115234375
6.108333333333333,87.4892807006836,242.962171554565,-3.226318359375
6.11,87.5060958862305,242.96746635437,-3.2193603515625
6.111666666666666,87.5229034423828,242.972944259644,-3.2091064453125
6.113333333333333,87.5397109985352,242.978651046753,-3.19647216796875
6.115,87.5565032958984,242.984571456909,-3.18292236328125
6.116666666666666,87.5733108520508,242.9905834198,-3.16973876953125
6.118333333333333,87.5901412963867,242.996488571167,-3.15838623046875
6.12,87.6069488525391,243.002103805542,-3.14923095703125
6.121666666666667,87.6237564086914,243.007398605347,-3.1435546875
6.123333333333333,87.6405487060547,243.012418746948,-3.1435546875
6.125,87.657356262207,243.017316818237,-3.1497802734375
6.126666666666667,87.6741714477539,243.022352218628,-3.15911865234375
6.128333333333333,87.6909790039063,243.027631759644,-3.1644287109375
6.13,87.7077865600586,243.033033370972,-3.16168212890625
6.131666666666667,87.7245941162109,243.038343429565,-3.151611328125
6.133333333333334,87.7414016723633,243.043561935425,-3.136962890625
6.135,87.7582321166992,243.048856735229,-3.1212158203125
6.136666666666667,87.7750396728516,243.054288864136,-3.1072998046875
6.138333333333334,87.7918472290039,243.059736251831,-3.09576416015625
6.14,87.8086547851563,243.064985275269,-3.08477783203125
6.141666666666667,87.8254623413086,243.069990158081,-3.071044921875
6.1433333333333335,87.8422775268555,243.07488822937,-3.05584716796875
6.145,87.8590850830078,243.079801559448,-3.0413818359375
6.1466666666666665,87.8758773803711,243.084745407104,-3.0296630859375
6.148333333333333,87.8927001953125,243.08970451355,-3.021240234375
6.15,87.9095153808594,243.094633102417,-3.01702880859375
6.151666666666666,87.9263229370117,243.099454879761,-3.0164794921875
6.153333333333333,87.9431457519531,243.104108810425,-3.01739501953125
6.155,87.9599533081055,243.108625411987,-3.0179443359375
6.156666666666666,87.9767608642578,243.11297416687,-3.0150146484375
6.158333333333333,87.9935607910156,243.117155075073,-3.00750732421875
6.16,88.010368347168,243.121290206909,-2.9967041015625
6.161666666666667,88.0271759033203,243.125562667847,-2.986083984375
6.163333333333333,88.0439987182617,243.130186080933,-2.97894287109375
6.165,88.0608215332031,243.135328292847,-2.97711181640625
6.166666666666667,88.07763671875,243.140989303589,-2.9794921875
6.168333333333333,88.0944595336914,243.146848678589,-2.98370361328125
6.17,88.1112670898438,243.152341842651,-2.98809814453125
6.171666666666667,88.1280746459961,243.15708732605,-2.99249267578125
6.173333333333333,88.1448822021484,243.16114616394,-2.99560546875
6.175,88.1616973876953,243.164808273315,-2.99578857421875
6.176666666666667,88.1785202026367,243.168500900269,-2.99029541015625
6.178333333333334,88.1953277587891,243.172590255737,-2.9776611328125
6.18,88.2121353149414,243.177228927612,-2.96099853515625
6.181666666666667,88.2289428710938,243.182401657104,-2.94635009765625
6.183333333333334,88.2457733154297,243.1878490448,-2.9373779296875
6.185,88.262580871582,243.193387985229,-2.93243408203125
6.1866666666666665,88.2793731689453,243.19874382019,-2.9300537109375
6.1883333333333335,88.2961807250977,243.203809738159,-2.93280029296875
6.19,88.31298828125,243.208662033081,-2.94158935546875
6.191666666666666,88.3298034667969,243.213590621948,-2.953857421875
6.193333333333333,88.3465957641602,243.218839645386,-2.9652099609375
6.195,88.3633880615234,243.224393844604,-2.97198486328125
6.196666666666666,88.3801956176758,243.230146408081,-2.9754638671875
6.198333333333333,88.3970108032227,243.235822677612,-2.98095703125
6.2,88.4138336181641,243.241209030151,-2.991943359375
6.201666666666667,88.4306411743164,243.246213912964,-3.00457763671875
6.203333333333333,88.4474334716797,243.250944137573,-3.01336669921875
6.205,88.464241027832,243.255643844604,-3.01483154296875
6.206666666666667,88.481071472168,243.260511398315,-3.0091552734375
6.208333333333333,88.4978790283203,243.265607833862,-2.99725341796875
6.21,88.5146865844727,243.270994186401,-2.98388671875
6.211666666666667,88.531494140625,243.276639938354,-2.9736328125
6.213333333333333,88.5482864379883,243.28240776062,-2.96795654296875
6.215,88.5650863647461,243.287977218628,-2.96502685546875
6.216666666666667,88.5818786621094,243.293210983276,-2.96429443359375
6.218333333333334,88.5986709594727,243.298048019409,-2.96484375
6.22,88.615478515625,243.30242729187,-2.96539306640625
6.221666666666667,88.6322784423828,243.306486129761,-2.96466064453125
6.223333333333334,88.6490707397461,243.310514450073,-2.9619140625
6.225,88.6658782958984,243.314771652222,-2.95806884765625
6.226666666666667,88.6827011108398,243.319257736206,-2.953857421875
6.2283333333333335,88.6995010375977,243.323972702026,-2.95147705078125
6.23,88.71630859375,243.329145431519,-2.95147705078125
6.2316666666666665,88.7331314086914,243.334836959839,-2.953125
6.233333333333333,88.7499389648438,243.340787887573,-2.9534912109375
6.235,88.7667465209961,243.346555709839,-2.9483642578125
6.236666666666666,88.783561706543,243.351774215698,-2.93499755859375
6.238333333333333,88.8003845214844,243.356580734253,-2.91339111328125
6.24,88.8171920776367,243.361387252808,-2.890869140625
6.241666666666666,88.8339996337891,243.366483688354,-2.87384033203125
6.243333333333333,88.8508224487305,243.371671676636,-2.86431884765625
6.245,88.8676452636719,243.376676559448,-2.85992431640625
6.246666666666667,88.8844757080078,243.381422042847,-2.8568115234375
6.248333333333333,88.9012680053711,243.3860912323,-2.85186767578125
6.25,88.9180755615234,243.390760421753,-2.84234619140625
6.251666666666667,88.9348983764648,243.395505905151,-2.8275146484375
6.253333333333333,88.9517059326172,243.400144577026,-2.808837890625
6.255,88.9685363769531,243.404417037964,-2.78851318359375
6.256666666666667,88.9853591918945,243.408231735229,-2.76947021484375
6.258333333333334,89.0021667480469,243.411832809448,-2.75390625
6.26,89.0189895629883,243.415571212769,-2.74383544921875
6.261666666666667,89.0357971191406,243.419706344604,-2.74090576171875
6.263333333333334,89.0526275634766,243.424283981323,-2.74237060546875
6.265,89.069450378418,243.429227828979,-2.74365234375
6.266666666666667,89.0862579345703,243.434354782104,-2.74090576171875
6.2683333333333335,89.1030654907227,243.439542770386,-2.73504638671875
6.27,89.1198883056641,243.444700241089,-2.72900390625
6.2716666666666665,89.1367034912109,243.449766159058,-2.7227783203125
6.273333333333333,89.1535263061523,243.454755783081,-2.71527099609375
6.275,89.1703491210938,243.459714889526,-2.7041015625
6.276666666666666,89.1871719360352,243.46453666687,-2.69036865234375
6.278333333333333,89.2039947509766,243.468976974487,-2.6781005859375
6.28,89.220817565918,243.472929000854,-2.67041015625
6.281666666666666,89.2376327514648,243.476728439331,-2.6663818359375
6.283333333333333,89.2544708251953,243.480695724487,-2.66436767578125
6.285,89.2712783813477,243.484907150269,-2.66455078125
6.286666666666667,89.2880859375,243.48927116394,-2.66729736328125
6.288333333333333,89.3048934936523,243.493711471558,-2.67059326171875
6.29,89.3217239379883,243.498167037964,-2.67022705078125
6.291666666666667,89.3385314941406,243.502470016479,-2.66400146484375
6.293333333333333,89.3553695678711,243.506620407104,-2.65191650390625
6.295,89.3721923828125,243.510709762573,-2.638916015625
6.296666666666667,89.3890151977539,243.514783859253,-2.63067626953125
6.298333333333333,89.4058380126953,243.518766403198,-2.630126953125
6.3,89.4226684570313,243.522703170776,-2.63580322265625
6.301666666666667,89.4394912719727,243.526700973511,-2.64385986328125
6.303333333333334,89.4563293457031,243.530836105347,-2.64825439453125
6.305,89.4731521606445,243.53501701355,-2.6429443359375
6.306666666666667,89.489990234375,243.539152145386,-2.62646484375
6.308333333333334,89.5068130493164,243.543180465698,-2.6044921875
6.31,89.5236511230469,243.547178268433,-2.58233642578125
6.3116666666666665,89.5404815673828,243.551389694214,-2.56219482421875
6.3133333333333335,89.5573196411133,243.556043624878,-2.543701171875
6.315,89.5741577148438,243.561109542847,-2.52593994140625
6.316666666666666,89.5909805297852,243.566129684448,-2.5078125
6.318333333333333,89.6078033447266,243.570753097534,-2.49169921875
6.32,89.624641418457,243.574949264526,-2.48199462890625
6.321666666666666,89.641471862793,243.57911491394,-2.47906494140625
6.323333333333333,89.6582946777344,243.583585739136,-2.47686767578125
6.325,89.6751327514648,243.588514328003,-2.4708251953125
6.326666666666667,89.6919555664063,243.593717575073,-2.4598388671875
6.328333333333333,89.7087783813477,243.598951339722,-2.44464111328125
6.33,89.7256011962891,243.603971481323,-2.42742919921875
6.331666666666667,89.742431640625,243.608610153198,-2.4107666015625
6.333333333333333,89.7592697143555,243.612760543823,-2.3975830078125
6.335,89.7761077880859,243.616498947144,-2.3895263671875
6.336666666666667,89.7929306030273,243.620054244995,-2.3880615234375
6.338333333333333,89.8097534179688,243.623640060425,-2.391357421875
6.34,89.8265762329102,243.627408981323,-2.39703369140625
6.341666666666667,89.8434066772461,243.631483078003,-2.40106201171875
6.343333333333334,89.8602447509766,243.635892868042,-2.4005126953125
6.345,89.877067565918,243.640394210815,-2.39263916015625
6.346666666666667,89.8938903808594,243.644529342651,-2.37872314453125
6.348333333333334,89.9107284545898,243.648099899292,-2.36297607421875
6.35,89.9275512695313,243.651395797729,-2.3514404296875
6.351666666666667,89.9443740844727,243.654737472534,-2.345947265625
6.3533333333333335,89.9612197875977,243.65821647644,-2.34228515625
6.355,89.97802734375,243.661741256714,-2.33477783203125
6.3566666666666665,89.9948654174805,243.665250778198,-2.321044921875
6.358333333333333,90.0116882324219,243.668699264526,-2.3056640625
6.36,90.0285263061523,243.672178268433,-2.2913818359375
6.361666666666666,90.0453491210938,243.675809860229,-2.27838134765625
6.363333333333333,90.0621948242188,243.679517745972,-2.26336669921875
6.365,90.0790176391602,243.683134078979,-2.24432373046875
6.366666666666666,90.0958404541016,243.686597824097,-2.2225341796875
6.368333333333333,90.112663269043,243.689893722534,-2.20111083984375
6.37,90.1294860839844,243.692991256714,-2.1826171875
6.371666666666667,90.1463088989258,243.695997238159,-2.16943359375
6.373333333333333,90.1631546020508,243.699064254761,-2.16265869140625
6.375,90.1799774169922,243.702268600464,-2.16265869140625
6.376666666666667,90.1967849731445,243.70574760437,-2.1683349609375
6.378333333333333,90.2136077880859,243.709714889526,-2.1756591796875
6.38,90.2304306030273,243.714063644409,-2.18060302734375
6.381666666666667,90.2472534179688,243.718519210815,-2.178955078125
6.383333333333334,90.2640838623047,243.722791671753,-2.16888427734375
6.385,90.2809066772461,243.72674369812,-2.1514892578125
6.386666666666667,90.2977294921875,243.730222702026,-2.133544921875
6.388333333333334,90.3145370483398,243.733243942261,-2.1229248046875
6.39,90.3313446044922,243.736066818237,-2.12200927734375
6.391666666666667,90.3481597900391,243.739133834839,-2.1258544921875
6.3933333333333335,90.3649673461914,243.742673873901,-2.12860107421875
6.395,90.3817749023438,243.746580123901,-2.1280517578125
6.3966666666666665,90.3985824584961,243.750608444214,-2.12548828125
6.398333333333333,90.4153747558594,243.754529953003,-2.12237548828125
6.4,90.4321899414063,243.758268356323,-2.1192626953125
6.401666666666666,90.4489974975586,243.761701583862,-2.11431884765625
6.403333333333333,90.4657897949219,243.764814376831,-2.1064453125
6.405,90.4825820922852,243.767728805542,-2.0972900390625
6.406666666666666,90.499397277832,243.770612716675,-2.08941650390625
6.408333333333333,90.5161895751953,243.773725509644,-2.08245849609375
6.41,90.5329971313477,243.777143478394,-2.07623291015625
6.411666666666667,90.5497741699219,243.780836105347,-2.0723876953125
6.413333333333333,90.5665740966797,243.784757614136,-2.07257080078125
6.415,90.583381652832,243.788831710815,-2.077880859375
6.416666666666667,90.6001739501953,243.79298210144,-2.08758544921875
6.418333333333333,90.6169662475586,243.797193527222,-2.09747314453125
6.42,90.6337738037109,243.801359176636,-2.1002197265625
6.421666666666667,90.6505737304688,243.80535697937,-2.0936279296875
6.423333333333333,90.667366027832,243.808988571167,-2.08209228515625
6.425,90.6841735839844,243.812223434448,-2.0723876953125
6.426666666666667,90.7009811401367,243.815183639526,-2.0679931640625
6.428333333333334,90.7177963256836,243.818189620972,-2.07000732421875
6.43,90.7346038818359,243.821439743042,-2.07623291015625
6.431666666666667,90.7513961791992,243.824934005737,-2.0833740234375
6.433333333333334,90.7682037353516,243.828550338745,-2.08685302734375
6.435,90.7850036621094,243.832120895386,-2.083740234375
6.4366666666666665,90.8018112182617,243.835554122925,-2.07550048828125
6.4383333333333335,90.818603515625,243.838865280151,-2.0657958984375
6.44,90.8354263305664,243.842115402222,-2.05975341796875
6.441666666666666,90.8522338867188,243.845304489136,-2.05902099609375
6.443333333333333,90.8690338134766,243.848371505737,-2.06396484375
6.445,90.8858261108398,243.851346969604,-2.0723876953125
6.446666666666666,90.9026184082031,243.854291915894,-2.08026123046875
6.448333333333333,90.9194107055664,243.857252120972,-2.0848388671875
6.45,90.9362258911133,243.860136032104,-2.08355712890625
6.451666666666667,90.9530181884766,243.862913131714,-2.07861328125
6.453333333333333,90.9698257446289,243.865690231323,-2.07293701171875
6.455,90.9866180419922,243.868711471558,-2.06890869140625
6.456666666666667,91.0034255981445,243.872220993042,-2.066162109375
6.458333333333333,91.0202255249023,243.876234054565,-2.063232421875
6.46,91.0370330810547,243.880537033081,-2.05828857421875
6.461666666666667,91.053825378418,243.884733200073,-2.0526123046875
6.463333333333333,91.0706329345703,243.88853263855,-2.04913330078125
6.465,91.0874481201172,243.892026901245,-2.05169677734375
6.466666666666667,91.1042404174805,243.895490646362,-2.0606689453125
6.468333333333334,91.1210632324219,243.899076461792,-2.07293701171875
6.47,91.1378555297852,243.902723312378,-2.082275390625
6.471666666666667,91.1546630859375,243.90626335144,-2.08538818359375
6.473333333333334,91.1714935302734,243.90968132019,-2.08319091796875
6.475,91.1883010864258,243.913038253784,-2.07806396484375
6.476666666666667,91.2051086425781,243.916318893433,-2.07183837890625
6.4783333333333335,91.2219314575195,243.919538497925,-2.066162109375
6.48,91.2387542724609,243.922758102417,-2.0621337890625
6.4816666666666665,91.2555847167969,243.926176071167,-2.05938720703125
6.483333333333333,91.2724075317383,243.929853439331,-2.05718994140625
6.485,91.2892150878906,243.933698654175,-2.05609130859375
6.486666666666666,91.306037902832,243.93751335144,-2.055908203125
6.488333333333333,91.3228607177734,243.941083908081,-2.0548095703125
6.49,91.3396835327148,243.94434928894,-2.05059814453125
6.491666666666666,91.3565139770508,243.947355270386,-2.044921875
6.493333333333333,91.3733215332031,243.950361251831,-2.04180908203125
6.495,91.3901596069336,243.953580856323,-2.04473876953125
6.496666666666667,91.4069671630859,243.957166671753,-2.05133056640625
6.498333333333333,91.4238052368164,243.961011886597,-2.05499267578125
6.5,91.4406204223633,243.964918136597,-2.05133056640625
6.501666666666667,91.4574432373047,243.968717575073,-2.0419921875
6.503333333333333,91.474250793457,243.972410202026,-2.03411865234375
6.505,91.4910736083984,243.976118087769,-2.033203125
6.506666666666667,91.5078964233398,243.979963302612,-2.0379638671875
6.508333333333334,91.5247192382813,243.983945846558,-2.04400634765625
6.51,91.5415191650391,243.987928390503,-2.047119140625
6.511666666666667,91.5583267211914,243.99171257019,-2.04656982421875
6.513333333333334,91.5751342773438,243.995222091675,-2.0452880859375
6.515,91.5919418334961,243.998533248901,-2.0467529296875
6.516666666666667,91.6087646484375,244.001722335815,-2.05242919921875
6.5183333333333335,91.6255950927734,244.004774093628,-2.06158447265625
6.52,91.6424026489258,244.007734298706,-2.070556640625
6.5216666666666665,91.6592254638672,244.010709762573,-2.076416015625
6.523333333333333,91.6760330200195,244.013731002808,-2.07568359375
6.525,91.6928405761719,244.016736984253,-2.06707763671875
6.526666666666666,91.7096710205078,244.01971244812,-2.05316162109375
6.528333333333333,91.7264938354492,244.022672653198,-2.03924560546875
6.53,91.7433013916016,244.025526046753,-2.03009033203125
6.531666666666666,91.760124206543,244.028135299683,-2.02642822265625
6.533333333333333,91.7769470214844,244.030546188354,-2.02606201171875
6.535,91.7937622070313,244.03306388855,-2.02496337890625
6.536666666666667,91.8105850219727,244.036085128784,-2.0211181640625
6.538333333333333,91.8274078369141,244.039655685425,-2.0145263671875
6.54,91.8442153930664,244.04347038269,-2.0086669921875
6.541666666666667,91.8610382080078,244.047178268433,-2.0068359375
6.543333333333333,91.8778610229492,244.050703048706,-2.00994873046875
6.545,91.8946762084961,244.054243087769,-2.0145263671875
6.546666666666667,91.9114990234375,244.0579662323,-2.0167236328125
6.548333333333333,91.9283218383789,244.061857223511,-2.0130615234375
6.55,91.9451446533203,244.065824508667,-2.00372314453125
6.551666666666667,91.9619674682617,244.069669723511,-1.9910888671875
6.553333333333334,91.9787826538086,244.073270797729,-1.97900390625
6.555,91.9955902099609,244.076704025269,-1.96966552734375
6.556666666666667,92.0124130249023,244.080244064331,-1.962890625
6.558333333333334,92.0292358398438,244.084074020386,-1.9581298828125
6.56,92.0460433959961,244.088117599487,-1.9541015625
6.5616666666666665,92.0628662109375,244.092084884644,-1.94879150390625
6.5633333333333335,92.0796813964844,244.095792770386,-1.9405517578125
6.565,92.0964889526367,244.099149703979,-1.929931640625
6.566666666666666,92.1132965087891,244.102109909058,-1.9193115234375
6.568333333333333,92.1301040649414,244.104795455933,-1.91180419921875
6.57,92.1469192504883,244.107450485229,-1.909423828125
6.571666666666666,92.1637420654297,244.110258102417,-1.91290283203125
6.573333333333333,92.180549621582,244.113218307495,-1.92041015625
6.575,92.1973571777344,244.116193771362,-1.92901611328125
6.576666666666667,92.2141647338867,244.119108200073,-1.934326171875
6.578333333333333,92.2309951782227,244.122007369995,-1.93231201171875
6.58,92.247802734375,244.125043869019,-1.92352294921875
6.581666666666667,92.2646255493164,244.128400802612,-1.91217041015625
6.583333333333333,92.2814331054688,244.132154464722,-1.9017333984375
6.585,92.2982406616211,244.136213302612,-1.892578125
6.586666666666667,92.3150634765625,244.140287399292,-1.883056640625
6.588333333333333,92.3318786621094,244.144178390503,-1.87261962890625
6.59,92.3487014770508,244.147718429565,-1.8607177734375
6.591666666666667,92.3655090332031,244.150922775269,-1.845703125
6.593333333333334,92.3823318481445,244.153852462769,-1.82977294921875
6.595,92.3991546630859,244.156629562378,-1.81695556640625
6.596666666666667,92.4159851074219,244.15936088562,-1.8109130859375
6.598333333333334,92.4328079223633,244.162107467651,-1.80889892578125
6.6,92.4496154785156,244.16489982605,-1.806884765625
6.601666666666667,92.466438293457,244.167615890503,-1.8035888671875
6.6033333333333335,92.4832458496094,244.170133590698,-1.8017578125
6.605,92.5000457763672,244.172422409058,-1.80230712890625
6.6066666666666665,92.5168685913086,244.174558639526,-1.80322265625
6.608333333333333,92.5336761474609,244.176679611206,-1.80120849609375
6.61,92.5505142211914,244.179029464722,-1.79443359375
6.611666666666666,92.5673217773438,244.181791305542,-1.78363037109375
6.613333333333333,92.5841445922852,244.184934616089,-1.77044677734375
6.615,92.6009750366211,244.18816947937,-1.75726318359375
6.616666666666666,92.6177978515625,244.191297531128,-1.745361328125
6.618333333333333,92.6346206665039,244.194257736206,-1.73675537109375
6.62,92.6514434814453,244.197111129761,-1.7314453125
6.621666666666667,92.6682662963867,244.199949264526,-1.72705078125
6.623333333333333,92.6850814819336,244.20281791687,-1.71771240234375
6.625,92.7018890380859,244.205656051636,-1.69976806640625
6.626666666666667,92.7187118530273,244.208417892456,-1.67486572265625
6.628333333333333,92.7355346679688,244.211164474487,-1.65032958984375
6.63,92.7523422241211,244.214017868042,-1.6322021484375
6.631666666666667,92.7691650390625,244.216917037964,-1.622314453125
6.633333333333334,92.7859802246094,244.219633102417,-1.6182861328125
6.635,92.8027877807617,244.222150802612,-1.6175537109375
6.636666666666667,92.819580078125,244.224683761597,-1.61920166015625
6.638333333333334,92.8363876342773,244.227613449097,-1.62176513671875
6.64,92.8532028198242,244.230985641479,-1.62176513671875
6.641666666666667,92.8700103759766,244.234647750854,-1.61737060546875
6.6433333333333335,92.8868179321289,244.238416671753,-1.612060546875
6.645,92.9036407470703,244.242231369019,-1.61041259765625
6.6466666666666665,92.9204635620117,244.245985031128,-1.6138916015625
6.648333333333333,92.9372940063477,244.249418258667,-1.62176513671875
6.65,92.9541168212891,244.252210617065,-1.63311767578125
6.651666666666666,92.9709396362305,244.254331588745,-1.6453857421875
6.653333333333333,92.9877624511719,244.256086349487,-1.65509033203125
6.655,93.0046157836914,244.257795333862,-1.65966796875
6.656666666666666,93.0215072631836,244.259656906128,-1.65911865234375
6.658333333333333,93.0384063720703,244.261640548706,-1.654541015625
6.66,93.0552978515625,244.263837814331,-1.64886474609375
6.661666666666667,93.0721817016602,244.26629447937,-1.6439208984375
6.663333333333333,93.0890579223633,244.268964767456,-1.6409912109375
6.665,93.10595703125,244.271543502808,-1.64154052734375
6.666666666666667,93.1228332519531,244.273801803589,-1.64886474609375
6.668333333333333,93.1397323608398,244.275785446167,-1.66278076171875
6.67,93.156608581543,244.277814865112,-1.67926025390625
6.671666666666667,93.1735000610352,244.280195236206,-1.6907958984375
6.673333333333333,93.1903991699219,244.282911300659,-1.69317626953125
6.675,93.2072906494141,244.285779953003,-1.686767578125
6.676666666666667,93.2241897583008,244.288648605347,-1.67413330078125
6.678333333333334,93.2410659790039,244.291563034058,-1.658935546875
6.68,93.2579498291016,244.294507980347,-1.6417236328125
6.681666666666667,93.2748260498047,244.297254562378,-1.62542724609375
6.683333333333334,93.2917098999023,244.299680709839,-1.61224365234375
6.685,93.3085861206055,244.301954269409,-1.60198974609375
6.6866666666666665,93.3254699707031,244.304334640503,-1.5919189453125
6.6883333333333335,93.3423461914063,244.306913375854,-1.5816650390625
6.69,93.3592300415039,244.309705734253,-1.57452392578125
6.691666666666666,93.376091003418,244.312772750854,-1.5743408203125
6.693333333333333,93.3929595947266,244.316144943237,-1.58038330078125
6.695,93.4098205566406,244.319715499878,-1.58917236328125
6.696666666666666,93.4266891479492,244.323240280151,-1.59722900390625
6.698333333333333,93.4435653686523,244.326429367065,-1.60345458984375
6.7,93.4604339599609,244.329175949097,-1.60986328125
6.701666666666667,93.4772872924805,244.331663131714,-1.61700439453125
6.703333333333333,93.4941482543945,244.334104537964,-1.623779296875
6.705,93.5110015869141,244.336698532104,-1.62799072265625
6.706666666666667,93.5278625488281,244.339612960815,-1.631103515625
6.708333333333333,93.5447311401367,244.343061447144,-1.6351318359375
6.71,93.5616226196289,244.346982955933,-1.6409912109375
6.711666666666667,93.5784912109375,244.351102828979,-1.646484375
6.713333333333333,93.5953521728516,244.354917526245,-1.64959716796875
6.715,93.6122360229492,244.358015060425,-1.6497802734375
6.716666666666667,93.6290969848633,244.360197067261,-1.64886474609375
6.718333333333334,93.6459655761719,244.361661911011,-1.65032958984375
6.72,93.662841796875,244.362928390503,-1.6556396484375
6.721666666666667,93.6797409057617,244.364423751831,-1.66351318359375
6.723333333333334,93.6966323852539,244.366437911987,-1.67193603515625
6.725,93.7135162353516,244.36900138855,-1.67779541015625
6.726666666666667,93.7303924560547,244.371915817261,-1.676513671875
6.7283333333333335,93.7472763061523,244.374891281128,-1.66571044921875
6.73,93.7641372680664,244.37779045105,-1.6475830078125
6.7316666666666665,93.781005859375,244.380628585815,-1.6241455078125
6.733333333333333,93.7978668212891,244.383405685425,-1.59576416015625
6.735,93.8147506713867,244.386030197144,-1.56427001953125
6.736666666666666,93.8316116333008,244.388517379761,-1.53643798828125
6.738333333333333,93.8484954833984,244.390897750854,-1.518310546875
6.74,93.8653717041016,244.393278121948,-1.509521484375
6.741666666666666,93.8822402954102,244.395795822144,-1.50457763671875
6.743333333333333,93.8991165161133,244.398588180542,-1.5
6.745,93.9160003662109,244.401609420776,-1.49578857421875
6.746666666666667,93.932861328125,244.404630661011,-1.4908447265625
6.748333333333333,93.9497451782227,244.407468795776,-1.4813232421875
6.75,93.9666061401367,244.410062789917,-1.46282958984375
6.751666666666667,93.9834899902344,244.412534713745,-1.43701171875
6.753333333333333,94.0003662109375,244.415021896362,-1.409912109375
6.755,94.0172348022461,244.41766166687,-1.38995361328125
6.756666666666667,94.0340957641602,244.420392990112,-1.3831787109375
6.758333333333334,94.0509643554688,244.423185348511,-1.39105224609375
6.76,94.0678253173828,244.426176071167,-1.4091796875
6.761666666666667,94.0847091674805,244.429533004761,-1.43096923828125
6.763333333333334,94.1015853881836,244.433134078979,-1.45147705078125
6.765,94.1184692382813,244.436582565308,-1.4674072265625
6.766666666666667,94.1353454589844,244.439496994019,-1.47637939453125
6.7683333333333335,94.152229309082,244.441663742065,-1.47967529296875
6.77,94.1691055297852,244.443143844604,-1.4798583984375
6.7716666666666665,94.1860046386719,244.444211959839,-1.47711181640625
6.773333333333333,94.2028961181641,244.445051193237,-1.469970703125
6.775,94.2197952270508,244.445753097534,-1.4593505859375
6.776666666666666,94.236686706543,244.446500778198,-1.4501953125
6.778333333333333,94.2535858154297,244.447751998901,-1.44488525390625
6.78,94.2704772949219,244.449766159058,-1.4432373046875
6.781666666666666,94.2873764038086,244.452222824097,-1.44378662109375
6.783333333333333,94.3042678833008,244.454557418823,-1.44598388671875
6.785,94.3211669921875,244.456663131714,-1.4483642578125
6.786666666666667,94.3380737304688,244.458753585815,-1.4505615234375
6.788333333333333,94.3549880981445,244.460935592651,-1.45440673828125
6.79,94.3718948364258,244.463056564331,-1.462646484375
6.791666666666667,94.388786315918,244.464963912964,-1.475830078125
6.793333333333333,94.4056854248047,244.466733932495,-1.4901123046875
6.795,94.4225769042969,244.468595504761,-1.5003662109375
6.796666666666667,94.4394760131836,244.470746994019,-1.50384521484375
6.798333333333333,94.4563522338867,244.473279953003,-1.50347900390625
6.8,94.4732666015625,244.476118087769,-1.50421142578125
6.801666666666667,94.4901580810547,244.479093551636,-1.5054931640625
6.803333333333334,94.5070571899414,244.482175827026,-1.5032958984375
6.805,94.5239486694336,244.485380172729,-1.49505615234375
6.806666666666667,94.5408325195313,244.488721847534,-1.48370361328125
6.808333333333334,94.5577392578125,244.492033004761,-1.4747314453125
6.81,94.5746231079102,244.495222091675,-1.4732666015625
6.8116666666666665,94.5915145874023,244.498212814331,-1.4813232421875
6.8133333333333335,94.6083984375,244.500883102417,-1.49652099609375
6.815,94.6252899169922,244.503126144409,-1.51666259765625
6.816666666666666,94.6421890258789,244.505018234253,-1.53973388671875
6.818333333333333,94.6590805053711,244.506879806519,-1.56298828125
6.82,94.6759567260742,244.508924484253,-1.5809326171875
6.821666666666666,94.6928405761719,244.511167526245,-1.58953857421875
6.823333333333333,94.7097320556641,244.513593673706,-1.59136962890625
6.825,94.7266159057617,244.51629447937,-1.59375
6.826666666666667,94.7435073852539,244.519285202026,-1.59942626953125
6.828333333333333,94.7603912353516,244.522489547729,-1.60546875
6.83,94.7772827148438,244.525831222534,-1.60986328125
6.831666666666667,94.7941818237305,244.529356002808,-1.61444091796875
6.833333333333333,94.8110580444336,244.533048629761,-1.62103271484375
6.835,94.8279571533203,244.536710739136,-1.62872314453125
6.836666666666667,94.8448638916016,244.54005241394,-1.634765625
6.838333333333333,94.8617477416992,244.54298210144,-1.63623046875
6.84,94.8786392211914,244.545682907104,-1.632568359375
6.841666666666667,94.8955383300781,244.548536300659,-1.6263427734375
6.843333333333334,94.9124298095703,244.551633834839,-1.62066650390625
6.845,94.929328918457,244.554807662964,-1.61297607421875
6.846666666666667,94.9462203979492,244.557722091675,-1.60107421875
6.848333333333334,94.9631042480469,244.560224533081,-1.5849609375
6.85,94.97998046875,244.562391281128,-1.568115234375
6.851666666666667,94.9968795776367,244.564435958862,-1.55218505859375
6.8533333333333335,95.0137557983398,244.56658744812,-1.5377197265625
6.855,95.0306396484375,244.568922042847,-1.52581787109375
6.8566666666666665,95.0475158691406,244.571439743042,-1.516845703125
6.858333333333333,95.0643997192383,244.574064254761,-1.51025390625
6.86,95.0812759399414,244.576749801636,-1.50311279296875
6.861666666666666,95.0981597900391,244.579496383667,-1.49542236328125
6.863333333333333,95.1150360107422,244.582227706909,-1.4915771484375
6.865,95.1319046020508,244.584836959839,-1.49542236328125
6.866666666666666,95.1487808227539,244.587369918823,-1.503662109375
6.868333333333333,95.1656646728516,244.589948654175,-1.51116943359375
6.87,95.1825561523438,244.592542648315,-1.5135498046875
6.871666666666667,95.1994400024414,244.595090866089,-1.5098876953125
6.873333333333333,95.2163162231445,244.597593307495,-1.50018310546875
6.875,95.2332000732422,244.600049972534,-1.4871826171875
6.876666666666667,95.2500762939453,244.602460861206,-1.47491455078125
6.878333333333333,95.266960144043,244.604825973511,-1.4674072265625
6.88,95.283821105957,244.607099533081,-1.46649169921875
6.881666666666667,95.3007049560547,244.609327316284,-1.46868896484375
6.883333333333334,95.3175964355469,244.611646652222,-1.46685791015625
6.885,95.3344650268555,244.614149093628,-1.46044921875
6.886666666666667,95.3513412475586,244.616590499878,-1.455322265625
6.888333333333334,95.3682250976563,244.618803024292,-1.45733642578125
6.89,95.3851013183594,244.620801925659,-1.46612548828125
6.891666666666667,95.401969909668,244.622709274292,-1.477294921875
6.8933333333333335,95.418830871582,244.624570846558,-1.48590087890625
6.895,95.4357147216797,244.626356124878,-1.4886474609375
6.8966666666666665,95.4525756835938,244.628034591675,-1.48626708984375
6.898333333333333,95.4694595336914,244.629529953003,-1.48223876953125
6.9,95.4863357543945,244.63087272644,-1.48040771484375
6.901666666666666,95.5032043457031,244.632139205933,-1.4813232421875
6.903333333333333,95.5200653076172,244.633543014526,-1.48297119140625
6.905,95.5369186401367,244.635465621948,-1.48406982421875
6.906666666666666,95.5537948608398,244.638212203979,-1.486083984375
6.908333333333333,95.5706634521484,244.641599655151,-1.4912109375
6.91,95.5875244140625,244.645215988159,-1.500732421875
6.911666666666667,95.6043930053711,244.64861869812,-1.5146484375
6.913333333333333,95.6212387084961,244.651655197144,-1.53021240234375
6.915,95.6380920410156,244.654371261597,-1.5443115234375
6.916666666666667,95.6549530029297,244.656980514526,-1.55511474609375
6.918333333333333,95.6718063354492,244.659620285034,-1.5604248046875
6.92,95.6886749267578,244.662336349487,-1.55859375
6.921666666666667,95.7055206298828,244.665189743042,-1.55108642578125
6.923333333333333,95.7223892211914,244.668073654175,-1.5413818359375
6.925,95.7392349243164,244.670774459839,-1.53167724609375
6.926666666666667,95.7560882568359,244.673337936401,-1.5238037109375
6.928333333333334,95.77294921875,244.676084518433,-1.5216064453125
6.93,95.7898178100586,244.679166793823,-1.52691650390625
6.931666666666667,95.8066635131836,244.682401657104,-1.537353515625
6.933333333333334,95.8235321044922,244.685499191284,-1.54815673828125
6.935,95.8403930664063,244.688261032104,-1.55731201171875
6.9366666666666665,95.8572463989258,244.690641403198,-1.56610107421875
6.9383333333333335,95.8740997314453,244.692777633667,-1.5750732421875
6.94,95.8909606933594,244.694959640503,-1.5845947265625
6.941666666666666,95.9078140258789,244.697431564331,-1.5963134765625
6.943333333333333,95.9246444702148,244.700193405151,-1.61151123046875
6.945,95.9415130615234,244.703077316284,-1.62872314453125
6.946666666666666,95.9583587646484,244.705900192261,-1.6431884765625
6.948333333333333,95.975212097168,244.70867729187,-1.6494140625
6.95,95.992073059082,244.711637496948,-1.64703369140625
6.951666666666667,96.0089263916016,244.715009689331,-1.638427734375
6.953333333333333,96.0257720947266,244.71876335144,-1.62835693359375
6.955,96.042610168457,244.722608566284,-1.6197509765625
6.956666666666667,96.0594635009766,244.726285934448,-1.61553955078125
6.958333333333333,96.0763092041016,244.729642868042,-1.6160888671875
6.96,96.093147277832,244.732496261597,-1.62213134765625
6.961666666666667,96.109992980957,244.734708786011,-1.632568359375
6.963333333333333,96.1268463134766,244.736356735229,-1.6439208984375
6.965,96.1436920166016,244.737775802612,-1.65289306640625
6.966666666666667,96.160530090332,244.739286422729,-1.6600341796875
6.968333333333334,96.1773834228516,244.741132736206,-1.66497802734375
6.97,96.1942291259766,244.743391036987,-1.66717529296875
6.971666666666667,96.2110824584961,244.746046066284,-1.6680908203125
6.973333333333334,96.2279281616211,244.748914718628,-1.67230224609375
6.975,96.2447967529297,244.751722335815,-1.68310546875
6.976666666666667,96.2616424560547,244.754346847534,-1.70086669921875
6.9783333333333335,96.2784957885742,244.756864547729,-1.72430419921875
6.98,96.2953414916992,244.75929069519,-1.749755859375
6.9816666666666665,96.3122100830078,244.76157951355,-1.77154541015625
6.983333333333333,96.3290634155273,244.763898849487,-1.78509521484375
6.985,96.3459243774414,244.766431808472,-1.78948974609375
6.986666666666666,96.36279296875,244.769269943237,-1.7882080078125
6.988333333333333,96.3796539306641,244.772397994995,-1.7852783203125
6.99,96.3965225219727,244.775663375854,-1.78289794921875
6.991666666666666,96.4133987426758,244.778852462769,-1.78033447265625
6.993333333333333,96.4302520751953,244.78175163269,-1.7757568359375
6.995,96.4471130371094,244.784315109253,-1.7684326171875
6.996666666666667,96.463981628418,244.78663444519,-1.76092529296875
6.998333333333333,96.480842590332,244.788999557495,-1.75579833984375
7,96.4977264404297,244.791654586792,-1.75616455078125
7.001666666666667,96.5145874023438,244.794797897339,-1.762939453125
7.003333333333333,96.5314559936523,244.798383712769,-1.7742919921875
7.005,96.5483169555664,244.802183151245,-1.78729248046875
7.006666666666667,96.565185546875,244.805814743042,-1.7991943359375
7.008333333333334,96.5820465087891,244.809110641479,-1.80926513671875
7.01,96.5989151000977,244.812086105347,-1.81585693359375
7.011666666666667,96.6157913208008,244.815015792847,-1.81768798828125
7.013333333333334,96.6326446533203,244.818174362183,-1.81402587890625
7.015,96.6495132446289,244.821760177612,-1.80780029296875
7.016666666666667,96.666374206543,244.825757980347,-1.80450439453125
7.0183333333333335,96.6832427978516,244.829999923706,-1.80670166015625
7.02,96.7001037597656,244.8343334198,-1.81201171875
7.0216666666666665,96.7169876098633,244.838590621948,-1.81915283203125
7.023333333333333,96.7338333129883,244.842588424683,-1.82794189453125
7.025,96.7507171630859,244.846189498901,-1.83709716796875
7.026666666666666,96.767578125,244.849317550659,-1.84588623046875
7.028333333333333,96.7844619750977,244.852094650269,-1.85430908203125
7.03,96.8013076782227,244.85467338562,-1.86163330078125
7.031666666666666,96.8181762695313,244.857252120972,-1.86749267578125
7.033333333333333,96.8350524902344,244.859998703003,-1.87152099609375
7.035,96.8519058227539,244.862989425659,-1.875
7.036666666666667,96.8687515258789,244.866132736206,-1.87994384765625
7.038333333333333,96.8856353759766,244.869352340698,-1.88818359375
7.04,96.9024963378906,244.872602462769,-1.8984375
7.041666666666667,96.9193649291992,244.87598991394,-1.90869140625
7.043333333333333,96.9362106323242,244.87940788269,-1.916015625
7.045,96.9530410766602,244.882566452026,-1.9193115234375
7.046666666666667,96.9698638916016,244.885297775269,-1.9193115234375
7.048333333333333,96.9866943359375,244.88770866394,-1.92059326171875
7.05,97.0035171508789,244.890058517456,-1.9259033203125
7.051666666666667,97.0203475952148,244.892454147339,-1.93487548828125
7.053333333333334,97.0371780395508,244.894865036011,-1.943115234375
7.055,97.0540008544922,244.897214889526,-1.94805908203125
7.056666666666667,97.0708618164063,244.899564743042,-1.94732666015625
7.058333333333334,97.0876922607422,244.902097702026,-1.93798828125
7.06,97.1045150756836,244.904905319214,-1.91986083984375
7.0616666666666665,97.1213455200195,244.907865524292,-1.89715576171875
7.0633333333333335,97.1381759643555,244.910886764526,-1.87701416015625
7.065,97.1549987792969,244.913908004761,-1.8643798828125
7.066666666666666,97.1718292236328,244.916990280151,-1.85870361328125
7.068333333333333,97.1886520385742,244.920255661011,-1.856689453125
7.07,97.2054824829102,244.923795700073,-1.8541259765625
7.071666666666666,97.2223129272461,244.927534103394,-1.8504638671875
7.073333333333333,97.2391052246094,244.931287765503,-1.8460693359375
7.075,97.2559356689453,244.934812545776,-1.84185791015625
7.076666666666667,97.2727661132813,244.93800163269,-1.83929443359375
7.078333333333333,97.2895889282227,244.940977096558,-1.8409423828125
7.08,97.3064193725586,244.943983078003,-1.84698486328125
7.081666666666667,97.3232498168945,244.947202682495,-1.8548583984375
7.083333333333333,97.3400726318359,244.950712203979,-1.86126708984375
7.085,97.3568725585938,244.954465866089,-1.8673095703125
7.086666666666667,97.3737030029297,244.958326339722,-1.875
7.088333333333333,97.3905258178711,244.962125778198,-1.8837890625
7.09,97.407356262207,244.965864181519,-1.890380859375
7.091666666666667,97.424186706543,244.969602584839,-1.8914794921875
7.093333333333334,97.4409790039063,244.97332572937,-1.88763427734375
7.095,97.4578094482422,244.976942062378,-1.8837890625
7.096666666666667,97.4746398925781,244.980512619019,-1.885986328125
7.098333333333334,97.4914321899414,244.984037399292,-1.8973388671875
7.1,97.5082626342773,244.987257003784,-1.916015625
7.101666666666667,97.5250930786133,244.989988327026,-1.93707275390625
7.1033333333333335,97.5418853759766,244.992429733276,-1.954833984375
7.105,97.5587158203125,244.995008468628,-1.9658203125
7.1066666666666665,97.5755462646484,244.997953414917,-1.970947265625
7.108333333333333,97.5923690795898,245.001081466675,-1.9716796875
7.11,97.6091995239258,245.004041671753,-1.96856689453125
7.111666666666666,97.6260223388672,245.006605148315,-1.96124267578125
7.113333333333333,97.642822265625,245.008878707886,-1.95098876953125
7.115,97.6596832275391,245.0110912323,-1.94110107421875
7.116666666666666,97.6765060424805,245.013486862183,-1.9365234375
7.118333333333333,97.6933364868164,245.016263961792,-1.94146728515625
7.12,97.7101669311523,245.01954460144,-1.95391845703125
7.121666666666667,97.7269897460938,245.023267745972,-1.9676513671875
7.123333333333333,97.7438201904297,245.027173995972,-1.9764404296875
7.125,97.7606506347656,245.031095504761,-1.9771728515625
7.126666666666667,97.777473449707,245.03501701355,-1.97039794921875
7.128333333333333,97.794303894043,245.038816452026,-1.96142578125
7.13,97.8111343383789,245.042280197144,-1.95648193359375
7.131666666666667,97.8279571533203,245.045240402222,-1.95904541015625
7.133333333333334,97.8447875976563,245.047681808472,-1.96856689453125
7.135,97.8616104125977,245.049757003784,-1.98028564453125
7.136666666666667,97.8784103393555,245.051847457886,-1.989990234375
7.138333333333334,97.8952713012695,245.05438041687,-1.99456787109375
7.14,97.9120635986328,245.057676315308,-1.99658203125
7.141666666666667,97.9288940429688,245.061765670776,-2.00042724609375
7.1433333333333335,97.9457244873047,245.066328048706,-2.00701904296875
7.145,97.962516784668,245.070768356323,-2.0137939453125
7.1466666666666665,97.9793472290039,245.074705123901,-2.02056884765625
7.148333333333333,97.9961776733398,245.078153610229,-2.02899169921875
7.15,98.0129699707031,245.081296920776,-2.04071044921875
7.151666666666666,98.0298004150391,245.084302902222,-2.05535888671875
7.153333333333333,98.0466003417969,245.087232589722,-2.0716552734375
7.155,98.0634231567383,245.090116500854,-2.0859375
7.156666666666666,98.0802230834961,245.093046188354,-2.09527587890625
7.158333333333333,98.097053527832,245.096189498901,-2.096923828125
7.16,98.1138763427734,245.09979057312,-2.091064453125
7.161666666666667,98.1307067871094,245.103803634644,-2.080078125
7.163333333333333,98.1475067138672,245.107954025269,-2.06744384765625
7.165,98.1643295288086,245.111906051636,-2.055908203125
7.166666666666667,98.1811599731445,245.115476608276,-2.04547119140625
7.168333333333333,98.1979904174805,245.11866569519,-2.03485107421875
7.17,98.2148132324219,245.121778488159,-2.025146484375
7.171666666666667,98.2316131591797,245.125165939331,-2.0185546875
7.173333333333333,98.2484436035156,245.129117965698,-2.017822265625
7.175,98.265266418457,245.13364982605,-2.02423095703125
7.176666666666667,98.2820663452148,245.138349533081,-2.03466796875
7.178333333333334,98.2988967895508,245.142774581909,-2.04290771484375
7.18,98.3157196044922,245.146726608276,-2.0445556640625
7.181666666666667,98.3325500488281,245.150419235229,-2.03924560546875
7.183333333333334,98.3493804931641,245.153959274292,-2.02862548828125
7.185,98.3662033081055,245.15723991394,-2.01727294921875
7.1866666666666665,98.3830337524414,245.160245895386,-2.01141357421875
7.1883333333333335,98.3998641967773,245.163389205933,-2.0130615234375
7.19,98.4166564941406,245.167036056519,-2.01763916015625
7.191666666666666,98.4334869384766,245.171140670776,-2.02020263671875
7.193333333333333,98.4502868652344,245.175321578979,-2.020751953125
7.195,98.4671096801758,245.179243087769,-2.02203369140625
7.196666666666666,98.4839401245117,245.182706832886,-2.02606201171875
7.198333333333333,98.5007400512695,245.185697555542,-2.03192138671875
7.2,98.5175628662109,245.188230514526,-2.03558349609375
7.201666666666667,98.5343627929688,245.190519332886,-2.03228759765625
7.203333333333333,98.5511932373047,245.19288444519,-2.0233154296875
7.205,98.567985534668,245.195554733276,-2.01470947265625
7.206666666666667,98.5847854614258,245.198499679565,-2.011962890625
7.208333333333333,98.6016159057617,245.201551437378,-2.014892578125
7.21,98.618408203125,245.204587936401,-2.0196533203125
7.211666666666667,98.6352386474609,245.207578659058,-2.02130126953125
7.213333333333333,98.6520385742188,245.210493087769,-2.01763916015625
7.215,98.6688613891602,245.21339225769,-2.00848388671875
7.216666666666667,98.685661315918,245.216367721558,-1.99639892578125
7.218333333333334,98.7024917602539,245.219312667847,-1.98614501953125
7.22,98.7193145751953,245.222089767456,-1.9786376953125
7.221666666666667,98.7361145019531,245.224760055542,-1.97296142578125
7.223333333333334,98.7529449462891,245.227613449097,-1.96563720703125
7.225,98.7697372436523,245.2308177948,-1.95721435546875
7.226666666666667,98.7865676879883,245.234434127808,-1.950439453125
7.2283333333333335,98.8033676147461,245.238386154175,-1.9456787109375
7.23,98.8201904296875,245.242460250854,-1.94073486328125
7.2316666666666665,98.8370208740234,245.246290206909,-1.93450927734375
7.233333333333333,98.8538513183594,245.249647140503,-1.92938232421875
7.235,98.8706741333008,245.252698898315,-1.9281005859375
7.236666666666666,98.8875045776367,245.255735397339,-1.9317626953125
7.238333333333333,98.9043045043945,245.258955001831,-1.94329833984375
7.24,98.9211273193359,245.262372970581,-1.9632568359375
7.241666666666666,98.9379577636719,245.265821456909,-1.98980712890625
7.243333333333333,98.9547882080078,245.269147872925,-2.017822265625
7.245,98.9716110229492,245.272413253784,-2.0423583984375
7.246666666666667,98.9884414672852,245.275846481323,-2.06121826171875
7.248333333333333,99.0052719116211,245.279569625854,-2.07440185546875
7.25,99.0220947265625,245.28338432312,-2.0830078125
7.251666666666667,99.0388946533203,245.28697013855,-2.0885009765625
7.253333333333333,99.0556945800781,245.29022026062,-2.091796875
7.255,99.0725173950195,245.293302536011,-2.0950927734375
7.256666666666667,99.0893478393555,245.296491622925,-2.10223388671875
7.258333333333334,99.1061782836914,245.300016403198,-2.1163330078125
7.26,99.1229705810547,245.303861618042,-2.13958740234375
7.261666666666667,99.1398010253906,245.307661056519,-2.1708984375
7.263333333333334,99.1566009521484,245.311140060425,-2.205322265625
7.265,99.1734237670898,245.314222335815,-2.236083984375
7.266666666666667,99.1902236938477,245.317060470581,-2.2587890625
7.2683333333333335,99.2070541381836,245.319776535034,-2.2716064453125
7.27,99.2238464355469,245.322385787964,-2.27618408203125
7.2716666666666665,99.2406463623047,245.325117111206,-2.27471923828125
7.273333333333333,99.2574462890625,245.328245162964,-2.271240234375
7.275,99.2742691040039,245.331922531128,-2.2705078125
7.276666666666666,99.2910690307617,245.335996627808,-2.27435302734375
7.278333333333333,99.3078994750977,245.340223312378,-2.2818603515625
7.28,99.3246994018555,245.344648361206,-2.28955078125
7.281666666666666,99.3415222167969,245.34930229187,-2.29449462890625
7.283333333333333,99.3583221435547,245.354047775269,-2.2972412109375
7.285,99.3751525878906,245.358671188354,-2.29888916015625
7.286666666666667,99.391975402832,245.363080978394,-2.2998046875
7.288333333333333,99.408805847168,245.367322921753,-2.29925537109375
7.29,99.4256057739258,245.371366500854,-2.296142578125
7.291666666666667,99.4424285888672,245.375135421753,-2.291748046875
7.293333333333333,99.459228515625,245.378629684448,-2.29046630859375
7.295,99.4760589599609,245.381895065308,-2.2972412109375
7.296666666666667,99.4928512573242,245.385084152222,-2.3118896484375
7.298333333333333,99.5096817016602,245.388578414917,-2.32891845703125
7.3,99.526481628418,245.392728805542,-2.34136962890625
7.301666666666667,99.5433044433594,245.397611618042,-2.34576416015625
7.303333333333334,99.5601043701172,245.402997970581,-2.3441162109375
7.305,99.576904296875,245.408536911011,-2.3419189453125
7.306666666666667,99.5937271118164,245.413953781128,-2.3441162109375
7.308333333333334,99.6105575561523,245.419050216675,-2.35125732421875
7.31,99.6273880004883,245.423734664917,-2.36077880859375
7.3116666666666665,99.6442108154297,245.428068161011,-2.3704833984375
7.3133333333333335,99.6610107421875,245.432020187378,-2.37762451171875
7.315,99.6778106689453,245.43556022644,-2.379638671875
7.316666666666666,99.6946334838867,245.438856124878,-2.37542724609375
7.318333333333333,99.7114334106445,245.442228317261,-2.3671875
7.32,99.7282638549805,245.445890426636,-2.357666015625
7.321666666666666,99.7450561523438,245.449750900269,-2.3463134765625
7.323333333333333,99.7618865966797,245.453580856323,-2.33477783203125
7.325,99.7786865234375,245.457258224487,-2.325439453125
7.326666666666667,99.7955093383789,245.460721969604,-2.3199462890625
7.328333333333333,99.8123397827148,245.464063644409,-2.318115234375
7.33,99.8291397094727,245.467451095581,-2.32049560546875
7.331666666666667,99.8459625244141,245.470914840698,-2.32818603515625
7.333333333333333,99.86279296875,245.474363327026,-2.33990478515625
7.335,99.8796234130859,245.477842330933,-2.35418701171875
7.336666666666667,99.8964462280273,245.481657028198,-2.36883544921875
7.338333333333333,99.9132766723633,245.485960006714,-2.3814697265625
7.34,99.9301071166992,245.490568161011,-2.38641357421875
7.341666666666667,99.9469299316406,245.49513053894,-2.38018798828125
7.343333333333334,99.9637603759766,245.499341964722,-2.36444091796875
7.345,99.9806137084961,245.503004074097,-2.3433837890625
7.346666666666667,99.997444152832,245.506299972534,-2.32177734375
7.348333333333334,100.014274597168,245.509565353394,-2.30364990234375
7.35,100.031097412109,245.512998580933,-2.29119873046875
7.351666666666667,100.047958374023,245.516508102417,-2.28369140625
7.3533333333333335,100.064788818359,245.519926071167,-2.2774658203125
7.355,100.081642150879,245.523252487183,-2.2723388671875
7.3566666666666665,100.098472595215,245.52654838562,-2.27105712890625
7.358333333333333,100.115325927734,245.529874801636,-2.2745361328125
7.36,100.13215637207,245.533262252808,-2.278564453125
7.361666666666666,100.148986816406,245.536695480347,-2.278564453125
7.363333333333333,100.165809631348,245.540174484253,-2.27545166015625
7.365,100.182640075684,245.543867111206,-2.2745361328125
7.366666666666666,100.199493408203,245.547834396362,-2.2811279296875
7.368333333333333,100.216323852539,245.552000045776,-2.29559326171875
7.37,100.233184814453,245.556257247925,-2.31207275390625
7.371666666666667,100.250007629395,245.560697555542,-2.323974609375
7.373333333333333,100.266868591309,245.565382003784,-2.32965087890625
7.375,100.283699035645,245.570127487183,-2.331298828125
7.376666666666667,100.300552368164,245.574811935425,-2.33056640625
7.378333333333333,100.317413330078,245.579298019409,-2.3272705078125
7.38,100.334266662598,245.583539962769,-2.32196044921875
7.381666666666667,100.351097106934,245.587446212769,-2.3177490234375
7.383333333333334,100.367958068848,245.591077804565,-2.318115234375
7.385,100.384811401367,245.594648361206,-2.32672119140625
7.386666666666667,100.401641845703,245.598279953003,-2.34429931640625
7.388333333333334,100.418495178223,245.602018356323,-2.36517333984375
7.39,100.435325622559,245.605924606323,-2.3814697265625
7.391666666666667,100.452156066895,245.609983444214,-2.38897705078125
7.3933333333333335,100.469009399414,245.614042282104,-2.39117431640625
7.395,100.48583984375,245.61785697937,-2.3939208984375
7.3966666666666665,100.502662658691,245.621381759644,-2.4005126953125
7.398333333333333,100.519493103027,245.624814987183,-2.41021728515625
7.4,100.536354064941,245.628400802612,-2.42010498046875
7.401666666666666,100.553207397461,245.632108688354,-2.4287109375
7.403333333333333,100.570037841797,245.635770797729,-2.43695068359375
7.405,100.586891174316,245.639371871948,-2.44537353515625
7.406666666666666,100.60375213623,245.643125534058,-2.451416015625
7.408333333333333,100.620582580566,245.647352218628,-2.4525146484375
7.41,100.637435913086,245.652021408081,-2.45013427734375
7.411666666666667,100.654296875,245.656736373901,-2.447021484375
7.413333333333333,100.671119689941,245.661115646362,-2.44390869140625
7.415,100.687980651855,245.66505241394,-2.4385986328125
7.416666666666667,100.704811096191,245.66863822937,-2.43109130859375
7.418333333333333,100.721664428711,245.67205619812,-2.42047119140625
7.42,100.738494873047,245.675596237183,-2.40838623046875
7.421666666666667,100.755348205566,245.679456710815,-2.3983154296875
7.423333333333333,100.772178649902,245.683713912964,-2.39410400390625
7.425,100.789039611816,245.688306808472,-2.39593505859375
7.426666666666667,100.805862426758,245.693235397339,-2.4005126953125
7.428333333333334,100.822723388672,245.698362350464,-2.40435791015625
7.43,100.839576721191,245.703397750854,-2.40509033203125
7.431666666666667,100.856407165527,245.70802116394,-2.40142822265625
7.433333333333334,100.87328338623,245.712080001831,-2.39556884765625
7.435,100.890182495117,245.715772628784,-2.3909912109375
7.4366666666666665,100.907112121582,245.71941947937,-2.3909912109375
7.4383333333333335,100.924011230469,245.723295211792,-2.396484375
7.44,100.940940856934,245.72739982605,-2.4052734375
7.441666666666666,100.95783996582,245.731550216675,-2.4129638671875
7.443333333333333,100.974739074707,245.735654830933,-2.4173583984375
7.445,100.991668701172,245.739774703979,-2.41937255859375
7.446666666666666,101.008560180664,245.743955612183,-2.42193603515625
7.448333333333333,101.025489807129,245.748151779175,-2.42578125
7.45,101.042388916016,245.752210617065,-2.42816162109375
7.451666666666667,101.05931854248,245.756177902222,-2.4268798828125
7.453333333333333,101.076217651367,245.760175704956,-2.4217529296875
7.455,101.093116760254,245.764356613159,-2.41259765625
7.456666666666667,101.110046386719,245.768598556519,-2.39996337890625
7.458333333333333,101.126945495605,245.772718429565,-2.388427734375
7.46,101.143844604492,245.776517868042,-2.3822021484375
7.461666666666667,101.160774230957,245.779996871948,-2.38092041015625
7.463333333333333,101.177665710449,245.783399581909,-2.3807373046875
7.465,101.194564819336,245.786954879761,-2.3778076171875
7.466666666666667,101.211494445801,245.790739059448,-2.37066650390625
7.468333333333334,101.228424072266,245.794691085815,-2.3580322265625
7.47,101.245323181152,245.798643112183,-2.34210205078125
7.471666666666667,101.262252807617,245.802442550659,-2.32672119140625
7.473333333333334,101.279151916504,245.806043624878,-2.31646728515625
7.475,101.296081542969,245.809614181519,-2.31427001953125
7.476666666666667,101.313011169434,245.813291549683,-2.31903076171875
7.4783333333333335,101.32991027832,245.817106246948,-2.32818603515625
7.48,101.346832275391,245.821088790894,-2.340087890625
7.4816666666666665,101.363731384277,245.825254440308,-2.353271484375
7.483333333333333,101.380661010742,245.829481124878,-2.3653564453125
7.485,101.397590637207,245.833555221558,-2.3704833984375
7.486666666666666,101.414489746094,245.837385177612,-2.36572265625
7.488333333333333,101.431419372559,245.841199874878,-2.35382080078125
7.49,101.448348999023,245.845273971558,-2.341552734375
7.491666666666666,101.46524810791,245.849699020386,-2.3349609375
7.493333333333333,101.48217010498,245.854261398315,-2.33404541015625
7.495,101.499069213867,245.858549118042,-2.33551025390625
7.496666666666667,101.515998840332,245.86216545105,-2.33697509765625
7.498333333333333,101.532897949219,245.865049362183,-2.33953857421875
7.5,101.549827575684,245.867673873901,-2.34283447265625
7.501666666666667,101.56672668457,245.870573043823,-2.34686279296875
7.503333333333333,101.583625793457,245.874006271362,-2.3507080078125
7.505,101.600555419922,245.877851486206,-2.351806640625
7.506666666666667,101.617454528809,245.881864547729,-2.347412109375
7.508333333333334,101.634353637695,245.885862350464,-2.338623046875
7.51,101.651252746582,245.889738082886,-2.33001708984375
7.511666666666667,101.668174743652,245.893537521362,-2.3272705078125
7.513333333333334,101.685073852539,245.897291183472,-2.332763671875
7.515,101.701972961426,245.90106010437,-2.343017578125
7.516666666666667,101.718872070313,245.904935836792,-2.35107421875
7.5183333333333335,101.735771179199,245.909025192261,-2.35235595703125
7.52,101.752670288086,245.9134349823,-2.3477783203125
7.5216666666666665,101.769569396973,245.918302536011,-2.34100341796875
7.523333333333333,101.786468505859,245.923505783081,-2.33642578125
7.525,101.803398132324,245.928663253784,-2.3367919921875
7.526666666666666,101.820297241211,245.933195114136,-2.34375
7.528333333333333,101.837226867676,245.936918258667,-2.35528564453125
7.53,101.854118347168,245.940107345581,-2.3653564453125
7.531666666666666,101.871047973633,245.943281173706,-2.37030029296875
7.533333333333333,101.88794708252,245.94679069519,-2.370849609375
7.535,101.904846191406,245.950681686401,-2.37176513671875
7.536666666666667,101.921775817871,245.954801559448,-2.378173828125
7.538333333333333,101.938705444336,245.959104537964,-2.392822265625
7.54,101.955604553223,245.96356010437,-2.4140625
7.541666666666667,101.972503662109,245.96795463562,-2.4342041015625
7.543333333333333,101.989433288574,245.972089767456,-2.4459228515625
7.545,102.006362915039,245.975889205933,-2.44683837890625
7.546666666666667,102.023254394531,245.979383468628,-2.44024658203125
7.548333333333333,102.040153503418,245.982572555542,-2.432373046875
7.55,102.057052612305,245.985624313354,-2.42889404296875
7.551666666666667,102.073951721191,245.988859176636,-2.4312744140625
7.553333333333334,102.090850830078,245.992582321167,-2.43511962890625
7.555,102.107749938965,245.996839523315,-2.4364013671875
7.556666666666667,102.124649047852,246.001295089722,-2.435302734375
7.558333333333334,102.141548156738,246.005537033081,-2.4334716796875
7.56,102.158447265625,246.009321212769,-2.430908203125
7.5616666666666665,102.175346374512,246.012754440308,-2.426513671875
7.5633333333333335,102.192276000977,246.016172409058,-2.41937255859375
7.565,102.209175109863,246.019956588745,-2.41021728515625
7.566666666666666,102.226066589355,246.024213790894,-2.4012451171875
7.568333333333333,102.242965698242,246.028867721558,-2.39703369140625
7.57,102.259864807129,246.033658981323,-2.3997802734375
7.571666666666666,102.276763916016,246.038312911987,-2.40838623046875
7.573333333333333,102.293663024902,246.042798995972,-2.41900634765625
7.575,102.310562133789,246.047269821167,-2.4290771484375
7.576666666666667,102.327461242676,246.051908493042,-2.4364013671875
7.578333333333333,102.344360351563,246.056730270386,-2.43988037109375
7.58,102.361259460449,246.061567306519,-2.43804931640625
7.581666666666667,102.378158569336,246.066221237183,-2.431640625
7.583333333333333,102.395057678223,246.070524215698,-2.4246826171875
7.585,102.411987304688,246.07439994812,-2.42120361328125
7.586666666666667,102.42887878418,246.077909469604,-2.42413330078125
7.588333333333333,102.445808410645,246.081205368042,-2.432373046875
7.59,102.462707519531,246.084562301636,-2.444091796875
7.591666666666667,102.479606628418,246.088270187378,-2.4561767578125
7.593333333333334,102.496505737305,246.092344284058,-2.466796875
7.595,102.51343536377,246.096464157104,-2.473388671875
7.596666666666667,102.530334472656,246.100324630737,-2.473388671875
7.598333333333334,102.547233581543,246.104001998901,-2.46771240234375
7.6,102.564163208008,246.107725143433,-2.46148681640625
7.601666666666667,102.581062316895,246.111600875854,-2.46038818359375
7.6033333333333335,102.597984313965,246.115644454956,-2.46368408203125
7.605,102.614883422852,246.119916915894,-2.466796875
7.6066666666666665,102.631813049316,246.124357223511,-2.46478271484375
7.608333333333333,102.648712158203,246.12876701355,-2.458740234375
7.61,102.66561126709,246.132947921753,-2.4521484375
7.611666666666666,102.682510375977,246.13689994812,-2.44903564453125
7.613333333333333,102.699409484863,246.14080619812,-2.4510498046875
7.615,102.716339111328,246.144865036011,-2.45562744140625
7.616666666666666,102.733238220215,246.149213790894,-2.4605712890625
7.618333333333333,102.750137329102,246.153715133667,-2.4638671875
7.62,102.767036437988,246.158124923706,-2.4649658203125
7.621666666666667,102.783935546875,246.162275314331,-2.46588134765625
7.623333333333333,102.800827026367,246.16619682312,-2.468994140625
7.625,102.817756652832,246.170011520386,-2.477783203125
7.626666666666667,102.834655761719,246.173856735229,-2.4935302734375
7.628333333333333,102.851554870605,246.177900314331,-2.515869140625
7.63,102.868453979492,246.182081222534,-2.54095458984375
7.631666666666667,102.885383605957,246.186246871948,-2.5609130859375
7.633333333333334,102.902282714844,246.190305709839,-2.56842041015625
7.635,102.91918182373,246.194425582886,-2.5631103515625
7.636666666666667,102.936111450195,246.198698043823,-2.5521240234375
7.638333333333334,102.953010559082,246.202955245972,-2.5433349609375
7.64,102.969932556152,246.206937789917,-2.5400390625
7.641666666666667,102.986831665039,246.210660934448,-2.5426025390625
7.6433333333333335,103.003730773926,246.214353561401,-2.5491943359375
7.645,103.020660400391,246.218061447144,-2.55560302734375
7.6466666666666665,103.037559509277,246.221738815308,-2.5557861328125
7.648333333333333,103.054458618164,246.225355148315,-2.54791259765625
7.65,103.071388244629,246.229108810425,-2.53472900390625
7.651666666666666,103.088287353516,246.233213424683,-2.52099609375
7.653333333333333,103.105186462402,246.237745285034,-2.5096435546875
7.655,103.122116088867,246.242567062378,-2.50067138671875
7.656666666666666,103.139015197754,246.247434616089,-2.49224853515625
7.658333333333333,103.155937194824,246.252317428589,-2.4840087890625
7.66,103.172866821289,246.257230758667,-2.47833251953125
7.661666666666667,103.189765930176,246.262144088745,-2.4781494140625
7.663333333333333,103.206695556641,246.267057418823,-2.484375
7.665,103.223625183105,246.271970748901,-2.49371337890625
7.666666666666667,103.24055480957,246.277006149292,-2.5001220703125
7.668333333333333,103.257453918457,246.282194137573,-2.49920654296875
7.67,103.274383544922,246.287565231323,-2.49151611328125
7.671666666666667,103.291282653809,246.292951583862,-2.4825439453125
7.673333333333333,103.308174133301,246.297971725464,-2.47686767578125
7.675,103.325103759766,246.302305221558,-2.47613525390625
7.676666666666667,103.34203338623,246.305936813354,-2.47833251953125
7.678333333333334,103.358963012695,246.309141159058,-2.48162841796875
7.68,103.375862121582,246.312269210815,-2.4854736328125
7.681666666666667,103.392791748047,246.315671920776,-2.4898681640625
7.683333333333334,103.409690856934,246.319608688354,-2.49334716796875
7.685,103.426620483398,246.324033737183,-2.4935302734375
7.6866666666666665,103.443519592285,246.328611373901,-2.49224853515625
7.6883333333333335,103.460441589355,246.332899093628,-2.49371337890625
7.69,103.47737121582,246.336683273315,-2.50030517578125
7.691666666666666,103.494270324707,246.339994430542,-2.50927734375
7.693333333333333,103.511199951172,246.343030929565,-2.5162353515625
7.695,103.528129577637,246.346036911011,-2.51788330078125
7.696666666666666,103.545059204102,246.349195480347,-2.5147705078125
7.698333333333333,103.561958312988,246.35255241394,-2.5103759765625
7.7,103.578887939453,246.356214523315,-2.50543212890625
7.701666666666667,103.59578704834,246.360242843628,-2.4990234375
7.703333333333333,103.61270904541,246.364637374878,-2.48858642578125
7.705,103.629638671875,246.369306564331,-2.471923828125
7.706666666666667,103.646537780762,246.374006271362,-2.4521484375
7.708333333333333,103.663467407227,246.378355026245,-2.43292236328125
7.71,103.680397033691,246.382123947144,-2.41571044921875
7.711666666666667,103.697296142578,246.385526657104,-2.39923095703125
7.713333333333333,103.714225769043,246.388959884644,-2.38385009765625
7.715,103.73112487793,246.392652511597,-2.37359619140625
7.716666666666667,103.748054504395,246.396650314331,-2.37249755859375
7.718333333333334,103.764945983887,246.400953292847,-2.3800048828125
7.72,103.781875610352,246.405500411987,-2.39117431640625
7.721666666666667,103.798805236816,246.410078048706,-2.3990478515625
7.723333333333334,103.815704345703,246.414426803589,-2.39959716796875
7.725,103.832633972168,246.418439865112,-2.39300537109375
7.726666666666667,103.849533081055,246.422147750854,-2.38330078125
7.7283333333333335,103.86646270752,246.425748825073,-2.37689208984375
7.73,103.883392333984,246.42954826355,-2.3785400390625
7.7316666666666665,103.900291442871,246.433713912964,-2.388427734375
7.733333333333333,103.917213439941,246.438215255737,-2.40399169921875
7.735,103.934143066406,246.442899703979,-2.42120361328125
7.736666666666666,103.951042175293,246.447568893433,-2.4356689453125
7.738333333333333,103.967971801758,246.452131271362,-2.44482421875
7.74,103.984870910645,246.456632614136,-2.4488525390625
7.741666666666666,104.001800537109,246.461103439331,-2.44921875
7.743333333333333,104.018699645996,246.465482711792,-2.4473876953125
7.745,104.035629272461,246.469526290894,-2.44281005859375
7.746666666666667,104.052528381348,246.473051071167,-2.4345703125
7.748333333333333,104.069427490234,246.476316452026,-2.42559814453125
7.75,104.086349487305,246.479749679565,-2.42138671875
7.751666666666667,104.103248596191,246.483503341675,-2.42486572265625
7.753333333333333,104.120178222656,246.487501144409,-2.43310546875
7.755,104.137077331543,246.491605758667,-2.441162109375
7.756666666666667,104.15397644043,246.495771408081,-2.44683837890625
7.758333333333334,104.170906066895,246.50001335144,-2.44903564453125
7.76,104.187805175781,246.504270553589,-2.4462890625
7.761666666666667,104.204704284668,246.508405685425,-2.438232421875
7.763333333333334,104.221603393555,246.512189865112,-2.42669677734375
7.765,104.23853302002,246.51563835144,-2.4151611328125
7.766666666666667,104.255432128906,246.519025802612,-2.40582275390625
7.7683333333333335,104.272323608398,246.52264213562,-2.39923095703125
7.77,104.289253234863,246.526685714722,-2.3935546875
7.7716666666666665,104.30615234375,246.53111076355,-2.3865966796875
7.773333333333333,104.323051452637,246.535718917847,-2.3785400390625
7.775,104.339950561523,246.540327072144,-2.3712158203125
7.776666666666666,104.356880187988,246.544797897339,-2.363525390625
7.778333333333333,104.373779296875,246.54900932312,-2.3536376953125
7.78,104.39070892334,246.552930831909,-2.3411865234375
7.781666666666666,104.407608032227,246.556623458862,-2.32708740234375
7.783333333333333,104.424507141113,246.560316085815,-2.31207275390625
7.785,104.441398620605,246.564191818237,-2.29705810546875
7.786666666666667,104.45832824707,246.568204879761,-2.2847900390625
7.788333333333333,104.475227355957,246.572187423706,-2.27783203125
7.79,104.492156982422,246.576139450073,-2.27288818359375
7.791666666666667,104.509056091309,246.580137252808,-2.26409912109375
7.793333333333333,104.525955200195,246.584196090698,-2.24945068359375
7.795,104.54288482666,246.588285446167,-2.23150634765625
7.796666666666667,104.559814453125,246.592390060425,-2.21539306640625
7.798333333333333,104.576713562012,246.596555709839,-2.203125
7.8,104.593643188477,246.600736618042,-2.19305419921875
7.801666666666667,104.610534667969,246.604810714722,-2.18243408203125
7.803333333333334,104.627464294434,246.608686447144,-2.16943359375
7.805,104.64436340332,246.612302780151,-2.15570068359375
7.806666666666667,104.661293029785,246.615690231323,-2.1441650390625
7.808333333333334,104.678192138672,246.618925094604,-2.1357421875
7.81,104.695121765137,246.62208366394,-2.1295166015625
7.8116666666666665,104.712020874023,246.625211715698,-2.12255859375
7.8133333333333335,104.728950500488,246.62843132019,-2.11358642578125
7.815,104.745849609375,246.631925582886,-2.102783203125
7.816666666666666,104.76277923584,246.635816574097,-2.0914306640625
7.818333333333333,104.779670715332,246.639860153198,-2.08154296875
7.82,104.796569824219,246.643705368042,-2.074951171875
7.821666666666666,104.813468933105,246.647230148315,-2.07110595703125
7.823333333333333,104.830368041992,246.650556564331,-2.06890869140625
7.825,104.847297668457,246.653776168823,-2.06671142578125
7.826666666666667,104.864196777344,246.656904220581,-2.0643310546875
7.828333333333333,104.88109588623,246.659925460815,-2.0643310546875
7.83,104.897994995117,246.662870407104,-2.0687255859375
7.831666666666667,104.914894104004,246.665723800659,-2.0760498046875
7.833333333333333,104.931793212891,246.668424606323,-2.08355712890625
7.835,104.948692321777,246.670957565308,-2.0906982421875
7.836666666666667,104.965591430664,246.673460006714,-2.0965576171875
7.838333333333333,104.982513427734,246.676221847534,-2.1009521484375
7.84,104.999412536621,246.679365158081,-2.1038818359375
7.841666666666667,105.016311645508,246.682767868042,-2.1053466796875
7.843333333333334,105.033210754395,246.686140060425,-2.10626220703125
7.845,105.050109863281,246.689191818237,-2.10919189453125
7.846666666666667,105.067008972168,246.691831588745,-2.1177978515625
7.848333333333334,105.083938598633,246.694318771362,-2.13226318359375
7.85,105.10083770752,246.697004318237,-2.14874267578125
7.851666666666667,105.117736816406,246.700101852417,-2.16339111328125
7.8533333333333335,105.134635925293,246.703565597534,-2.1741943359375
7.855,105.15153503418,246.707242965698,-2.1793212890625
7.8566666666666665,105.168426513672,246.71095085144,-2.177490234375
7.858333333333333,105.185325622559,246.714612960815,-2.1778564453125
7.86,105.202255249023,246.718259811401,-2.1800537109375
7.861666666666666,105.219123840332,246.721921920776,-2.184814453125
7.863333333333333,105.236022949219,246.725522994995,-2.19378662109375
7.865,105.252922058105,246.729032516479,-2.205322265625
7.866666666666666,105.26985168457,246.732542037964,-2.21649169921875
7.868333333333333,105.286750793457,246.736219406128,-2.22125244140625
7.87,105.303649902344,246.740232467651,-2.21868896484375
7.871666666666667,105.320518493652,246.744581222534,-2.2144775390625
7.873333333333333,105.337417602539,246.749143600464,-2.2130126953125
7.875,105.354316711426,246.75376701355,-2.21649169921875
7.876666666666667,105.371215820313,246.758420944214,-2.22418212890625
7.878333333333333,105.388107299805,246.762998580933,-2.2327880859375
7.88,105.404975891113,246.767469406128,-2.23773193359375
7.881666666666667,105.421875,246.771879196167,-2.23846435546875
7.883333333333334,105.438743591309,246.776182174683,-2.2371826171875
7.885,105.455642700195,246.780332565308,-2.23846435546875
7.886666666666667,105.472511291504,246.784452438354,-2.244873046875
7.888333333333334,105.489410400391,246.788785934448,-2.256591796875
7.89,105.506278991699,246.793378829956,-2.26959228515625
7.891666666666667,105.523178100586,246.797986984253,-2.28057861328125
7.8933333333333335,105.540077209473,246.802366256714,-2.28973388671875
7.895,105.556945800781,246.806394577026,-2.2998046875
7.8966666666666665,105.573844909668,246.810041427612,-2.31280517578125
7.898333333333333,105.590713500977,246.813383102417,-2.32891845703125
7.9,105.607612609863,246.817304611206,-2.34503173828125
7.901666666666666,105.624481201172,246.821531295776,-2.3565673828125
7.903333333333333,105.641380310059,246.825773239136,-2.3616943359375
7.905,105.658279418945,246.830045700073,-2.36553955078125
7.906666666666666,105.675148010254,246.8343334198,-2.3734130859375
7.908333333333333,105.692039489746,246.838483810425,-2.385498046875
7.91,105.708938598633,246.842008590698,-2.39703369140625
7.911666666666667,105.725807189941,246.844816207886,-2.40362548828125
7.913333333333333,105.742706298828,246.847410202026,-2.4041748046875
7.915,105.759574890137,246.850141525269,-2.39923095703125
7.916666666666667,105.776473999023,246.853132247925,-2.39044189453125
7.918333333333333,105.793342590332,246.85630607605,-2.38092041015625
7.92,105.810241699219,246.859525680542,-2.376708984375
7.921666666666667,105.827110290527,246.862699508667,-2.3807373046875
7.923333333333333,105.843978881836,246.86590385437,-2.39080810546875
7.925,105.860877990723,246.869199752808,-2.40234375
7.926666666666667,105.877746582031,246.872678756714,-2.4111328125
7.928333333333334,105.89461517334,246.876264572144,-2.4158935546875
7.93,105.911514282227,246.879880905151,-2.4166259765625
7.931666666666667,105.928382873535,246.883451461792,-2.4136962890625
7.933333333333334,105.945251464844,246.887052536011,-2.40966796875
7.935,105.96215057373,246.890913009644,-2.40728759765625
7.9366666666666665,105.979019165039,246.895215988159,-2.408935546875
7.9383333333333335,105.995887756348,246.899976730347,-2.41497802734375
7.94,106.012786865234,246.905027389526,-2.423583984375
7.941666666666666,106.029655456543,246.910032272339,-2.4232177734375
7.943333333333333,106.046524047852,246.914640426636,-2.41717529296875
7.945,106.06339263916,246.918729782104,-2.4100341796875
7.946666666666666,106.080253601074,246.922651290894,-2.40325927734375
7.948333333333333,106.097122192383,246.926816940308,-2.3975830078125
7.95,106.113990783691,246.93133354187,-2.39410400390625
7.951666666666667,106.130859375,246.935972213745,-2.398681640625
7.953333333333333,106.147758483887,246.940534591675,-2.4136962890625
7.955,106.164627075195,246.944929122925,-2.433837890625
7.956666666666667,106.181495666504,246.94907951355,-2.45416259765625
7.958333333333333,106.198394775391,246.952970504761,-2.4708251953125
7.96,106.215263366699,246.956830978394,-2.48382568359375
7.961666666666667,106.232131958008,246.961057662964,-2.4942626953125
7.963333333333333,106.249000549316,246.965864181519,-2.504150390625
7.965,106.265899658203,246.971113204956,-2.51275634765625
7.966666666666667,106.282768249512,246.976377487183,-2.5198974609375
7.968333333333334,106.29963684082,246.981260299683,-2.5242919921875
7.97,106.316505432129,246.985776901245,-2.5264892578125
7.971666666666667,106.333374023438,246.990171432495,-2.527587890625
7.973333333333334,106.350242614746,246.994520187378,-2.529052734375
7.975,106.367111206055,246.998792648315,-2.5308837890625
7.976666666666667,106.383979797363,247.002973556519,-2.5316162109375
7.9783333333333335,106.400848388672,247.007139205933,-2.52886962890625
7.98,106.41771697998,247.011289596558,-2.5213623046875
7.9816666666666665,106.434616088867,247.015348434448,-2.5078125
7.983333333333333,106.451484680176,247.019239425659,-2.48785400390625
7.985,106.468353271484,247.02296257019,-2.463134765625
7.986666666666666,106.485221862793,247.026609420776,-2.4429931640625
7.988333333333333,106.502090454102,247.030317306519,-2.43841552734375
7.99,106.51895904541,247.034132003784,-2.44830322265625
7.991666666666666,106.535827636719,247.037992477417,-2.4598388671875
7.993333333333333,106.552696228027,247.041898727417,-2.46588134765625
7.995,106.569564819336,247.045957565308,-2.467529296875
7.996666666666667,106.586433410645,247.050230026245,-2.4678955078125
7.998333333333333,106.603294372559,247.054655075073,-2.4686279296875
8,106.620162963867,247.059034347534,-2.46990966796875
8.001666666666667,106.637031555176,247.063291549683,-2.468994140625
8.003333333333334,106.653900146484,247.067380905151,-2.46240234375
8.005,106.670768737793,247.071378707886,-2.45086669921875
8.006666666666666,106.687637329102,247.075300216675,-2.4371337890625
8.008333333333333,106.704536437988,247.079191207886,-2.42523193359375
8.01,106.721405029297,247.083036422729,-2.41644287109375
8.011666666666667,106.738273620605,247.086805343628,-2.4052734375
8.013333333333334,106.755142211914,247.09051322937,-2.38824462890625
8.015,106.772010803223,247.094205856323,-2.373779296875
8.016666666666667,106.788879394531,247.097959518433,-2.36956787109375
8.018333333333333,106.80574798584,247.101881027222,-2.3726806640625
8.02,106.822616577148,247.105955123901,-2.37762451171875
8.021666666666667,106.839485168457,247.110090255737,-2.38385009765625
8.023333333333333,106.856353759766,247.114011764526,-2.3917236328125
8.025,106.873222351074,247.117353439331,-2.4012451171875
8.026666666666667,106.890090942383,247.119901657104,-2.408203125
8.028333333333334,106.906959533691,247.122312545776,-2.4085693359375
8.03,106.923828125,247.125852584839,-2.40472412109375
8.031666666666666,106.940696716309,247.130842208862,-2.40179443359375
8.033333333333333,106.957565307617,247.136320114136,-2.40069580078125
8.035,106.974433898926,247.14146232605,-2.40179443359375
8.036666666666667,106.991271972656,247.146162033081,-2.40582275390625
8.038333333333334,107.008140563965,247.150587081909,-2.41351318359375
8.04,107.024978637695,247.15479850769,-2.4217529296875
8.041666666666666,107.041847229004,247.158796310425,-2.42852783203125
8.043333333333333,107.058685302734,247.162580490112,-2.4327392578125
8.045,107.075553894043,247.166257858276,-2.43475341796875
8.046666666666667,107.092391967773,247.17010307312,-2.43365478515625
8.048333333333334,107.109260559082,247.174207687378,-2.43182373046875
8.05,107.126098632813,247.178480148315,-2.43292236328125
8.051666666666666,107.142967224121,247.18263053894,-2.43768310546875
8.053333333333333,107.159805297852,247.18621635437,-2.44464111328125
8.055,107.17667388916,247.189191818237,-2.4521484375
8.056666666666667,107.193511962891,247.192335128784,-2.46038818359375
8.058333333333334,107.210380554199,247.196256637573,-2.46954345703125
8.06,107.22721862793,247.20069694519,-2.47650146484375
8.061666666666667,107.244087219238,247.205274581909,-2.47979736328125
8.063333333333333,107.260925292969,247.209943771362,-2.48162841796875
8.065,107.277763366699,247.214658737183,-2.48492431640625
8.066666666666666,107.29460144043,247.219343185425,-2.49261474609375
8.068333333333333,107.31143951416,247.22364616394,-2.50616455078125
8.07,107.328308105469,247.227323532104,-2.52374267578125
8.071666666666667,107.345146179199,247.230710983276,-2.5382080078125
8.073333333333334,107.36198425293,247.234281539917,-2.5426025390625
8.075,107.37882232666,247.238050460815,-2.5418701171875
8.076666666666666,107.395660400391,247.24204826355,-2.54241943359375
8.078333333333333,107.412528991699,247.2464427948,-2.5440673828125
8.08,107.429336547852,247.251356124878,-2.5462646484375
8.081666666666667,107.44620513916,247.256467819214,-2.55157470703125
8.083333333333334,107.463043212891,247.26141166687,-2.55999755859375
8.085,107.479881286621,247.266019821167,-2.571533203125
8.086666666666666,107.496719360352,247.270277023315,-2.583984375
8.088333333333333,107.513557434082,247.274183273315,-2.59332275390625
8.09,107.530395507813,247.277952194214,-2.59735107421875
8.091666666666667,107.547233581543,247.281934738159,-2.59552001953125
8.093333333333334,107.564071655273,247.286176681519,-2.6044921875
8.095,107.580909729004,247.290525436401,-2.6279296875
8.096666666666666,107.597747802734,247.294858932495,-2.650634765625
8.098333333333333,107.614585876465,247.299238204956,-2.669677734375
8.1,107.631423950195,247.303754806519,-2.6795654296875
8.101666666666667,107.648262023926,247.308256149292,-2.6865234375
8.103333333333333,107.665069580078,247.312604904175,-2.6898193359375
8.105,107.681907653809,247.316892623901,-2.68359375
8.106666666666667,107.698753356934,247.321088790894,-2.68267822265625
8.108333333333333,107.715591430664,247.325071334839,-2.687255859375
8.11,107.732429504395,247.328748703003,-2.697509765625
8.111666666666666,107.749267578125,247.332624435425,-2.71270751953125
8.113333333333333,107.766105651855,247.337369918823,-2.72735595703125
8.115,107.782943725586,247.342725753784,-2.73687744140625
8.116666666666667,107.799751281738,247.348142623901,-2.74383544921875
8.118333333333334,107.816589355469,247.353330612183,-2.74932861328125
8.12,107.833427429199,247.358167648315,-2.751708984375
8.121666666666666,107.850296020508,247.362775802612,-2.74896240234375
8.123333333333333,107.867134094238,247.367429733276,-2.74346923828125
8.125,107.883972167969,247.372129440308,-2.738525390625
8.126666666666667,107.900810241699,247.376874923706,-2.73651123046875
8.128333333333334,107.91764831543,247.381589889526,-2.7396240234375
8.13,107.93448638916,247.386213302612,-2.7491455078125
8.131666666666666,107.951324462891,247.390653610229,-2.7608642578125
8.133333333333333,107.968162536621,247.394773483276,-2.76983642578125
8.135,107.985000610352,247.399671554565,-2.77532958984375
8.136666666666667,108.00186920166,247.405210494995,-2.7791748046875
8.138333333333334,108.018707275391,247.410078048706,-2.783203125
8.14,108.035545349121,247.414808273315,-2.78558349609375
8.141666666666667,108.052383422852,247.419553756714,-2.78466796875
8.143333333333333,108.069221496582,247.424573898315,-2.78411865234375
8.145,108.086059570313,247.429426193237,-2.7886962890625
8.146666666666667,108.102897644043,247.433576583862,-2.7989501953125
8.148333333333333,108.119735717773,247.438215255737,-2.81378173828125
8.15,108.136573791504,247.443281173706,-2.83209228515625
8.151666666666667,108.153411865234,247.448438644409,-2.85296630859375
8.153333333333334,108.170280456543,247.453382492065,-2.86981201171875
8.155,108.187118530273,247.457990646362,-2.87640380859375
8.156666666666666,108.203956604004,247.462354660034,-2.8648681640625
8.158333333333333,108.220794677734,247.466703414917,-2.83099365234375
8.16,108.237632751465,247.471158981323,-2.7952880859375
8.161666666666667,108.254470825195,247.475751876831,-2.77166748046875
8.163333333333334,108.271339416504,247.480436325073,-2.7659912109375
8.165,108.288177490234,247.485090255737,-2.77093505859375
8.166666666666666,108.305015563965,247.489622116089,-2.7791748046875
8.168333333333333,108.321853637695,247.494062423706,-2.78594970703125
8.17,108.338691711426,247.498579025269,-2.7901611328125
8.171666666666667,108.355529785156,247.5032787323,-2.79400634765625
8.173333333333334,108.372367858887,247.508024215698,-2.79986572265625
8.175,108.389205932617,247.512754440308,-2.80865478515625
8.176666666666666,108.406044006348,247.517454147339,-2.80810546875
8.178333333333333,108.422882080078,247.522123336792,-2.8011474609375
8.18,108.439727783203,247.526792526245,-2.8033447265625
8.181666666666667,108.456565856934,247.531370162964,-2.80792236328125
8.183333333333334,108.473403930664,247.535810470581,-2.810302734375
8.185,108.490272521973,247.540266036987,-2.8062744140625
8.186666666666667,108.507080078125,247.544996261597,-2.80389404296875
8.188333333333333,108.523948669434,247.550138473511,-2.81158447265625
8.19,108.540756225586,247.555570602417,-2.808837890625
8.191666666666666,108.557624816895,247.561079025269,-2.7864990234375
8.193333333333333,108.574462890625,247.566495895386,-2.75006103515625
8.195,108.591270446777,247.571775436401,-2.713623046875
8.196666666666667,108.608108520508,247.577070236206,-2.68890380859375
8.198333333333334,108.624946594238,247.581464767456,-2.67718505859375
8.2,108.641784667969,247.584058761597,-2.669677734375
8.201666666666666,108.658622741699,247.586271286011,-2.66143798828125
8.203333333333333,108.67546081543,247.589139938354,-2.654296875
8.205,108.69229888916,247.59327507019,-2.65301513671875
8.206666666666667,108.709106445313,247.598340988159,-2.66107177734375
8.208333333333334,108.725944519043,247.603727340698,-2.67645263671875
8.21,108.742813110352,247.609037399292,-2.6876220703125
8.211666666666666,108.759651184082,247.614103317261,-2.6861572265625
8.213333333333333,108.776458740234,247.619047164917,-2.68359375
8.215,108.793296813965,247.623975753784,-2.69476318359375
8.216666666666667,108.810134887695,247.628828048706,-2.71435546875
8.218333333333334,108.826972961426,247.633680343628,-2.7264404296875
8.22,108.843811035156,247.638639450073,-2.73193359375
8.221666666666666,108.860649108887,247.643690109253,-2.73907470703125
8.223333333333333,108.877487182617,247.648801803589,-2.74932861328125
8.225,108.894325256348,247.653745651245,-2.75921630859375
8.226666666666667,108.911163330078,247.658430099487,-2.76434326171875
8.228333333333333,108.928001403809,247.663084030151,-2.7630615234375
8.23,108.944839477539,247.667875289917,-2.75830078125
8.231666666666667,108.96167755127,247.672285079956,-2.75152587890625
8.233333333333333,108.978515625,247.675489425659,-2.74639892578125
8.235,108.995384216309,247.677610397339,-2.7586669921875
8.236666666666666,109.012222290039,247.679517745972,-2.7821044921875
8.238333333333333,109.02906036377,247.682065963745,-2.78704833984375
8.24,109.0458984375,247.685453414917,-2.7769775390625
8.241666666666667,109.06273651123,247.689176559448,-2.77313232421875
8.243333333333334,109.079582214355,247.692945480347,-2.7685546875
8.245,109.09644317627,247.696943283081,-2.76416015625
8.246666666666666,109.113288879395,247.7015209198,-2.76544189453125
8.248333333333333,109.130126953125,247.706846237183,-2.77001953125
8.25,109.146995544434,247.712659835815,-2.76837158203125
8.251666666666667,109.163833618164,247.718030929565,-2.7623291015625
8.253333333333334,109.180671691895,247.722425460815,-2.75482177734375
8.255,109.197540283203,247.7269115448,-2.7396240234375
8.256666666666666,109.214378356934,247.732587814331,-2.72222900390625
8.258333333333333,109.231216430664,247.73895072937,-2.7125244140625
8.26,109.248085021973,247.744657516479,-2.7227783203125
8.261666666666667,109.264923095703,247.749784469604,-2.781005859375
8.263333333333334,109.281761169434,247.755048751831,-2.89031982421875
8.265,109.298629760742,247.760480880737,-3.0135498046875
8.266666666666667,109.315467834473,247.765745162964,-3.11773681640625
8.268333333333333,109.332336425781,247.770627975464,-3.1915283203125
8.27,109.34920501709,247.77525138855,-3.236572265625
8.271666666666667,109.36604309082,247.779996871948,-3.24188232421875
8.273333333333333,109.382911682129,247.784864425659,-3.24810791015625
8.275,109.399780273438,247.789945602417,-3.27191162109375
8.276666666666667,109.416648864746,247.796384811401,-3.30780029296875
8.278333333333334,109.433486938477,247.803617477417,-3.3438720703125
8.28,109.450355529785,247.809324264526,-3.3702392578125
8.281666666666666,109.467216491699,247.812879562378,-3.38580322265625
8.283333333333333,109.484062194824,247.815153121948,-3.3958740234375
8.285,109.500900268555,247.816984176636,-3.404296875
8.286666666666667,109.517768859863,247.819486618042,-3.41070556640625
8.288333333333334,109.534629821777,247.823728561401,-3.41290283203125
8.29,109.551475524902,247.829175949097,-3.4097900390625
8.291666666666666,109.568336486816,247.834424972534,-3.40521240234375
8.293333333333333,109.585205078125,247.839231491089,-3.41015625
8.295,109.602043151855,247.843671798706,-3.42828369140625
8.296666666666667,109.618911743164,247.84734916687,-3.44256591796875
8.298333333333334,109.635749816895,247.850828170776,-3.43780517578125
8.3,109.652618408203,247.854871749878,-3.42242431640625
8.301666666666666,109.669456481934,247.860578536987,-3.41326904296875
8.303333333333333,109.686325073242,247.870389938354,-3.40924072265625
8.305,109.703163146973,247.884550094604,-3.4039306640625
8.306666666666667,109.720031738281,247.899930953979,-3.4010009765625
8.308333333333334,109.736869812012,247.913557052612,-3.40704345703125
8.31,109.753715515137,247.924390792847,-3.4222412109375
8.311666666666667,109.770576477051,247.93279838562,-3.44146728515625
8.313333333333333,109.787422180176,247.938032150269,-3.45721435546875
8.315,109.80428314209,247.942960739136,-3.46893310546875
8.316666666666666,109.821128845215,247.948148727417,-3.4764404296875
8.318333333333333,109.837966918945,247.953260421753,-3.4661865234375
8.32,109.854835510254,247.958173751831,-3.4453125
8.321666666666667,109.871673583984,247.962919235229,-3.4427490234375
8.323333333333334,109.888511657715,247.967603683472,-3.466552734375
8.325,109.905349731445,247.972166061401,-3.50537109375
8.326666666666666,109.922218322754,247.976636886597,-3.54913330078125
8.328333333333333,109.939056396484,247.981168746948,-3.582275390625
8.33,109.955894470215,247.985929489136,-3.59161376953125
8.331666666666667,109.972732543945,247.990995407104,-3.592529296875
8.333333333333334,109.989570617676,247.996427536011,-3.5921630859375
8.335,110.006378173828,248.002210617065,-3.58502197265625
8.336666666666666,110.023246765137,248.008115768433,-3.5833740234375
8.338333333333333,110.040084838867,248.013792037964,-3.5950927734375
8.34,110.05689239502,248.019071578979,-3.61376953125
8.341666666666667,110.07373046875,248.024152755737,-3.63134765625
8.343333333333334,110.09056854248,248.029096603394,-3.63446044921875
8.345,110.107437133789,248.033887863159,-3.591064453125
8.346666666666666,110.12427520752,248.038709640503,-3.495849609375
8.348333333333333,110.14111328125,248.043897628784,-3.3863525390625
8.35,110.157981872559,248.04966545105,-3.29791259765625
8.351666666666667,110.174819946289,248.055814743042,-3.24169921875
8.353333333333333,110.19165802002,248.062040328979,-3.21148681640625
8.355,110.20849609375,248.068098068237,-3.21588134765625
8.356666666666667,110.22533416748,248.073942184448,-3.22027587890625
8.358333333333333,110.242172241211,248.079648971558,-3.218994140625
8.36,110.25904083252,248.085233688354,-3.21844482421875
8.361666666666666,110.27587890625,248.090726852417,-3.22540283203125
8.363333333333333,110.29271697998,248.096220016479,-3.24407958984375
8.365,110.309555053711,248.101758956909,-3.2559814453125
8.366666666666667,110.32642364502,248.107267379761,-3.2508544921875
8.368333333333334,110.34326171875,248.112745285034,-3.24334716796875
8.37,110.360130310059,248.118009567261,-3.24462890625
8.371666666666666,110.376968383789,248.123029708862,-3.25030517578125
8.373333333333333,110.39380645752,248.128553390503,-3.2490234375
8.375,110.410675048828,248.133771896362,-3.24371337890625
8.376666666666667,110.427513122559,248.137983322144,-3.2391357421875
8.378333333333334,110.444381713867,248.142286300659,-3.23638916015625
8.38,110.461219787598,248.146940231323,-3.235107421875
8.381666666666666,110.478088378906,248.151975631714,-3.2314453125
8.383333333333333,110.494926452637,248.157484054565,-3.2274169921875
8.385,110.511795043945,248.163450241089,-3.23162841796875
8.386666666666667,110.528633117676,248.169645309448,-3.2471923828125
8.388333333333334,110.545501708984,248.175870895386,-3.2662353515625
8.39,110.562339782715,248.182126998901,-3.27850341796875
8.391666666666667,110.579208374023,248.188383102417,-3.27740478515625
8.393333333333333,110.596076965332,248.194532394409,-3.26202392578125
8.395,110.612915039063,248.200422286987,-3.2406005859375
8.396666666666667,110.629783630371,248.206022262573,-3.226318359375
8.398333333333333,110.64665222168,248.211317062378,-3.221923828125
8.4,110.663520812988,248.216398239136,-3.2230224609375
8.401666666666667,110.680358886719,248.221464157104,-3.2252197265625
8.403333333333334,110.697227478027,248.226957321167,-3.2266845703125
8.405,110.714096069336,248.23325920105,-3.22760009765625
8.406666666666666,110.730964660645,248.238935470581,-3.22979736328125
8.408333333333333,110.747802734375,248.243070602417,-3.23345947265625
8.41,110.764671325684,248.246915817261,-3.2384033203125
8.411666666666667,110.781539916992,248.251554489136,-3.248291015625
8.413333333333334,110.798408508301,248.256788253784,-3.2640380859375
8.415,110.815246582031,248.261747360229,-3.27337646484375
8.416666666666666,110.83211517334,248.266736984253,-3.28143310546875
8.418333333333333,110.84895324707,248.272138595581,-3.296630859375
8.42,110.865821838379,248.277814865112,-3.30926513671875
8.421666666666667,110.882690429688,248.28338432312,-3.318603515625
8.423333333333334,110.899528503418,248.288358688354,-3.32464599609375
8.425,110.916397094727,248.293104171753,-3.32574462890625
8.426666666666666,110.933265686035,248.298398971558,-3.32244873046875
8.428333333333333,110.950134277344,248.304487228394,-3.31585693359375
8.43,110.966972351074,248.3108959198,-3.30450439453125
8.431666666666667,110.983840942383,248.317106246948,-3.2889404296875
8.433333333333334,111.000709533691,248.322782516479,-3.27923583984375
8.435,111.017547607422,248.32765007019,-3.27850341796875
8.436666666666667,111.03441619873,248.332090377808,-3.28216552734375
8.438333333333333,111.051284790039,248.336957931519,-3.2896728515625
8.44,111.068153381348,248.342435836792,-3.3035888671875
8.441666666666666,111.085021972656,248.348234176636,-3.320068359375
8.443333333333333,111.101890563965,248.354001998901,-3.333251953125
8.445,111.118789672852,248.359617233276,-3.337646484375
8.446666666666667,111.13565826416,248.365186691284,-3.33050537109375
8.448333333333334,111.152526855469,248.370908737183,-3.3299560546875
8.45,111.169395446777,248.376722335815,-3.34844970703125
8.451666666666666,111.186264038086,248.382612228394,-3.37554931640625
8.453333333333333,111.203125,248.388700485229,-3.39788818359375
8.455,111.219993591309,248.39503288269,-3.41619873046875
8.456666666666667,111.236862182617,248.401334762573,-3.44384765625
8.458333333333334,111.253761291504,248.407224655151,-3.48046875
8.46,111.270629882813,248.412702560425,-3.51361083984375
8.461666666666666,111.287498474121,248.418058395386,-3.53375244140625
8.463333333333333,111.304397583008,248.423490524292,-3.5452880859375
8.465,111.321266174316,248.429029464722,-3.55828857421875
8.466666666666667,111.338134765625,248.434629440308,-3.5709228515625
8.468333333333334,111.355003356934,248.440320968628,-3.57843017578125
8.47,111.37190246582,248.445966720581,-3.57916259765625
8.471666666666666,111.388771057129,248.451246261597,-3.57733154296875
8.473333333333333,111.405639648438,248.456205368042,-3.57916259765625
8.475,111.422508239746,248.461652755737,-3.58831787109375
8.476666666666667,111.439376831055,248.467741012573,-3.60626220703125
8.478333333333333,111.456245422363,248.473936080933,-3.62786865234375
8.48,111.47314453125,248.48016166687,-3.64306640625
8.481666666666667,111.490013122559,248.486616134644,-3.6474609375
8.483333333333333,111.506881713867,248.493070602417,-3.64398193359375
8.485,111.523750305176,248.499235153198,-3.6390380859375
8.486666666666666,111.540588378906,248.505094528198,-3.6390380859375
8.488333333333333,111.557487487793,248.510801315308,-3.65057373046875
8.49,111.574325561523,248.516431808472,-3.66943359375
8.491666666666667,111.591194152832,248.522108078003,-3.6851806640625
8.493333333333334,111.608062744141,248.528211593628,-3.693603515625
8.495,111.624931335449,248.534711837769,-3.6961669921875
8.496666666666666,111.641799926758,248.541471481323,-3.69580078125
8.498333333333333,111.658668518066,248.548734664917,-3.69488525390625
8.5,111.675537109375,248.556776046753,-3.6983642578125
8.501666666666667,111.692405700684,248.564939498901,-3.7060546875
8.503333333333334,111.709297180176,248.572294235229,-3.71429443359375
8.505,111.726165771484,248.578824996948,-3.72088623046875
8.506666666666666,111.743064880371,248.584882736206,-3.7276611328125
8.508333333333333,111.759963989258,248.59068107605,-3.73736572265625
8.51,111.776832580566,248.596601486206,-3.749267578125
8.511666666666667,111.793701171875,248.602750778198,-3.76409912109375
8.513333333333334,111.810569763184,248.609006881714,-3.78460693359375
8.515,111.827438354492,248.615369796753,-3.80731201171875
8.516666666666667,111.844337463379,248.621809005737,-3.81884765625
8.518333333333333,111.861206054688,248.628171920776,-3.81793212890625
8.52,111.878074645996,248.634412765503,-3.8162841796875
8.521666666666667,111.894973754883,248.640546798706,-3.81903076171875
8.523333333333333,111.911842346191,248.646390914917,-3.8221435546875
8.525,111.928680419922,248.651899337769,-3.8243408203125
8.526666666666667,111.94554901123,248.657255172729,-3.82763671875
8.528333333333334,111.962417602539,248.662870407104,-3.83148193359375
8.53,111.97925567627,248.669401168823,-3.83514404296875
8.531666666666666,111.996124267578,248.676694869995,-3.84063720703125
8.533333333333333,112.012992858887,248.683820724487,-3.84796142578125
8.535,112.029830932617,248.690412521362,-3.8507080078125
8.536666666666667,112.046699523926,248.696714401245,-3.8463134765625
8.538333333333334,112.063537597656,248.703016281128,-3.83514404296875
8.54,112.080406188965,248.709241867065,-3.81610107421875
8.541666666666666,112.097244262695,248.715421676636,-3.7880859375
8.543333333333333,112.114112854004,248.72154045105,-3.76116943359375
8.545,112.130950927734,248.727582931519,-3.747802734375
8.546666666666667,112.147789001465,248.733564376831,-3.7474365234375
8.548333333333334,112.164657592773,248.739667892456,-3.75384521484375
8.55,112.181526184082,248.746076583862,-3.76263427734375
8.551666666666666,112.198364257813,248.752759933472,-3.76995849609375
8.553333333333333,112.215232849121,248.759641647339,-3.777099609375
8.555,112.23210144043,248.766630172729,-3.7862548828125
8.556666666666667,112.248970031738,248.773481369019,-3.79669189453125
8.558333333333334,112.265838623047,248.779890060425,-3.8060302734375
8.56,112.282707214355,248.785902023315,-3.81390380859375
8.561666666666667,112.299575805664,248.791959762573,-3.82086181640625
8.563333333333333,112.316444396973,248.798414230347,-3.8272705078125
8.565,112.333312988281,248.805128097534,-3.8360595703125
8.566666666666666,112.35018157959,248.811765670776,-3.8477783203125
8.568333333333333,112.36701965332,248.818204879761,-3.86279296875
8.57,112.383918762207,248.824384689331,-3.879638671875
8.571666666666667,112.400787353516,248.830396652222,-3.88934326171875
8.573333333333334,112.417655944824,248.836484909058,-3.889892578125
8.575,112.434555053711,248.842771530151,-3.88970947265625
8.576666666666666,112.45142364502,248.849103927612,-3.89080810546875
8.578333333333333,112.468284606934,248.855237960815,-3.891357421875
8.58,112.48518371582,248.861066818237,-3.89154052734375
8.581666666666667,112.502052307129,248.866743087769,-3.89373779296875
8.583333333333334,112.518920898438,248.872449874878,-3.89593505859375
8.585,112.535789489746,248.878370285034,-3.8975830078125
8.586666666666666,112.552688598633,248.884611129761,-3.900146484375
8.588333333333333,112.569557189941,248.891111373901,-3.90728759765625
8.59,112.58642578125,248.897703170776,-3.92266845703125
8.591666666666667,112.60326385498,248.904233932495,-3.94647216796875
8.593333333333334,112.620162963867,248.910764694214,-3.9722900390625
8.595,112.637031555176,248.917509078979,-3.9942626953125
8.596666666666666,112.653930664063,248.924528121948,-4.0111083984375
8.598333333333333,112.670799255371,248.931760787964,-4.0242919921875
8.6,112.68766784668,248.93897819519,-4.037109375
8.601666666666667,112.704566955566,248.945997238159,-4.05157470703125
8.603333333333333,112.721519470215,248.95281791687,-4.06695556640625
8.605,112.738494873047,248.95948600769,-4.08233642578125
8.606666666666667,112.755493164063,248.966062545776,-4.09716796875
8.608333333333333,112.772468566895,248.972547531128,-4.1092529296875
8.61,112.789436340332,248.979154586792,-4.11968994140625
8.611666666666666,112.806442260742,248.986173629761,-4.133056640625
8.613333333333333,112.823448181152,248.9935131073,-4.15008544921875
8.615,112.84041595459,249.000852584839,-4.16876220703125
8.616666666666667,112.857391357422,249.007963180542,-4.1920166015625
8.618333333333334,112.874389648438,249.014646530151,-4.224609375
8.62,112.891395568848,249.020994186401,-4.26031494140625
8.621666666666666,112.908401489258,249.027311325073,-4.28704833984375
8.623333333333333,112.925399780273,249.033720016479,-4.2982177734375
8.625,112.942405700684,249.040082931519,-4.2982177734375
8.626666666666667,112.959403991699,249.046339035034,-4.29583740234375
8.628333333333334,112.976409912109,249.05259513855,-4.29345703125
8.63,112.99341583252,249.059171676636,-4.28924560546875
8.631666666666666,113.010414123535,249.066556930542,-4.28411865234375
8.633333333333333,113.027420043945,249.074949264526,-4.28045654296875
8.635,113.044418334961,249.083784103394,-4.27569580078125
8.636666666666667,113.061424255371,249.092496871948,-4.25885009765625
8.638333333333334,113.078430175781,249.100889205933,-4.22662353515625
8.64,113.095428466797,249.108839035034,-4.1923828125
8.641666666666667,113.112434387207,249.116315841675,-4.17132568359375
8.643333333333333,113.129432678223,249.123533248901,-4.16143798828125
8.645,113.146438598633,249.13087272644,-4.15557861328125
8.646666666666667,113.163444519043,249.138608932495,-4.1502685546875
8.648333333333333,113.180442810059,249.146558761597,-4.143310546875
8.65,113.197448730469,249.154203414917,-4.13287353515625
8.651666666666667,113.214447021484,249.161512374878,-4.118408203125
8.653333333333334,113.231452941895,249.16880607605,-4.10430908203125
8.655,113.248458862305,249.176237106323,-4.093505859375
8.656666666666666,113.26545715332,249.183881759644,-4.08673095703125
8.658333333333333,113.28246307373,249.192106246948,-4.09442138671875
8.66,113.299461364746,249.201154708862,-4.1224365234375
8.661666666666667,113.316467285156,249.210264205933,-4.15118408203125
8.663333333333334,113.333473205566,249.218320846558,-4.15997314453125
8.665,113.350440979004,249.224927902222,-4.14971923828125
8.666666666666666,113.367446899414,249.230634689331,-4.13836669921875
8.668333333333333,113.38444519043,249.236356735229,-4.1407470703125
8.67,113.401420593262,249.242399215698,-4.15008544921875
8.671666666666667,113.418426513672,249.24854850769,-4.1524658203125
8.673333333333334,113.435424804688,249.254713058472,-4.1429443359375
8.675,113.45240020752,249.260938644409,-4.119140625
8.676666666666666,113.469398498535,249.267072677612,-4.0858154296875
8.678333333333333,113.486404418945,249.272413253784,-4.0484619140625
8.68,113.503379821777,249.276746749878,-4.00946044921875
8.681666666666667,113.520378112793,249.281126022339,-3.973388671875
8.683333333333334,113.537353515625,249.286588668823,-3.94354248046875
8.685,113.554351806641,249.292783737183,-3.922119140625
8.686666666666667,113.571327209473,249.299116134644,-3.90838623046875
8.688333333333333,113.588302612305,249.305341720581,-3.896484375
8.69,113.60530090332,249.311338424683,-3.88201904296875
8.691666666666666,113.622276306152,249.316953659058,-3.8642578125
8.693333333333333,113.639251708984,249.322355270386,-3.83917236328125
8.695,113.65625,249.328199386597,-3.81207275390625
8.696666666666667,113.673225402832,249.334638595581,-3.79541015625
8.698333333333334,113.69019317627,249.341413497925,-3.7796630859375
8.7,113.707168579102,249.349164962769,-3.75054931640625
8.701666666666666,113.724174499512,249.358182907104,-3.7100830078125
8.703333333333333,113.741142272949,249.366926193237,-3.66815185546875
8.705,113.758117675781,249.373975753784,-3.6368408203125
8.706666666666667,113.775115966797,249.379529953003,-3.6207275390625
8.708333333333334,113.792091369629,249.38494682312,-3.61798095703125
8.71,113.809066772461,249.391401290894,-3.62255859375
8.711666666666666,113.826034545898,249.398435592651,-3.6265869140625
8.713333333333333,113.843040466309,249.405210494995,-3.62640380859375
8.715,113.860015869141,249.41180229187,-3.62347412109375
8.716666666666667,113.876983642578,249.418210983276,-3.6214599609375
8.718333333333334,113.89395904541,249.424268722534,-3.62054443359375
8.72,113.91089630127,249.42986869812,-3.62640380859375
8.721666666666666,113.927871704102,249.435010910034,-3.64398193359375
8.723333333333333,113.944847106934,249.43995475769,-3.66357421875
8.725,113.961784362793,249.444944381714,-3.665771484375
8.726666666666667,113.978759765625,249.45037651062,-3.6485595703125
8.728333333333333,113.995704650879,249.456571578979,-3.62274169921875
8.73,114.012672424316,249.463315963745,-3.5987548828125
8.731666666666667,114.029647827148,249.470060348511,-3.58135986328125
8.733333333333333,114.046592712402,249.476224899292,-3.57110595703125
8.735,114.06356048584,249.481443405151,-3.5628662109375
8.736666666666666,114.080535888672,249.486478805542,-3.54327392578125
8.738333333333333,114.097503662109,249.492521286011,-3.5064697265625
8.74,114.114479064941,249.498853683472,-3.457763671875
8.741666666666667,114.131423950195,249.504652023315,-3.39697265625
8.743333333333334,114.148391723633,249.510328292847,-3.32501220703125
8.745,114.165367126465,249.515943527222,-3.26055908203125
8.746666666666666,114.182373046875,249.521390914917,-3.22137451171875
8.748333333333333,114.199340820313,249.526655197144,-3.2054443359375
8.75,114.216316223145,249.532133102417,-3.19482421875
8.751666666666667,114.233283996582,249.538236618042,-3.1746826171875
8.753333333333334,114.250289916992,249.54461479187,-3.15032958984375
8.755,114.267265319824,249.550748825073,-3.1329345703125
8.756666666666666,114.284233093262,249.556669235229,-3.12249755859375
8.758333333333333,114.301208496094,249.562726974487,-3.1153564453125
8.76,114.318183898926,249.568784713745,-3.111328125
8.761666666666667,114.335151672363,249.574613571167,-3.11151123046875
8.763333333333334,114.352157592773,249.580411911011,-3.1160888671875
8.765,114.369125366211,249.586423873901,-3.12158203125
8.766666666666667,114.386100769043,249.592069625854,-3.123046875
8.768333333333333,114.403076171875,249.596830368042,-3.11370849609375
8.77,114.420043945313,249.601011276245,-3.09027099609375
8.771666666666667,114.437049865723,249.605237960815,-3.06280517578125
8.773333333333333,114.454025268555,249.609785079956,-3.0692138671875
8.775,114.470993041992,249.614545822144,-3.08221435546875
8.776666666666667,114.487968444824,249.619260787964,-3.10528564453125
8.778333333333334,114.504936218262,249.623472213745,-3.13037109375
8.78,114.521911621094,249.626844406128,-3.14337158203125
8.781666666666666,114.538917541504,249.629560470581,-3.15216064453125
8.783333333333333,114.555885314941,249.632246017456,-3.1658935546875
8.785,114.572860717773,249.63526725769,-3.18035888671875
8.786666666666667,114.589828491211,249.638639450073,-3.19610595703125
8.788333333333334,114.606803894043,249.642423629761,-3.21441650390625
8.79,114.623779296875,249.646650314331,-3.234375
8.791666666666666,114.640747070313,249.651182174683,-3.25030517578125
8.793333333333333,114.657722473145,249.655958175659,-3.25909423828125
8.795,114.674697875977,249.660963058472,-3.2669677734375
8.796666666666667,114.691665649414,249.666288375854,-3.28033447265625
8.798333333333334,114.708641052246,249.672010421753,-3.2958984375
8.8,114.725616455078,249.677824020386,-3.30743408203125
8.801666666666666,114.742584228516,249.683546066284,-3.31512451171875
8.803333333333333,114.759559631348,249.689161300659,-3.32281494140625
8.805,114.776527404785,249.6946849823,-3.3310546875
8.806666666666667,114.793502807617,249.700086593628,-3.339111328125
8.808333333333334,114.810478210449,249.705198287964,-3.35394287109375
8.81,114.827476501465,249.709852218628,-3.37957763671875
8.811666666666667,114.844451904297,249.714094161987,-3.4119873046875
8.813333333333333,114.861419677734,249.718549728394,-3.4442138671875
8.815,114.878425598145,249.725828170776,-3.47259521484375
8.816666666666666,114.895401000977,249.733076095581,-3.49749755859375
8.818333333333333,114.912368774414,249.740217208862,-3.5218505859375
8.82,114.929344177246,249.747343063354,-3.55133056640625
8.821666666666667,114.946319580078,249.754468917847,-3.58978271484375
8.823333333333334,114.963287353516,249.761533737183,-3.6353759765625
8.825,114.980262756348,249.768476486206,-3.68133544921875
8.826666666666666,114.997230529785,249.775358200073,-3.7236328125
8.828333333333333,115.014205932617,249.782285690308,-3.7613525390625
8.83,115.031150817871,249.789258956909,-3.79339599609375
8.831666666666667,115.048118591309,249.796186447144,-3.81976318359375
8.833333333333334,115.065063476563,249.802991867065,-3.84136962890625
8.835,115.082038879395,249.809827804565,-3.85601806640625
8.836666666666666,115.099006652832,249.816862106323,-3.86279296875
8.838333333333333,115.115951538086,249.824110031128,-3.86279296875
8.84,115.132926940918,249.831327438354,-3.85711669921875
8.841666666666667,115.149864196777,249.838346481323,-3.850341796875
8.843333333333334,115.166839599609,249.845045089722,-3.84649658203125
8.845,115.183807373047,249.851514816284,-3.84759521484375
8.846666666666666,115.200752258301,249.857999801636,-3.8529052734375
8.848333333333333,115.217727661133,249.864683151245,-3.85986328125
8.85,115.23469543457,249.871564865112,-3.8690185546875
8.851666666666667,115.251640319824,249.878461837769,-3.88238525390625
8.853333333333333,115.268615722656,249.885343551636,-3.89996337890625
8.855,115.285583496094,249.892255783081,-3.91461181640625
8.856666666666667,115.302558898926,249.899168014526,-3.895751953125
8.858333333333333,115.31950378418,249.906003952026,-3.87762451171875
8.86,115.336471557617,249.912748336792,-3.8609619140625
8.861666666666666,115.353446960449,249.919416427612,-3.844482421875
8.863333333333333,115.370414733887,249.925992965698,-3.829833984375
8.865,115.387359619141,249.932508468628,-3.82012939453125
8.866666666666667,115.404335021973,249.939023971558,-3.81719970703125
8.868333333333334,115.421272277832,249.945569992065,-3.81903076171875
8.87,115.438247680664,249.952085494995,-3.8206787109375
8.871666666666666,115.455223083496,249.958539962769,-3.8184814453125
8.873333333333333,115.472160339355,249.964963912964,-3.81243896484375
8.875,115.489135742188,249.971296310425,-3.80419921875
8.876666666666667,115.50611114502,249.977293014526,-3.793212890625
8.878333333333334,115.523048400879,249.982862472534,-3.77984619140625
8.88,115.540023803711,249.988187789917,-3.76739501953125
8.881666666666666,115.556991577148,249.993436813354,-3.76043701171875
8.883333333333333,115.573936462402,249.998685836792,-3.7587890625
8.885,115.590911865234,250.00408744812,-3.76043701171875
8.886666666666667,115.607849121094,250.009794235229,-3.76171875
8.888333333333334,115.624824523926,250.015760421753,-3.75732421875
8.89,115.64176940918,250.021741867065,-3.744873046875
8.891666666666667,115.658737182617,250.027616500854,-3.7269287109375
8.893333333333333,115.675682067871,250.03338432312,-3.7100830078125
8.895,115.692657470703,250.039091110229,-3.697265625
8.896666666666667,115.709625244141,250.044767379761,-3.68756103515625
8.898333333333333,115.726570129395,250.05047416687,-3.6785888671875
8.9,115.743507385254,250.056211471558,-3.66851806640625
8.901666666666667,115.760482788086,250.061964035034,-3.65625
8.903333333333334,115.777458190918,250.067716598511,-3.6416015625
8.905,115.794395446777,250.073621749878,-3.624755859375
8.906666666666666,115.811340332031,250.079877853394,-3.60516357421875
8.908333333333333,115.828315734863,250.086576461792,-3.5819091796875
8.91,115.845252990723,250.09361076355,-3.555908203125
8.911666666666667,115.862228393555,250.100675582886,-3.531005859375
8.913333333333334,115.879203796387,250.107465744019,-3.51031494140625
8.915,115.896171569824,250.113889694214,-3.492919921875
8.916666666666666,115.913116455078,250.120008468628,-3.4775390625
8.918333333333333,115.930084228516,250.125928878784,-3.4654541015625
8.92,115.947059631348,250.13184928894,-3.45721435546875
8.921666666666667,115.964004516602,250.138059616089,-3.45172119140625
8.923333333333334,115.980972290039,250.144697189331,-3.44989013671875
8.925,115.997947692871,250.151578903198,-3.45391845703125
8.926666666666666,116.014892578125,250.158414840698,-3.465087890625
8.928333333333333,116.031860351563,250.164991378784,-3.4808349609375
8.93,116.048835754395,250.171110153198,-3.49713134765625
8.931666666666667,116.065811157227,250.176755905151,-3.51123046875
8.933333333333334,116.082748413086,250.18214225769,-3.521484375
8.935,116.099723815918,250.187635421753,-3.5284423828125
8.936666666666667,116.116691589355,250.193449020386,-3.53228759765625
8.938333333333333,116.133636474609,250.199552536011,-3.53155517578125
8.94,116.150581359863,250.205717086792,-3.52532958984375
8.941666666666666,116.167549133301,250.211713790894,-3.51727294921875
8.943333333333333,116.184494018555,250.217435836792,-3.51104736328125
8.945,116.201438903809,250.222883224487,-3.507568359375
8.946666666666667,116.218406677246,250.228055953979,-3.50299072265625
8.948333333333334,116.2353515625,250.232938766479,-3.49237060546875
8.95,116.252296447754,250.237516403198,-3.4727783203125
8.951666666666666,116.269233703613,250.241895675659,-3.4453125
8.953333333333333,116.286178588867,250.246335983276,-3.41583251953125
8.955,116.303123474121,250.251066207886,-3.3896484375
8.956666666666667,116.320091247559,250.25604057312,-3.36895751953125
8.958333333333334,116.337036132813,250.2610912323,-3.35540771484375
8.96,116.353973388672,250.266080856323,-3.35009765625
8.961666666666666,116.370918273926,250.270963668823,-3.35028076171875
8.963333333333333,116.387893676758,250.275831222534,-3.3486328125
8.965,116.404830932617,250.280927658081,-3.339111328125
8.966666666666667,116.421775817871,250.286512374878,-3.321533203125
8.968333333333334,116.438751220703,250.292844772339,-3.299560546875
8.97,116.455688476563,250.299863815308,-3.2786865234375
8.971666666666666,116.472663879395,250.307188034058,-3.26312255859375
8.973333333333333,116.489608764648,250.314344406128,-3.2537841796875
8.975,116.506576538086,250.321073532104,-3.24774169921875
8.976666666666667,116.52352142334,250.327421188354,-3.2406005859375
8.978333333333333,116.540496826172,250.333448410034,-3.2296142578125
8.98,116.557434082031,250.339063644409,-3.2164306640625
8.981666666666667,116.574409484863,250.34425163269,-3.205810546875
8.983333333333333,116.591377258301,250.349317550659,-3.2025146484375
8.985,116.608322143555,250.354551315308,-3.20709228515625
8.986666666666666,116.625267028809,250.360013961792,-3.217529296875
8.988333333333333,116.642234802246,250.365537643433,-3.22979736328125
8.99,116.6591796875,250.370908737183,-3.2398681640625
8.991666666666667,116.676155090332,250.375974655151,-3.24737548828125
8.993333333333334,116.693092346191,250.38072013855,-3.2548828125
8.995,116.710037231445,250.385328292847,-3.2633056640625
8.996666666666666,116.727012634277,250.389936447144,-3.27154541015625
8.998333333333333,116.743949890137,250.394636154175,-3.2794189453125
9,116.760894775391,250.399625778198,-3.28802490234375
9.001666666666667,116.777839660645,250.405103683472,-3.29864501953125
9.003333333333334,116.794776916504,250.411039352417,-3.31072998046875
9.005,116.811752319336,250.417112350464,-3.320068359375
9.006666666666666,116.828689575195,250.422956466675,-3.3218994140625
9.008333333333333,116.845634460449,250.428373336792,-3.31402587890625
9.01,116.862579345703,250.433378219604,-3.29681396484375
9.011666666666667,116.879547119141,250.438215255737,-3.2742919921875
9.013333333333334,116.896461486816,250.443037033081,-3.25323486328125
9.015,116.91340637207,250.447904586792,-3.2384033203125
9.016666666666667,116.930374145508,250.452787399292,-3.22979736328125
9.018333333333333,116.947319030762,250.457685470581,-3.22320556640625
9.02,116.964263916016,250.46258354187,-3.21734619140625
9.021666666666667,116.981201171875,250.467588424683,-3.2138671875
9.023333333333333,116.998146057129,250.472867965698,-3.21368408203125
9.025,117.015090942383,250.478590011597,-3.21441650390625
9.026666666666667,117.03205871582,250.484693527222,-3.2135009765625
9.028333333333334,117.049003601074,250.491010665894,-3.21240234375
9.03,117.065948486328,250.497205734253,-3.213134765625
9.031666666666666,117.082916259766,250.502927780151,-3.21661376953125
9.033333333333333,117.099891662598,250.508131027222,-3.223388671875
9.035,117.116828918457,250.513135910034,-3.23382568359375
9.036666666666667,117.133804321289,250.518278121948,-3.24591064453125
9.038333333333334,117.150779724121,250.523694992065,-3.25616455078125
9.04,117.16771697998,250.529325485229,-3.261474609375
9.041666666666666,117.184661865234,250.535093307495,-3.260009765625
9.043333333333333,117.201606750488,250.540967941284,-3.251953125
9.045,117.218574523926,250.546857833862,-3.240966796875
9.046666666666667,117.23551940918,250.552503585815,-3.23291015625
9.048333333333334,117.252464294434,250.557752609253,-3.230712890625
9.05,117.269432067871,250.56268119812,-3.23272705078125
9.051666666666666,117.286376953125,250.567579269409,-3.23565673828125
9.053333333333333,117.303321838379,250.572721481323,-3.2373046875
9.055,117.320259094238,250.578290939331,-3.2373046875
9.056666666666667,117.337203979492,250.584211349487,-3.23565673828125
9.058333333333334,117.354141235352,250.590223312378,-3.2332763671875
9.06,117.371086120605,250.596021652222,-3.2325439453125
9.061666666666667,117.388000488281,250.601560592651,-3.2362060546875
9.063333333333333,117.404937744141,250.606885910034,-3.24298095703125
9.065,117.421882629395,250.612058639526,-3.24884033203125
9.066666666666666,117.43879699707,250.617185592651,-3.24847412109375
9.068333333333333,117.45573425293,250.622343063354,-3.2413330078125
9.07,117.472648620605,250.627714157104,-3.230712890625
9.071666666666667,117.489593505859,250.633298873901,-3.22100830078125
9.073333333333334,117.506530761719,250.638959884644,-3.21441650390625
9.075,117.523475646973,250.644590377808,-3.21002197265625
9.076666666666666,117.540420532227,250.650205612183,-3.204345703125
9.078333333333333,117.557357788086,250.655820846558,-3.19390869140625
9.08,117.57430267334,250.661283493042,-3.17633056640625
9.081666666666667,117.591247558594,250.666425704956,-3.1527099609375
9.083333333333334,117.608184814453,250.671293258667,-3.12615966796875
9.085,117.625129699707,250.676099777222,-3.10052490234375
9.086666666666666,117.642074584961,250.681119918823,-3.0802001953125
9.088333333333333,117.65901184082,250.686521530151,-3.0706787109375
9.09,117.675926208496,250.692182540894,-3.07305908203125
9.091666666666667,117.69287109375,250.69776725769,-3.08203125
9.093333333333334,117.709808349609,250.703016281128,-3.08880615234375
9.095,117.726753234863,250.707990646362,-3.08697509765625
9.096666666666666,117.743698120117,250.712812423706,-3.073974609375
9.098333333333333,117.760635375977,250.717542648315,-3.053466796875
9.1,117.77758026123,250.722227096558,-3.03277587890625
9.101666666666667,117.794525146484,250.72706413269,-3.01812744140625
9.103333333333333,117.811462402344,250.732267379761,-3.00860595703125
9.105,117.828407287598,250.737836837769,-3
9.106666666666667,117.845352172852,250.743604660034,-2.99029541015625
9.108333333333333,117.862289428711,250.749296188354,-2.9798583984375
9.11,117.879203796387,250.754804611206,-2.9688720703125
9.111666666666666,117.896148681641,250.760236740112,-2.9556884765625
9.113333333333333,117.9130859375,250.765623092651,-2.94195556640625
9.115,117.930030822754,250.770795822144,-2.93023681640625
9.116666666666667,117.94694519043,250.775632858276,-2.92108154296875
9.118333333333334,117.963882446289,250.780164718628,-2.91192626953125
9.12,117.980827331543,250.784437179565,-2.90130615234375
9.121666666666666,117.997764587402,250.788389205933,-2.89031982421875
9.123333333333333,118.014709472656,250.792051315308,-2.88134765625
9.125,118.03165435791,250.795606613159,-2.87640380859375
9.126666666666667,118.048622131348,250.799345016479,-2.87567138671875
9.128333333333334,118.065567016602,250.803541183472,-2.8740234375
9.13,118.082481384277,250.808393478394,-2.86578369140625
9.131666666666666,118.099418640137,250.813840866089,-2.85003662109375
9.133333333333333,118.116363525391,250.81951713562,-2.83209228515625
9.135,118.133308410645,250.824979782104,-2.8172607421875
9.136666666666667,118.150215148926,250.829969406128,-2.80609130859375
9.138333333333334,118.16716003418,250.834455490112,-2.79931640625
9.14,118.184104919434,250.838666915894,-2.79766845703125
9.141666666666667,118.201042175293,250.84295463562,-2.79913330078125
9.143333333333333,118.217987060547,250.847532272339,-2.797119140625
9.145,118.234931945801,250.852277755737,-2.78631591796875
9.146666666666667,118.251899719238,250.856885910034,-2.7667236328125
9.148333333333333,118.268844604492,250.861249923706,-2.74237060546875
9.15,118.285789489746,250.865507125854,-2.7191162109375
9.151666666666667,118.302726745605,250.869749069214,-2.69989013671875
9.153333333333334,118.319671630859,250.874021530151,-2.6839599609375
9.155,118.336616516113,250.878461837769,-2.67041015625
9.156666666666666,118.353553771973,250.883146286011,-2.65924072265625
9.158333333333333,118.370498657227,250.888013839722,-2.649169921875
9.16,118.387413024902,250.892866134644,-2.638916015625
9.161666666666667,118.404350280762,250.897596359253,-2.62847900390625
9.163333333333334,118.421264648438,250.902143478394,-2.6209716796875
9.165,118.438209533691,250.906538009644,-2.618408203125
9.166666666666666,118.455116271973,250.91099357605,-2.6209716796875
9.168333333333333,118.472061157227,250.915739059448,-2.62664794921875
9.17,118.488998413086,250.920621871948,-2.631591796875
9.171666666666667,118.505912780762,250.925336837769,-2.63287353515625
9.173333333333334,118.522857666016,250.929685592651,-2.62921142578125
9.175,118.539772033691,250.93377494812,-2.622802734375
9.176666666666666,118.556709289551,250.937788009644,-2.61712646484375
9.178333333333333,118.573623657227,250.941831588745,-2.61566162109375
9.18,118.590560913086,250.946088790894,-2.62005615234375
9.181666666666667,118.60750579834,250.950681686401,-2.62774658203125
9.183333333333334,118.624420166016,250.955488204956,-2.63470458984375
9.185,118.641357421875,250.960157394409,-2.63983154296875
9.186666666666667,118.658271789551,250.964460372925,-2.6444091796875
9.188333333333333,118.675216674805,250.968397140503,-2.6502685546875
9.19,118.692153930664,250.972135543823,-2.6546630859375
9.191666666666666,118.70906829834,250.975889205933,-2.653564453125
9.193333333333333,118.726013183594,250.979795455933,-2.64569091796875
9.195,118.742950439453,250.98390007019,-2.6326904296875
9.196666666666667,118.759864807129,250.988157272339,-2.6162109375
9.198333333333334,118.776809692383,250.992399215698,-2.59954833984375
9.2,118.793716430664,250.996397018433,-2.586181640625
9.201666666666666,118.810661315918,251.000074386597,-2.578857421875
9.203333333333333,118.827575683594,251.003477096558,-2.57757568359375
9.205,118.844482421875,251.006803512573,-2.581787109375
9.206666666666667,118.861396789551,251.010251998901,-2.59002685546875
9.208333333333334,118.878311157227,251.0140209198,-2.59735107421875
9.21,118.895225524902,251.018232345581,-2.5986328125
9.211666666666666,118.912132263184,251.022840499878,-2.5960693359375
9.213333333333333,118.929046630859,251.027799606323,-2.59588623046875
9.215,118.945991516113,251.032941818237,-2.6019287109375
9.216666666666667,118.962898254395,251.038084030151,-2.61273193359375
9.218333333333334,118.97981262207,251.043073654175,-2.62445068359375
9.22,118.996757507324,251.047941207886,-2.6348876953125
9.221666666666666,119.013664245605,251.052793502808,-2.6396484375
9.223333333333333,119.030578613281,251.057645797729,-2.6363525390625
9.225,119.047492980957,251.06251335144,-2.62738037109375
9.226666666666667,119.064399719238,251.067518234253,-2.6195068359375
9.228333333333333,119.081344604492,251.072645187378,-2.6165771484375
9.23,119.098258972168,251.077741622925,-2.61895751953125
9.231666666666667,119.115165710449,251.082471847534,-2.62628173828125
9.233333333333333,119.132080078125,251.086637496948,-2.6378173828125
9.235,119.148994445801,251.090223312378,-2.65045166015625
9.236666666666666,119.165901184082,251.093412399292,-2.65924072265625
9.238333333333333,119.182815551758,251.096479415894,-2.6612548828125
9.24,119.199729919434,251.099775314331,-2.6572265625
9.241666666666667,119.216667175293,251.10352897644,-2.6524658203125
9.243333333333334,119.233581542969,251.1077709198,-2.650634765625
9.245,119.250495910645,251.112394332886,-2.6531982421875
9.246666666666666,119.267402648926,251.117292404175,-2.65814208984375
9.248333333333333,119.284317016602,251.122373580933,-2.66455078125
9.25,119.301231384277,251.127439498901,-2.6715087890625
9.251666666666667,119.318138122559,251.132291793823,-2.677001953125
9.253333333333334,119.335083007813,251.136960983276,-2.67919921875
9.255,119.351997375488,251.141660690308,-2.6759033203125
9.256666666666666,119.36890411377,251.146512985229,-2.6700439453125
9.258333333333333,119.385818481445,251.151502609253,-2.6663818359375
9.26,119.402732849121,251.156492233276,-2.6685791015625
9.261666666666667,119.419639587402,251.161405563354,-2.67425537109375
9.263333333333334,119.436584472656,251.166059494019,-2.67901611328125
9.265,119.453498840332,251.170377731323,-2.68084716796875
9.266666666666667,119.470436096191,251.174436569214,-2.6802978515625
9.268333333333333,119.487350463867,251.178449630737,-2.67919921875
9.27,119.504295349121,251.182508468628,-2.68048095703125
9.271666666666667,119.521202087402,251.186643600464,-2.68505859375
9.273333333333333,119.538116455078,251.190992355347,-2.6949462890625
9.275,119.555061340332,251.195707321167,-2.7099609375
9.276666666666667,119.571975708008,251.200666427612,-2.73046875
9.278333333333334,119.588882446289,251.205503463745,-2.754638671875
9.28,119.605796813965,251.209928512573,-2.77825927734375
9.281666666666666,119.622711181641,251.213834762573,-2.7960205078125
9.283333333333333,119.639617919922,251.217435836792,-2.8062744140625
9.285,119.656562805176,251.220960617065,-2.81121826171875
9.286666666666667,119.673477172852,251.224576950073,-2.81268310546875
9.288333333333334,119.690383911133,251.228315353394,-2.81103515625
9.29,119.707298278809,251.232297897339,-2.80535888671875
9.291666666666666,119.724212646484,251.236646652222,-2.7974853515625
9.293333333333333,119.741119384766,251.241315841675,-2.7890625
9.295,119.758033752441,251.24610710144,-2.7802734375
9.296666666666667,119.774948120117,251.250791549683,-2.77001953125
9.298333333333334,119.791854858398,251.255445480347,-2.76141357421875
9.3,119.808769226074,251.260282516479,-2.7568359375
9.301666666666666,119.82568359375,251.265455245972,-2.7568359375
9.303333333333333,119.842590332031,251.270795822144,-2.76068115234375
9.305,119.859504699707,251.276044845581,-2.77056884765625
9.306666666666667,119.876419067383,251.281049728394,-2.7850341796875
9.308333333333334,119.893325805664,251.285871505737,-2.79840087890625
9.31,119.91024017334,251.290784835815,-2.80535888671875
9.311666666666667,119.927154541016,251.296018600464,-2.80755615234375
9.313333333333333,119.944061279297,251.301496505737,-2.8095703125
9.315,119.960975646973,251.307050704956,-2.81341552734375
9.316666666666666,119.977890014648,251.312467575073,-2.81689453125
9.318333333333333,119.99479675293,251.317762374878,-2.8187255859375
9.32,120.011711120605,251.322965621948,-2.8209228515625
9.321666666666667,120.028625488281,251.328001022339,-2.82769775390625
9.323333333333334,120.045539855957,251.332777023315,-2.84051513671875
9.325,120.062446594238,251.337385177612,-2.8553466796875
9.326666666666666,120.079360961914,251.342039108276,-2.868896484375
9.328333333333333,120.09627532959,251.346784591675,-2.87969970703125
9.33,120.113212585449,251.351545333862,-2.887939453125
9.331666666666667,120.130126953125,251.356153488159,-2.8919677734375
9.333333333333334,120.147041320801,251.360563278198,-2.89068603515625
9.335,120.16397857666,251.364713668823,-2.8857421875
9.336666666666666,120.180892944336,251.368650436401,-2.88043212890625
9.338333333333333,120.197807312012,251.372495651245,-2.8787841796875
9.34,120.214714050293,251.376630783081,-2.88226318359375
9.341666666666667,120.231628417969,251.381238937378,-2.8883056640625
9.343333333333334,120.248542785645,251.386228561401,-2.89031982421875
9.345,120.265449523926,251.39146232605,-2.885009765625
9.346666666666666,120.282363891602,251.396940231323,-2.87420654296875
9.348333333333333,120.299247741699,251.402463912964,-2.8604736328125
9.35,120.31615447998,251.407636642456,-2.845458984375
9.351666666666667,120.333068847656,251.412229537964,-2.82879638671875
9.353333333333333,120.349952697754,251.416471481323,-2.81158447265625
9.355,120.366859436035,251.420774459839,-2.7960205078125
9.356666666666667,120.383773803711,251.425443649292,-2.7835693359375
9.358333333333333,120.400688171387,251.430448532104,-2.77679443359375
9.36,120.417602539063,251.43556022644,-2.77569580078125
9.361666666666666,120.434478759766,251.440580368042,-2.778076171875
9.363333333333333,120.451393127441,251.445569992065,-2.77935791015625
9.365,120.468307495117,251.4505443573,-2.77459716796875
9.366666666666667,120.485214233398,251.455381393433,-2.761962890625
9.368333333333334,120.502098083496,251.460035324097,-2.74493408203125
9.37,120.519012451172,251.464551925659,-2.72918701171875
9.371666666666666,120.535919189453,251.468976974487,-2.71820068359375
9.373333333333333,120.552803039551,251.473295211792,-2.712158203125
9.375,120.569717407227,251.477537155151,-2.70904541015625
9.376666666666667,120.58659362793,251.4817943573,-2.70977783203125
9.378333333333334,120.603507995605,251.486143112183,-2.7139892578125
9.38,120.620422363281,251.490690231323,-2.71929931640625
9.381666666666666,120.637329101563,251.495634078979,-2.71929931640625
9.383333333333333,120.654243469238,251.500974655151,-2.71142578125
9.385,120.671226501465,251.506315231323,-2.6993408203125
9.386666666666667,120.688247680664,251.511213302612,-2.68817138671875
9.388333333333334,120.705230712891,251.515562057495,-2.6788330078125
9.39,120.722244262695,251.519422531128,-2.6715087890625
9.391666666666667,120.7392578125,251.522993087769,-2.665283203125
9.393333333333333,120.756248474121,251.526517868042,-2.65960693359375
9.395,120.773262023926,251.530317306519,-2.65301513671875
9.396666666666667,120.790245056152,251.534498214722,-2.64495849609375
9.398333333333333,120.807266235352,251.539014816284,-2.63470458984375
9.4,120.824249267578,251.543867111206,-2.62298583984375
9.401666666666667,120.841262817383,251.549070358276,-2.611083984375
9.403333333333334,120.858276367188,251.554471969604,-2.59918212890625
9.405,120.875297546387,251.559614181519,-2.58673095703125
9.406666666666666,120.892280578613,251.563993453979,-2.5762939453125
9.408333333333333,120.909294128418,251.567548751831,-2.57208251953125
9.41,120.926315307617,251.570783615112,-2.57354736328125
9.411666666666667,120.943298339844,251.574216842651,-2.57647705078125
9.413333333333334,120.960311889648,251.578062057495,-2.57794189453125
9.415,120.977294921875,251.582166671753,-2.57830810546875
9.416666666666666,120.994316101074,251.586317062378,-2.578125
9.418333333333333,121.011299133301,251.590528488159,-2.5770263671875
9.42,121.028312683105,251.594816207886,-2.574462890625
9.421666666666667,121.045333862305,251.599103927612,-2.57025146484375
9.423333333333334,121.062316894531,251.603239059448,-2.56512451171875
9.425,121.079330444336,251.607191085815,-2.5616455078125
9.426666666666666,121.096313476563,251.611173629761,-2.56201171875
9.428333333333333,121.113304138184,251.615476608276,-2.56622314453125
9.43,121.130317687988,251.620176315308,-2.5711669921875
9.431666666666667,121.147300720215,251.625089645386,-2.57427978515625
9.433333333333334,121.164291381836,251.62974357605,-2.57647705078125
9.435,121.181274414063,251.633863449097,-2.58123779296875
9.436666666666667,121.198287963867,251.63755607605,-2.590576171875
9.438333333333333,121.215240478516,251.641187667847,-2.6048583984375
9.44,121.232231140137,251.645002365112,-2.61932373046875
9.441666666666666,121.249214172363,251.649030685425,-2.625732421875
9.443333333333333,121.26619720459,251.653150558472,-2.61968994140625
9.445,121.283187866211,251.657178878784,-2.6044921875
9.446666666666667,121.300170898438,251.661130905151,-2.58984375
9.448333333333334,121.317153930664,251.665235519409,-2.5843505859375
9.45,121.334136962891,251.669721603394,-2.58929443359375
9.451666666666666,121.351127624512,251.67449760437,-2.60009765625
9.453333333333333,121.368110656738,251.679258346558,-2.6129150390625
9.455,121.385093688965,251.683805465698,-2.62481689453125
9.456666666666667,121.402114868164,251.688154220581,-2.63214111328125
9.458333333333334,121.419097900391,251.692380905151,-2.633056640625
9.46,121.436080932617,251.696546554565,-2.62957763671875
9.461666666666666,121.453063964844,251.700681686401,-2.62646484375
9.463333333333333,121.470085144043,251.704877853394,-2.6253662109375
9.465,121.48706817627,251.709394454956,-2.6282958984375
9.466666666666667,121.504051208496,251.714445114136,-2.6370849609375
9.468333333333334,121.521041870117,251.719816207886,-2.6502685546875
9.47,121.538024902344,251.725065231323,-2.66217041015625
9.471666666666666,121.55500793457,251.729825973511,-2.66766357421875
9.473333333333333,121.571990966797,251.733945846558,-2.6678466796875
9.475,121.588981628418,251.737699508667,-2.66912841796875
9.476666666666667,121.605964660645,251.741621017456,-2.67608642578125
9.478333333333333,121.622947692871,251.746198654175,-2.68798828125
9.48,121.639938354492,251.751569747925,-2.70098876953125
9.481666666666667,121.656890869141,251.757291793823,-2.712890625
9.483333333333333,121.673873901367,251.762678146362,-2.7220458984375
9.485,121.690856933594,251.767377853394,-2.72698974609375
9.486666666666666,121.707847595215,251.771512985229,-2.728271484375
9.488333333333333,121.724830627441,251.775434494019,-2.72698974609375
9.49,121.741813659668,251.779356002808,-2.723876953125
9.491666666666667,121.758773803711,251.783323287964,-2.71783447265625
9.493333333333334,121.775756835938,251.7874584198,-2.70849609375
9.495,121.792739868164,251.791959762573,-2.69805908203125
9.496666666666666,121.809692382813,251.796796798706,-2.69000244140625
9.498333333333333,121.826683044434,251.801511764526,-2.68670654296875
9.5,121.84366607666,251.805738449097,-2.68670654296875
9.501666666666667,121.860649108887,251.809659957886,-2.68634033203125
9.503333333333334,121.87760925293,251.813688278198,-2.68560791015625
9.505,121.894592285156,251.81788444519,-2.688720703125
9.506666666666666,121.911544799805,251.822263717651,-2.6953125
9.508333333333333,121.928527832031,251.826948165894,-2.69989013671875
9.51,121.945518493652,251.832029342651,-2.69952392578125
9.511666666666667,121.962501525879,251.837324142456,-2.6949462890625
9.513333333333334,121.979484558105,251.842481613159,-2.690185546875
9.515,121.996444702148,251.847410202026,-2.688720703125
9.516666666666667,122.013427734375,251.852170944214,-2.6912841796875
9.518333333333333,122.030410766602,251.856870651245,-2.6942138671875
9.52,122.047393798828,251.861555099487,-2.691650390625
9.521666666666667,122.064384460449,251.866270065308,-2.68048095703125
9.523333333333333,122.081367492676,251.871076583862,-2.665283203125
9.525,122.098350524902,251.875867843628,-2.6568603515625
9.526666666666667,122.115341186523,251.880399703979,-2.66070556640625
9.528333333333334,122.132354736328,251.884534835815,-2.67333984375
9.53,122.149337768555,251.888380050659,-2.68743896484375
9.531666666666666,122.166320800781,251.892225265503,-2.69879150390625
9.533333333333333,122.183311462402,251.896207809448,-2.7066650390625
9.535,122.200294494629,251.900205612183,-2.71124267578125
9.536666666666667,122.217277526855,251.904096603394,-2.71307373046875
9.538333333333334,122.234298706055,251.907972335815,-2.71600341796875
9.54,122.251281738281,251.912046432495,-2.72552490234375
9.541666666666666,122.268264770508,251.916273117065,-2.74346923828125
9.543333333333333,122.285278320313,251.920408248901,-2.764892578125
9.545,122.302268981934,251.924482345581,-2.783935546875
9.546666666666667,122.31925201416,251.928937911987,-2.80059814453125
9.548333333333334,122.336265563965,251.934003829956,-2.8154296875
9.55,122.353256225586,251.939435958862,-2.8275146484375
9.551666666666666,122.370269775391,251.944776535034,-2.83428955078125
9.553333333333333,122.387252807617,251.949644088745,-2.83648681640625
9.555,122.404235839844,251.954008102417,-2.83721923828125
9.556666666666667,122.421257019043,251.958005905151,-2.83978271484375
9.558333333333334,122.43824005127,251.961973190308,-2.84619140625
9.56,122.455253601074,251.966138839722,-2.85626220703125
9.561666666666667,122.472244262695,251.970502853394,-2.86724853515625
9.563333333333333,122.4892578125,251.974943161011,-2.8758544921875
9.565,122.506271362305,251.979398727417,-2.8802490234375
9.566666666666666,122.523254394531,251.984083175659,-2.88427734375
9.568333333333333,122.54027557373,251.989103317261,-2.89471435546875
9.57,122.557258605957,251.994291305542,-2.9146728515625
9.571666666666667,122.574241638184,251.999387741089,-2.939208984375
9.573333333333334,122.591262817383,252.0042552948,-2.95989990234375
9.575,122.608245849609,252.008878707886,-2.97216796875
9.576666666666666,122.625228881836,252.013395309448,-2.97784423828125
9.578333333333333,122.642242431641,252.018049240112,-2.98040771484375
9.58,122.659233093262,252.02313041687,-2.98370361328125
9.581666666666667,122.676216125488,252.028638839722,-2.9893798828125
9.583333333333334,122.693199157715,252.03436088562,-2.99871826171875
9.585,122.710220336914,252.040067672729,-3.0128173828125
9.586666666666666,122.727203369141,252.045682907104,-3.0281982421875
9.588333333333333,122.744216918945,252.051267623901,-3.0362548828125
9.59,122.761199951172,252.056882858276,-3.03094482421875
9.591666666666667,122.778221130371,252.062574386597,-3.01300048828125
9.593333333333334,122.795204162598,252.06822013855,-2.990478515625
9.595,122.812217712402,252.073698043823,-2.9718017578125
9.596666666666666,122.829208374023,252.078916549683,-2.9608154296875
9.598333333333333,122.846221923828,252.084058761597,-2.9560546875
9.6,122.863204956055,252.089353561401,-2.9520263671875
9.601666666666667,122.880218505859,252.094892501831,-2.9447021484375
9.603333333333333,122.89720916748,252.100492477417,-2.9344482421875
9.605,122.914222717285,252.105924606323,-2.924560546875
9.606666666666667,122.931205749512,252.111097335815,-2.91668701171875
9.608333333333333,122.948196411133,252.11622428894,-2.908447265625
9.61,122.965209960938,252.121625900269,-2.89910888671875
9.611666666666666,122.982192993164,252.127424240112,-2.89105224609375
9.613333333333333,122.999176025391,252.13331413269,-2.88519287109375
9.615,123.016166687012,252.138883590698,-2.88134765625
9.616666666666667,123.033149719238,252.143888473511,-2.87969970703125
9.618333333333334,123.050132751465,252.148359298706,-2.88043212890625
9.62,123.067153930664,252.152463912964,-2.88134765625
9.621666666666666,123.084136962891,252.156614303589,-2.8780517578125
9.623333333333333,123.101119995117,252.161161422729,-2.86981201171875
9.625,123.118103027344,252.166166305542,-2.8597412109375
9.626666666666667,123.135093688965,252.171476364136,-2.8502197265625
9.628333333333334,123.152046203613,252.176832199097,-2.84124755859375
9.63,123.16902923584,252.181959152222,-2.83062744140625
9.631666666666666,123.186019897461,252.186582565308,-2.81707763671875
9.633333333333333,123.202972412109,252.190519332886,-2.802978515625
9.635,123.219955444336,252.193983078003,-2.79107666015625
9.636666666666667,123.236938476563,252.197294235229,-2.78192138671875
9.638333333333334,123.253929138184,252.200742721558,-2.77679443359375
9.64,123.27091217041,252.204343795776,-2.77569580078125
9.641666666666667,123.287895202637,252.207975387573,-2.7762451171875
9.643333333333333,123.30485534668,252.211530685425,-2.77642822265625
9.645,123.321838378906,252.215040206909,-2.77716064453125
9.646666666666667,123.338821411133,252.218656539917,-2.78082275390625
9.648333333333333,123.355804443359,252.222455978394,-2.7861328125
9.65,123.372764587402,252.226453781128,-2.78887939453125
9.651666666666667,123.389747619629,252.230695724487,-2.78594970703125
9.653333333333334,123.406730651855,252.23521232605,-2.77825927734375
9.655,123.423721313477,252.239820480347,-2.77020263671875
9.656666666666666,123.440704345703,252.244367599487,-2.76873779296875
9.658333333333333,123.457656860352,252.248853683472,-2.7799072265625
9.66,123.474670410156,252.25343132019,-2.80462646484375
9.661666666666667,123.491630554199,252.2581615448,-2.83685302734375
9.663333333333334,123.508613586426,252.262968063354,-2.86614990234375
9.665,123.525596618652,252.267789840698,-2.88446044921875
9.666666666666666,123.542587280273,252.272672653198,-2.88958740234375
9.668333333333333,123.559539794922,252.277585983276,-2.88372802734375
9.67,123.57649230957,252.282453536987,-2.8721923828125
9.671666666666667,123.593444824219,252.287153244019,-2.8626708984375
9.673333333333334,123.61043548584,252.291639328003,-2.8626708984375
9.675,123.627388000488,252.296155929565,-2.87530517578125
9.676666666666666,123.644340515137,252.300809860229,-2.89581298828125
9.678333333333333,123.661331176758,252.30552482605,-2.91705322265625
9.68,123.678283691406,252.310316085815,-2.9359130859375
9.681666666666667,123.695236206055,252.315366744995,-2.95458984375
9.683333333333334,123.712188720703,252.320707321167,-2.97509765625
9.685,123.729148864746,252.326261520386,-2.997802734375
9.686666666666667,123.746131896973,252.331922531128,-3.02197265625
9.688333333333333,123.763084411621,252.337659835815,-3.04779052734375
9.69,123.780044555664,252.34327507019,-3.0758056640625
9.691666666666666,123.796997070313,252.348630905151,-3.10455322265625
9.693333333333333,123.813949584961,252.353788375854,-3.12890625
9.695,123.830940246582,252.358945846558,-3.144287109375
9.696666666666667,123.84789276123,252.364164352417,-3.15087890625
9.698333333333334,123.864875793457,252.369611740112,-3.15472412109375
9.7,123.881828308105,252.375547409058,-3.16259765625
9.701666666666666,123.898818969727,252.382078170776,-3.176513671875
9.703333333333333,123.915771484375,252.388868331909,-3.193359375
9.705,123.932723999023,252.395460128784,-3.21002197265625
9.706666666666667,123.949714660645,252.401533126831,-3.22576904296875
9.708333333333334,123.966667175293,252.406965255737,-3.24041748046875
9.71,123.98365020752,252.411787033081,-3.25543212890625
9.711666666666666,124.000602722168,252.416181564331,-3.2706298828125
9.713333333333333,124.017593383789,252.420515060425,-3.2841796875
9.715,124.034545898438,252.425138473511,-3.2933349609375
9.716666666666667,124.051498413086,252.430128097534,-3.2962646484375
9.718333333333334,124.068489074707,252.435300827026,-3.2947998046875
9.72,124.085441589355,252.440382003784,-3.292236328125
9.721666666666666,124.102424621582,252.445402145386,-3.28802490234375
9.723333333333333,124.11937713623,252.450559616089,-3.2794189453125
9.725,124.136367797852,252.455900192261,-3.26953125
9.726666666666667,124.1533203125,252.461347579956,-3.26275634765625
9.728333333333333,124.170272827148,252.466871261597,-3.261474609375
9.73,124.18726348877,252.472639083862,-3.26312255859375
9.731666666666667,124.204216003418,252.478773117065,-3.26678466796875
9.733333333333333,124.221168518066,252.485166549683,-3.2720947265625
9.735,124.238121032715,252.491437911987,-3.2779541015625
9.736666666666666,124.255081176758,252.497236251831,-3.2816162109375
9.738333333333333,124.272033691406,252.502393722534,-3.28271484375
9.74,124.288986206055,252.507261276245,-3.28125
9.741666666666667,124.305946350098,252.512403488159,-3.27685546875
9.743333333333334,124.322929382324,252.518140792847,-3.26898193359375
9.745,124.339881896973,252.52427482605,-3.25946044921875
9.746666666666666,124.356834411621,252.530469894409,-3.25103759765625
9.748333333333333,124.373825073242,252.536603927612,-3.24700927734375
9.75,124.390777587891,252.542707443237,-3.249755859375
9.751666666666667,124.407730102539,252.548871994019,-3.2589111328125
9.753333333333334,124.424690246582,252.555006027222,-3.27264404296875
9.755,124.441673278809,252.560834884644,-3.28564453125
9.756666666666666,124.458625793457,252.566083908081,-3.2933349609375
9.758333333333333,124.475608825684,252.570844650269,-3.29388427734375
9.76,124.492568969727,252.57537651062,-3.29022216796875
9.761666666666667,124.509521484375,252.579877853394,-3.28656005859375
9.763333333333334,124.526504516602,252.584318161011,-3.2830810546875
9.765,124.543464660645,252.588651657104,-3.279052734375
9.766666666666667,124.560447692871,252.593168258667,-3.2757568359375
9.768333333333333,124.57740020752,252.59815788269,-3.273193359375
9.77,124.594383239746,252.603712081909,-3.2691650390625
9.771666666666667,124.611343383789,252.609586715698,-3.260009765625
9.773333333333333,124.628326416016,252.615507125854,-3.24462890625
9.775,124.645278930664,252.621305465698,-3.22503662109375
9.776666666666667,124.662269592285,252.626951217651,-3.20635986328125
9.778333333333334,124.679252624512,252.632413864136,-3.19189453125
9.78,124.69620513916,252.637723922729,-3.1834716796875
9.781666666666666,124.713157653809,252.643049240112,-3.1783447265625
9.783333333333333,124.730117797852,252.64861869812,-3.1724853515625
9.785,124.7470703125,252.654493331909,-3.16204833984375
9.786666666666667,124.764053344727,252.660490036011,-3.14703369140625
9.788333333333334,124.78101348877,252.666379928589,-3.1307373046875
9.79,124.797966003418,252.672117233276,-3.116455078125
9.791666666666666,124.814918518066,252.677778244019,-3.10565185546875
9.793333333333333,124.831878662109,252.683362960815,-3.0977783203125
9.795,124.848831176758,252.688901901245,-3.093017578125
9.796666666666667,124.865814208984,252.694318771362,-3.09356689453125
9.798333333333334,124.882736206055,252.699583053589,-3.1025390625
9.8,124.899696350098,252.704618453979,-3.1168212890625
9.801666666666666,124.916679382324,252.70948600769,-3.13092041015625
9.803333333333333,124.933631896973,252.714262008667,-3.141357421875
9.805,124.950592041016,252.718992233276,-3.1497802734375
9.806666666666667,124.967544555664,252.72381401062,-3.15802001953125
9.808333333333334,124.984497070313,252.728879928589,-3.16259765625
9.81,125.001449584961,252.734113693237,-3.1607666015625
9.811666666666667,125.018440246582,252.739301681519,-3.153076171875
9.813333333333333,125.03539276123,252.744306564331,-3.14154052734375
9.815,125.052345275879,252.749158859253,-3.1263427734375
9.816666666666666,125.069305419922,252.75391960144,-3.10858154296875
9.818333333333333,125.08625793457,252.758634567261,-3.09100341796875
9.82,125.103210449219,252.763227462769,-3.076904296875
9.821666666666667,125.120162963867,252.767683029175,-3.0673828125
9.823333333333334,125.137153625488,252.772123336792,-3.062255859375
9.825,125.154106140137,252.776777267456,-3.05877685546875
9.826666666666666,125.171058654785,252.781644821167,-3.0523681640625
9.828333333333333,125.188018798828,252.786527633667,-3.041015625
9.83,125.204940795898,252.7913646698,-3.02618408203125
9.831666666666667,125.221893310547,252.796308517456,-3.00970458984375
9.833333333333334,125.238845825195,252.801511764526,-2.99267578125
9.835,125.255805969238,252.807020187378,-2.97637939453125
9.836666666666666,125.272758483887,252.812757492065,-2.96282958984375
9.838333333333333,125.289710998535,252.818632125854,-2.95458984375
9.84,125.306671142578,252.824628829956,-2.95166015625
9.841666666666667,125.323623657227,252.83057975769,-2.95294189453125
9.843333333333334,125.340576171875,252.8362865448,-2.9571533203125
9.845,125.357559204102,252.84165763855,-2.96392822265625
9.846666666666666,125.374519348145,252.846799850464,-2.97125244140625
9.848333333333333,125.391471862793,252.851819992065,-2.97601318359375
9.85,125.408424377441,252.856718063354,-2.9765625
9.851666666666667,125.425384521484,252.861555099487,-2.97601318359375
9.853333333333333,125.442337036133,252.866468429565,-2.977294921875
9.855,125.459289550781,252.871381759644,-2.98040771484375
9.856666666666667,125.47624206543,252.876035690308,-2.98516845703125
9.858333333333333,125.493171691895,252.880353927612,-2.993408203125
9.86,125.510124206543,252.884534835815,-3.00732421875
9.861666666666666,125.527076721191,252.888822555542,-3.02691650390625
9.863333333333333,125.544036865234,252.893339157104,-3.04779052734375
9.865,125.560989379883,252.898237228394,-3.06280517578125
9.866666666666667,125.577911376953,252.903516769409,-3.0673828125
9.868333333333334,125.594871520996,252.908857345581,-3.064453125
9.87,125.611824035645,252.913908004761,-3.06134033203125
9.871666666666666,125.628776550293,252.918561935425,-3.06134033203125
9.873333333333333,125.645698547363,252.922925949097,-3.06207275390625
9.875,125.662658691406,252.927167892456,-3.059326171875
9.876666666666667,125.679611206055,252.931394577026,-3.05072021484375
9.878333333333334,125.696563720703,252.935804367065,-3.0369873046875
9.88,125.713523864746,252.940534591675,-3.0208740234375
9.881666666666666,125.730476379395,252.945554733276,-3.0018310546875
9.883333333333333,125.747428894043,252.95069694519,-2.981689453125
9.885,125.764381408691,252.95591545105,-2.96575927734375
9.886666666666667,125.781341552734,252.961256027222,-2.958251953125
9.888333333333334,125.798294067383,252.966596603394,-2.958251953125
9.89,125.815246582031,252.971815109253,-2.96356201171875
9.891666666666667,125.832176208496,252.976926803589,-2.97308349609375
9.893333333333333,125.849128723145,252.98211479187,-2.9842529296875
9.895,125.866081237793,252.987409591675,-2.99359130859375
9.896666666666667,125.883033752441,252.992673873901,-3.00146484375
9.898333333333333,125.899993896484,252.997922897339,-3.01263427734375
9.9,125.916946411133,253.003370285034,-3.02984619140625
9.901666666666667,125.933898925781,253.009244918823,-3.05255126953125
9.903333333333334,125.950859069824,253.015470504761,-3.07745361328125
9.905,125.967781066895,253.02166557312,-3.10107421875
9.906666666666666,125.984733581543,253.02735710144,-3.1197509765625
9.908333333333333,126.001686096191,253.032392501831,-3.13330078125
9.91,126.018646240234,253.037015914917,-3.1468505859375
9.911666666666667,126.035598754883,253.041639328003,-3.16571044921875
9.913333333333334,126.052581787109,253.046476364136,-3.18914794921875
9.915,126.069541931152,253.051481246948,-3.21368408203125
9.916666666666666,126.086463928223,253.056455612183,-3.23748779296875
9.918333333333333,126.103416442871,253.061246871948,-3.2607421875
9.92,126.120399475098,253.065839767456,-3.28216552734375
9.921666666666667,126.137329101563,253.070371627808,-3.298828125
9.923333333333334,126.154281616211,253.074781417847,-3.30963134765625
9.925,126.171234130859,253.079053878784,-3.3160400390625
9.926666666666666,126.188194274902,253.083433151245,-3.318603515625
9.928333333333333,126.205146789551,253.088178634644,-3.3175048828125
9.93,126.222068786621,253.093320846558,-3.314208984375
9.931666666666667,126.239028930664,253.098783493042,-3.30926513671875
9.933333333333334,126.255981445313,253.104475021362,-3.30267333984375
9.935,126.272933959961,253.110242843628,-3.293701171875
9.936666666666667,126.289855957031,253.115934371948,-3.28509521484375
9.938333333333333,126.306816101074,253.121503829956,-3.281982421875
9.94,126.323768615723,253.127088546753,-3.2867431640625
9.941666666666666,126.340721130371,253.132841110229,-3.2955322265625
9.943333333333333,126.357681274414,253.138914108276,-3.3017578125
9.945,126.374633789063,253.145277023315,-3.30157470703125
9.946666666666667,126.391586303711,253.151762008667,-3.2977294921875
9.948333333333334,126.408538818359,253.15821647644,-3.29608154296875
9.95,126.425498962402,253.164625167847,-3.3013916015625
9.951666666666666,126.442451477051,253.171094894409,-3.31549072265625
9.953333333333333,126.459434509277,253.177717208862,-3.336181640625
9.955,126.47639465332,253.184324264526,-3.35687255859375
9.956666666666667,126.493347167969,253.190732955933,-3.37353515625
9.958333333333334,126.510299682617,253.19695854187,-3.38800048828125
9.96,126.527252197266,253.203123092651,-3.402099609375
9.961666666666666,126.544242858887,253.209318161011,-3.4163818359375
9.963333333333333,126.561195373535,253.215436935425,-3.429931640625
9.965,126.578147888184,253.221357345581,-3.44512939453125
9.966666666666667,126.595108032227,253.227033615112,-3.46160888671875
9.968333333333334,126.612060546875,253.232465744019,-3.47479248046875
9.97,126.629013061523,253.237714767456,-3.48211669921875
9.971666666666666,126.64599609375,253.242780685425,-3.48504638671875
9.973333333333333,126.662956237793,253.247587203979,-3.48614501953125
9.975,126.679908752441,253.252149581909,-3.48760986328125
9.976666666666667,126.69686126709,253.256589889526,-3.48907470703125
9.978333333333333,126.713821411133,253.261167526245,-3.4896240234375
9.98,126.730773925781,253.266172409058,-3.4888916015625
9.981666666666667,126.74772644043,253.271818161011,-3.4859619140625
9.983333333333333,126.764709472656,253.277997970581,-3.4793701171875
9.985,126.781639099121,253.284391403198,-3.46728515625
9.986666666666666,126.798622131348,253.290601730347,-3.45208740234375
9.988333333333333,126.815574645996,253.296476364136,-3.439453125
9.99,126.832534790039,253.302030563354,-3.43267822265625
9.991666666666667,126.849487304688,253.307508468628,-3.43212890625
9.993333333333334,126.866470336914,253.313306808472,-3.43377685546875
9.995,126.883430480957,253.319654464722,-3.43450927734375
9.996666666666666,126.900382995605,253.326215744019,-3.43359375
9.998333333333333,126.917335510254,253.332609176636,-3.4302978515625
10,126.934288024902,253.338788986206,-3.4229736328125
10.001666666666667,126.951278686523,253.344755172729,-3.410888671875
10.003333333333334,126.968231201172,253.350538253784,-3.39678955078125
10.005,126.985214233398,253.356199264526,-3.3856201171875
10.006666666666666,127.002174377441,253.361875534058,-3.37939453125
10.008333333333333,127.019157409668,253.367521286011,-3.37646484375
10.01,127.036109924316,253.372999191284,-3.37445068359375
10.011666666666667,127.053062438965,253.378355026245,-3.37188720703125
10.013333333333334,127.070053100586,253.383741378784,-3.369140625
10.015,127.087036132813,253.389295578003,-3.368408203125
10.016666666666667,127.104019165039,253.395109176636,-3.371337890625
10.018333333333333,127.120979309082,253.400999069214,-3.3768310546875
10.02,127.137962341309,253.406736373901,-3.38177490234375
10.021666666666667,127.154914855957,253.412244796753,-3.38214111328125
10.023333333333333,127.171897888184,253.417585372925,-3.3753662109375
10.025,127.188858032227,253.422788619995,-3.361083984375
10.026666666666667,127.205810546875,253.427854537964,-3.342041015625
10.028333333333334,127.222793579102,253.432950973511,-3.32464599609375
10.03,127.239753723145,253.438383102417,-3.3131103515625
10.031666666666666,127.256706237793,253.444272994995,-3.30853271484375
10.033333333333333,127.27368927002,253.450635910034,-3.30908203125
10.035,127.290641784668,253.457242965698,-3.310546875
10.036666666666667,127.307632446289,253.463926315308,-3.3072509765625
10.038333333333334,127.324584960938,253.470457077026,-3.299560546875
10.04,127.341537475586,253.476591110229,-3.290771484375
10.041666666666666,127.358497619629,253.482206344604,-3.28326416015625
10.043333333333333,127.375450134277,253.487363815308,-3.27777099609375
10.045,127.392372131348,253.492383956909,-3.2742919921875
10.046666666666667,127.409324645996,253.49757194519,-3.27227783203125
10.048333333333334,127.426315307617,253.502973556519,-3.2698974609375
10.05,127.443267822266,253.508405685425,-3.2691650390625
10.051666666666666,127.460220336914,253.513669967651,-3.2735595703125
10.053333333333333,127.477180480957,253.518705368042,-3.28253173828125
10.055,127.494132995605,253.523542404175,-3.2918701171875
10.056666666666667,127.511085510254,253.528287887573,-3.29864501953125
10.058333333333334,127.528038024902,253.533094406128,-3.3013916015625
10.06,127.544998168945,253.537992477417,-3.30029296875
10.061666666666667,127.561950683594,253.54298210144,-3.29498291015625
10.063333333333333,127.578903198242,253.548017501831,-3.28546142578125
10.065,127.595863342285,253.553098678589,-3.27410888671875
10.066666666666666,127.612846374512,253.558088302612,-3.264404296875
10.068333333333333,127.62979888916,253.562894821167,-3.26019287109375
10.07,127.646751403809,253.567655563354,-3.26055908203125
10.071666666666667,127.663681030273,253.572568893433,-3.2611083984375
10.073333333333334,127.680633544922,253.577741622925,-3.25799560546875
10.075,127.697616577148,253.583265304565,-3.249755859375
10.076666666666666,127.714576721191,253.589185714722,-3.23931884765625
10.078333333333333,127.73152923584,253.595258712769,-3.22833251953125
10.08,127.748481750488,253.601179122925,-3.21771240234375
10.081666666666667,127.765441894531,253.606840133667,-3.21075439453125
10.083333333333334,127.782363891602,253.612394332886,-3.211669921875
10.085,127.79931640625,253.617902755737,-3.2222900390625
10.086666666666666,127.816268920898,253.6233959198,-3.2384033203125
10.088333333333333,127.833198547363,253.628889083862,-3.2523193359375
10.09,127.850151062012,253.634366989136,-3.25909423828125
10.091666666666667,127.86710357666,253.639951705933,-3.258544921875
10.093333333333334,127.884063720703,253.645795822144,-3.2548828125
10.095,127.901016235352,253.651899337769,-3.252685546875
10.096666666666666,127.917938232422,253.65806388855,-3.25433349609375
10.098333333333333,127.93489074707,253.664182662964,-3.2596435546875
10.1,127.951820373535,253.670225143433,-3.2662353515625
10.101666666666667,127.968772888184,253.676023483276,-3.273193359375
10.103333333333333,127.985694885254,253.681318283081,-3.28033447265625
10.105,128.002655029297,253.686033248901,-3.28765869140625
10.106666666666667,128.019577026367,253.690427780151,-3.2955322265625
10.108333333333333,128.036529541016,253.694822311401,-3.303955078125
10.11,128.053451538086,253.699537277222,-3.311279296875
10.111666666666666,128.070404052734,253.704664230347,-3.315673828125
10.113333333333333,128.087356567383,253.71014213562,-3.31658935546875
10.115,128.104278564453,253.715772628784,-3.31402587890625
10.116666666666667,128.121246337891,253.721448898315,-3.309814453125
10.118333333333334,128.138198852539,253.727186203003,-3.3065185546875
10.12,128.155151367188,253.732954025269,-3.30670166015625
10.121666666666666,128.172073364258,253.738599777222,-3.30908203125
10.123333333333333,128.189025878906,253.74415397644,-3.310546875
10.125,128.205947875977,253.749845504761,-3.308349609375
10.126666666666667,128.222900390625,253.755887985229,-3.30340576171875
10.128333333333334,128.239868164063,253.762250900269,-3.2984619140625
10.13,128.256820678711,253.768598556519,-3.29681396484375
10.131666666666666,128.273742675781,253.774564743042,-3.30047607421875
10.133333333333333,128.29069519043,253.779951095581,-3.30615234375
10.135,128.307647705078,253.784910202026,-3.309814453125
10.136666666666667,128.324569702148,253.789762496948,-3.31146240234375
10.138333333333334,128.341522216797,253.794736862183,-3.31182861328125
10.14,128.358459472656,253.799924850464,-3.30889892578125
10.141666666666667,128.375411987305,253.805280685425,-3.3021240234375
10.143333333333333,128.392333984375,253.810758590698,-3.29827880859375
10.145,128.409286499023,253.816343307495,-3.3057861328125
10.146666666666667,128.426208496094,253.821989059448,-3.325927734375
10.148333333333333,128.443161010742,253.827726364136,-3.35247802734375
10.15,128.460083007813,253.833417892456,-3.3782958984375
10.151666666666667,128.47705078125,253.838834762573,-3.3966064453125
10.153333333333334,128.49397277832,253.843961715698,-3.4039306640625
10.155,128.510894775391,253.848951339722,-3.400634765625
10.156666666666666,128.527847290039,253.853910446167,-3.39019775390625
10.158333333333333,128.544799804688,253.859083175659,-3.37591552734375
10.16,128.561721801758,253.864728927612,-3.35980224609375
10.161666666666667,128.578643798828,253.870817184448,-3.3446044921875
10.163333333333334,128.595611572266,253.876935958862,-3.33380126953125
10.165,128.612533569336,253.882719039917,-3.3277587890625
10.166666666666666,128.629486083984,253.888090133667,-3.32281494140625
10.168333333333333,128.646408081055,253.893186569214,-3.3153076171875
10.17,128.663360595703,253.898267745972,-3.3050537109375
10.171666666666667,128.680313110352,253.903623580933,-3.29498291015625
10.173333333333334,128.697235107422,253.909406661987,-3.28857421875
10.175,128.714172363281,253.915464401245,-3.2867431640625
10.176666666666666,128.73112487793,253.921613693237,-3.2874755859375
10.178333333333333,128.748046875,253.927854537964,-3.28912353515625
10.18,128.76496887207,253.934049606323,-3.29150390625
10.181666666666667,128.781890869141,253.939924240112,-3.29443359375
10.183333333333334,128.798843383789,253.945402145386,-3.2991943359375
10.185,128.815780639648,253.950880050659,-3.305419921875
10.186666666666667,128.832733154297,253.956800460815,-3.3101806640625
10.188333333333333,128.849655151367,253.963193893433,-3.31109619140625
10.19,128.866607666016,253.969800949097,-3.3087158203125
10.191666666666666,128.883560180664,253.976346969604,-3.308349609375
10.193333333333333,128.900482177734,253.982587814331,-3.31549072265625
10.195,128.917434692383,253.988325119019,-3.32940673828125
10.196666666666667,128.93440246582,253.993528366089,-3.345703125
10.198333333333334,128.951354980469,253.998289108276,-3.36181640625
10.2,128.968307495117,254.002775192261,-3.37335205078125
10.201666666666666,128.985260009766,254.007169723511,-3.375732421875
10.203333333333333,129.002182006836,254.011671066284,-3.366943359375
10.205,129.019134521484,254.016416549683,-3.3504638671875
10.206666666666667,129.036056518555,254.021467208862,-3.33251953125
10.208333333333334,129.053024291992,254.026746749878,-3.31842041015625
10.21,129.069946289063,254.032163619995,-3.310546875
10.211666666666666,129.086898803711,254.037672042847,-3.306884765625
10.213333333333333,129.103851318359,254.043180465698,-3.30120849609375
10.215,129.12077331543,254.048612594604,-3.28985595703125
10.216666666666667,129.137725830078,254.053846359253,-3.2750244140625
10.218333333333334,129.154647827148,254.058866500854,-3.2607421875
10.22,129.171615600586,254.063856124878,-3.2479248046875
10.221666666666666,129.188537597656,254.06902885437,-3.2384033203125
10.223333333333333,129.205490112305,254.074460983276,-3.236572265625
10.225,129.222442626953,254.080213546753,-3.2427978515625
10.226666666666667,129.239364624023,254.086210250854,-3.24993896484375
10.228333333333333,129.256286621094,254.092191696167,-3.25048828125
10.23,129.273239135742,254.097913742065,-3.24407958984375
10.231666666666667,129.29020690918,254.103452682495,-3.23382568359375
10.233333333333333,129.30712890625,254.109113693237,-3.22119140625
10.235,129.324081420898,254.115125656128,-3.2091064453125
10.236666666666666,129.341003417969,254.121412277222,-3.20159912109375
10.238333333333333,129.357955932617,254.127759933472,-3.20159912109375
10.24,129.374877929688,254.134061813354,-3.2091064453125
10.241666666666667,129.391799926758,254.140195846558,-3.22174072265625
10.243333333333334,129.408767700195,254.146039962769,-3.2362060546875
10.245,129.425689697266,254.151395797729,-3.2490234375
10.246666666666666,129.442611694336,254.156141281128,-3.25909423828125
10.248333333333333,129.459533691406,254.160429000854,-3.2666015625
10.25,129.476455688477,254.164625167847,-3.2724609375
10.251666666666667,129.493377685547,254.169065475464,-3.27777099609375
10.253333333333334,129.510299682617,254.17384147644,-3.28289794921875
10.255,129.527267456055,254.17872428894,-3.287841796875
10.256666666666666,129.544158935547,254.183561325073,-3.29150390625
10.258333333333333,129.561080932617,254.188383102417,-3.293701171875
10.26,129.578033447266,254.193342208862,-3.29425048828125
10.261666666666667,129.594924926758,254.198514938354,-3.29205322265625
10.263333333333334,129.611877441406,254.203916549683,-3.28692626953125
10.265,129.628814697266,254.209638595581,-3.28033447265625
10.266666666666667,129.645706176758,254.215635299683,-3.2735595703125
10.268333333333333,129.662628173828,254.221708297729,-3.2655029296875
10.27,129.679550170898,254.227674484253,-3.255615234375
10.271666666666667,129.696472167969,254.233533859253,-3.24517822265625
10.273333333333333,129.713394165039,254.239286422729,-3.2340087890625
10.275,129.730316162109,254.244779586792,-3.2208251953125
10.276666666666667,129.747253417969,254.25001335144,-3.204345703125
10.278333333333334,129.764144897461,254.255125045776,-3.18658447265625
10.28,129.781066894531,254.260328292847,-3.17120361328125
10.281666666666666,129.797958374023,254.265714645386,-3.1611328125
10.283333333333333,129.814849853516,254.271253585815,-3.15911865234375
10.285,129.831741333008,254.276853561401,-3.1651611328125
10.286666666666667,129.8486328125,254.282423019409,-3.17779541015625
10.288333333333334,129.865570068359,254.288007736206,-3.1962890625
10.29,129.882461547852,254.293684005737,-3.21807861328125
10.291666666666666,129.899353027344,254.299451828003,-3.239501953125
10.293333333333333,129.916275024414,254.305311203003,-3.25653076171875
10.295,129.933166503906,254.311246871948,-3.26934814453125
10.296666666666667,129.950057983398,254.317167282104,-3.28326416015625
10.298333333333334,129.966949462891,254.322904586792,-3.30084228515625
10.3,129.98388671875,254.328321456909,-3.3175048828125
10.301666666666666,130.000778198242,254.333387374878,-3.32574462890625
10.303333333333333,130.017669677734,254.338193893433,-3.32391357421875
10.305,130.034591674805,254.342939376831,-3.3160400390625
10.306666666666667,130.051483154297,254.347822189331,-3.3057861328125
10.308333333333334,130.068374633789,254.353010177612,-3.29681396484375
10.31,130.085296630859,254.358335494995,-3.29132080078125
10.311666666666667,130.102203369141,254.363492965698,-3.28875732421875
10.313333333333333,130.119094848633,254.36834526062,-3.28564453125
10.315,130.135986328125,254.372953414917,-3.27996826171875
10.316666666666666,130.152908325195,254.377515792847,-3.2735595703125
10.318333333333333,130.169799804688,254.382154464722,-3.267333984375
10.32,130.18669128418,254.386960983276,-3.261474609375
10.321666666666667,130.203598022461,254.392026901245,-3.25616455078125
10.323333333333334,130.220520019531,254.397489547729,-3.251220703125
10.325,130.237442016602,254.403455734253,-3.246826171875
10.326666666666666,130.254364013672,254.409803390503,-3.24444580078125
10.328333333333333,130.271286010742,254.416212081909,-3.245361328125
10.33,130.288208007813,254.422498703003,-3.2479248046875
10.331666666666667,130.305130004883,254.428602218628,-3.24920654296875
10.333333333333334,130.322067260742,254.43458366394,-3.2501220703125
10.335,130.339019775391,254.44044303894,-3.25213623046875
10.336666666666666,130.355941772461,254.446287155151,-3.25616455078125
10.338333333333333,130.372863769531,254.45232963562,-3.2618408203125
10.34,130.389785766602,254.458631515503,-3.26678466796875
10.341666666666667,130.406707763672,254.464841842651,-3.26788330078125
10.343333333333334,130.423629760742,254.470487594604,-3.26568603515625
10.345,130.440567016602,254.475507736206,-3.2640380859375
10.346666666666666,130.457489013672,254.480253219604,-3.26568603515625
10.348333333333333,130.474411010742,254.485120773315,-3.27008056640625
10.35,130.491333007813,254.490369796753,-3.27374267578125
10.351666666666667,130.508255004883,254.495985031128,-3.27703857421875
10.353333333333333,130.525177001953,254.501737594604,-3.2823486328125
10.355,130.542098999023,254.50733757019,-3.29168701171875
10.356666666666667,130.559036254883,254.512617111206,-3.30487060546875
10.358333333333333,130.575958251953,254.517576217651,-3.318603515625
10.36,130.592849731445,254.522291183472,-3.3292236328125
10.361666666666666,130.609771728516,254.526914596558,-3.333251953125
10.363333333333333,130.626693725586,254.531675338745,-3.33050537109375
10.365,130.643585205078,254.536649703979,-3.3226318359375
10.366666666666667,130.660507202148,254.541822433472,-3.3116455078125
10.368333333333334,130.677474975586,254.5472240448,-3.29974365234375
10.37,130.694366455078,254.552869796753,-3.289306640625
10.371666666666666,130.711288452148,254.558668136597,-3.27886962890625
10.373333333333333,130.728210449219,254.564451217651,-3.2677001953125
10.375,130.745132446289,254.570295333862,-3.2567138671875
10.376666666666667,130.762023925781,254.576322555542,-3.24920654296875
10.378333333333334,130.77897644043,254.582593917847,-3.24591064453125
10.38,130.795913696289,254.588987350464,-3.24334716796875
10.381666666666666,130.812835693359,254.595136642456,-3.23968505859375
10.383333333333333,130.82975769043,254.600645065308,-3.23785400390625
10.385,130.8466796875,254.605527877808,-3.239501953125
10.386666666666667,130.86360168457,254.610197067261,-3.24224853515625
10.388333333333334,130.880523681641,254.615079879761,-3.2413330078125
10.39,130.897445678711,254.620328903198,-3.23583984375
10.391666666666667,130.914352416992,254.625822067261,-3.22686767578125
10.393333333333333,130.931304931641,254.631422042847,-3.21807861328125
10.395,130.948226928711,254.637022018433,-3.21295166015625
10.396666666666667,130.965148925781,254.642652511597,-3.2120361328125
10.398333333333333,130.982040405273,254.648359298706,-3.21478271484375
10.4,130.998962402344,254.654066085815,-3.22119140625
10.401666666666667,131.015899658203,254.659589767456,-3.2318115234375
10.403333333333334,131.032821655273,254.66473197937,-3.24517822265625
10.405,131.049743652344,254.669569015503,-3.25653076171875
10.406666666666666,131.066635131836,254.674375534058,-3.26165771484375
10.408333333333333,131.083526611328,254.679426193237,-3.258544921875
10.41,131.10041809082,254.684782028198,-3.24847412109375
10.411666666666667,131.117309570313,254.690320968628,-3.2354736328125
10.413333333333334,131.134246826172,254.695737838745,-3.2237548828125
10.415,131.151138305664,254.700910568237,-3.2149658203125
10.416666666666666,131.168029785156,254.705976486206,-3.2069091796875
10.418333333333333,131.184921264648,254.711210250854,-3.19757080078125
10.42,131.201812744141,254.716779708862,-3.18511962890625
10.421666666666667,131.218704223633,254.722608566284,-3.17047119140625
10.423333333333334,131.235595703125,254.728605270386,-3.1585693359375
10.425,131.252502441406,254.734663009644,-3.15399169921875
10.426666666666666,131.269393920898,254.740446090698,-3.15509033203125
10.428333333333333,131.286285400391,254.745695114136,-3.1578369140625
10.43,131.303176879883,254.750364303589,-3.15875244140625
10.431666666666667,131.320068359375,254.754774093628,-3.1571044921875
10.433333333333334,131.336959838867,254.759275436401,-3.15380859375
10.435,131.353851318359,254.764158248901,-3.15069580078125
10.436666666666667,131.370758056641,254.769483566284,-3.14849853515625
10.438333333333333,131.387649536133,254.775007247925,-3.14483642578125
10.44,131.404541015625,254.780515670776,-3.136962890625
10.441666666666666,131.421463012695,254.786008834839,-3.1263427734375
10.443333333333333,131.438354492188,254.791608810425,-3.11956787109375
10.445,131.45524597168,254.797346115112,-3.12322998046875
10.446666666666667,131.472152709961,254.803052902222,-3.13568115234375
10.448333333333334,131.489044189453,254.80845451355,-3.150146484375
10.45,131.505935668945,254.813367843628,-3.1600341796875
10.451666666666666,131.522857666016,254.817930221558,-3.16351318359375
10.453333333333333,131.539749145508,254.822492599487,-3.1614990234375
10.455,131.556610107422,254.827314376831,-3.1578369140625
10.456666666666667,131.573532104492,254.832365036011,-3.15509033203125
10.458333333333334,131.590438842773,254.837537765503,-3.15472412109375
10.46,131.607330322266,254.84278678894,-3.1552734375
10.461666666666666,131.624221801758,254.848020553589,-3.1519775390625
10.463333333333333,131.64111328125,254.853193283081,-3.1431884765625
10.465,131.657974243164,254.858350753784,-3.13092041015625
10.466666666666667,131.674865722656,254.863477706909,-3.1197509765625
10.468333333333334,131.691757202148,254.868452072144,-3.1131591796875
10.47,131.70866394043,254.873350143433,-3.1124267578125
10.471666666666666,131.725555419922,254.878309249878,-3.117919921875
10.473333333333333,131.742446899414,254.883420944214,-3.128173828125
10.475,131.759338378906,254.888639450073,-3.13916015625
10.476666666666667,131.776229858398,254.893980026245,-3.14630126953125
10.478333333333333,131.793121337891,254.899396896362,-3.147216796875
10.48,131.810012817383,254.904722213745,-3.1439208984375
10.481666666666667,131.826919555664,254.909772872925,-3.13897705078125
10.483333333333333,131.843811035156,254.914594650269,-3.13458251953125
10.485,131.860702514648,254.919553756714,-3.13201904296875
10.486666666666666,131.877593994141,254.925001144409,-3.1336669921875
10.488333333333333,131.894485473633,254.930875778198,-3.14117431640625
10.49,131.911407470703,254.936887741089,-3.15509033203125
10.491666666666667,131.928298950195,254.942762374878,-3.17303466796875
10.493333333333334,131.945236206055,254.948408126831,-3.19171142578125
10.495,131.962127685547,254.953779220581,-3.20855712890625
10.496666666666666,131.979019165039,254.958890914917,-3.2222900390625
10.498333333333333,131.995910644531,254.963834762573,-3.23291015625
10.5,132.012832641602,254.968870162964,-3.242431640625
10.501666666666667,132.029724121094,254.974149703979,-3.2545166015625
10.503333333333334,132.046630859375,254.979444503784,-3.27410888671875
10.505,132.063552856445,254.984540939331,-3.29937744140625
10.506666666666666,132.080444335938,254.989515304565,-3.322265625
10.508333333333333,132.097366333008,254.99464225769,-3.3358154296875
10.51,132.1142578125,254.999876022339,-3.3402099609375
10.511666666666667,132.131149291992,255.00506401062,-3.33929443359375
10.513333333333334,132.148071289063,255.010190963745,-3.33673095703125
10.515,132.165008544922,255.015455245972,-3.334716796875
10.516666666666667,132.181900024414,255.020872116089,-3.334716796875
10.518333333333333,132.198791503906,255.026350021362,-3.3369140625
10.52,132.215713500977,255.03175163269,-3.34149169921875
10.521666666666667,132.232635498047,255.037000656128,-3.34881591796875
10.523333333333333,132.249526977539,255.042097091675,-3.35943603515625
10.525,132.266448974609,255.0472240448,-3.3709716796875
10.526666666666667,132.283355712891,255.052610397339,-3.375732421875
10.528333333333334,132.300247192383,255.058485031128,-3.3695068359375
10.53,132.317169189453,255.064817428589,-3.3592529296875
10.531666666666666,132.334060668945,255.071378707886,-3.3544921875
10.533333333333333,132.350952148438,255.077787399292,-3.3592529296875
10.535,132.367874145508,255.083906173706,-3.37042236328125
10.536666666666667,132.384796142578,255.089872360229,-3.3841552734375
10.538333333333334,132.401702880859,255.095838546753,-3.3973388671875
10.54,132.41862487793,255.101774215698,-3.40777587890625
10.541666666666666,132.435516357422,255.107740402222,-3.41290283203125
10.543333333333333,132.452407836914,255.113996505737,-3.41326904296875
10.545,132.469329833984,255.120862960815,-3.41363525390625
10.546666666666667,132.486251831055,255.128141403198,-3.41839599609375
10.548333333333334,132.503143310547,255.135206222534,-3.42828369140625
10.55,132.520080566406,255.14146232605,-3.438720703125
10.551666666666666,132.536972045898,255.146802902222,-3.44677734375
10.553333333333333,132.553863525391,255.151624679565,-3.45098876953125
10.555,132.570785522461,255.156370162964,-3.45098876953125
10.556666666666667,132.587677001953,255.16131401062,-3.44586181640625
10.558333333333334,132.604598999023,255.166532516479,-3.4376220703125
10.56,132.621505737305,255.17205619812,-3.42864990234375
10.561666666666667,132.638397216797,255.177854537964,-3.42205810546875
10.563333333333333,132.655395507813,255.183790206909,-3.42022705078125
10.565,132.672378540039,255.189725875854,-3.4251708984375
10.566666666666666,132.689376831055,255.195508956909,-3.434326171875
10.568333333333333,132.70637512207,255.20086479187,-3.4405517578125
10.57,132.723403930664,255.205793380737,-3.43597412109375
10.571666666666667,132.74040222168,255.210813522339,-3.41949462890625
10.573333333333334,132.757400512695,255.216428756714,-3.39715576171875
10.575,132.774398803711,255.222700119019,-3.37738037109375
10.576666666666666,132.791397094727,255.229276657104,-3.364013671875
10.578333333333333,132.808395385742,255.235792160034,-3.35577392578125
10.58,132.825393676758,255.242002487183,-3.3519287109375
10.581666666666667,132.842346191406,255.247816085815,-3.35137939453125
10.583333333333334,132.859344482422,255.2532787323,-3.35101318359375
10.585,132.876342773438,255.258588790894,-3.3453369140625
10.586666666666666,132.893310546875,255.263914108276,-3.32940673828125
10.588333333333333,132.910308837891,255.269407272339,-3.3076171875
10.59,132.927307128906,255.275205612183,-3.29022216796875
10.591666666666667,132.944274902344,255.281202316284,-3.28656005859375
10.593333333333334,132.961273193359,255.287107467651,-3.29736328125
10.595,132.978271484375,255.292646408081,-3.3167724609375
10.596666666666666,132.995254516602,255.297773361206,-3.3380126953125
10.598333333333333,133.012222290039,255.302610397339,-3.3555908203125
10.6,133.029220581055,255.307340621948,-3.36822509765625
10.601666666666667,133.04621887207,255.312070846558,-3.3768310546875
10.603333333333333,133.063217163086,255.316923141479,-3.38287353515625
10.605,133.080215454102,255.322019577026,-3.3863525390625
10.606666666666667,133.097183227539,255.327527999878,-3.38653564453125
10.608333333333333,133.114181518555,255.333417892456,-3.38580322265625
10.61,133.13117980957,255.339323043823,-3.39056396484375
10.611666666666666,133.148178100586,255.344816207886,-3.4031982421875
10.613333333333333,133.165161132813,255.349775314331,-3.4171142578125
10.615,133.182159423828,255.354475021362,-3.42498779296875
10.616666666666667,133.199127197266,255.35923576355,-3.42352294921875
10.618333333333334,133.216125488281,255.364240646362,-3.41455078125
10.62,133.233123779297,255.369520187378,-3.40045166015625
10.621666666666666,133.250091552734,255.375165939331,-3.38360595703125
10.623333333333333,133.26708984375,255.381055831909,-3.368408203125
10.625,133.284088134766,255.386991500854,-3.35870361328125
10.626666666666667,133.301055908203,255.392774581909,-3.35540771484375
10.628333333333334,133.318054199219,255.398313522339,-3.35723876953125
10.63,133.335006713867,255.403776168823,-3.36016845703125
10.631666666666666,133.351974487305,255.409391403198,-3.36016845703125
10.633333333333333,133.368942260742,255.415342330933,-3.3585205078125
10.635,133.385940551758,255.421583175659,-3.35888671875
10.636666666666667,133.402908325195,255.428022384644,-3.36383056640625
10.638333333333334,133.419906616211,255.434537887573,-3.3724365234375
10.64,133.436874389648,255.440946578979,-3.38323974609375
10.641666666666667,133.453872680664,255.447217941284,-3.3955078125
10.643333333333333,133.470840454102,255.453458786011,-3.41180419921875
10.645,133.48779296875,255.459760665894,-3.43084716796875
10.646666666666667,133.504760742188,255.465986251831,-3.4482421875
10.648333333333333,133.521759033203,255.471937179565,-3.459228515625
10.65,133.538726806641,255.477659225464,-3.46527099609375
10.651666666666667,133.555694580078,255.48341178894,-3.472412109375
10.653333333333334,133.572662353516,255.489393234253,-3.48394775390625
10.655,133.589660644531,255.495573043823,-3.50006103515625
10.656666666666666,133.606628417969,255.501844406128,-3.51763916015625
10.658333333333333,133.623596191406,255.50799369812,-3.53338623046875
10.66,133.640594482422,255.513822555542,-3.544189453125
10.661666666666667,133.657577514648,255.519163131714,-3.54931640625
10.663333333333334,133.674545288086,255.523969650269,-3.548583984375
10.665,133.691543579102,255.528516769409,-3.544189453125
10.666666666666666,133.708541870117,255.533170700073,-3.53814697265625
10.668333333333333,133.725509643555,255.538206100464,-3.53448486328125
10.67,133.74250793457,255.543684005737,-3.5364990234375
10.671666666666667,133.759475708008,255.549421310425,-3.542724609375
10.673333333333334,133.776473999023,255.555219650269,-3.54876708984375
10.675,133.793441772461,255.561079025269,-3.55133056640625
10.676666666666666,133.810394287109,255.567014694214,-3.55078125
10.678333333333333,133.827392578125,255.572965621948,-3.54803466796875
10.68,133.844360351563,255.578809738159,-3.5445556640625
10.681666666666667,133.861358642578,255.584547042847,-3.54144287109375
10.683333333333334,133.878326416016,255.590299606323,-3.53704833984375
10.685,133.895294189453,255.596387863159,-3.52935791015625
10.686666666666667,133.912261962891,255.602827072144,-3.52001953125
10.688333333333333,133.929229736328,255.609373092651,-3.5130615234375
10.69,133.946197509766,255.615797042847,-3.50921630859375
10.691666666666666,133.963150024414,255.622190475464,-3.50482177734375
10.693333333333333,133.980117797852,255.628690719604,-3.49566650390625
10.695,133.997055053711,255.635145187378,-3.48284912109375
10.696666666666667,134.014022827148,255.641447067261,-3.47076416015625
10.698333333333334,134.030990600586,255.647611618042,-3.462158203125
10.7,134.047958374023,255.653684616089,-3.45703125
10.701666666666666,134.064895629883,255.659589767456,-3.454833984375
10.703333333333333,134.08186340332,255.665296554565,-3.4573974609375
10.705,134.098831176758,255.670881271362,-3.4676513671875
10.706666666666667,134.115783691406,255.676404953003,-3.48175048828125
10.708333333333334,134.132720947266,255.681837081909,-3.492919921875
10.71,134.149688720703,255.687314987183,-3.495849609375
10.711666666666666,134.166656494141,255.693021774292,-3.4910888671875
10.713333333333333,134.18359375,255.699003219604,-3.4833984375
10.715,134.200561523438,255.705121994019,-3.4771728515625
10.716666666666667,134.217529296875,255.7112865448,-3.473876953125
10.718333333333334,134.234497070313,255.717481613159,-3.47314453125
10.72,134.25146484375,255.723691940308,-3.4735107421875
10.721666666666666,134.26838684082,255.729917526245,-3.47442626953125
10.723333333333333,134.285354614258,255.736066818237,-3.47589111328125
10.725,134.302291870117,255.741971969604,-3.476806640625
10.726666666666667,134.319259643555,255.74757194519,-3.47222900390625
10.728333333333333,134.336227416992,255.753095626831,-3.4599609375
10.73,134.353164672852,255.758741378784,-3.44219970703125
10.731666666666667,134.370132446289,255.764371871948,-3.42315673828125
10.733333333333333,134.387100219727,255.769727706909,-3.40557861328125
10.735,134.404037475586,255.774717330933,-3.3907470703125
10.736666666666666,134.420989990234,255.779630661011,-3.38031005859375
10.738333333333333,134.437927246094,255.784803390503,-3.3720703125
10.74,134.454864501953,255.790357589722,-3.36236572265625
10.741666666666667,134.471832275391,255.79607963562,-3.34954833984375
10.743333333333334,134.48876953125,255.801725387573,-3.3350830078125
10.745,134.505706787109,255.807279586792,-3.32281494140625
10.746666666666666,134.522644042969,255.812940597534,-3.31494140625
10.748333333333333,134.539581298828,255.818662643433,-3.31256103515625
10.75,134.556503295898,255.824247360229,-3.3160400390625
10.751666666666667,134.573471069336,255.829526901245,-3.321533203125
10.753333333333334,134.590408325195,255.834608078003,-3.32427978515625
10.755,134.607345581055,255.83970451355,-3.3218994140625
10.756666666666666,134.624313354492,255.844984054565,-3.31622314453125
10.758333333333333,134.641250610352,255.850568771362,-3.309814453125
10.76,134.658218383789,255.856443405151,-3.3046875
10.761666666666667,134.675155639648,255.862424850464,-3.3021240234375
10.763333333333334,134.692123413086,255.86834526062,-3.3028564453125
10.765,134.709045410156,255.87420463562,-3.3079833984375
10.766666666666667,134.725982666016,255.880033493042,-3.31915283203125
10.768333333333333,134.742950439453,255.885740280151,-3.3358154296875
10.77,134.759887695313,255.891157150269,-3.35284423828125
10.771666666666667,134.776824951172,255.896223068237,-3.3662109375
10.773333333333333,134.793792724609,255.90106010437,-3.37664794921875
10.775,134.810729980469,255.905988693237,-3.3870849609375
10.776666666666667,134.827697753906,255.911252975464,-3.39935302734375
10.778333333333334,134.844619750977,255.916837692261,-3.412353515625
10.78,134.861587524414,255.922452926636,-3.425537109375
10.781666666666666,134.878555297852,255.927808761597,-3.43798828125
10.783333333333333,134.895492553711,255.932813644409,-3.44952392578125
10.785,134.912460327148,255.93751335144,-3.45977783203125
10.786666666666667,134.929428100586,255.942197799683,-3.46893310546875
10.788333333333334,134.946365356445,255.94712638855,-3.47735595703125
10.79,134.963302612305,255.952451705933,-3.4844970703125
10.791666666666666,134.980270385742,255.958173751831,-3.4896240234375
10.793333333333333,134.997192382813,255.964109420776,-3.49346923828125
10.795,135.01416015625,255.970045089722,-3.495849609375
10.796666666666667,135.031097412109,255.975828170776,-3.49530029296875
10.798333333333334,135.048065185547,255.981473922729,-3.48834228515625
10.8,135.065002441406,255.987104415894,-3.4742431640625
10.801666666666666,135.081970214844,255.992872238159,-3.45703125
10.803333333333333,135.098907470703,255.998868942261,-3.44476318359375
10.805,135.115875244141,256.005155563354,-3.441650390625
10.806666666666667,135.132843017578,256.01173210144,-3.4453125
10.808333333333334,135.149765014648,256.01856803894,-3.4522705078125
10.81,135.166732788086,256.025556564331,-3.4617919921875
10.811666666666667,135.183670043945,256.032499313354,-3.474609375
10.813333333333333,135.200637817383,256.039258956909,-3.49090576171875
10.815,135.217575073242,256.04575920105,-3.50830078125
10.816666666666666,135.23454284668,256.051984786987,-3.52349853515625
10.818333333333333,135.251510620117,256.057996749878,-3.53485107421875
10.82,135.268447875977,256.063993453979,-3.54290771484375
10.821666666666667,135.285415649414,256.070264816284,-3.551513671875
10.823333333333334,135.302368164063,256.076856613159,-3.56304931640625
10.825,135.319305419922,256.083539962769,-3.5782470703125
10.826666666666666,135.336273193359,256.090040206909,-3.59637451171875
10.828333333333333,135.353210449219,256.096357345581,-3.615966796875
10.83,135.370178222656,256.10272026062,-3.63592529296875
10.831666666666667,135.387145996094,256.109037399292,-3.65313720703125
10.833333333333334,135.404113769531,256.115049362183,-3.6639404296875
10.835,135.421051025391,256.120649337769,-3.6690673828125
10.836666666666666,135.438003540039,256.125928878784,-3.6734619140625
10.838333333333333,135.454940795898,256.130979537964,-3.681884765625
10.84,135.471908569336,256.135679244995,-3.693603515625
10.841666666666667,135.488876342773,256.140089035034,-3.70587158203125
10.843333333333334,135.505813598633,256.144529342651,-3.71612548828125
10.845,135.52278137207,256.149488449097,-3.7232666015625
10.846666666666666,135.53971862793,256.155149459839,-3.725830078125
10.848333333333333,135.556686401367,256.16131401062,-3.7232666015625
10.85,135.573654174805,256.167722702026,-3.71539306640625
10.851666666666667,135.590576171875,256.174222946167,-3.70294189453125
10.853333333333333,135.607543945313,256.180707931519,-3.6881103515625
10.855,135.62451171875,256.187131881714,-3.67529296875
10.856666666666667,135.641448974609,256.193418502808,-3.66998291015625
10.858333333333333,135.658416748047,256.199613571167,-3.6756591796875
10.86,135.675384521484,256.205823898315,-3.69012451171875
10.861666666666666,135.692321777344,256.212080001831,-3.7064208984375
10.863333333333333,135.709259033203,256.218412399292,-3.71649169921875
10.865,135.726226806641,256.224729537964,-3.71923828125
10.866666666666667,135.743148803711,256.231000900269,-3.71868896484375
10.868333333333334,135.760116577148,256.237211227417,-3.7188720703125
10.87,135.777084350586,256.243528366089,-3.71905517578125
10.871666666666666,135.794021606445,256.250120162964,-3.71722412109375
10.873333333333333,135.810989379883,256.256879806519,-3.71539306640625
10.875,135.82795715332,256.263502120972,-3.717041015625
10.876666666666667,135.84489440918,256.269865036011,-3.7236328125
10.878333333333334,135.861862182617,256.276166915894,-3.7353515625
10.88,135.878784179688,256.282651901245,-3.750732421875
10.881666666666666,135.895751953125,256.289274215698,-3.77069091796875
10.883333333333333,135.912689208984,256.295927047729,-3.7939453125
10.885,135.929656982422,256.302549362183,-3.8173828125
10.886666666666667,135.946594238281,256.309141159058,-3.8338623046875
10.888333333333334,135.963562011719,256.315641403198,-3.83880615234375
10.89,135.980499267578,256.322004318237,-3.83587646484375
10.891666666666667,135.997467041016,256.328184127808,-3.83331298828125
10.893333333333333,136.014404296875,256.334135055542,-3.83624267578125
10.895,136.031356811523,256.339841842651,-3.84393310546875
10.896666666666667,136.048324584961,256.345533370972,-3.85089111328125
10.898333333333333,136.06526184082,256.351591110229,-3.8521728515625
10.9,136.08219909668,256.358289718628,-3.84466552734375
10.901666666666667,136.099166870117,256.365507125854,-3.82855224609375
10.903333333333334,136.116104125977,256.372861862183,-3.806396484375
10.905,136.133041381836,256.379972457886,-3.782958984375
10.906666666666666,136.150009155273,256.386793136597,-3.76483154296875
10.908333333333333,136.166946411133,256.393430709839,-3.75567626953125
10.91,136.183868408203,256.399946212769,-3.7554931640625
10.911666666666667,136.200805664063,256.406278610229,-3.7606201171875
10.913333333333334,136.217742919922,256.412488937378,-3.76666259765625
10.915,136.234710693359,256.418653488159,-3.771240234375
10.916666666666666,136.251647949219,256.424802780151,-3.7745361328125
10.918333333333333,136.268585205078,256.430952072144,-3.7774658203125
10.92,136.285522460938,256.437208175659,-3.77838134765625
10.921666666666667,136.302459716797,256.44354057312,-3.77618408203125
10.923333333333334,136.319381713867,256.449903488159,-3.774169921875
10.925,136.336349487305,256.456251144409,-3.77618408203125
10.926666666666666,136.353286743164,256.462644577026,-3.7825927734375
10.928333333333333,136.370223999023,256.468976974487,-3.7884521484375
10.93,136.387161254883,256.475049972534,-3.78955078125
10.931666666666667,136.404098510742,256.48097038269,-3.78460693359375
10.933333333333334,136.421005249023,256.48716545105,-3.77691650390625
10.935,136.437942504883,256.493909835815,-3.7723388671875
10.936666666666667,136.454864501953,256.501035690308,-3.77471923828125
10.938333333333333,136.471801757813,256.508039474487,-3.78131103515625
10.94,136.488739013672,256.514432907104,-3.78314208984375
10.941666666666666,136.505676269531,256.520002365112,-3.77362060546875
10.943333333333333,136.522613525391,256.524869918823,-3.75439453125
10.945,136.539520263672,256.529279708862,-3.73333740234375
10.946666666666667,136.556457519531,256.533658981323,-3.71795654296875
10.948333333333334,136.573425292969,256.538465499878,-3.7100830078125
10.95,136.590362548828,256.543973922729,-3.7071533203125
10.951666666666666,136.607284545898,256.550168991089,-3.705322265625
10.953333333333333,136.624221801758,256.556913375854,-3.70147705078125
10.955,136.641128540039,256.564008712769,-3.69415283203125
10.956666666666667,136.658065795898,256.57114982605,-3.685546875
10.958333333333334,136.675003051758,256.578046798706,-3.68115234375
10.96,136.691909790039,256.58465385437,-3.68426513671875
10.961666666666666,136.708847045898,256.591032028198,-3.692138671875
10.963333333333333,136.72575378418,256.597333908081,-3.699462890625
10.965,136.74267578125,256.603788375854,-3.70001220703125
10.966666666666667,136.759613037109,256.610609054565,-3.69342041015625
10.968333333333334,136.776519775391,256.617765426636,-3.6837158203125
10.97,136.79345703125,256.624845504761,-3.6785888671875
10.971666666666666,136.810394287109,256.631437301636,-3.68316650390625
10.973333333333333,136.827301025391,256.63738822937,-3.6947021484375
10.975,136.84423828125,256.6429271698,-3.70404052734375
10.976666666666667,136.861175537109,256.648496627808,-3.70367431640625
10.978333333333333,136.878067016602,256.654401779175,-3.69561767578125
10.98,136.895004272461,256.660642623901,-3.6888427734375
10.981666666666667,136.91194152832,256.66685295105,-3.6917724609375
10.983333333333333,136.928848266602,256.672758102417,-3.7056884765625
10.985,136.945755004883,256.678373336792,-3.7269287109375
10.986666666666666,136.962692260742,256.683973312378,-3.75238037109375
10.988333333333333,136.979598999023,256.6898021698,-3.7781982421875
10.99,136.996536254883,256.695966720581,-3.79888916015625
10.991666666666667,137.013427734375,256.702360153198,-3.81005859375
10.993333333333334,137.030364990234,256.708723068237,-3.80950927734375
10.995,137.047271728516,256.714735031128,-3.79833984375
10.996666666666666,137.064208984375,256.720335006714,-3.77947998046875
10.998333333333333,137.081115722656,256.725782394409,-3.7591552734375
11,137.098052978516,256.731565475464,-3.7437744140625
11.001666666666667,137.114959716797,256.73797416687,-3.73626708984375
11.003333333333334,137.131881713867,256.744886398315,-3.73681640625
11.005,137.148788452148,256.751829147339,-3.74212646484375
11.006666666666666,137.16569519043,256.758237838745,-3.747802734375
11.008333333333333,137.182632446289,256.764036178589,-3.7503662109375
11.01,137.19953918457,256.769620895386,-3.7489013671875
11.011666666666667,137.216445922852,256.775526046753,-3.7481689453125
11.013333333333334,137.233352661133,256.781980514526,-3.753662109375
11.015,137.250259399414,256.788862228394,-3.7679443359375
11.016666666666667,137.267181396484,256.795835494995,-3.7880859375
11.018333333333333,137.284088134766,256.802549362183,-3.80767822265625
11.02,137.301025390625,256.809003829956,-3.8221435546875
11.021666666666667,137.317932128906,256.81544303894,-3.83148193359375
11.023333333333333,137.334838867188,256.822080612183,-3.8397216796875
11.025,137.351745605469,256.828809738159,-3.8492431640625
11.026666666666667,137.36865234375,256.835447311401,-3.85986328125
11.028333333333334,137.385559082031,256.84197807312,-3.86865234375
11.03,137.402450561523,256.848508834839,-3.873779296875
11.031666666666666,137.419357299805,256.855039596558,-3.8759765625
11.033333333333333,137.436264038086,256.861478805542,-3.87744140625
11.035,137.453170776367,256.867628097534,-3.878173828125
11.036666666666667,137.470077514648,256.873441696167,-3.87872314453125
11.038333333333334,137.48698425293,256.878965377808,-3.8807373046875
11.04,137.503890991211,256.884412765503,-3.8851318359375
11.041666666666666,137.520782470703,256.890027999878,-3.888427734375
11.043333333333333,137.537689208984,256.89600944519,-3.88787841796875
11.045,137.554626464844,256.902433395386,-3.88458251953125
11.046666666666667,137.571533203125,256.909177780151,-3.8836669921875
11.048333333333334,137.588439941406,256.916105270386,-3.89044189453125
11.05,137.605377197266,256.923139572144,-3.90472412109375
11.051666666666666,137.622283935547,256.930173873901,-3.92047119140625
11.053333333333333,137.639190673828,256.93719291687,-3.93017578125
11.055,137.65608215332,256.944242477417,-3.9320068359375
11.056666666666667,137.672988891602,256.951383590698,-3.93035888671875
11.058333333333334,137.689895629883,256.958600997925,-3.929443359375
11.06,137.706802368164,256.965803146362,-3.9320068359375
11.061666666666667,137.723709106445,256.972913742065,-3.9378662109375
11.063333333333333,137.740615844727,256.979932785034,-3.94464111328125
11.065,137.757553100586,256.98682975769,-3.9488525390625
11.066666666666666,137.774459838867,256.993528366089,-3.95050048828125
11.068333333333333,137.791351318359,257.000028610229,-3.952880859375
11.07,137.808258056641,257.00636100769,-3.9580078125
11.071666666666667,137.8251953125,257.012617111206,-3.9656982421875
11.073333333333334,137.842102050781,257.018964767456,-3.9759521484375
11.075,137.859008789063,257.025480270386,-3.9898681640625
11.076666666666666,137.875915527344,257.031904220581,-4.00799560546875
11.078333333333333,137.892822265625,257.037961959839,-4.02923583984375
11.08,137.909698486328,257.043729782104,-4.05267333984375
11.081666666666667,137.92658996582,257.049543380737,-4.0770263671875
11.083333333333334,137.94352722168,257.055601119995,-4.099365234375
11.085,137.960433959961,257.061964035034,-4.1162109375
11.086666666666666,137.977340698242,257.068601608276,-4.12481689453125
11.088333333333333,137.994247436523,257.075468063354,-4.12481689453125
11.09,138.011154174805,257.082441329956,-4.1187744140625
11.091666666666667,138.028060913086,257.089429855347,-4.11090087890625
11.093333333333334,138.044982910156,257.096326828003,-4.10577392578125
11.095,138.061889648438,257.10304069519,-4.1033935546875
11.096666666666666,138.078796386719,257.109647750854,-4.1011962890625
11.098333333333333,138.095703125,257.11639213562,-4.0968017578125
11.1,138.112640380859,257.123289108276,-4.0909423828125
11.101666666666667,138.129547119141,257.130216598511,-4.0858154296875
11.103333333333333,138.146453857422,257.137159347534,-4.08197021484375
11.105,138.163360595703,257.144163131714,-4.077392578125
11.106666666666667,138.180252075195,257.151151657104,-4.06951904296875
11.108333333333333,138.197189331055,257.158018112183,-4.06072998046875
11.11,138.214096069336,257.164854049683,-4.05615234375
11.111666666666666,138.231002807617,257.171812057495,-4.0587158203125
11.113333333333333,138.247940063477,257.178983688354,-4.06640625
11.115,138.264846801758,257.186368942261,-4.07464599609375
11.116666666666667,138.281753540039,257.193967819214,-4.08270263671875
11.118333333333334,138.29866027832,257.201627731323,-4.0938720703125
11.12,138.315551757813,257.209211349487,-4.10980224609375
11.121666666666666,138.332458496094,257.216688156128,-4.12774658203125
11.123333333333333,138.349395751953,257.224164962769,-4.14385986328125
11.125,138.366302490234,257.231641769409,-4.156494140625
11.126666666666667,138.383209228516,257.239027023315,-4.165283203125
11.128333333333334,138.400115966797,257.246168136597,-4.17059326171875
11.13,138.417022705078,257.252912521362,-4.1715087890625
11.131666666666666,138.433883666992,257.259336471558,-4.1678466796875
11.133333333333333,138.450790405273,257.265714645386,-4.1619873046875
11.135,138.467697143555,257.27232170105,-4.15960693359375
11.136666666666667,138.484603881836,257.279142379761,-4.16436767578125
11.138333333333334,138.501480102539,257.286008834839,-4.17352294921875
11.14,138.51838684082,257.292783737183,-4.18157958984375
11.141666666666667,138.535293579102,257.299512863159,-4.18853759765625
11.143333333333333,138.552200317383,257.306287765503,-4.19549560546875
11.145,138.569091796875,257.313077926636,-4.19989013671875
11.146666666666667,138.585998535156,257.319715499878,-4.1971435546875
11.148333333333333,138.602905273438,257.325956344604,-4.189453125
11.15,138.619812011719,257.331922531128,-4.1817626953125
11.151666666666667,138.636688232422,257.338041305542,-4.17645263671875
11.153333333333334,138.653594970703,257.34458732605,-4.17352294921875
11.155,138.670501708984,257.351484298706,-4.17242431640625
11.156666666666666,138.687362670898,257.358518600464,-4.17205810546875
11.158333333333333,138.70426940918,257.365705490112,-4.17132568359375
11.16,138.721176147461,257.37306022644,-4.17242431640625
11.161666666666667,138.738082885742,257.380445480347,-4.17755126953125
11.163333333333334,138.754989624023,257.38770866394,-4.1865234375
11.165,138.771896362305,257.394865036011,-4.19732666015625
11.166666666666666,138.788803100586,257.401975631714,-4.209228515625
11.168333333333333,138.805709838867,257.409070968628,-4.22259521484375
11.17,138.822601318359,257.416151046753,-4.2352294921875
11.171666666666667,138.839508056641,257.423093795776,-4.24456787109375
11.173333333333334,138.856414794922,257.429761886597,-4.250244140625
11.175,138.873291015625,257.436262130737,-4.25189208984375
11.176666666666666,138.890197753906,257.442960739136,-4.24969482421875
11.178333333333333,138.907073974609,257.450071334839,-4.24456787109375
11.18,138.923980712891,257.457441329956,-4.23724365234375
11.181666666666667,138.940841674805,257.46485710144,-4.22808837890625
11.183333333333334,138.957748413086,257.472333908081,-4.21728515625
11.185,138.974624633789,257.4798412323,-4.2059326171875
11.186666666666667,138.99153137207,257.487150192261,-4.19696044921875
11.188333333333333,139.008407592773,257.493925094604,-4.19512939453125
11.19,139.025314331055,257.500272750854,-4.20245361328125
11.191666666666666,139.042190551758,257.506498336792,-4.21380615234375
11.193333333333333,139.059020996094,257.512891769409,-4.22039794921875
11.195,139.075897216797,257.519605636597,-4.21929931640625
11.196666666666667,139.092803955078,257.526685714722,-4.2132568359375
11.198333333333334,139.109680175781,257.53404045105,-4.20611572265625
11.2,139.126556396484,257.541578292847,-4.1982421875
11.201666666666666,139.143432617188,257.54932975769,-4.1898193359375
11.203333333333333,139.160308837891,257.557340621948,-4.18414306640625
11.205,139.177169799805,257.565565109253,-4.184326171875
11.206666666666667,139.194046020508,257.573942184448,-4.19036865234375
11.208333333333334,139.210922241211,257.582410812378,-4.19915771484375
11.21,139.227798461914,257.590909957886,-4.20684814453125
11.211666666666666,139.244674682617,257.599103927612,-4.2117919921875
11.213333333333333,139.26155090332,257.60662651062,-4.21728515625
11.215,139.278457641602,257.613523483276,-4.2286376953125
11.216666666666667,139.295333862305,257.620038986206,-4.24749755859375
11.218333333333334,139.312194824219,257.626462936401,-4.2685546875
11.22,139.329071044922,257.632856369019,-4.2864990234375
11.221666666666666,139.345977783203,257.639112472534,-4.29986572265625
11.223333333333333,139.362854003906,257.645124435425,-4.3092041015625
11.225,139.379730224609,257.650953292847,-4.31341552734375
11.226666666666667,139.396606445313,257.656782150269,-4.31414794921875
11.228333333333333,139.413513183594,257.662824630737,-4.3172607421875
11.23,139.430374145508,257.669309616089,-4.3282470703125
11.231666666666667,139.447250366211,257.676160812378,-4.3447265625
11.233333333333333,139.464126586914,257.683073043823,-4.36212158203125
11.235,139.481002807617,257.689741134644,-4.37860107421875
11.236666666666666,139.497909545898,257.696195602417,-4.39361572265625
11.238333333333333,139.514785766602,257.702589035034,-4.40625
11.24,139.531692504883,257.709028244019,-4.415771484375
11.241666666666667,139.548553466797,257.715559005737,-4.42327880859375
11.243333333333334,139.5654296875,257.722211837769,-4.42950439453125
11.245,139.582336425781,257.729124069214,-4.43426513671875
11.246666666666666,139.599212646484,257.736402511597,-4.436279296875
11.248333333333333,139.616088867188,257.744062423706,-4.43316650390625
11.25,139.632965087891,257.751905441284,-4.4241943359375
11.251666666666667,139.649841308594,257.759641647339,-4.41064453125
11.253333333333334,139.666702270508,257.767133712769,-4.396728515625
11.255,139.683578491211,257.774534225464,-4.3883056640625
11.256666666666666,139.700454711914,257.782148361206,-4.38665771484375
11.258333333333333,139.717330932617,257.79022026062,-4.38958740234375
11.26,139.73420715332,257.798673629761,-4.39251708984375
11.261666666666667,139.751113891602,257.807279586792,-4.3934326171875
11.263333333333334,139.767959594727,257.815763473511,-4.3941650390625
11.265,139.784820556641,257.823957443237,-4.39764404296875
11.266666666666667,139.801696777344,257.831785202026,-4.4044189453125
11.268333333333333,139.818572998047,257.839353561401,-4.41339111328125
11.27,139.83544921875,257.846921920776,-4.42327880859375
11.271666666666667,139.852355957031,257.854612350464,-4.43133544921875
11.273333333333333,139.869232177734,257.862333297729,-4.43572998046875
11.275,139.886108398438,257.870008468628,-4.43682861328125
11.276666666666667,139.902969360352,257.877775192261,-4.4373779296875
11.278333333333334,139.919876098633,257.885740280151,-4.43829345703125
11.28,139.936782836914,257.893873214722,-4.4403076171875
11.281666666666666,139.953659057617,257.902021408081,-4.44451904296875
11.283333333333333,139.970565795898,257.910184860229,-4.4512939453125
11.285,139.98747253418,257.918455123901,-4.459716796875
11.286666666666667,140.004348754883,257.926862716675,-4.4674072265625
11.288333333333334,140.021255493164,257.935255050659,-4.4725341796875
11.29,140.038116455078,257.94337272644,-4.472900390625
11.291666666666666,140.055023193359,257.951093673706,-4.46978759765625
11.293333333333333,140.071929931641,257.958463668823,-4.4681396484375
11.295,140.088806152344,257.965497970581,-4.4703369140625
11.296666666666667,140.105712890625,257.972318649292,-4.472900390625
11.298333333333334,140.122619628906,257.979078292847,-4.469970703125
11.3,140.139526367188,257.985837936401,-4.458251953125
11.301666666666666,140.15641784668,257.992506027222,-4.4403076171875
11.303333333333333,140.173324584961,257.998975753784,-4.42144775390625
11.305,140.190200805664,258.005292892456,-4.40643310546875
11.306666666666667,140.207107543945,258.011594772339,-4.3963623046875
11.308333333333334,140.224014282227,258.017988204956,-4.39013671875
11.31,140.240921020508,258.024564743042,-4.38427734375
11.311666666666667,140.257827758789,258.03143119812,-4.37713623046875
11.313333333333333,140.274688720703,258.03858757019,-4.37017822265625
11.315,140.291595458984,258.045804977417,-4.3663330078125
11.316666666666666,140.308471679688,258.052808761597,-4.365966796875
11.318333333333333,140.325378417969,258.059522628784,-4.365966796875
11.32,140.342254638672,258.066053390503,-4.3634033203125
11.321666666666667,140.359161376953,258.0726146698,-4.35699462890625
11.323333333333334,140.376037597656,258.079404830933,-4.34783935546875
11.325,140.392944335938,258.086500167847,-4.33758544921875
11.326666666666666,140.409805297852,258.093854904175,-4.32843017578125
11.328333333333333,140.426712036133,258.101408004761,-4.32073974609375
11.33,140.443588256836,258.109113693237,-4.31341552734375
11.331666666666667,140.460494995117,258.116804122925,-4.308837890625
11.333333333333334,140.477401733398,258.124387741089,-4.30865478515625
11.335,140.494277954102,258.131986618042,-4.31195068359375
11.336666666666666,140.511154174805,258.13966178894,-4.31671142578125
11.338333333333333,140.528045654297,258.147275924683,-4.3209228515625
11.34,140.544921875,258.1546459198,-4.32550048828125
11.341666666666667,140.561798095703,258.161741256714,-4.332275390625
11.343333333333334,140.578704833984,258.168699264526,-4.34381103515625
11.345,140.595581054688,258.175733566284,-4.3590087890625
11.346666666666666,140.612487792969,258.1829662323,-4.3740234375
11.348333333333333,140.62939453125,258.190320968628,-4.3853759765625
11.35,140.646255493164,258.197629928589,-4.3934326171875
11.351666666666667,140.663162231445,258.204710006714,-4.39910888671875
11.353333333333333,140.680068969727,258.211683273315,-4.40167236328125
11.355,140.697021484375,258.218793869019,-4.40057373046875
11.356666666666667,140.713912963867,258.226194381714,-4.39837646484375
11.358333333333333,140.730819702148,258.233839035034,-4.39947509765625
11.36,140.747741699219,258.241605758667,-4.4051513671875
11.361666666666666,140.764633178711,258.249357223511,-4.41339111328125
11.363333333333333,140.781539916992,258.256956100464,-4.41943359375
11.365,140.798431396484,258.26434135437,-4.42071533203125
11.366666666666667,140.815322875977,258.271650314331,-4.41778564453125
11.368333333333334,140.832214355469,258.27915763855,-4.41375732421875
11.37,140.84912109375,258.286924362183,-4.41119384765625
11.371666666666666,140.866012573242,258.294706344604,-4.41119384765625
11.373333333333333,140.882904052734,258.302442550659,-4.41485595703125
11.375,140.899780273438,258.310148239136,-4.420166015625
11.376666666666667,140.91667175293,258.317792892456,-4.42218017578125
11.378333333333334,140.933563232422,258.325223922729,-4.4176025390625
11.38,140.950439453125,258.332395553589,-4.40826416015625
11.381666666666666,140.967330932617,258.33953666687,-4.3978271484375
11.383333333333333,140.984222412109,258.34686088562,-4.3883056640625
11.385,141.001083374023,258.354490280151,-4.38079833984375
11.386666666666667,141.017959594727,258.362226486206,-4.37713623046875
11.388333333333334,141.034851074219,258.369794845581,-4.37786865234375
11.39,141.051712036133,258.377042770386,-4.38226318359375
11.391666666666667,141.068588256836,258.384107589722,-4.38720703125
11.393333333333333,141.085479736328,258.391157150269,-4.3919677734375
11.395,141.102340698242,258.398237228394,-4.3956298828125
11.396666666666667,141.119216918945,258.405302047729,-4.39801025390625
11.398333333333333,141.136108398438,258.412336349487,-4.39947509765625
11.4,141.152969360352,258.419431686401,-4.401123046875
11.401666666666667,141.169845581055,258.42661857605,-4.40313720703125
11.403333333333334,141.186737060547,258.433835983276,-4.40606689453125
11.405,141.203598022461,258.440900802612,-4.41119384765625
11.406666666666666,141.220458984375,258.447797775269,-4.41998291015625
11.408333333333333,141.2373046875,258.454648971558,-4.43316650390625
11.41,141.254165649414,258.461668014526,-4.44964599609375
11.411666666666667,141.271057128906,258.469007492065,-4.467041015625
11.413333333333334,141.287902832031,258.476713180542,-4.48406982421875
11.415,141.304763793945,258.484708786011,-4.4974365234375
11.416666666666666,141.321624755859,258.492734909058,-4.50531005859375
11.418333333333333,141.338470458984,258.50050163269,-4.50787353515625
11.42,141.355331420898,258.507795333862,-4.5084228515625
11.421666666666667,141.372222900391,258.514631271362,-4.51043701171875
11.423333333333334,141.389068603516,258.521131515503,-4.5146484375
11.425,141.40592956543,258.527433395386,-4.519775390625
11.426666666666666,141.422790527344,258.533765792847,-4.52215576171875
11.428333333333333,141.439682006836,258.540494918823,-4.5230712890625
11.43,141.456527709961,258.547788619995,-4.5260009765625
11.431666666666667,141.473388671875,258.555509567261,-4.53497314453125
11.433333333333334,141.490249633789,258.563230514526,-4.54888916015625
11.435,141.507095336914,258.570707321167,-4.565185546875
11.436666666666667,141.523986816406,258.57798576355,-4.58056640625
11.438333333333333,141.54084777832,258.585294723511,-4.59246826171875
11.44,141.557693481445,258.592817306519,-4.60015869140625
11.441666666666666,141.574554443359,258.60059928894,-4.60418701171875
11.443333333333333,141.591415405273,258.608533859253,-4.60675048828125
11.445,141.608261108398,258.616529464722,-4.609130859375
11.446666666666667,141.625122070313,258.624555587769,-4.6131591796875
11.448333333333334,141.642013549805,258.63267326355,-4.62030029296875
11.45,141.658874511719,258.641080856323,-4.63018798828125
11.451666666666666,141.675750732422,258.649961471558,-4.64044189453125
11.453333333333333,141.692611694336,258.659177780151,-4.64739990234375
11.455,141.709503173828,258.668378829956,-4.64849853515625
11.456666666666667,141.726348876953,258.677228927612,-4.64410400390625
11.458333333333334,141.743209838867,258.685590744019,-4.64007568359375
11.46,141.760101318359,258.693449020386,-4.642822265625
11.461666666666666,141.776977539063,258.700925827026,-4.6549072265625
11.463333333333333,141.793838500977,258.708265304565,-4.6739501953125
11.465,141.810729980469,258.715757369995,-4.69683837890625
11.466666666666667,141.827575683594,258.723508834839,-4.7215576171875
11.468333333333334,141.844436645508,258.731336593628,-4.745361328125
11.47,141.861328125,258.739149093628,-4.76385498046875
11.471666666666666,141.878219604492,258.746961593628,-4.7742919921875
11.473333333333333,141.895065307617,258.754957199097,-4.7772216796875
11.475,141.911956787109,258.763181686401,-4.77960205078125
11.476666666666667,141.928817749023,258.771589279175,-4.78765869140625
11.478333333333333,141.945663452148,258.779951095581,-4.80194091796875
11.48,141.962554931641,258.788007736206,-4.817138671875
11.481666666666667,141.979446411133,258.795682907104,-4.82867431640625
11.483333333333333,141.996292114258,258.803113937378,-4.834716796875
11.485,142.01318359375,258.810514450073,-4.83544921875
11.486666666666666,142.030075073242,258.817930221558,-4.830322265625
11.488333333333333,142.046936035156,258.825330734253,-4.81988525390625
11.49,142.063812255859,258.832822799683,-4.80706787109375
11.491666666666667,142.080703735352,258.840497970581,-4.7933349609375
11.493333333333334,142.097625732422,258.848371505737,-4.77850341796875
11.495,142.114471435547,258.856290817261,-4.763671875
11.496666666666666,142.131362915039,258.864088058472,-4.75048828125
11.498333333333333,142.148254394531,258.871717453003,-4.74169921875
11.5,142.165130615234,258.87940788269,-4.73785400390625
11.501666666666667,142.182022094727,258.887403488159,-4.73712158203125
11.503333333333334,142.198913574219,258.895704269409,-4.7340087890625
11.505,142.215805053711,258.904127120972,-4.724853515625
11.506666666666666,142.232681274414,258.912534713745,-4.70947265625
11.508333333333333,142.249542236328,258.920896530151,-4.69189453125
11.51,142.26643371582,258.92921257019,-4.6787109375
11.511666666666667,142.283309936523,258.937482833862,-4.673583984375
11.513333333333334,142.300201416016,258.945646286011,-4.67724609375
11.515,142.317092895508,258.953611373901,-4.6856689453125
11.516666666666667,142.333938598633,258.961530685425,-4.69537353515625
11.518333333333333,142.350830078125,258.969678878784,-4.70416259765625
11.52,142.367721557617,258.978147506714,-4.713134765625
11.521666666666667,142.384613037109,258.986722946167,-4.72430419921875
11.523333333333333,142.401458740234,258.995206832886,-4.73785400390625
11.525,142.418350219727,259.003492355347,-4.7508544921875
11.526666666666667,142.435241699219,259.011487960815,-4.7607421875
11.528333333333334,142.452087402344,259.01905632019,-4.7691650390625
11.53,142.468978881836,259.026212692261,-4.77850341796875
11.531666666666666,142.48583984375,259.033262252808,-4.78582763671875
11.533333333333333,142.502716064453,259.040525436401,-4.7874755859375
11.535,142.519577026367,259.048170089722,-4.78326416015625
11.536666666666667,142.536468505859,259.056150436401,-4.77813720703125
11.538333333333334,142.553314208984,259.064252853394,-4.77593994140625
11.54,142.570205688477,259.072370529175,-4.7764892578125
11.541666666666666,142.587066650391,259.080411911011,-4.776123046875
11.543333333333333,142.603958129883,259.088209152222,-4.7724609375
11.545,142.620803833008,259.095426559448,-4.7669677734375
11.546666666666667,142.637664794922,259.102003097534,-4.76220703125
11.548333333333334,142.654556274414,259.108213424683,-4.757080078125
11.55,142.671401977539,259.114500045776,-4.7471923828125
11.551666666666666,142.688293457031,259.121229171753,-4.7325439453125
11.553333333333333,142.705154418945,259.128614425659,-4.7171630859375
11.555,142.722030639648,259.13673210144,-4.70526123046875
11.556666666666667,142.738891601563,259.145429611206,-4.69775390625
11.558333333333334,142.755783081055,259.154462814331,-4.6922607421875
11.56,142.772644042969,259.163602828979,-4.686767578125
11.561666666666667,142.789520263672,259.17271232605,-4.6820068359375
11.563333333333333,142.806381225586,259.181699752808,-4.67926025390625
11.565,142.823272705078,259.190504074097,-4.67706298828125
11.566666666666666,142.840118408203,259.199018478394,-4.67413330078125
11.568333333333333,142.857009887695,259.207242965698,-4.6732177734375
11.57,142.873870849609,259.215360641479,-4.680908203125
11.571666666666667,142.890716552734,259.223539352417,-4.70068359375
11.573333333333334,142.907577514648,259.231641769409,-4.72979736328125
11.575,142.924438476563,259.239454269409,-4.76055908203125
11.576666666666666,142.941314697266,259.246976852417,-4.7860107421875
11.578333333333333,142.95817565918,259.254468917847,-4.80120849609375
11.58,142.975036621094,259.262083053589,-4.80615234375
11.581666666666667,142.991897583008,259.269758224487,-4.80303955078125
11.583333333333334,143.008743286133,259.277418136597,-4.7969970703125
11.585,143.025634765625,259.285108566284,-4.7933349609375
11.586666666666666,143.042495727539,259.292951583862,-4.79754638671875
11.588333333333333,143.059341430664,259.300977706909,-4.80999755859375
11.59,143.076232910156,259.308958053589,-4.8284912109375
11.591666666666667,143.09309387207,259.316495895386,-4.8475341796875
11.593333333333334,143.109970092773,259.3235912323,-4.861083984375
11.595,143.126831054688,259.33057975769,-4.86419677734375
11.596666666666666,143.143692016602,259.33775138855,-4.85504150390625
11.598333333333333,143.160568237305,259.345090866089,-4.8358154296875
11.6,143.177429199219,259.35255241394,-4.81182861328125
11.601666666666667,143.194290161133,259.360242843628,-4.789306640625
11.603333333333333,143.211151123047,259.368314743042,-4.77301025390625
11.605,143.227996826172,259.376661300659,-4.76531982421875
11.606666666666667,143.244857788086,259.384962081909,-4.7666015625
11.608333333333333,143.26171875,259.393003463745,-4.7764892578125
11.61,143.278564453125,259.400922775269,-4.79095458984375
11.611666666666666,143.295425415039,259.409132003784,-4.80303955078125
11.613333333333333,143.312286376953,259.417936325073,-4.8079833984375
11.615,143.329132080078,259.427412033081,-4.80889892578125
11.616666666666667,143.345993041992,259.437238693237,-4.81182861328125
11.618333333333334,143.362854003906,259.447004318237,-4.82025146484375
11.62,143.379699707031,259.456251144409,-4.83270263671875
11.621666666666666,143.396560668945,259.464765548706,-4.847900390625
11.623333333333333,143.413421630859,259.472623825073,-4.86566162109375
11.625,143.430236816406,259.48016166687,-4.883056640625
11.626666666666667,143.44709777832,259.4876537323,-4.89495849609375
11.628333333333334,143.463958740234,259.495222091675,-4.8984375
11.63,143.480819702148,259.502836227417,-4.89569091796875
11.631666666666666,143.497634887695,259.510587692261,-4.89385986328125
11.633333333333333,143.514495849609,259.518461227417,-4.89990234375
11.635,143.531356811523,259.526319503784,-4.91180419921875
11.636666666666667,143.54817199707,259.533964157104,-4.92425537109375
11.638333333333334,143.565032958984,259.541318893433,-4.93505859375
11.64,143.58186340332,259.548414230347,-4.94677734375
11.641666666666667,143.598709106445,259.555448532104,-4.959228515625
11.643333333333333,143.615570068359,259.562711715698,-4.96746826171875
11.645,143.632400512695,259.570463180542,-4.96636962890625
11.646666666666667,143.64924621582,259.578809738159,-4.95721435546875
11.648333333333333,143.666107177734,259.587720870972,-4.9456787109375
11.65,143.68293762207,259.597059249878,-4.93743896484375
11.651666666666667,143.699783325195,259.606489181519,-4.93304443359375
11.653333333333334,143.716644287109,259.615613937378,-4.929931640625
11.655,143.733474731445,259.62420463562,-4.92535400390625
11.656666666666666,143.75032043457,259.632383346558,-4.915283203125
11.658333333333333,143.767150878906,259.640439987183,-4.89862060546875
11.66,143.78401184082,259.648664474487,-4.878662109375
11.661666666666667,143.800842285156,259.657194137573,-4.8621826171875
11.663333333333334,143.817657470703,259.666074752808,-4.853759765625
11.665,143.834518432617,259.675230026245,-4.853759765625
11.666666666666666,143.851348876953,259.684339523315,-4.86199951171875
11.668333333333333,143.868194580078,259.693021774292,-4.87664794921875
11.67,143.885025024414,259.701154708862,-4.89349365234375
11.671666666666667,143.90185546875,259.708951950073,-4.9072265625
11.673333333333334,143.918670654297,259.716779708862,-4.91473388671875
11.675,143.935531616211,259.724821090698,-4.9178466796875
11.676666666666666,143.952362060547,259.732908248901,-4.91949462890625
11.678333333333333,143.969177246094,259.740934371948,-4.92242431640625
11.68,143.985977172852,259.749006271362,-4.92974853515625
11.681666666666667,144.002807617188,259.757322311401,-4.94384765625
11.683333333333334,144.019622802734,259.765821456909,-4.963623046875
11.685,144.03645324707,259.774198532104,-4.98486328125
11.686666666666667,144.053283691406,259.782178878784,-5.001708984375
11.688333333333333,144.070098876953,259.789762496948,-5.00830078125
11.69,144.086929321289,259.797101974487,-5.00225830078125
11.691666666666666,144.103759765625,259.804456710815,-4.985595703125
11.693333333333333,144.120574951172,259.812009811401,-4.9661865234375
11.695,144.137405395508,259.819959640503,-4.9522705078125
11.696666666666667,144.154235839844,259.828382492065,-4.9478759765625
11.698333333333334,144.171051025391,259.837018966675,-4.94989013671875
11.7,144.187850952148,259.845457077026,-4.95172119140625
11.701666666666666,144.204681396484,259.853559494019,-4.948974609375
11.703333333333333,144.221466064453,259.861433029175,-4.94073486328125
11.705,144.238296508789,259.869245529175,-4.92626953125
11.706666666666667,144.255096435547,259.877103805542,-4.9053955078125
11.708333333333334,144.271911621094,259.885328292847,-4.88360595703125
11.71,144.28874206543,259.894041061401,-4.8702392578125
11.711666666666666,144.305572509766,259.90301322937,-4.87042236328125
11.713333333333333,144.322387695313,259.911771774292,-4.87957763671875
11.715,144.339218139648,259.920148849487,-4.88983154296875
11.716666666666667,144.356048583984,259.928281784058,-4.89678955078125
11.718333333333334,144.37287902832,259.936277389526,-4.9031982421875
11.72,144.389694213867,259.944166183472,-4.91143798828125
11.721666666666666,144.406524658203,259.952131271362,-4.92041015625
11.723333333333333,144.423324584961,259.960401535034,-4.9273681640625
11.725,144.440139770508,259.969083786011,-4.93304443359375
11.726666666666667,144.456970214844,259.978116989136,-4.94036865234375
11.728333333333333,144.47380065918,259.987272262573,-4.94989013671875
11.73,144.490585327148,259.996168136597,-4.96142578125
11.731666666666667,144.507415771484,260.00457572937,-4.97552490234375
11.733333333333333,144.524215698242,260.012525558472,-4.99237060546875
11.735,144.541030883789,260.020338058472,-5.0072021484375
11.736666666666666,144.557861328125,260.028303146362,-5.0123291015625
11.738333333333333,144.574661254883,260.036527633667,-5.00537109375
11.74,144.59147644043,260.044874191284,-4.99383544921875
11.741666666666667,144.608276367188,260.0530834198,-4.98760986328125
11.743333333333334,144.625106811523,260.061079025269,-4.98980712890625
11.745,144.641891479492,260.068922042847,-4.99749755859375
11.746666666666666,144.658721923828,260.076597213745,-5.0064697265625
11.748333333333333,144.675552368164,260.084012985229,-5.0152587890625
11.75,144.692367553711,260.091306686401,-5.0203857421875
11.751666666666667,144.709167480469,260.098875045776,-5.02056884765625
11.753333333333334,144.726058959961,260.107023239136,-5.017822265625
11.755,144.742950439453,260.1155834198,-5.01800537109375
11.756666666666666,144.759857177734,260.124265670776,-5.0233154296875
11.758333333333333,144.776779174805,260.132886886597,-5.03118896484375
11.76,144.793701171875,260.141508102417,-5.03887939453125
11.761666666666667,144.810623168945,260.150220870972,-5.045654296875
11.763333333333334,144.827545166016,260.15904045105,-5.0489501953125
11.765,144.844467163086,260.167936325073,-5.0474853515625
11.766666666666667,144.861373901367,260.176908493042,-5.03997802734375
11.768333333333333,144.878265380859,260.1858959198,-5.02606201171875
11.77,144.89518737793,260.194669723511,-5.00738525390625
11.771666666666667,144.912109375,260.203214645386,-4.99017333984375
11.773333333333333,144.92903137207,260.211729049683,-4.97991943359375
11.775,144.945953369141,260.220487594604,-4.97882080078125
11.776666666666667,144.962860107422,260.229276657104,-4.98321533203125
11.778333333333334,144.979782104492,260.2376537323,-4.98870849609375
11.78,144.996704101563,260.245496749878,-4.991455078125
11.781666666666666,145.013626098633,260.253171920776,-4.99053955078125
11.783333333333333,145.030548095703,260.2610912323,-4.9866943359375
11.785,145.047470092773,260.269376754761,-4.98211669921875
11.786666666666667,145.064392089844,260.277891159058,-4.978271484375
11.788333333333334,145.081298828125,260.286451339722,-4.97698974609375
11.79,145.098220825195,260.295042037964,-4.97900390625
11.791666666666666,145.115142822266,260.303693771362,-4.98394775390625
11.793333333333333,145.132064819336,260.312421798706,-4.9896240234375
11.795,145.148956298828,260.321165084839,-4.9940185546875
11.796666666666667,145.165908813477,260.32993888855,-4.9976806640625
11.798333333333334,145.18278503418,260.338758468628,-5.001708984375
11.8,145.19970703125,260.347547531128,-5.00811767578125
11.801666666666666,145.216598510742,260.356184005737,-5.01507568359375
11.803333333333333,145.233520507813,260.364637374878,-5.01873779296875
11.805,145.250411987305,260.372877120972,-5.01544189453125
11.806666666666667,145.267333984375,260.381025314331,-5.00592041015625
11.808333333333334,145.284240722656,260.389081954956,-4.99346923828125
11.81,145.301132202148,260.396955490112,-4.98138427734375
11.811666666666667,145.318054199219,260.404554367065,-4.97149658203125
11.813333333333333,145.334945678711,260.412015914917,-4.96234130859375
11.815,145.351867675781,260.419569015503,-4.951904296875
11.816666666666666,145.368759155273,260.42742729187,-4.9398193359375
11.818333333333333,145.385665893555,260.435606002808,-4.93194580078125
11.82,145.402587890625,260.44402885437,-4.93450927734375
11.821666666666667,145.419479370117,260.452482223511,-4.94677734375
11.823333333333334,145.436401367188,260.460752487183,-4.96142578125
11.825,145.45329284668,260.468641281128,-4.97039794921875
11.826666666666666,145.47021484375,260.47625541687,-4.97113037109375
11.828333333333333,145.487091064453,260.483777999878,-4.966552734375
11.83,145.504013061523,260.491346359253,-4.96234130859375
11.831666666666667,145.520935058594,260.498929977417,-4.9599609375
11.833333333333334,145.537857055664,260.506635665894,-4.9581298828125
11.835,145.554748535156,260.514677047729,-4.956298828125
11.836666666666666,145.571670532227,260.523191452026,-4.9544677734375
11.838333333333333,145.58854675293,260.532056808472,-4.9500732421875
11.84,145.605438232422,260.541074752808,-4.940185546875
11.841666666666667,145.622360229492,260.550230026245,-4.92535400390625
11.843333333333334,145.639251708984,260.55943107605,-4.907958984375
11.845,145.656143188477,260.568449020386,-4.8896484375
11.846666666666666,145.673034667969,260.576993942261,-4.87261962890625
11.848333333333333,145.68994140625,260.585096359253,-4.8592529296875
11.85,145.706832885742,260.593030929565,-4.8526611328125
11.851666666666667,145.723724365234,260.601011276245,-4.85614013671875
11.853333333333333,145.740615844727,260.608961105347,-4.86859130859375
11.855,145.757507324219,260.616743087769,-4.88397216796875
11.856666666666667,145.774383544922,260.624387741089,-4.894775390625
11.858333333333333,145.791275024414,260.632139205933,-4.89642333984375
11.86,145.808166503906,260.640272140503,-4.88946533203125
11.861666666666666,145.825057983398,260.648862838745,-4.87628173828125
11.863333333333333,145.841918945313,260.65772819519,-4.8614501953125
11.865,145.858810424805,260.666624069214,-4.8497314453125
11.866666666666667,145.875686645508,260.675291061401,-4.84515380859375
11.868333333333334,145.892578125,260.683637619019,-4.84698486328125
11.87,145.909469604492,260.691770553589,-4.85211181640625
11.871666666666666,145.926330566406,260.699979782104,-4.857421875
11.873333333333333,145.943222045898,260.708372116089,-4.86126708984375
11.875,145.960098266602,260.716871261597,-4.86309814453125
11.876666666666667,145.976959228516,260.72544670105,-4.8621826171875
11.878333333333334,145.993850708008,260.734037399292,-4.85888671875
11.88,146.010711669922,260.742444992065,-4.8544921875
11.881666666666666,146.027603149414,260.750440597534,-4.85009765625
11.883333333333333,146.044448852539,260.75799369812,-4.84552001953125
11.885,146.061340332031,260.765180587769,-4.84112548828125
11.886666666666667,146.078231811523,260.772108078003,-4.83892822265625
11.888333333333334,146.095123291016,260.778928756714,-4.84295654296875
11.89,146.112014770508,260.785963058472,-4.85467529296875
11.891666666666667,146.12890625,260.79347038269,-4.87042236328125
11.893333333333333,146.145782470703,260.801633834839,-4.88397216796875
11.895,146.162643432617,260.810270309448,-4.89312744140625
11.896666666666667,146.179534912109,260.819013595581,-4.9010009765625
11.898333333333333,146.196426391602,260.827466964722,-4.91107177734375
11.9,146.213287353516,260.83546257019,-4.92333984375
11.901666666666667,146.230163574219,260.843061447144,-4.93560791015625
11.903333333333334,146.247055053711,260.850385665894,-4.94549560546875
11.905,146.263916015625,260.85760307312,-4.953369140625
11.906666666666666,146.280807495117,260.864896774292,-4.96051025390625
11.908333333333333,146.297698974609,260.872404098511,-4.96856689453125
11.91,146.314544677734,260.880170822144,-4.9764404296875
11.911666666666667,146.331436157227,260.888120651245,-4.97991943359375
11.913333333333334,146.348297119141,260.896131515503,-4.97296142578125
11.915,146.365188598633,260.904035568237,-4.954833984375
11.916666666666666,146.382049560547,260.911893844604,-4.93084716796875
11.918333333333333,146.398941040039,260.919858932495,-4.90594482421875
11.92,146.415786743164,260.928098678589,-4.88323974609375
11.921666666666667,146.432678222656,260.936597824097,-4.86749267578125
11.923333333333334,146.44953918457,260.945249557495,-4.86309814453125
11.925,146.466430664063,260.954023361206,-4.86767578125
11.926666666666666,146.483322143555,260.962858200073,-4.87408447265625
11.928333333333333,146.500198364258,260.97169303894,-4.8760986328125
11.93,146.517059326172,260.980573654175,-4.8731689453125
11.931666666666667,146.533950805664,260.989652633667,-4.86676025390625
11.933333333333334,146.550842285156,260.998899459839,-4.86016845703125
11.935,146.567733764648,261.008008956909,-4.85467529296875
11.936666666666667,146.584625244141,261.016721725464,-4.85174560546875
11.938333333333333,146.601501464844,261.025159835815,-4.85137939453125
11.94,146.618392944336,261.033643722534,-4.85430908203125
11.941666666666666,146.635284423828,261.042417526245,-4.86181640625
11.943333333333333,146.65217590332,261.051572799683,-4.87445068359375
11.945,146.669067382813,261.060987472534,-4.8914794921875
11.946666666666667,146.685943603516,261.070508956909,-4.91015625
11.948333333333334,146.702835083008,261.079999923706,-4.9273681640625
11.95,146.7197265625,261.089338302612,-4.94293212890625
11.951666666666666,146.736618041992,261.098340988159,-4.959228515625
11.953333333333333,146.753509521484,261.106763839722,-4.97845458984375
11.955,146.770431518555,261.114393234253,-4.99951171875
11.956666666666667,146.787307739258,261.12127494812,-5.02056884765625
11.958333333333334,146.80419921875,261.127775192261,-5.0390625
11.96,146.821090698242,261.134275436401,-5.05279541015625
11.961666666666666,146.838012695313,261.1409740448,-5.0577392578125
11.963333333333333,146.854904174805,261.148069381714,-5.05316162109375
11.965,146.871780395508,261.155698776245,-5.04327392578125
11.966666666666667,146.888702392578,261.163633346558,-5.03265380859375
11.968333333333334,146.90559387207,261.171354293823,-5.02496337890625
11.97,146.922485351563,261.178449630737,-5.0218505859375
11.971666666666666,146.939376831055,261.185026168823,-5.02093505859375
11.973333333333333,146.956268310547,261.191526412964,-5.0159912109375
11.975,146.97314453125,261.198484420776,-5.00335693359375
11.976666666666667,146.990036010742,261.206190109253,-4.987060546875
11.978333333333333,147.006927490234,261.214582443237,-4.9742431640625
11.98,147.023818969727,261.223295211792,-4.96746826171875
11.981666666666667,147.040710449219,261.231992721558,-4.96435546875
11.983333333333333,147.057601928711,261.240613937378,-4.96160888671875
11.985,147.074478149414,261.249265670776,-4.957763671875
11.986666666666666,147.091400146484,261.258008956909,-4.9541015625
11.988333333333333,147.108291625977,261.26678276062,-4.95098876953125
11.99,147.125183105469,261.275510787964,-4.9456787109375
11.991666666666667,147.142074584961,261.284315109253,-4.93707275390625
11.993333333333334,147.158950805664,261.293439865112,-4.928466796875
11.995,147.175842285156,261.302991867065,-4.92572021484375
11.996666666666666,147.192733764648,261.312757492065,-4.93304443359375
11.998333333333333,147.209625244141,261.322416305542,-4.9493408203125
12,147.226516723633,261.331815719604,-4.96929931640625
12.001666666666667,147.243438720703,261.340925216675,-4.98870849609375
12.003333333333334,147.260314941406,261.349576950073,-5.0057373046875
12.005,147.277206420898,261.357694625854,-5.01800537109375
12.006666666666666,147.294097900391,261.365522384644,-5.02294921875
12.008333333333333,147.310989379883,261.373411178589,-5.0244140625
12.01,147.327880859375,261.381605148315,-5.03082275390625
12.011666666666667,147.344772338867,261.390180587769,-5.0482177734375
12.013333333333334,147.36164855957,261.398984909058,-5.0738525390625
12.015,147.378540039063,261.407651901245,-5.09967041015625
12.016666666666667,147.395431518555,261.415845870972,-5.11798095703125
12.018333333333333,147.412322998047,261.423597335815,-5.12493896484375
12.02,147.429214477539,261.431241989136,-5.12127685546875
12.021666666666667,147.446090698242,261.439115524292,-5.111572265625
12.023333333333333,147.462951660156,261.447340011597,-5.1009521484375
12.025,147.479843139648,261.455884933472,-5.09307861328125
12.026666666666667,147.496734619141,261.464719772339,-5.0892333984375
12.028333333333334,147.513626098633,261.473829269409,-5.08941650390625
12.03,147.530517578125,261.48309135437,-5.0928955078125
12.031666666666666,147.54736328125,261.492139816284,-5.09747314453125
12.033333333333333,147.564254760742,261.500761032104,-5.09783935546875
12.035,147.581146240234,261.509046554565,-5.08795166015625
12.036666666666667,147.598037719727,261.517240524292,-5.0672607421875
12.038333333333334,147.614929199219,261.525480270386,-5.04254150390625
12.04,147.631805419922,261.533720016479,-5.02130126953125
12.041666666666666,147.648696899414,261.541883468628,-5.00537109375
12.043333333333333,147.665588378906,261.550001144409,-4.99310302734375
12.045,147.682479858398,261.55811882019,-4.985595703125
12.046666666666667,147.699371337891,261.566236495972,-4.98284912109375
12.048333333333334,147.716262817383,261.574277877808,-4.981201171875
12.05,147.733139038086,261.582334518433,-4.9764404296875
12.051666666666666,147.750030517578,261.590589523315,-4.96563720703125
12.053333333333333,147.76692199707,261.59913444519,-4.95025634765625
12.055,147.783813476563,261.607847213745,-4.93450927734375
12.056666666666667,147.800704956055,261.616498947144,-4.92498779296875
12.058333333333334,147.817611694336,261.624982833862,-4.924072265625
12.06,147.834503173828,261.633268356323,-4.93011474609375
12.061666666666667,147.85139465332,261.641355514526,-4.9383544921875
12.063333333333333,147.868286132813,261.649259567261,-4.9453125
12.065,147.885177612305,261.657072067261,-4.95062255859375
12.066666666666666,147.902069091797,261.665037155151,-4.9552001953125
12.068333333333333,147.918975830078,261.673368453979,-4.9581298828125
12.07,147.93586730957,261.682126998901,-4.95684814453125
12.071666666666667,147.952758789063,261.691190719604,-4.94989013671875
12.073333333333334,147.969650268555,261.700300216675,-4.9412841796875
12.075,147.986541748047,261.709135055542,-4.93505859375
12.076666666666666,148.00341796875,261.717435836792,-4.93084716796875
12.078333333333333,148.020309448242,261.725263595581,-4.9251708984375
12.08,148.037200927734,261.732969284058,-4.91656494140625
12.081666666666667,148.054092407227,261.740858078003,-4.9075927734375
12.083333333333334,148.070953369141,261.748929977417,-4.9010009765625
12.085,148.087844848633,261.75701713562,-4.89752197265625
12.086666666666666,148.104721069336,261.765043258667,-4.89642333984375
12.088333333333333,148.121612548828,261.772932052612,-4.89825439453125
12.09,148.138473510742,261.7806224823,-4.9039306640625
12.091666666666667,148.155364990234,261.788114547729,-4.9119873046875
12.093333333333334,148.172256469727,261.795408248901,-4.91802978515625
12.095,148.189102172852,261.802701950073,-4.91876220703125
12.096666666666666,148.205993652344,261.810194015503,-4.91619873046875
12.098333333333333,148.222885131836,261.818067550659,-4.91546630859375
12.1,148.239776611328,261.82618522644,-4.92022705078125
12.101666666666667,148.256637573242,261.834440231323,-4.93048095703125
12.103333333333333,148.273529052734,261.842771530151,-4.94384765625
12.105,148.290374755859,261.851224899292,-4.9595947265625
12.106666666666667,148.307235717773,261.859891891479,-4.978271484375
12.108333333333333,148.324127197266,261.868818283081,-4.998046875
12.11,148.34098815918,261.877897262573,-5.01416015625
12.111666666666666,148.357849121094,261.88689994812,-5.0203857421875
12.113333333333333,148.374725341797,261.895582199097,-5.0152587890625
12.115,148.391586303711,261.903913497925,-5.00445556640625
12.116666666666667,148.408447265625,261.912015914917,-4.99658203125
12.118333333333334,148.425308227539,261.919950485229,-4.99713134765625
12.12,148.442169189453,261.927671432495,-5.0028076171875
12.121666666666666,148.459014892578,261.935194015503,-5.0068359375
12.123333333333333,148.475875854492,261.942686080933,-5.0057373046875
12.125,148.492736816406,261.950300216675,-5.00189208984375
12.126666666666667,148.50959777832,261.958127975464,-4.99859619140625
12.128333333333334,148.526458740234,261.966154098511,-4.99639892578125
12.13,148.543304443359,261.974424362183,-4.9962158203125
12.131666666666666,148.560165405273,261.982938766479,-5.00079345703125
12.133333333333333,148.577026367188,261.991666793823,-5.010498046875
12.135,148.593887329102,262.000425338745,-5.0225830078125
12.136666666666667,148.610733032227,262.009031295776,-5.03118896484375
12.138333333333334,148.627593994141,262.017530441284,-5.03118896484375
12.14,148.644454956055,262.026121139526,-5.0211181640625
12.141666666666667,148.661315917969,262.035001754761,-5.0068359375
12.143333333333333,148.678146362305,262.044141769409,-4.99383544921875
12.145,148.69499206543,262.053342819214,-4.98394775390625
12.146666666666667,148.711853027344,262.062559127808,-4.9749755859375
12.148333333333333,148.728713989258,262.071928024292,-4.96435546875
12.15,148.745544433594,262.081541061401,-4.9515380859375
12.151666666666667,148.762405395508,262.091215133667,-4.93890380859375
12.153333333333334,148.779220581055,262.100492477417,-4.929931640625
12.155,148.796081542969,262.109128952026,-4.927001953125
12.156666666666666,148.812911987305,262.117338180542,-4.9281005859375
12.158333333333333,148.829772949219,262.125516891479,-4.93011474609375
12.16,148.846603393555,262.133863449097,-4.9317626953125
12.161666666666667,148.86344909668,262.142164230347,-4.9339599609375
12.163333333333334,148.880310058594,262.150205612183,-4.9365234375
12.165,148.89714050293,262.158002853394,-4.93670654296875
12.166666666666666,148.914001464844,262.165754318237,-4.93121337890625
12.168333333333333,148.930816650391,262.173566818237,-4.9178466796875
12.17,148.947677612305,262.181409835815,-4.8984375
12.171666666666667,148.964508056641,262.189283370972,-4.8779296875
12.173333333333334,148.981369018555,262.197355270386,-4.86126708984375
12.175,148.998199462891,262.205656051636,-4.85009765625
12.176666666666666,149.015045166016,262.213956832886,-4.845703125
12.178333333333333,149.031875610352,262.221967697144,-4.84844970703125
12.18,149.048706054688,262.229459762573,-4.85650634765625
12.181666666666667,149.065536499023,262.236494064331,-4.865478515625
12.183333333333334,149.082397460938,262.243421554565,-4.87188720703125
12.185,149.099212646484,262.250593185425,-4.87371826171875
12.186666666666667,149.116073608398,262.258100509644,-4.87042236328125
12.188333333333333,149.132904052734,262.26580619812,-4.8603515625
12.19,149.149765014648,262.273588180542,-4.84130859375
12.191666666666666,149.166610717773,262.281446456909,-4.81549072265625
12.193333333333333,149.183441162109,262.289472579956,-4.78948974609375
12.195,149.200271606445,262.297727584839,-4.771728515625
12.196666666666667,149.217132568359,262.30616569519,-4.76458740234375
12.198333333333334,149.233963012695,262.314588546753,-4.76458740234375
12.2,149.25080871582,262.322858810425,-4.76824951171875
12.201666666666666,149.267639160156,262.330930709839,-4.77447509765625
12.203333333333333,149.28450012207,262.338834762573,-4.7841796875
12.205,149.301361083984,262.346570968628,-4.7962646484375
12.206666666666667,149.31819152832,262.354078292847,-4.8076171875
12.208333333333334,149.335037231445,262.361234664917,-4.81439208984375
12.21,149.351898193359,262.367948532104,-4.8153076171875
12.211666666666666,149.368728637695,262.374357223511,-4.81182861328125
12.213333333333333,149.385589599609,262.380918502808,-4.80706787109375
12.215,149.402404785156,262.3880443573,-4.80194091796875
12.216666666666667,149.41926574707,262.395841598511,-4.79534912109375
12.218333333333334,149.436126708984,262.404233932495,-4.7867431640625
12.22,149.45295715332,262.413068771362,-4.7764892578125
12.221666666666666,149.469818115234,262.422239303589,-4.76715087890625
12.223333333333333,149.486663818359,262.431577682495,-4.76055908203125
12.225,149.503494262695,262.440992355347,-4.75634765625
12.226666666666667,149.520355224609,262.450284957886,-4.751953125
12.228333333333333,149.537216186523,262.459211349487,-4.74664306640625
12.23,149.554046630859,262.467588424683,-4.74224853515625
12.231666666666667,149.570892333984,262.475370407104,-4.739501953125
12.233333333333333,149.58772277832,262.482831954956,-4.73785400390625
12.235,149.604583740234,262.490339279175,-4.73529052734375
12.236666666666666,149.62141418457,262.498136520386,-4.7288818359375
12.238333333333333,149.638259887695,262.506177902222,-4.71807861328125
12.24,149.655090332031,262.514387130737,-4.70489501953125
12.241666666666667,149.671951293945,262.522871017456,-4.6915283203125
12.243333333333334,149.688781738281,262.531736373901,-4.6783447265625
12.245,149.705642700195,262.540845870972,-4.6651611328125
12.246666666666666,149.722457885742,262.549894332886,-4.65234375
12.248333333333333,149.739288330078,262.558637619019,-4.64190673828125
12.25,149.756149291992,262.566953659058,-4.6365966796875
12.251666666666667,149.772979736328,262.574842453003,-4.6387939453125
12.253333333333334,149.789840698242,262.582395553589,-4.64739990234375
12.255,149.806655883789,262.589872360229,-4.6563720703125
12.256666666666666,149.823486328125,262.59751701355,-4.6593017578125
12.258333333333333,149.840347290039,262.605268478394,-4.65582275390625
12.26,149.857177734375,262.612852096558,-4.648681640625
12.261666666666667,149.8740234375,262.620008468628,-4.64154052734375
12.263333333333334,149.890853881836,262.626722335815,-4.6343994140625
12.265,149.90771484375,262.633207321167,-4.6256103515625
12.266666666666667,149.924545288086,262.639783859253,-4.6124267578125
12.268333333333333,149.941375732422,262.646589279175,-4.5955810546875
12.27,149.958221435547,262.653654098511,-4.57965087890625
12.271666666666667,149.975051879883,262.66099357605,-4.56884765625
12.273333333333333,149.991851806641,262.668546676636,-4.56591796875
12.275,150.008712768555,262.676267623901,-4.56866455078125
12.276666666666667,150.025527954102,262.684080123901,-4.57342529296875
12.278333333333334,150.042358398438,262.691801071167,-4.57598876953125
12.28,150.059188842773,262.699338912964,-4.573974609375
12.281666666666666,150.076019287109,262.706663131714,-4.56756591796875
12.283333333333333,150.092849731445,262.713819503784,-4.556396484375
12.285,150.109664916992,262.720792770386,-4.5391845703125
12.286666666666667,150.126525878906,262.727598190308,-4.51702880859375
12.288333333333334,150.143325805664,262.734266281128,-4.4952392578125
12.29,150.160186767578,262.74090385437,-4.480224609375
12.291666666666666,150.177001953125,262.747617721558,-4.47454833984375
12.293333333333333,150.193832397461,262.754514694214,-4.475830078125
12.295,150.210662841797,262.761640548706,-4.4798583984375
12.296666666666667,150.227493286133,262.768949508667,-4.48114013671875
12.298333333333334,150.244323730469,262.776319503784,-4.47784423828125
12.3,150.261138916016,262.783826828003,-4.4718017578125
12.301666666666666,150.277969360352,262.791624069214,-4.46722412109375
12.303333333333333,150.294799804688,262.799863815308,-4.4674072265625
12.305,150.311599731445,262.808439254761,-4.472900390625
12.306666666666667,150.328414916992,262.817045211792,-4.48040771484375
12.308333333333334,150.345245361328,262.825361251831,-4.48590087890625
12.31,150.362075805664,262.833250045776,-4.4886474609375
12.311666666666667,150.378875732422,262.840848922729,-4.48919677734375
12.313333333333333,150.395690917969,262.84832572937,-4.4879150390625
12.315,150.412490844727,262.855863571167,-4.4864501953125
12.316666666666666,150.429321289063,262.863554000854,-4.48681640625
12.318333333333333,150.446151733398,262.871458053589,-4.48974609375
12.32,150.462936401367,262.879468917847,-4.49578857421875
12.321666666666667,150.479766845703,262.887342453003,-4.50421142578125
12.323333333333334,150.496597290039,262.895017623901,-4.51483154296875
12.325,150.513427734375,262.902570724487,-4.52581787109375
12.326666666666666,150.530258178711,262.910001754761,-4.5355224609375
12.328333333333333,150.547073364258,262.917264938354,-4.5413818359375
12.33,150.563873291016,262.92449760437,-4.5439453125
12.331666666666667,150.580703735352,262.9319896698,-4.54486083984375
12.333333333333334,150.597503662109,262.939832687378,-4.544677734375
12.335,150.614318847656,262.947828292847,-4.54229736328125
12.336666666666666,150.631149291992,262.955717086792,-4.538818359375
12.338333333333333,150.64794921875,262.963300704956,-4.5380859375
12.34,150.664779663086,262.970670700073,-4.54266357421875
12.341666666666667,150.681564331055,262.977918624878,-4.5487060546875
12.343333333333334,150.698364257813,262.985120773315,-4.55126953125
12.345,150.715194702148,262.992292404175,-4.54779052734375
12.346666666666666,150.731994628906,262.999464035034,-4.53973388671875
12.348333333333333,150.748779296875,263.006574630737,-4.53167724609375
12.35,150.765609741211,263.013608932495,-4.52783203125
12.351666666666667,150.782409667969,263.020643234253,-4.52984619140625
12.353333333333333,150.799209594727,263.027753829956,-4.53790283203125
12.355,150.816024780273,263.034986495972,-4.55181884765625
12.356666666666667,150.832824707031,263.042417526245,-4.5677490234375
12.358333333333333,150.849624633789,263.050168991089,-4.57928466796875
12.36,150.866455078125,263.058225631714,-4.58258056640625
12.361666666666666,150.883255004883,263.066450119019,-4.581298828125
12.363333333333333,150.900039672852,263.074689865112,-4.58367919921875
12.365,150.916870117188,263.082899093628,-4.59228515625
12.366666666666667,150.933670043945,263.090970993042,-4.60565185546875
12.368333333333334,150.950469970703,263.098752975464,-4.623046875
12.37,150.96728515625,263.106046676636,-4.6435546875
12.371666666666666,150.984085083008,263.112928390503,-4.66259765625
12.373333333333333,151.000885009766,263.11964225769,-4.6754150390625
12.375,151.017684936523,263.126340866089,-4.68182373046875
12.376666666666667,151.03450012207,263.133039474487,-4.685302734375
12.378333333333334,151.051300048828,263.139875411987,-4.68914794921875
12.38,151.068099975586,263.147123336792,-4.6951904296875
12.381666666666666,151.084930419922,263.154874801636,-4.7032470703125
12.383333333333333,151.101715087891,263.162885665894,-4.71368408203125
12.385,151.118545532227,263.170896530151,-4.72650146484375
12.386666666666667,151.135345458984,263.178846359253,-4.74114990234375
12.388333333333334,151.152145385742,263.186750411987,-4.7545166015625
12.39,151.168960571289,263.1946849823,-4.76513671875
12.391666666666667,151.185760498047,263.202680587769,-4.7742919921875
12.393333333333333,151.202590942383,263.210737228394,-4.7838134765625
12.395,151.219390869141,263.219007492065,-4.79498291015625
12.396666666666667,151.236206054688,263.227643966675,-4.8057861328125
12.398333333333333,151.253036499023,263.23650932312,-4.81201171875
12.4,151.269836425781,263.245161056519,-4.81146240234375
12.401666666666667,151.286636352539,263.253339767456,-4.805419921875
12.403333333333334,151.303421020508,263.26124382019,-4.796630859375
12.405,151.320251464844,263.269315719604,-4.78564453125
12.406666666666666,151.337051391602,263.277708053589,-4.77154541015625
12.408333333333333,151.353851318359,263.286375045776,-4.7574462890625
12.41,151.370635986328,263.295255661011,-4.74810791015625
12.411666666666667,151.387435913086,263.304227828979,-4.74591064453125
12.413333333333334,151.404235839844,263.313047409058,-4.74774169921875
12.415,151.421035766602,263.321607589722,-4.7501220703125
12.416666666666666,151.43782043457,263.329984664917,-4.75396728515625
12.418333333333333,151.454650878906,263.338270187378,-4.7611083984375
12.42,151.471450805664,263.346479415894,-4.768798828125
12.421666666666667,151.488250732422,263.354566574097,-4.7735595703125
12.423333333333334,151.50505065918,263.362607955933,-4.773193359375
12.425,151.521865844727,263.370725631714,-4.76898193359375
12.426666666666666,151.538665771484,263.378995895386,-4.76202392578125
12.428333333333333,151.55549621582,263.38738822937,-4.75469970703125
12.43,151.572296142578,263.395673751831,-4.74847412109375
12.431666666666667,151.589111328125,263.4036693573,-4.7431640625
12.433333333333334,151.605911254883,263.411466598511,-4.73529052734375
12.435,151.622711181641,263.4192943573,-4.72283935546875
12.436666666666667,151.639541625977,263.427335739136,-4.7047119140625
12.438333333333333,151.656326293945,263.435468673706,-4.68365478515625
12.44,151.673156738281,263.443418502808,-4.66552734375
12.441666666666666,151.689956665039,263.451124191284,-4.65655517578125
12.443333333333333,151.706756591797,263.45867729187,-4.6571044921875
12.445,151.723571777344,263.4661693573,-4.66204833984375
12.446666666666667,151.740371704102,263.47349357605,-4.663330078125
12.448333333333334,151.757202148438,263.480527877808,-4.65728759765625
12.45,151.774032592773,263.487424850464,-4.64263916015625
12.451666666666666,151.790817260742,263.494428634644,-4.62066650390625
12.453333333333333,151.807647705078,263.501539230347,-4.59649658203125
12.455,151.824447631836,263.508573532104,-4.5758056640625
12.456666666666667,151.841247558594,263.51548576355,-4.56097412109375
12.458333333333334,151.858062744141,263.522504806519,-4.55108642578125
12.46,151.874862670898,263.52979850769,-4.54302978515625
12.461666666666666,151.891662597656,263.537275314331,-4.53387451171875
12.463333333333333,151.908462524414,263.544919967651,-4.52325439453125
12.465,151.925247192383,263.552640914917,-4.51190185546875
12.466666666666667,151.942047119141,263.560300827026,-4.50018310546875
12.468333333333334,151.958847045898,263.5677318573,-4.48699951171875
12.47,151.975646972656,263.575071334839,-4.47125244140625
12.471666666666666,151.992431640625,263.582456588745,-4.4560546875
12.473333333333333,152.009231567383,263.589948654175,-4.44671630859375
12.475,152.026000976563,263.597288131714,-4.44451904296875
12.476666666666667,152.04280090332,263.604307174683,-4.44525146484375
12.478333333333333,152.059585571289,263.611066818237,-4.44287109375
12.48,152.076354980469,263.617948532104,-4.43609619140625
12.481666666666667,152.093154907227,263.625303268433,-4.42822265625
12.483333333333333,152.109924316406,263.633207321167,-4.4219970703125
12.485,152.126708984375,263.641431808472,-4.41741943359375
12.486666666666666,152.143508911133,263.649747848511,-4.41485595703125
12.488333333333333,152.160308837891,263.657926559448,-4.415771484375
12.49,152.177108764648,263.665815353394,-4.4197998046875
12.491666666666667,152.193893432617,263.673261642456,-4.42181396484375
12.493333333333334,152.210693359375,263.680311203003,-4.41796875
12.495,152.227493286133,263.687269210815,-4.40936279296875
12.496666666666666,152.244262695313,263.694364547729,-4.40130615234375
12.498333333333333,152.261047363281,263.701688766479,-4.39581298828125
12.5,152.277847290039,263.709241867065,-4.39031982421875
12.501666666666667,152.294616699219,263.716856002808,-4.38427734375
12.503333333333334,152.311416625977,263.72430229187,-4.382080078125
12.505,152.328170776367,263.731504440308,-4.3853759765625
12.506666666666666,152.344970703125,263.738599777222,-4.39215087890625
12.508333333333333,152.361770629883,263.745740890503,-4.39727783203125
12.51,152.378540039063,263.752912521362,-4.3992919921875
12.511666666666667,152.395294189453,263.759992599487,-4.39764404296875
12.513333333333334,152.412094116211,263.767011642456,-4.39361572265625
12.515,152.428894042969,263.774229049683,-4.389404296875
12.516666666666667,152.445663452148,263.781843185425,-4.3897705078125
12.518333333333333,152.462448120117,263.78973197937,-4.39727783203125
12.52,152.479248046875,263.797574996948,-4.40789794921875
12.521666666666667,152.496047973633,263.805143356323,-4.4139404296875
12.523333333333333,152.512802124023,263.812437057495,-4.4117431640625
12.525,152.529602050781,263.819623947144,-4.40460205078125
12.526666666666667,152.546371459961,263.826795578003,-4.398193359375
12.528333333333334,152.563171386719,263.834074020386,-4.3948974609375
12.53,152.579956054688,263.841474533081,-4.395263671875
12.531666666666666,152.596725463867,263.848844528198,-4.3985595703125
12.533333333333333,152.613494873047,263.855909347534,-4.40570068359375
12.535,152.630294799805,263.862592697144,-4.4176025390625
12.536666666666667,152.647048950195,263.868986129761,-4.4315185546875
12.538333333333334,152.663818359375,263.8753490448,-4.44378662109375
12.54,152.680587768555,263.881803512573,-4.45257568359375
12.541666666666666,152.697387695313,263.88836479187,-4.45989990234375
12.543333333333333,152.714141845703,263.895154953003,-4.46905517578125
12.545,152.730911254883,263.902448654175,-4.48260498046875
12.546666666666667,152.747711181641,263.910367965698,-4.49945068359375
12.548333333333334,152.764511108398,263.918653488159,-4.51556396484375
12.55,152.781265258789,263.926740646362,-4.52783203125
12.551666666666666,152.798065185547,263.934339523315,-4.53680419921875
12.553333333333333,152.814834594727,263.941541671753,-4.54486083984375
12.555,152.831619262695,263.9485912323,-4.55291748046875
12.556666666666667,152.848419189453,263.955732345581,-4.5596923828125
12.558333333333334,152.865188598633,263.963102340698,-4.56427001953125
12.56,152.881988525391,263.970746994019,-4.5670166015625
12.561666666666667,152.898773193359,263.978391647339,-4.5673828125
12.563333333333333,152.915542602539,263.985776901245,-4.564453125
12.565,152.932312011719,263.992948532104,-4.55859375
12.566666666666666,152.949111938477,264.000257492065,-4.5516357421875
12.568333333333333,152.965866088867,264.007947921753,-4.54669189453125
12.57,152.982635498047,264.015989303589,-4.5435791015625
12.571666666666667,152.999404907227,264.024198532104,-4.5406494140625
12.573333333333334,153.016174316406,264.032361984253,-4.53680419921875
12.575,153.032928466797,264.040403366089,-4.53387451171875
12.576666666666666,153.049697875977,264.048444747925,-4.532958984375
12.578333333333333,153.066467285156,264.056562423706,-4.53607177734375
12.58,153.083221435547,264.064680099487,-4.54412841796875
12.581666666666667,153.099990844727,264.072736740112,-4.5582275390625
12.583333333333334,153.116760253906,264.080900192261,-4.5758056640625
12.585,153.133529663086,264.089277267456,-4.590087890625
12.586666666666666,153.150283813477,264.097852706909,-4.5948486328125
12.588333333333333,153.167083740234,264.10645866394,-4.59063720703125
12.59,153.183853149414,264.114896774292,-4.582763671875
12.591666666666667,153.200622558594,264.12306022644,-4.57763671875
12.593333333333334,153.217376708984,264.130979537964,-4.5765380859375
12.595,153.234176635742,264.138731002808,-4.57891845703125
12.596666666666666,153.250946044922,264.146421432495,-4.58441162109375
12.598333333333333,153.267715454102,264.154203414917,-4.59283447265625
12.6,153.284469604492,264.162199020386,-4.60198974609375
12.601666666666667,153.301239013672,264.170316696167,-4.60931396484375
12.603333333333333,153.318008422852,264.178190231323,-4.61517333984375
12.605,153.334762573242,264.185514450073,-4.61993408203125
12.606666666666667,153.351531982422,264.192319869995,-4.6201171875
12.608333333333333,153.368301391602,264.198926925659,-4.6109619140625
12.61,153.385040283203,264.205686569214,-4.59063720703125
12.611666666666666,153.401794433594,264.212705612183,-4.56280517578125
12.613333333333333,153.418594360352,264.219861984253,-4.5347900390625
12.615,153.435333251953,264.2269115448,-4.51318359375
12.616666666666667,153.452087402344,264.233732223511,-4.5003662109375
12.618333333333334,153.468856811523,264.240339279175,-4.49359130859375
12.62,153.485626220703,264.246992111206,-4.4871826171875
12.621666666666666,153.502395629883,264.254026412964,-4.47747802734375
12.623333333333333,153.519149780273,264.261655807495,-4.4637451171875
12.625,153.535919189453,264.269681930542,-4.44854736328125
12.626666666666667,153.552658081055,264.277662277222,-4.4359130859375
12.628333333333334,153.569427490234,264.285352706909,-4.42767333984375
12.63,153.586151123047,264.292921066284,-4.42236328125
12.631666666666666,153.602920532227,264.300550460815,-4.41815185546875
12.633333333333333,153.619689941406,264.308210372925,-4.41357421875
12.635,153.636413574219,264.315717697144,-4.4091796875
12.636666666666667,153.653182983398,264.323118209839,-4.40606689453125
12.638333333333334,153.669952392578,264.330625534058,-4.40350341796875
12.64,153.68669128418,264.338468551636,-4.398193359375
12.641666666666667,153.70344543457,264.346601486206,-4.3861083984375
12.643333333333333,153.720184326172,264.354856491089,-4.3685302734375
12.645,153.736923217773,264.362989425659,-4.35205078125
12.646666666666667,153.753677368164,264.370771408081,-4.342529296875
12.648333333333333,153.770416259766,264.377958297729,-4.3414306640625
12.65,153.787185668945,264.384504318237,-4.34619140625
12.651666666666667,153.803955078125,264.390501022339,-4.351318359375
12.653333333333334,153.820709228516,264.396223068237,-4.3516845703125
12.655,153.837478637695,264.402097702026,-4.34619140625
12.656666666666666,153.854217529297,264.408460617065,-4.33740234375
12.658333333333333,153.870971679688,264.415433883667,-4.32806396484375
12.66,153.887710571289,264.422910690308,-4.3201904296875
12.661666666666667,153.904479980469,264.430494308472,-4.3135986328125
12.663333333333334,153.92121887207,264.437803268433,-4.3062744140625
12.665,153.937973022461,264.444715499878,-4.29803466796875
12.666666666666666,153.954711914063,264.451612472534,-4.2901611328125
12.668333333333333,153.971450805664,264.458936691284,-4.282470703125
12.67,153.988204956055,264.466825485229,-4.2718505859375
12.671666666666667,154.004974365234,264.474988937378,-4.25592041015625
12.673333333333334,154.021713256836,264.483076095581,-4.2366943359375
12.675,154.038482666016,264.490858078003,-4.21875
12.676666666666666,154.055206298828,264.498411178589,-4.2066650390625
12.678333333333333,154.071975708008,264.505903244019,-4.201171875
12.68,154.088714599609,264.513380050659,-4.1978759765625
12.681666666666667,154.105438232422,264.520719528198,-4.18927001953125
12.683333333333334,154.122207641602,264.527708053589,-4.1722412109375
12.685,154.138946533203,264.53436088562,-4.149169921875
12.686666666666667,154.155685424805,264.540861129761,-4.12664794921875
12.688333333333333,154.172409057617,264.547391891479,-4.11126708984375
12.69,154.189147949219,264.554105758667,-4.107421875
12.691666666666666,154.205917358398,264.561109542847,-4.11492919921875
12.693333333333333,154.222640991211,264.568296432495,-4.131591796875
12.695,154.239379882813,264.575345993042,-4.15283203125
12.696666666666667,154.256118774414,264.58204460144,-4.171142578125
12.698333333333334,154.272842407227,264.588361740112,-4.18048095703125
12.7,154.289581298828,264.594404220581,-4.18011474609375
12.701666666666666,154.30632019043,264.600355148315,-4.1744384765625
12.703333333333333,154.323059082031,264.60645866394,-4.171142578125
12.705,154.339752197266,264.612882614136,-4.17572021484375
12.706666666666667,154.356491088867,264.619825363159,-4.18963623046875
12.708333333333334,154.373229980469,264.627195358276,-4.20721435546875
12.71,154.389953613281,264.634534835815,-4.2205810546875
12.711666666666666,154.406661987305,264.641340255737,-4.22607421875
12.713333333333333,154.423400878906,264.647581100464,-4.2257080078125
12.715,154.440124511719,264.653608322144,-4.22369384765625
12.716666666666667,154.45686340332,264.659772872925,-4.2227783203125
12.718333333333334,154.473571777344,264.666273117065,-4.22149658203125
12.72,154.490310668945,264.673215866089,-4.2176513671875
12.721666666666666,154.50700378418,264.680448532104,-4.20941162109375
12.723333333333333,154.523742675781,264.687574386597,-4.1982421875
12.725,154.540481567383,264.694288253784,-4.1876220703125
12.726666666666667,154.557174682617,264.700620651245,-4.1806640625
12.728333333333333,154.573913574219,264.706876754761,-4.178466796875
12.73,154.590621948242,264.713376998901,-4.1817626953125
12.731666666666667,154.607345581055,264.720243453979,-4.189453125
12.733333333333333,154.624084472656,264.727415084839,-4.1949462890625
12.735,154.640823364258,264.734800338745,-4.1942138671875
12.736666666666666,154.657516479492,264.742292404175,-4.1898193359375
12.738333333333333,154.674255371094,264.74969291687,-4.1898193359375
12.74,154.690963745117,264.756834030151,-4.1993408203125
12.741666666666667,154.707702636719,264.763776779175,-4.21893310546875
12.743333333333334,154.724395751953,264.770780563354,-4.2440185546875
12.745,154.741134643555,264.778089523315,-4.267822265625
12.746666666666666,154.757873535156,264.785779953003,-4.285400390625
12.748333333333333,154.774597167969,264.793851852417,-4.29254150390625
12.75,154.791305541992,264.802213668823,-4.2894287109375
12.751666666666667,154.808044433594,264.810651779175,-4.28338623046875
12.753333333333334,154.824768066406,264.818998336792,-4.283935546875
12.755,154.841506958008,264.827131271362,-4.29364013671875
12.756666666666666,154.858215332031,264.835050582886,-4.3077392578125
12.758333333333333,154.874923706055,264.842756271362,-4.3194580078125
12.76,154.891647338867,264.850202560425,-4.32476806640625
12.761666666666667,154.908386230469,264.857374191284,-4.32220458984375
12.763333333333334,154.92512512207,264.864164352417,-4.31378173828125
12.765,154.941818237305,264.870573043823,-4.30572509765625
12.766666666666667,154.958557128906,264.876676559448,-4.30389404296875
12.768333333333333,154.97526550293,264.882749557495,-4.31011962890625
12.77,154.991989135742,264.889066696167,-4.3216552734375
12.771666666666667,155.008697509766,264.895872116089,-4.3319091796875
12.773333333333333,155.025436401367,264.903226852417,-4.33575439453125
12.775,155.042129516602,264.910688400269,-4.3311767578125
12.776666666666667,155.058868408203,264.917814254761,-4.320556640625
12.778333333333334,155.075576782227,264.92449760437,-4.3077392578125
12.78,155.09228515625,264.931196212769,-4.297119140625
12.781666666666666,155.109008789063,264.938306808472,-4.28961181640625
12.783333333333333,155.125717163086,264.94598197937,-4.2843017578125
12.785,155.142456054688,264.954023361206,-4.27935791015625
12.786666666666667,155.1591796875,264.962110519409,-4.275146484375
12.788333333333334,155.175888061523,264.969999313354,-4.2703857421875
12.79,155.192626953125,264.977537155151,-4.26251220703125
12.791666666666666,155.209320068359,264.984647750854,-4.24932861328125
12.793333333333333,155.226058959961,264.991483688354,-4.2315673828125
12.795,155.242767333984,264.998334884644,-4.21124267578125
12.796666666666667,155.259490966797,265.00538444519,-4.19219970703125
12.798333333333334,155.276229858398,265.012586593628,-4.17572021484375
12.8,155.292938232422,265.019727706909,-4.1612548828125
12.801666666666666,155.309677124023,265.026670455933,-4.1480712890625
12.803333333333333,155.326370239258,265.033399581909,-4.13763427734375
12.805,155.343109130859,265.039930343628,-4.13397216796875
12.806666666666667,155.359848022461,265.046384811401,-4.1385498046875
12.808333333333334,155.376541137695,265.052946090698,-4.15045166015625
12.81,155.393249511719,265.059797286987,-4.165283203125
12.811666666666667,155.40998840332,265.067014694214,-4.17901611328125
12.813333333333333,155.426712036133,265.074369430542,-4.18743896484375
12.815,155.443450927734,265.08155632019,-4.1890869140625
12.816666666666666,155.460189819336,265.088346481323,-4.18963623046875
12.818333333333333,155.47688293457,265.094846725464,-4.19366455078125
12.82,155.493621826172,265.101270675659,-4.201171875
12.821666666666667,155.510330200195,265.107786178589,-4.20538330078125
12.823333333333334,155.527069091797,265.114301681519,-4.20245361328125
12.825,155.543762207031,265.120801925659,-4.19329833984375
12.826666666666666,155.560501098633,265.127393722534,-4.182861328125
12.828333333333333,155.577209472656,265.134351730347,-4.17498779296875
12.83,155.593902587891,265.141645431519,-4.17041015625
12.831666666666667,155.610610961914,265.149061203003,-4.1693115234375
12.833333333333334,155.627319335938,265.156324386597,-4.172607421875
12.835,155.644012451172,265.163282394409,-4.178466796875
12.836666666666666,155.660720825195,265.16993522644,-4.1802978515625
12.838333333333333,155.677429199219,265.176481246948,-4.17498779296875
12.84,155.694122314453,265.183027267456,-4.166015625
12.841666666666667,155.710830688477,265.189527511597,-4.1612548828125
12.843333333333334,155.7275390625,265.195875167847,-4.165283203125
12.845,155.744232177734,265.202177047729,-4.17901611328125
12.846666666666666,155.760940551758,265.208662033081,-4.20062255859375
12.848333333333333,155.777648925781,265.215452194214,-4.22442626953125
12.85,155.794342041016,265.222547531128,-4.24273681640625
12.851666666666667,155.811050415039,265.229856491089,-4.24951171875
12.853333333333333,155.827758789063,265.23731803894,-4.2447509765625
12.855,155.844421386719,265.244825363159,-4.23504638671875
12.856666666666667,155.861129760742,265.252317428589,-4.2308349609375
12.858333333333333,155.877838134766,265.259824752808,-4.23870849609375
12.86,155.89453125,265.267286300659,-4.25555419921875
12.861666666666666,155.911239624023,265.27459526062,-4.2718505859375
12.863333333333333,155.927917480469,265.281644821167,-4.28009033203125
12.865,155.944625854492,265.288511276245,-4.2813720703125
12.866666666666667,155.961318969727,265.29542350769,-4.2806396484375
12.868333333333334,155.97802734375,265.30259513855,-4.2802734375
12.87,155.994735717773,265.310026168823,-4.27789306640625
12.871666666666666,156.01139831543,265.317533493042,-4.27423095703125
12.873333333333333,156.028106689453,265.324979782104,-4.27203369140625
12.875,156.044845581055,265.332365036011,-4.275146484375
12.876666666666667,156.061508178711,265.339689254761,-4.28521728515625
12.878333333333334,156.078247070313,265.34669303894,-4.30096435546875
12.88,156.094924926758,265.353300094604,-4.31707763671875
12.881666666666666,156.111618041992,265.359754562378,-4.330078125
12.883333333333333,156.128326416016,265.366498947144,-4.34051513671875
12.885,156.145004272461,265.373777389526,-4.35076904296875
12.886666666666667,156.161697387695,265.381650924683,-4.35992431640625
12.888333333333334,156.178405761719,265.389982223511,-4.36376953125
12.89,156.195114135742,265.398420333862,-4.359375
12.891666666666667,156.211807250977,265.406507492065,-4.34600830078125
12.893333333333333,156.228485107422,265.41392326355,-4.3260498046875
12.895,156.245193481445,265.420743942261,-4.30224609375
12.896666666666667,156.26188659668,265.427289962769,-4.2784423828125
12.898333333333333,156.278564453125,265.434125900269,-4.25665283203125
12.9,156.295272827148,265.441572189331,-4.2374267578125
12.901666666666667,156.311935424805,265.449476242065,-4.2220458984375
12.903333333333334,156.32861328125,265.457258224487,-4.21343994140625
12.905,156.345321655273,265.464460372925,-4.212890625
12.906666666666666,156.36198425293,265.471082687378,-4.2169189453125
12.908333333333333,156.378662109375,265.477521896362,-4.21856689453125
12.91,156.39533996582,265.484083175659,-4.21234130859375
12.911666666666667,156.412033081055,265.490842819214,-4.1993408203125
12.913333333333334,156.4287109375,265.497831344604,-4.18597412109375
12.915,156.445419311523,265.50506401062,-4.17791748046875
12.916666666666666,156.46208190918,265.512586593628,-4.17755126953125
12.918333333333333,156.478790283203,265.520383834839,-4.18359375
12.92,156.495498657227,265.528348922729,-4.19622802734375
12.921666666666667,156.512161254883,265.536237716675,-4.21307373046875
12.923333333333334,156.528869628906,265.543867111206,-4.228271484375
12.925,156.545547485352,265.551237106323,-4.23486328125
12.926666666666666,156.562240600586,265.558439254761,-4.23101806640625
12.928333333333333,156.578918457031,265.565504074097,-4.22076416015625
12.93,156.595626831055,265.572309494019,-4.21160888671875
12.931666666666667,156.612319946289,265.578733444214,-4.20904541015625
12.933333333333334,156.628997802734,265.584714889526,-4.21417236328125
12.935,156.645706176758,265.590360641479,-4.22332763671875
12.936666666666667,156.662368774414,265.595838546753,-4.23101806640625
12.938333333333333,156.679077148438,265.601362228394,-4.23431396484375
12.94,156.695755004883,265.607038497925,-4.23101806640625
12.941666666666666,156.712417602539,265.612943649292,-4.22186279296875
12.943333333333333,156.729125976563,265.619123458862,-4.2110595703125
12.945,156.745834350586,265.625715255737,-4.204833984375
12.946666666666667,156.76252746582,265.632719039917,-4.206298828125
12.948333333333334,156.779205322266,265.639921188354,-4.2132568359375
12.95,156.795913696289,265.646970748901,-4.22003173828125
12.951666666666666,156.812576293945,265.653623580933,-4.2235107421875
12.953333333333333,156.829254150391,265.659971237183,-4.2227783203125
12.955,156.845932006836,265.6663646698,-4.218017578125
12.956666666666667,156.862686157227,265.673139572144,-4.2103271484375
12.958333333333334,156.879455566406,265.680494308472,-4.20135498046875
12.96,156.896270751953,265.688322067261,-4.19183349609375
12.961666666666666,156.913040161133,265.696378707886,-4.18194580078125
12.963333333333333,156.929809570313,265.704389572144,-4.17205810546875
12.965,156.946624755859,265.712110519409,-4.1634521484375
12.966666666666667,156.963394165039,265.719404220581,-4.1583251953125
12.968333333333334,156.980209350586,265.726362228394,-4.1575927734375
12.97,156.997009277344,265.733381271362,-4.16180419921875
12.971666666666666,157.013778686523,265.740949630737,-4.17059326171875
12.973333333333333,157.03059387207,265.749174118042,-4.18341064453125
12.975,157.04736328125,265.757688522339,-4.2008056640625
12.976666666666667,157.064147949219,265.765867233276,-4.22296142578125
12.978333333333333,157.080917358398,265.773328781128,-4.24932861328125
12.98,157.097732543945,265.780149459839,-4.27716064453125
12.981666666666667,157.114501953125,265.786710739136,-4.30242919921875
12.983333333333333,157.131271362305,265.793394088745,-4.32110595703125
12.985,157.148056030273,265.800397872925,-4.332275390625
12.986666666666666,157.164825439453,265.807661056519,-4.336669921875
12.988333333333333,157.181640625,265.814985275269,-4.33465576171875
12.99,157.19841003418,265.822187423706,-4.327880859375
12.991666666666667,157.215179443359,265.829191207886,-4.3216552734375
12.993333333333334,157.231994628906,265.836042404175,-4.32037353515625
12.995,157.248794555664,265.842741012573,-4.323486328125
12.996666666666666,157.265579223633,265.849332809448,-4.32696533203125
12.998333333333333,157.282348632813,265.855924606323,-4.327880859375
13,157.29914855957,265.862699508667,-4.32568359375
13.001666666666667,157.315933227539,265.869703292847,-4.32147216796875
13.003333333333334,157.332702636719,265.876844406128,-4.3154296875
13.005,157.349487304688,265.883909225464,-4.3070068359375
13.006666666666666,157.366256713867,265.890821456909,-4.2982177734375
13.008333333333333,157.383026123047,265.897764205933,-4.291259765625
13.01,157.399841308594,265.904905319214,-4.285400390625
13.011666666666667,157.416610717773,265.912321090698,-4.27606201171875
13.013333333333334,157.433395385742,265.919858932495,-4.25830078125
13.015,157.450164794922,265.927350997925,-4.2330322265625
13.016666666666667,157.466949462891,265.934782028198,-4.20721435546875
13.018333333333333,157.48371887207,265.942274093628,-4.1905517578125
13.02,157.50048828125,265.949949264526,-4.18707275390625
13.021666666666667,157.517272949219,265.957792282104,-4.19403076171875
13.023333333333333,157.534042358398,265.965574264526,-4.20556640625
13.025,157.550827026367,265.973035812378,-4.21490478515625
13.026666666666667,157.567626953125,265.980146408081,-4.21636962890625
13.028333333333334,157.584365844727,265.987104415894,-4.20977783203125
13.03,157.601150512695,265.993940353394,-4.20172119140625
13.031666666666666,157.617919921875,266.000577926636,-4.198974609375
13.033333333333333,157.634704589844,266.007108688354,-4.20245361328125
13.035,157.651473999023,266.013654708862,-4.20904541015625
13.036666666666667,157.668243408203,266.020261764526,-4.21856689453125
13.038333333333334,157.685028076172,266.026945114136,-4.2315673828125
13.04,157.701797485352,266.033796310425,-4.2462158203125
13.041666666666666,157.71858215332,266.040967941284,-4.2586669921875
13.043333333333333,157.7353515625,266.048444747925,-4.26873779296875
13.045,157.752090454102,266.055997848511,-4.2784423828125
13.046666666666667,157.76887512207,266.063306808472,-4.28851318359375
13.048333333333334,157.78564453125,266.070295333862,-4.2974853515625
13.05,157.802429199219,266.07700920105,-4.302978515625
13.051666666666666,157.81916809082,266.083478927612,-4.30609130859375
13.053333333333333,157.835906982422,266.089719772339,-4.30938720703125
13.055,157.852691650391,266.095808029175,-4.31561279296875
13.056666666666667,157.869430541992,266.101926803589,-4.32220458984375
13.058333333333334,157.886169433594,266.108289718628,-4.32275390625
13.06,157.902954101563,266.115079879761,-4.31396484375
13.061666666666667,157.919692993164,266.12225151062,-4.30023193359375
13.063333333333333,157.936477661133,266.129652023315,-4.28814697265625
13.065,157.953216552734,266.137174606323,-4.2835693359375
13.066666666666666,157.969985961914,266.144636154175,-4.288330078125
13.068333333333333,157.986740112305,266.151762008667,-4.300048828125
13.07,158.003509521484,266.158475875854,-4.31158447265625
13.071666666666667,158.020248413086,266.165128707886,-4.319091796875
13.073333333333334,158.037033081055,266.172101974487,-4.32330322265625
13.075,158.053771972656,266.179395675659,-4.3245849609375
13.076666666666666,158.070556640625,266.186796188354,-4.3223876953125
13.078333333333333,158.087295532227,266.194288253784,-4.31817626953125
13.08,158.104034423828,266.201963424683,-4.3150634765625
13.081666666666667,158.120788574219,266.209775924683,-4.31524658203125
13.083333333333334,158.13752746582,266.217588424683,-4.31707763671875
13.085,158.154266357422,266.225431442261,-4.31781005859375
13.086666666666666,158.171051025391,266.233381271362,-4.31707763671875
13.088333333333333,158.187789916992,266.241285324097,-4.31689453125
13.09,158.204544067383,266.248945236206,-4.31597900390625
13.091666666666667,158.221313476563,266.256345748901,-4.31304931640625
13.093333333333334,158.238052368164,266.263746261597,-4.30828857421875
13.095,158.254806518555,266.271436691284,-4.304443359375
13.096666666666666,158.271545410156,266.279493331909,-4.30389404296875
13.098333333333333,158.288284301758,266.287534713745,-4.30572509765625
13.1,158.305068969727,266.295011520386,-4.30645751953125
13.101666666666667,158.321807861328,266.30177116394,-4.30169677734375
13.103333333333333,158.338562011719,266.308301925659,-4.289794921875
13.105,158.355331420898,266.315137863159,-4.2725830078125
13.106666666666667,158.3720703125,266.322538375854,-4.2528076171875
13.108333333333333,158.388824462891,266.330396652222,-4.2333984375
13.11,158.405563354492,266.338483810425,-4.21820068359375
13.111666666666666,158.422348022461,266.346403121948,-4.2095947265625
13.113333333333333,158.439086914063,266.3538646698,-4.20574951171875
13.115,158.455856323242,266.36085319519,-4.20465087890625
13.116666666666667,158.472610473633,266.367490768433,-4.20556640625
13.118333333333334,158.489349365234,266.373853683472,-4.20703125
13.12,158.506088256836,266.380109786987,-4.2044677734375
13.121666666666666,158.522842407227,266.386533737183,-4.19549560546875
13.123333333333333,158.539581298828,266.393400192261,-4.18267822265625
13.125,158.556365966797,266.400724411011,-4.1685791015625
13.126666666666667,158.573104858398,266.408262252808,-4.1546630859375
13.128333333333334,158.58984375,266.415754318237,-4.14495849609375
13.13,158.606628417969,266.423048019409,-4.144775390625
13.131666666666666,158.62336730957,266.429960250854,-4.15411376953125
13.133333333333333,158.640106201172,266.436429977417,-4.1663818359375
13.135,158.656860351563,266.442502975464,-4.17315673828125
13.136666666666667,158.673629760742,266.44842338562,-4.16912841796875
13.138333333333334,158.690383911133,266.454465866089,-4.15484619140625
13.14,158.707153320313,266.460737228394,-4.1396484375
13.141666666666667,158.723892211914,266.467161178589,-4.13433837890625
13.143333333333333,158.740676879883,266.473554611206,-4.14202880859375
13.145,158.757415771484,266.479734420776,-4.1539306640625
13.146666666666667,158.774154663086,266.4857006073,-4.16033935546875
13.148333333333333,158.790939331055,266.491575241089,-4.15740966796875
13.15,158.807678222656,266.4974193573,-4.14752197265625
13.151666666666667,158.824432373047,266.5032787323,-4.13360595703125
13.153333333333334,158.841171264648,266.509275436401,-4.12060546875
13.155,158.857940673828,266.515607833862,-4.11181640625
13.156666666666666,158.874694824219,266.522489547729,-4.11053466796875
13.158333333333333,158.89143371582,266.529859542847,-4.1180419921875
13.16,158.908203125,266.537382125854,-4.13287353515625
13.161666666666667,158.924957275391,266.544660568237,-4.1495361328125
13.163333333333334,158.94172668457,266.551588058472,-4.16217041015625
13.165,158.958480834961,266.558332443237,-4.16729736328125
13.166666666666666,158.975250244141,266.564970016479,-4.16619873046875
13.168333333333333,158.991989135742,266.571653366089,-4.16510009765625
13.17,159.008743286133,266.57879447937,-4.16949462890625
13.171666666666667,159.025512695313,266.586683273315,-4.1802978515625
13.173333333333334,159.042266845703,266.595121383667,-4.1964111328125
13.175,159.059036254883,266.603544235229,-4.2161865234375
13.176666666666666,159.075775146484,266.61150932312,-4.23541259765625
13.178333333333333,159.092529296875,266.618864059448,-4.248779296875
13.18,159.109298706055,266.625730514526,-4.25372314453125
13.181666666666667,159.126037597656,266.63250541687,-4.25372314453125
13.183333333333334,159.142791748047,266.639539718628,-4.25482177734375
13.185,159.159561157227,266.646940231323,-4.259765625
13.186666666666667,159.176315307617,266.654462814331,-4.26910400390625
13.188333333333333,159.193054199219,266.661832809448,-4.28155517578125
13.19,159.209823608398,266.668989181519,-4.2967529296875
13.191666666666666,159.226577758789,266.676023483276,-4.31378173828125
13.193333333333333,159.243347167969,266.682950973511,-4.33135986328125
13.195,159.26008605957,266.689786911011,-4.34820556640625
13.196666666666667,159.276840209961,266.696516036987,-4.36285400390625
13.198333333333334,159.293579101563,266.703397750854,-4.373291015625
13.2,159.310333251953,266.710660934448,-4.37969970703125
13.201666666666666,159.327102661133,266.718259811401,-4.3824462890625
13.203333333333333,159.343841552734,266.725904464722,-4.3824462890625
13.205,159.360595703125,266.733381271362,-4.38116455078125
13.206666666666667,159.377334594727,266.740674972534,-4.3798828125
13.208333333333334,159.394073486328,266.74790763855,-4.382080078125
13.21,159.410827636719,266.755353927612,-4.388671875
13.211666666666666,159.427597045898,266.763212203979,-4.3956298828125
13.213333333333333,159.444351196289,266.771406173706,-4.3974609375
13.215,159.461090087891,266.779661178589,-4.390869140625
13.216666666666667,159.47785949707,266.78777885437,-4.379150390625
13.218333333333334,159.494613647461,266.795454025269,-4.3692626953125
13.22,159.511352539063,266.802488327026,-4.36724853515625
13.221666666666666,159.528091430664,266.8089427948,-4.37603759765625
13.223333333333333,159.544845581055,266.815214157104,-4.39178466796875
13.225,159.561584472656,266.821729660034,-4.40789794921875
13.226666666666667,159.57829284668,266.828535079956,-4.4208984375
13.228333333333333,159.59504699707,266.835493087769,-4.43243408203125
13.23,159.611785888672,266.842496871948,-4.4443359375
13.231666666666667,159.628540039063,266.849637985229,-4.45587158203125
13.233333333333333,159.645278930664,266.856901168823,-4.46630859375
13.235,159.662017822266,266.864225387573,-4.47784423828125
13.236666666666666,159.678771972656,266.871625900269,-4.4908447265625
13.238333333333333,159.695510864258,266.879179000854,-4.5032958984375
13.24,159.712249755859,266.886930465698,-4.51025390625
13.241666666666667,159.72900390625,266.894834518433,-4.5091552734375
13.243333333333334,159.745742797852,266.902585983276,-4.50164794921875
13.245,159.762451171875,266.909864425659,-4.4937744140625
13.246666666666666,159.779205322266,266.91668510437,-4.48956298828125
13.248333333333333,159.795944213867,266.923322677612,-4.48992919921875
13.25,159.81266784668,266.930143356323,-4.4923095703125
13.251666666666667,159.829406738281,266.937376022339,-4.4915771484375
13.253333333333334,159.846145629883,266.945096969604,-4.48406982421875
13.255,159.862869262695,266.95313835144,-4.47088623046875
13.256666666666666,159.879608154297,266.961027145386,-4.4571533203125
13.258333333333333,159.896347045898,266.968473434448,-4.44598388671875
13.26,159.913101196289,266.975614547729,-4.43994140625
13.261666666666667,159.929809570313,266.982801437378,-4.439208984375
13.263333333333334,159.946548461914,266.990400314331,-4.44268798828125
13.265,159.963302612305,266.998487472534,-4.44708251953125
13.266666666666667,159.980041503906,267.006864547729,-4.4498291015625
13.268333333333333,159.99674987793,267.015348434448,-4.45330810546875
13.27,160.013473510742,267.023832321167,-4.46026611328125
13.271666666666667,160.030212402344,267.032194137573,-4.470703125
13.273333333333333,160.046920776367,267.040311813354,-4.4805908203125
13.275,160.063674926758,267.048215866089,-4.48919677734375
13.276666666666667,160.080383300781,267.056104660034,-4.4967041015625
13.278333333333334,160.097106933594,267.064023971558,-4.50274658203125
13.28,160.113845825195,267.07179069519,-4.50860595703125
13.281666666666666,160.130554199219,267.079252243042,-4.51702880859375
13.283333333333333,160.147277832031,267.086423873901,-4.52874755859375
13.285,160.164016723633,267.093397140503,-4.5421142578125
13.286666666666667,160.180725097656,267.100385665894,-4.5560302734375
13.288333333333334,160.197448730469,267.107511520386,-4.568115234375
13.29,160.21418762207,267.114835739136,-4.5758056640625
13.291666666666666,160.230895996094,267.122266769409,-4.5758056640625
13.293333333333333,160.247650146484,267.129652023315,-4.56793212890625
13.295,160.264358520508,267.136884689331,-4.55401611328125
13.296666666666667,160.281066894531,267.143980026245,-4.5369873046875
13.298333333333334,160.297790527344,267.151090621948,-4.52288818359375
13.3,160.314498901367,267.158277511597,-4.516845703125
13.301666666666666,160.331207275391,267.165449142456,-4.51904296875
13.303333333333333,160.347930908203,267.172422409058,-4.5230712890625
13.305,160.364669799805,267.179166793823,-4.52178955078125
13.306666666666667,160.381378173828,267.185804367065,-4.51300048828125
13.308333333333334,160.398101806641,267.192548751831,-4.5003662109375
13.31,160.414810180664,267.199644088745,-4.4879150390625
13.311666666666667,160.431549072266,267.207181930542,-4.47821044921875
13.313333333333333,160.448272705078,267.215055465698,-4.47271728515625
13.315,160.464981079102,267.223020553589,-4.471435546875
13.316666666666666,160.481689453125,267.231000900269,-4.47015380859375
13.318333333333333,160.498443603516,267.23895072937,-4.46319580078125
13.32,160.515151977539,267.246854782104,-4.449462890625
13.321666666666667,160.531860351563,267.25489616394,-4.43463134765625
13.323333333333334,160.548614501953,267.263349533081,-4.4249267578125
13.325,160.565322875977,267.272230148315,-4.4234619140625
13.326666666666666,160.58203125,267.281095504761,-4.4300537109375
13.328333333333333,160.598754882813,267.289533615112,-4.44012451171875
13.33,160.615463256836,267.297361373901,-4.4501953125
13.331666666666667,160.632171630859,267.304639816284,-4.4578857421875
13.333333333333334,160.64892578125,267.311460494995,-4.4644775390625
13.335,160.665634155273,267.318037033081,-4.47216796875
13.336666666666666,160.682373046875,267.324598312378,-4.482421875
13.338333333333333,160.699096679688,267.331220626831,-4.49285888671875
13.34,160.715835571289,267.337934494019,-4.49835205078125
13.341666666666667,160.732543945313,267.344877243042,-4.49688720703125
13.343333333333334,160.749267578125,267.352201461792,-4.4915771484375
13.345,160.765975952148,267.3597240448,-4.48736572265625
13.346666666666666,160.782684326172,267.367216110229,-4.48736572265625
13.348333333333333,160.799438476563,267.374570846558,-4.49285888671875
13.35,160.816146850586,267.381895065308,-4.50164794921875
13.351666666666667,160.832855224609,267.38934135437,-4.5091552734375
13.353333333333333,160.849578857422,267.397016525269,-4.51007080078125
13.355,160.866287231445,267.404920578003,-4.5018310546875
13.356666666666667,160.883041381836,267.412931442261,-4.48516845703125
13.358333333333333,160.899719238281,267.420728683472,-4.462646484375
13.36,160.916458129883,267.428037643433,-4.4403076171875
13.361666666666666,160.933181762695,267.434812545776,-4.42181396484375
13.363333333333333,160.949890136719,267.441343307495,-4.4051513671875
13.365,160.966598510742,267.447996139526,-4.3846435546875
13.366666666666667,160.983306884766,267.455045700073,-4.359375
13.368333333333334,161.000030517578,267.462568283081,-4.3341064453125
13.37,161.016708374023,267.47039604187,-4.31195068359375
13.371666666666666,161.033416748047,267.478361129761,-4.2952880859375
13.373333333333333,161.050140380859,267.486326217651,-4.28631591796875
13.375,161.066848754883,267.494306564331,-4.285400390625
13.376666666666667,161.083557128906,267.502332687378,-4.28997802734375
13.378333333333334,161.100250244141,267.510419845581,-4.297119140625
13.38,161.116989135742,267.518384933472,-4.30645751953125
13.381666666666666,161.133697509766,267.525953292847,-4.31744384765625
13.383333333333333,161.150421142578,267.533018112183,-4.3267822265625
13.385,161.167098999023,267.539747238159,-4.33135986328125
13.386666666666667,161.183807373047,267.546369552612,-4.33209228515625
13.388333333333334,161.200531005859,267.553113937378,-4.332275390625
13.39,161.217239379883,267.560209274292,-4.3359375
13.391666666666667,161.233917236328,267.567686080933,-4.34381103515625
13.393333333333333,161.250640869141,267.575407028198,-4.35186767578125
13.395,161.267349243164,267.58302116394,-4.35516357421875
13.396666666666667,161.284057617188,267.590208053589,-4.35260009765625
13.398333333333333,161.30078125,267.596784591675,-4.34710693359375
13.4,161.317489624023,267.6028881073,-4.34344482421875
13.401666666666667,161.334197998047,267.608976364136,-4.34381103515625
13.403333333333334,161.350921630859,267.615339279175,-4.34747314453125
13.405,161.367630004883,267.621992111206,-4.35150146484375
13.406666666666666,161.384307861328,267.628736495972,-4.35369873046875
13.408333333333333,161.401062011719,267.635511398315,-4.354248046875
13.41,161.417770385742,267.64227104187,-4.35333251953125
13.411666666666667,161.434478759766,267.648862838745,-4.3509521484375
13.413333333333334,161.451202392578,267.655302047729,-4.34564208984375
13.415,161.467910766602,267.661832809448,-4.33868408203125
13.416666666666666,161.484619140625,267.668577194214,-4.33135986328125
13.418333333333333,161.501342773438,267.675535202026,-4.32476806640625
13.42,161.518051147461,267.682691574097,-4.32000732421875
13.421666666666667,161.534759521484,267.690092086792,-4.3209228515625
13.423333333333334,161.551483154297,267.697721481323,-4.3297119140625
13.425,161.56819152832,267.705442428589,-4.3450927734375
13.426666666666666,161.584869384766,267.713148117065,-4.36322021484375
13.428333333333333,161.601593017578,267.720731735229,-4.38043212890625
13.43,161.618301391602,267.728239059448,-4.39398193359375
13.431666666666667,161.635009765625,267.735898971558,-4.39984130859375
13.433333333333334,161.651733398438,267.743879318237,-4.39801025390625
13.435,161.668441772461,267.751996994019,-4.39306640625
13.436666666666667,161.685150146484,267.75994682312,-4.3941650390625
13.438333333333333,161.701873779297,267.767637252808,-4.40679931640625
13.44,161.71858215332,267.775190353394,-4.4278564453125
13.441666666666666,161.735290527344,267.782682418823,-4.44873046875
13.443333333333333,161.752014160156,267.790021896362,-4.4615478515625
13.445,161.76872253418,267.797101974487,-4.465576171875
13.446666666666667,161.785430908203,267.803968429565,-4.46539306640625
13.448333333333334,161.802154541016,267.810804367065,-4.46722412109375
13.45,161.818862915039,267.817899703979,-4.474365234375
13.451666666666666,161.835571289063,267.825345993042,-4.4871826171875
13.453333333333333,161.852249145508,267.832975387573,-4.50457763671875
13.455,161.869003295898,267.840497970581,-4.52288818359375
13.456666666666667,161.885711669922,267.847883224487,-4.5384521484375
13.458333333333334,161.902389526367,267.855253219604,-4.5501708984375
13.46,161.919143676758,267.862730026245,-4.5574951171875
13.461666666666666,161.935821533203,267.870420455933,-4.55914306640625
13.463333333333333,161.952575683594,267.878461837769,-4.55548095703125
13.465,161.969253540039,267.886762619019,-4.5509033203125
13.466666666666667,161.985961914063,267.895109176636,-4.5494384765625
13.468333333333334,162.002670288086,267.903348922729,-4.5509033203125
13.47,162.019393920898,267.911405563354,-4.55438232421875
13.471666666666666,162.036071777344,267.919279098511,-4.55767822265625
13.473333333333333,162.052780151367,267.926862716675,-4.55804443359375
13.475,162.069473266602,267.934186935425,-4.55364990234375
13.476666666666667,162.086181640625,267.941495895386,-4.5465087890625
13.478333333333333,162.10285949707,267.949201583862,-4.54083251953125
13.48,162.119552612305,267.957441329956,-4.53900146484375
13.481666666666667,162.13623046875,267.965772628784,-4.54010009765625
13.483333333333333,162.152908325195,267.973615646362,-4.5435791015625
13.485,162.169631958008,267.980772018433,-4.55108642578125
13.486666666666666,162.186309814453,267.987470626831,-4.5648193359375
13.488333333333333,162.202987670898,267.994108200073,-4.58514404296875
13.49,162.219665527344,268.001005172729,-4.6102294921875
13.491666666666667,162.236358642578,268.008375167847,-4.6358642578125
13.493333333333334,162.253005981445,268.016202926636,-4.658203125
13.495,162.269683837891,268.024244308472,-4.675048828125
13.496666666666666,162.286376953125,268.032209396362,-4.68658447265625
13.498333333333333,162.30305480957,268.040037155151,-4.6922607421875
13.5,162.319702148438,268.047758102417,-4.69207763671875
13.501666666666667,162.336380004883,268.055326461792,-4.6871337890625
13.503333333333334,162.353073120117,268.062620162964,-4.67779541015625
13.505,162.369720458984,268.069715499878,-4.66241455078125
13.506666666666666,162.38639831543,268.076963424683,-4.6409912109375
13.508333333333333,162.403060913086,268.084562301636,-4.6171875
13.51,162.419738769531,268.092390060425,-4.59613037109375
13.511666666666667,162.436416625977,268.100263595581,-4.5816650390625
13.513333333333334,162.453063964844,268.108045578003,-4.57305908203125
13.515,162.4697265625,268.11573600769,-4.5699462890625
13.516666666666667,162.486404418945,268.123350143433,-4.57012939453125
13.518333333333333,162.503051757813,268.13087272644,-4.5673828125
13.52,162.51969909668,268.138349533081,-4.55291748046875
13.521666666666667,162.536361694336,268.145887374878,-4.5252685546875
13.523333333333333,162.553039550781,268.153532028198,-4.49359130859375
13.525,162.569717407227,268.16131401062,-4.4696044921875
13.526666666666667,162.586380004883,268.169279098511,-4.45697021484375
13.528333333333334,162.603057861328,268.177503585815,-4.453125
13.53,162.619705200195,268.186063766479,-4.45330810546875
13.531666666666666,162.636383056641,268.194990158081,-4.4542236328125
13.533333333333333,162.653045654297,268.204221725464,-4.45367431640625
13.535,162.669723510742,268.213529586792,-4.45001220703125
13.536666666666667,162.686401367188,268.222562789917,-4.4417724609375
13.538333333333334,162.703094482422,268.231046676636,-4.42987060546875
13.54,162.719772338867,268.238904953003,-4.4161376953125
13.541666666666666,162.736419677734,268.246259689331,-4.40185546875
13.543333333333333,162.75309753418,268.253324508667,-4.3890380859375
13.545,162.769790649414,268.260236740112,-4.38006591796875
13.546666666666667,162.786437988281,268.266996383667,-4.374755859375
13.548333333333334,162.803085327148,268.273511886597,-4.367431640625
13.55,162.819763183594,268.279874801636,-4.353515625
13.551666666666666,162.836456298828,268.286359786987,-4.33465576171875
13.553333333333333,162.853134155273,268.293210983276,-4.3172607421875
13.555,162.869812011719,268.300367355347,-4.30462646484375
13.556666666666667,162.886505126953,268.307691574097,-4.29583740234375
13.558333333333334,162.903182983398,268.315031051636,-4.28887939453125
13.56,162.919830322266,268.322111129761,-4.2828369140625
13.561666666666667,162.9365234375,268.328611373901,-4.27642822265625
13.563333333333333,162.953201293945,268.334547042847,-4.26800537109375
13.565,162.969879150391,268.340238571167,-4.257568359375
13.566666666666666,162.986557006836,268.346082687378,-4.24566650390625
13.568333333333333,163.00325012207,268.352186203003,-4.23284912109375
13.57,163.019897460938,268.358564376831,-4.21893310546875
13.571666666666667,163.036575317383,268.365217208862,-4.20263671875
13.573333333333334,163.053268432617,268.372190475464,-4.18194580078125
13.575,163.069946289063,268.379514694214,-4.15594482421875
13.576666666666666,163.086654663086,268.387037277222,-4.12811279296875
13.578333333333333,163.103332519531,268.39439201355,-4.10357666015625
13.58,163.119995117188,268.401365280151,-4.08746337890625
13.581666666666667,163.136672973633,268.408048629761,-4.0799560546875
13.583333333333334,163.153350830078,268.414579391479,-4.08050537109375
13.585,163.170043945313,268.42107963562,-4.08233642578125
13.586666666666666,163.18669128418,268.427625656128,-4.084716796875
13.588333333333333,163.203369140625,268.434278488159,-4.0887451171875
13.59,163.22004699707,268.440916061401,-4.09442138671875
13.591666666666667,163.236740112305,268.447355270386,-4.09918212890625
13.593333333333334,163.253387451172,268.453611373901,-4.1004638671875
13.595,163.270065307617,268.460035324097,-4.09661865234375
13.596666666666666,163.286758422852,268.466764450073,-4.089111328125
13.598333333333333,163.303405761719,268.473722457886,-4.07958984375
13.6,163.320083618164,268.480756759644,-4.0693359375
13.601666666666667,163.336761474609,268.487775802612,-4.06146240234375
13.603333333333333,163.353454589844,268.494718551636,-4.0587158203125
13.605,163.370132446289,268.501554489136,-4.06201171875
13.606666666666667,163.386810302734,268.508329391479,-4.06915283203125
13.608333333333333,163.403503417969,268.515119552612,-4.07647705078125
13.61,163.420181274414,268.522016525269,-4.08251953125
13.611666666666666,163.436859130859,268.529081344604,-4.0872802734375
13.613333333333333,163.453552246094,268.536283493042,-4.09002685546875
13.615,163.470199584961,268.543485641479,-4.089111328125
13.616666666666667,163.486877441406,268.550550460815,-4.0821533203125
13.618333333333334,163.503524780273,268.557538986206,-4.06878662109375
13.62,163.520217895508,268.564527511597,-4.052490234375
13.621666666666666,163.536865234375,268.571668624878,-4.0389404296875
13.623333333333333,163.553512573242,268.578901290894,-4.03125
13.625,163.570190429688,268.586301803589,-4.02703857421875
13.626666666666667,163.586853027344,268.593519210815,-4.02008056640625
13.628333333333334,163.603530883789,268.600629806519,-4.00579833984375
13.63,163.620178222656,268.607725143433,-3.98602294921875
13.631666666666666,163.636871337891,268.614713668823,-3.96881103515625
13.633333333333333,163.653518676758,268.621473312378,-3.9591064453125
13.635,163.670196533203,268.628065109253,-3.95654296875
13.636666666666667,163.68684387207,268.634595870972,-3.95526123046875
13.638333333333334,163.703506469727,268.64112663269,-3.9517822265625
13.64,163.720153808594,268.647657394409,-3.94573974609375
13.641666666666667,163.736831665039,268.654142379761,-3.9393310546875
13.643333333333333,163.753479003906,268.660566329956,-3.9345703125
13.645,163.770172119141,268.666837692261,-3.9320068359375
13.646666666666667,163.786819458008,268.673048019409,-3.9305419921875
13.648333333333333,163.803497314453,268.679334640503,-3.9283447265625
13.65,163.820159912109,268.685789108276,-3.92449951171875
13.651666666666667,163.836807250977,268.69239616394,-3.91790771484375
13.653333333333334,163.853454589844,268.699171066284,-3.90765380859375
13.655,163.870101928711,268.706052780151,-3.8953857421875
13.656666666666666,163.886764526367,268.712949752808,-3.88348388671875
13.658333333333333,163.903411865234,268.719694137573,-3.87432861328125
13.66,163.920059204102,268.726102828979,-3.86737060546875
13.661666666666667,163.936676025391,268.732099533081,-3.8609619140625
13.663333333333334,163.953338623047,268.737943649292,-3.853271484375
13.665,163.969955444336,268.743986129761,-3.84393310546875
13.666666666666666,163.986602783203,268.750165939331,-3.83056640625
13.668333333333333,164.00325012207,268.756086349487,-3.81536865234375
13.67,164.019912719727,268.761442184448,-3.799072265625
13.671666666666667,164.036560058594,268.766447067261,-3.78460693359375
13.673333333333334,164.053207397461,268.771650314331,-3.7745361328125
13.675,164.06982421875,268.777280807495,-3.76885986328125
13.676666666666666,164.086486816406,268.783323287964,-3.7657470703125
13.678333333333333,164.103103637695,268.789640426636,-3.7635498046875
13.68,164.119750976563,268.79607963562,-3.75970458984375
13.681666666666667,164.13639831543,268.802534103394,-3.7529296875
13.683333333333334,164.153060913086,268.809034347534,-3.74542236328125
13.685,164.169677734375,268.815656661987,-3.73956298828125
13.686666666666667,164.186325073242,268.822385787964,-3.7364501953125
13.688333333333333,164.202972412109,268.829099655151,-3.73443603515625
13.69,164.219604492188,268.835691452026,-3.73150634765625
13.691666666666666,164.236221313477,268.842161178589,-3.72711181640625
13.693333333333333,164.252838134766,268.848508834839,-3.721435546875
13.695,164.269454956055,268.854719161987,-3.71429443359375
13.696666666666667,164.286102294922,268.860898971558,-3.70587158203125
13.698333333333334,164.302734375,268.867109298706,-3.697265625
13.7,164.319381713867,268.873411178589,-3.69049072265625
13.701666666666666,164.336029052734,268.879819869995,-3.68701171875
13.703333333333333,164.352645874023,268.886274337769,-3.68756103515625
13.705,164.36930847168,268.892774581909,-3.68719482421875
13.706666666666667,164.385925292969,268.899229049683,-3.67730712890625
13.708333333333334,164.402572631836,268.905515670776,-3.65606689453125
13.71,164.419189453125,268.911466598511,-3.63043212890625
13.711666666666666,164.435852050781,268.917219161987,-3.610107421875
13.713333333333333,164.452499389648,268.923109054565,-3.603515625
13.715,164.469146728516,268.929258346558,-3.59747314453125
13.716666666666667,164.485763549805,268.935544967651,-3.58612060546875
13.718333333333334,164.502426147461,268.941877365112,-3.57220458984375
13.72,164.519073486328,268.948225021362,-3.558837890625
13.721666666666666,164.535690307617,268.954435348511,-3.54766845703125
13.723333333333333,164.552307128906,268.960401535034,-3.53887939453125
13.725,164.568969726563,268.966260910034,-3.5321044921875
13.726666666666667,164.585586547852,268.972196578979,-3.52606201171875
13.728333333333333,164.602233886719,268.97820854187,-3.51947021484375
13.73,164.618850708008,268.984251022339,-3.51141357421875
13.731666666666667,164.635482788086,268.990293502808,-3.50152587890625
13.733333333333333,164.652130126953,268.996381759644,-3.48980712890625
13.735,164.66877746582,269.002515792847,-3.478271484375
13.736666666666666,164.685424804688,269.008695602417,-3.46966552734375
13.738333333333333,164.702041625977,269.014875411987,-3.46417236328125
13.74,164.718704223633,269.021055221558,-3.4588623046875
13.741666666666667,164.7353515625,269.027235031128,-3.45062255859375
13.743333333333334,164.751998901367,269.033353805542,-3.43743896484375
13.745,164.768615722656,269.039396286011,-3.42041015625
13.746666666666666,164.785278320313,269.045209884644,-3.40228271484375
13.748333333333333,164.80192565918,269.050428390503,-3.38671875
13.75,164.818572998047,269.054838180542,-3.37628173828125
13.751666666666667,164.835235595703,269.058622360229,-3.371337890625
13.753333333333334,164.85188293457,269.062284469604,-3.3680419921875
13.755,164.868499755859,269.066740036011,-3.359619140625
13.756666666666666,164.885147094727,269.071439743042,-3.34423828125
13.758333333333333,164.901809692383,269.076124191284,-3.3255615234375
13.76,164.91845703125,269.081007003784,-3.308349609375
13.761666666666667,164.935073852539,269.086210250854,-3.2940673828125
13.763333333333334,164.951721191406,269.091718673706,-3.28472900390625
13.765,164.968383789063,269.097440719604,-3.2816162109375
13.766666666666667,164.985000610352,269.10337638855,-3.281982421875
13.768333333333333,165.001647949219,269.109495162964,-3.280517578125
13.77,165.018295288086,269.115674972534,-3.27410888671875
13.771666666666667,165.034912109375,269.121717453003,-3.26348876953125
13.773333333333333,165.051574707031,269.127485275269,-3.251220703125
13.775,165.068222045898,269.132978439331,-3.2406005859375
13.776666666666667,165.084869384766,269.13836479187,-3.2332763671875
13.778333333333334,165.101531982422,269.143857955933,-3.22833251953125
13.78,165.118179321289,269.149580001831,-3.22320556640625
13.781666666666666,165.134826660156,269.155347824097,-3.216064453125
13.783333333333333,165.151443481445,269.160963058472,-3.20745849609375
13.785,165.168106079102,269.166273117065,-3.2003173828125
13.786666666666667,165.184722900391,269.171308517456,-3.1951904296875
13.788333333333334,165.201370239258,269.176298141479,-3.19244384765625
13.79,165.218017578125,269.181455612183,-3.19537353515625
13.791666666666666,165.234634399414,269.1868724823,-3.20745849609375
13.793333333333333,165.251266479492,269.192411422729,-3.22833251953125
13.795,165.267913818359,269.197889328003,-3.25250244140625
13.796666666666667,165.284530639648,269.203077316284,-3.26751708984375
13.798333333333334,165.301177978516,269.207944869995,-3.27777099609375
13.8,165.317810058594,269.212675094604,-3.28546142578125
13.801666666666666,165.334426879883,269.217573165894,-3.29058837890625
13.803333333333333,165.35107421875,269.222730636597,-3.29351806640625
13.805,165.367691040039,269.228162765503,-3.29296875
13.806666666666667,165.384353637695,269.233869552612,-3.287841796875
13.808333333333334,165.401000976563,269.23975944519,-3.277587890625
13.81,165.41764831543,269.245573043823,-3.26239013671875
13.811666666666667,165.434295654297,269.251050949097,-3.2435302734375
13.813333333333333,165.450958251953,269.2562084198,-3.2252197265625
13.815,165.467575073242,269.261228561401,-3.21185302734375
13.816666666666666,165.484222412109,269.266431808472,-3.2047119140625
13.818333333333333,165.500839233398,269.271955490112,-3.2010498046875
13.82,165.517501831055,269.277723312378,-3.1966552734375
13.821666666666667,165.534118652344,269.283475875854,-3.1893310546875
13.823333333333334,165.550765991211,269.289060592651,-3.18109130859375
13.825,165.567413330078,269.294523239136,-3.1728515625
13.826666666666666,165.584045410156,269.300046920776,-3.16534423828125
13.828333333333333,165.600692749023,269.305662155151,-3.1578369140625
13.83,165.617340087891,269.311246871948,-3.14886474609375
13.831666666666667,165.633987426758,269.316709518433,-3.13714599609375
13.833333333333334,165.650650024414,269.32212638855,-3.12213134765625
13.835,165.667297363281,269.32765007019,-3.10491943359375
13.836666666666666,165.683944702148,269.333326339722,-3.0897216796875
13.838333333333333,165.700592041016,269.339033126831,-3.082763671875
13.84,165.717254638672,269.34458732605,-3.08587646484375
13.841666666666667,165.733871459961,269.349912643433,-3.09429931640625
13.843333333333334,165.750518798828,269.355222702026,-3.0999755859375
13.845,165.767135620117,269.360670089722,-3.09942626953125
13.846666666666666,165.783767700195,269.366132736206,-3.09173583984375
13.848333333333333,165.800415039063,269.371427536011,-3.0780029296875
13.85,165.817031860352,269.376508712769,-3.0615234375
13.851666666666667,165.833679199219,269.38136100769,-3.04779052734375
13.853333333333333,165.850311279297,269.385969161987,-3.041015625
13.855,165.866928100586,269.39048576355,-3.03955078125
13.856666666666667,165.883544921875,269.395139694214,-3.03863525390625
13.858333333333333,165.900161743164,269.400037765503,-3.03204345703125
13.86,165.916778564453,269.405118942261,-3.0172119140625
13.861666666666666,165.933410644531,269.410245895386,-2.9974365234375
13.863333333333333,165.95002746582,269.415357589722,-2.98004150390625
13.865,165.966644287109,269.420438766479,-2.969970703125
13.866666666666667,165.983261108398,269.425367355347,-2.9659423828125
13.868333333333334,165.999893188477,269.430051803589,-2.96246337890625
13.87,166.016510009766,269.434461593628,-2.956787109375
13.871666666666666,166.033126831055,269.438703536987,-2.95001220703125
13.873333333333333,166.049743652344,269.44288444519,-2.94378662109375
13.875,166.066360473633,269.447050094604,-2.93701171875
13.876666666666667,166.082992553711,269.451154708862,-2.92657470703125
13.878333333333334,166.099609375,269.455366134644,-2.909912109375
13.88,166.116256713867,269.45997428894,-2.88848876953125
13.881666666666666,166.132873535156,269.465101242065,-2.8670654296875
13.883333333333333,166.149505615234,269.470533370972,-2.84930419921875
13.885,166.166122436523,269.475904464722,-2.83282470703125
13.886666666666667,166.182739257813,269.481016159058,-2.814697265625
13.888333333333334,166.199356079102,269.485807418823,-2.79693603515625
13.89,166.215972900391,269.490369796753,-2.783935546875
13.891666666666667,166.232604980469,269.494886398315,-2.77789306640625
13.893333333333333,166.249221801758,269.499555587769,-2.77899169921875
13.895,166.265838623047,269.504468917847,-2.78558349609375
13.896666666666667,166.282424926758,269.509504318237,-2.7938232421875
13.898333333333333,166.299057006836,269.514448165894,-2.79840087890625
13.9,166.315643310547,269.519102096558,-2.797119140625
13.901666666666667,166.332260131836,269.523389816284,-2.79180908203125
13.903333333333334,166.348876953125,269.527509689331,-2.7843017578125
13.905,166.365463256836,269.531812667847,-2.773681640625
13.906666666666666,166.382095336914,269.536558151245,-2.75958251953125
13.908333333333333,166.398681640625,269.54168510437,-2.74493408203125
13.91,166.415298461914,269.546918869019,-2.734130859375
13.911666666666667,166.431915283203,269.552061080933,-2.72991943359375
13.913333333333334,166.448532104492,269.557081222534,-2.7308349609375
13.915,166.465133666992,269.56202507019,-2.73358154296875
13.916666666666666,166.481750488281,269.566877365112,-2.73486328125
13.918333333333333,166.49836730957,269.571531295776,-2.73284912109375
13.92,166.514984130859,269.575819015503,-2.72552490234375
13.921666666666667,166.53157043457,269.579740524292,-2.7125244140625
13.923333333333334,166.548202514648,269.58350944519,-2.69512939453125
13.925,166.564788818359,269.587354660034,-2.67608642578125
13.926666666666666,166.581405639648,269.591291427612,-2.65887451171875
13.928333333333333,166.598022460938,269.59522819519,-2.6444091796875
13.93,166.614685058594,269.599210739136,-2.6319580078125
13.931666666666667,166.631301879883,269.603422164917,-2.61895751953125
13.933333333333334,166.64794921875,269.607999801636,-2.60357666015625
13.935,166.664566040039,269.612943649292,-2.58636474609375
13.936666666666667,166.681198120117,269.618101119995,-2.57025146484375
13.938333333333333,166.697845458984,269.623304367065,-2.55889892578125
13.94,166.714462280273,269.628339767456,-2.55340576171875
13.941666666666666,166.731109619141,269.633131027222,-2.552490234375
13.943333333333333,166.747772216797,269.637769699097,-2.55303955078125
13.945,166.764389038086,269.64227104187,-2.5506591796875
13.946666666666667,166.781036376953,269.64649772644,-2.54241943359375
13.948333333333334,166.797653198242,269.65040397644,-2.5279541015625
13.95,166.814270019531,269.654111862183,-2.50982666015625
13.951666666666666,166.830932617188,269.65789604187,-2.49169921875
13.953333333333333,166.847549438477,269.661954879761,-2.4744873046875
13.955,166.864196777344,269.666273117065,-2.4576416015625
13.956666666666667,166.880844116211,269.670682907104,-2.4404296875
13.958333333333334,166.897476196289,269.674955368042,-2.42340087890625
13.96,166.914093017578,269.67889213562,-2.4078369140625
13.961666666666666,166.930709838867,269.682493209839,-2.39483642578125
13.963333333333333,166.947357177734,269.686017990112,-2.3858642578125
13.965,166.963989257813,269.689695358276,-2.38018798828125
13.966666666666667,166.980606079102,269.69354057312,-2.3763427734375
13.968333333333334,166.997222900391,269.697477340698,-2.3734130859375
13.97,167.01383972168,269.701383590698,-2.3701171875
13.971666666666666,167.030456542969,269.705137252808,-2.36407470703125
13.973333333333333,167.047088623047,269.708616256714,-2.3525390625
13.975,167.063705444336,269.711851119995,-2.3349609375
13.976666666666667,167.080322265625,269.715085983276,-2.31317138671875
13.978333333333333,167.096969604492,269.718656539917,-2.29083251953125
13.98,167.11360168457,269.722745895386,-2.26959228515625
13.981666666666667,167.130218505859,269.72723197937,-2.25091552734375
13.983333333333333,167.146865844727,269.731809616089,-2.23516845703125
13.985,167.163482666016,269.736143112183,-2.22088623046875
13.986666666666666,167.180114746094,269.740064620972,-2.2064208984375
13.988333333333333,167.196762084961,269.743680953979,-2.192138671875
13.99,167.213409423828,269.747220993042,-2.1800537109375
13.991666666666667,167.230056762695,269.75083732605,-2.1719970703125
13.993333333333334,167.246688842773,269.754560470581,-2.16650390625
13.995,167.263336181641,269.758268356323,-2.1602783203125
13.996666666666666,167.27995300293,269.761884689331,-2.1522216796875
13.998333333333333,167.296569824219,269.765394210815,-2.14361572265625
14,167.313186645508,269.768827438354,-2.13592529296875
14.001666666666667,167.329818725586,269.772184371948,-2.1298828125
14.003333333333334,167.346466064453,269.775388717651,-2.12548828125
14.005,167.363082885742,269.778562545776,-2.12109375
14.006666666666666,167.379699707031,269.781858444214,-2.11724853515625
14.008333333333333,167.396331787109,269.785383224487,-2.11376953125
14.01,167.412948608398,269.78907585144,-2.1104736328125
14.011666666666667,167.429565429688,269.792737960815,-2.10736083984375
14.013333333333334,167.446182250977,269.796216964722,-2.105712890625
14.015,167.462814331055,269.799467086792,-2.108642578125
14.016666666666667,167.479431152344,269.802579879761,-2.115966796875
14.018333333333333,167.496047973633,269.805707931519,-2.123291015625
14.02,167.512664794922,269.809003829956,-2.1240234375
14.021666666666667,167.529251098633,269.812437057495,-2.11505126953125
14.023333333333333,167.545883178711,269.815916061401,-2.0994873046875
14.025,167.5625,269.819395065308,-2.08172607421875
14.026666666666667,167.579086303711,269.822843551636,-2.06707763671875
14.028333333333334,167.595703125,269.826139450073,-2.058837890625
14.03,167.612319946289,269.829175949097,-2.0562744140625
14.031666666666666,167.628952026367,269.832075119019,-2.0537109375
14.033333333333333,167.645568847656,269.835111618042,-2.04766845703125
14.035,167.662185668945,269.838438034058,-2.038330078125
14.036666666666667,167.678802490234,269.84197807312,-2.029541015625
14.038333333333334,167.695434570313,269.845624923706,-2.023681640625
14.04,167.712020874023,269.849317550659,-2.0203857421875
14.041666666666666,167.728637695313,269.852949142456,-2.0181884765625
14.043333333333333,167.745254516602,269.856382369995,-2.01507568359375
14.045,167.761871337891,269.859617233276,-2.0101318359375
14.046666666666667,167.778503417969,269.862775802612,-2.00244140625
14.048333333333334,167.79508972168,269.866132736206,-1.99383544921875
14.05,167.811706542969,269.869688034058,-1.9866943359375
14.051666666666666,167.828323364258,269.873350143433,-1.9815673828125
14.053333333333333,167.844909667969,269.876996994019,-1.9775390625
14.055,167.861541748047,269.880613327026,-1.972412109375
14.056666666666667,167.878158569336,269.884336471558,-1.9647216796875
14.058333333333334,167.894775390625,269.888181686401,-1.956298828125
14.06,167.911361694336,269.892026901245,-1.95025634765625
14.061666666666667,167.927993774414,269.895658493042,-1.94622802734375
14.063333333333333,167.944610595703,269.899000167847,-1.94110107421875
14.065,167.961227416992,269.902189254761,-1.93194580078125
14.066666666666666,167.977813720703,269.90528678894,-1.91766357421875
14.068333333333333,167.994430541992,269.908399581909,-1.8995361328125
14.07,168.011032104492,269.91163444519,-1.8812255859375
14.071666666666667,168.027648925781,269.915037155151,-1.866943359375
14.073333333333334,168.044235229492,269.918363571167,-1.85888671875
14.075,168.060821533203,269.921476364136,-1.855224609375
14.076666666666666,168.077407836914,269.924421310425,-1.85302734375
14.078333333333333,168.094039916992,269.927396774292,-1.85028076171875
14.08,168.110626220703,269.93052482605,-1.84588623046875
14.081666666666667,168.127212524414,269.933759689331,-1.839111328125
14.083333333333334,168.143798828125,269.937009811401,-1.8306884765625
14.085,168.160415649414,269.940107345581,-1.82208251953125
14.086666666666666,168.177017211914,269.942899703979,-1.81439208984375
14.088333333333333,168.193603515625,269.945432662964,-1.80743408203125
14.09,168.210220336914,269.948011398315,-1.7984619140625
14.091666666666667,168.226806640625,269.950941085815,-1.78857421875
14.093333333333334,168.243087768555,269.954206466675,-1.77996826171875
14.095,168.259017944336,269.95753288269,-1.7742919921875
14.096666666666666,168.274642944336,269.960584640503,-1.7713623046875
14.098333333333333,168.289932250977,269.963193893433,-1.76788330078125
14.1,168.304870605469,269.965604782104,-1.76239013671875
14.101666666666667,168.319534301758,269.968229293823,-1.7548828125
14.103333333333333,168.333862304688,269.971189498901,-1.74737548828125
14.105,168.347839355469,269.974195480347,-1.74188232421875
14.106666666666667,168.361511230469,269.9769115448,-1.73822021484375
14.108333333333333,168.37483215332,269.979200363159,-1.73602294921875
14.11,168.387847900391,269.98113822937,-1.73455810546875
14.111666666666666,168.40055847168,269.982908248901,-1.7325439453125
14.113333333333333,168.41291809082,269.984754562378,-1.72979736328125
14.115,168.424942016602,269.986982345581,-1.7281494140625
14.116666666666667,168.436660766602,269.989713668823,-1.7266845703125
14.118333333333334,168.448028564453,269.99285697937,-1.7244873046875
14.12,168.459091186523,269.996168136597,-1.72027587890625
14.121666666666666,168.469833374023,269.999448776245,-1.71441650390625
14.123333333333333,168.480239868164,270.002576828003,-1.70855712890625
14.125,168.490310668945,270.005506515503,-1.7032470703125
14.126666666666667,168.500061035156,270.008222579956,-1.70086669921875
14.128333333333334,168.509506225586,270.010816574097,-1.7021484375
14.13,168.518615722656,270.013395309448,-1.7032470703125
14.131666666666666,168.527404785156,270.016004562378,-1.69793701171875
14.133333333333333,168.535858154297,270.01873588562,-1.6834716796875
