Time/min,Temp/Cel,DSC/uW,DDSC/(uW/min)
0,28.7547492980957,0.230178833007813,0.718803405761719
0.0016666666666666668,28.7547187805176,0.22331428527832,2.78620147705078
0.0033333333333333335,28.7547187805176,0.215106964111328,5.32781982421875
0.005,28.7547187805176,0.205432891845703,7.21559143066406
0.006666666666666667,28.7547035217285,0.195592880249023,7.46726989746094
0.008333333333333333,28.7547035217285,0.186555862426758,6.61347198486328
0.01,28.7546882629395,0.177539825439453,6.17994689941406
0.011666666666666667,28.7546882629395,0.18988037109375,6.87682342529297
0.013333333333333334,28.7546730041504,0.176982879638672,7.864013671875
0.015,28.7546730041504,0.13507080078125,8.16318511962891
0.016666666666666666,28.7546577453613,0.102838516235352,8.41133880615234
0.018333333333333333,28.7546424865723,0.0896644592285156,9.79781341552734
0.02,28.7546424865723,0.0586051940917969,11.9358673095703
0.021666666666666667,28.7546424865723,-0.0127239227294922,13.6120376586914
0.023333333333333334,28.7546119689941,-0.102090835571289,15.0273284912109
0.025,28.7546119689941,-0.156515121459961,17.476432800293
0.02666666666666667,28.7546119689941,-0.121490478515625,21.1350402832031
0.028333333333333332,28.7546119689941,-0.00460624694824219,25.1724243164063
0.03,28.7546119689941,0.131082534790039,29.2814254760742
0.03166666666666667,28.7546119689941,0.24571418762207,33.6443252563477
0.03333333333333333,28.7546272277832,0.342855453491211,38.1609420776367
0.035,28.7546272277832,0.41960334777832,42.5359725952148
0.03666666666666667,28.7546424865723,0.453125,46.7508201599121
0.03833333333333333,28.7546424865723,0.427885055541992,51.0040855407715
0.04,28.7546730041504,0.354974746704102,55.5394477844238
0.041666666666666664,28.7546882629395,0.236530303955078,60.5433311462402
0.043333333333333335,28.7547035217285,0.0543117523193359,65.7480316162109
0.045,28.7547340393066,-0.170913696289063,70.5462646484375
0.04666666666666667,28.7547950744629,-0.338962554931641,75.0721282958984
0.04833333333333333,28.7548408508301,-0.363853454589844,80.5424270629883
0.05,28.7549018859863,-0.290130615234375,87.7610778808594
0.051666666666666666,28.7549610137939,-0.248664855957031,96.0994720458984
0.05333333333333334,28.7550373077393,-0.303289413452148,104.926368713379
0.055,28.7551288604736,-0.386787414550781,113.713348388672
0.056666666666666664,28.7552051544189,-0.416601181030273,122.720283508301
0.058333333333333334,28.7552967071533,-0.442720413208008,132.112762451172
0.06,28.7554035186768,-0.56243896484375,141.651870727539
0.06166666666666667,28.7555255889893,-0.743658065795898,150.942993164063
0.06333333333333334,28.7556324005127,-0.88592529296875,159.775543212891
0.065,28.7557697296143,-1.00675392150879,168.786666870117
0.06666666666666667,28.7559223175049,-1.21487236022949,179.511749267578
0.06833333333333333,28.7560749053955,-1.52436447143555,192.75764465332
0.07,28.7562274932861,-1.86372184753418,207.101455688477
0.07166666666666667,28.7564105987549,-2.20562934875488,220.783325195313
0.07333333333333333,28.7565937042236,-2.56571769714355,233.858474731445
0.075,28.7568073272705,-2.93746185302734,247.400573730469
0.07666666666666666,28.7570209503174,-3.29842758178711,261.759002685547
0.07833333333333334,28.7572345733643,-3.64920711517334,276.702789306641
0.08,28.7574615478516,-4.00726985931396,291.768585205078
0.08166666666666667,28.7577056884766,-4.39143848419189,306.500366210938
0.08333333333333333,28.7579650878906,-4.81509876251221,320.809814453125
0.085,28.7582550048828,-5.25568866729736,334.975463867188
0.08666666666666667,28.7585601806641,-5.6637487411499,349.449493408203
0.08833333333333333,28.7588653564453,-6.05057811737061,365.358215332031
0.09,28.7591857910156,-6.51627635955811,383.591888427734
0.09166666666666666,28.7595367431641,-7.12686729431152,403.097747802734
0.09333333333333334,28.759916305542,-7.83074951171875,421.56298828125
0.095,28.7602977752686,-8.55398368835449,438.511871337891
0.09666666666666666,28.7607097625732,-9.29912948608398,456.251892089844
0.09833333333333333,28.7611522674561,-10.0916194915771,476.488128662109
0.1,28.761625289917,-10.9065589904785,497.670501708984
0.10166666666666667,28.762113571167,-11.7146587371826,517.717224121094
0.10333333333333333,28.7626304626465,-12.5199780464172,537.130187988281
0.105,28.7631645202637,-13.3273539543152,557.325744628906
0.10666666666666667,28.7637138366699,-14.1676468849182,577.972961425781
0.10833333333333334,28.7643089294434,-15.1158289909363,597.820007324219
0.11,28.7649326324463,-16.1846289634705,617.234436035156
0.11166666666666666,28.7655735015869,-17.2630617618561,637.687316894531
0.11333333333333333,28.7662601470947,-18.2675288915634,659.617919921875
0.115,28.7669773101807,-19.2424930930138,682.419982910156
0.11666666666666667,28.767707824707,-20.2738592624664,705.589599609375
0.11833333333333333,28.7684555053711,-21.3936495780945,728.763366699219
0.12,28.7692642211914,-22.6054422855377,751.261535644531
0.12166666666666667,28.7701015472412,-23.8861656188965,772.856201171875
0.12333333333333334,28.7709712982178,-25.1867237091064,794.343200683594
0.125,28.7718563079834,-26.4976229667664,816.81396484375
0.12666666666666668,28.7728004455566,-27.8603115081787,840.791564941406
0.12833333333333333,28.7737617492676,-29.2917060852051,866.226623535156
0.13,28.7747535705566,-30.7854804992676,892.173950195313
0.13166666666666665,28.7757892608643,-32.3298463821411,917.064147949219
0.13333333333333333,28.7768726348877,-33.8816108703613,940.420043945313
0.135,28.7779846191406,-35.3789138793945,963.157287597656
0.13666666666666666,28.7791442871094,-36.8459453582764,985.830017089844
0.13833333333333334,28.7803173065186,-38.4077796936035,1008.35217285156
0.14,28.7815532684326,-40.1239471435547,1031.04895019531
0.14166666666666666,28.7828178405762,-41.91526222229,1054.45935058594
0.14333333333333334,28.7841453552246,-43.7055435180664,1078.21569824219
0.145,28.7855014801025,-45.5045070648193,1101.87829589844
0.14666666666666667,28.7869052886963,-47.329740524292,1126.00744628906
0.14833333333333334,28.7883529663086,-49.1711673736572,1150.58239746094
0.15,28.7898464202881,-51.0332107543945,1174.26135253906
0.15166666666666667,28.7913875579834,-52.9605712890625,1196.64477539063
0.15333333333333332,28.7929878234863,-55.0043334960938,1219.24890136719
0.155,28.7946338653564,-57.1737937927246,1243.49047851563
0.15666666666666668,28.7963123321533,-59.4340553283691,1269.05822753906
0.15833333333333333,28.7980499267578,-61.7365989685059,1294.66320800781
0.16,28.7998332977295,-64.0287094116211,1319.16284179688
0.16166666666666665,28.8016796112061,-66.254337310791,1342.07836914063
0.16333333333333333,28.8035697937012,-68.4119567871094,1364.18444824219
0.165,28.8055057525635,-70.5867080688477,1386.95202636719
0.16666666666666666,28.807502746582,-72.8829345703125,1410.45556640625
0.16833333333333333,28.8095607757568,-75.3216590881348,1433.46911621094
0.17,28.8116664886475,-77.849308013916,1455.43176269531
0.17166666666666666,28.8138160705566,-80.3984146118164,1477.07409667969
0.17333333333333334,28.8160419464111,-82.938289642334,1499.32580566406
0.175,28.8183135986328,-85.4952087402344,1522.72961425781
0.17666666666666667,28.8206462860107,-88.0938568115234,1547.39001464844
0.17833333333333334,28.8230247497559,-90.7064895629883,1572.66625976563
0.18,28.8254795074463,-93.328483581543,1597.45617675781
0.18166666666666667,28.8279647827148,-96.0123748779297,1621.19360351563
0.18333333333333332,28.8305263519287,-98.7781829833984,1643.91259765625
0.185,28.8331336975098,-101.565971374512,1665.46472167969
0.18666666666666668,28.8358173370361,-104.34317779541,1686.07397460938
0.18833333333333332,28.8385620117188,-107.161308288574,1706.76232910156
0.19,28.8413677215576,-110.049522399902,1728.13562011719
0.19166666666666668,28.8442325592041,-112.970947265625,1749.53503417969
0.19333333333333333,28.8471603393555,-115.90503692627,1770.15673828125
0.195,28.8501491546631,-118.867149353027,1789.8798828125
0.19666666666666666,28.8531837463379,-121.891738891602,1809.06408691406
0.19833333333333333,28.8562793731689,-124.997352600098,1827.85778808594
0.2,28.8594646453857,-128.162467956543,1846.5224609375
0.20166666666666666,28.8627128601074,-131.32389831543,1865.884765625
0.20333333333333334,28.8660221099854,-134.4453125,1887.13696289063
0.205,28.8693904876709,-137.568206787109,1909.91723632813
0.20666666666666667,28.8728370666504,-140.766067504883,1932.26696777344
0.20833333333333334,28.8763446807861,-144.035591125488,1952.83679199219
0.21,28.8799266815186,-147.316078186035,1971.98547363281
0.21166666666666667,28.8835868835449,-150.577690124512,1990.23046875
0.21333333333333335,28.8872909545898,-153.874992370605,2007.91088867188
0.215,28.8910884857178,-157.27367401123,2025.65185546875
0.21666666666666667,28.8949451446533,-160.775749206543,2043.59851074219
0.21833333333333332,28.8988628387451,-164.328086853027,2061.15185546875
0.22,28.9028587341309,-167.901481628418,2078.17358398438
0.22166666666666668,28.9069137573242,-171.529136657715,2094.755859375
0.22333333333333333,28.9110450744629,-175.223426818848,2110.876953125
0.225,28.9152545928955,-178.907997131348,2127.0595703125
0.22666666666666666,28.9195232391357,-182.494270324707,2144.23266601563
0.22833333333333333,28.9238529205322,-186.010673522949,2162.59497070313
0.23,28.9282608032227,-189.559944152832,2181.55029296875
0.23166666666666666,28.9327430725098,-193.182487487793,2200.2900390625
0.23333333333333334,28.9372863769531,-196.827796936035,2217.95483398438
0.235,28.9418907165527,-200.473640441895,2234.162109375
0.23666666666666666,28.9465866088867,-204.161003112793,2249.49609375
0.23833333333333334,28.951343536377,-207.929145812988,2264.314453125
0.24,28.9561614990234,-211.755546569824,2278.20922851563
0.24166666666666667,28.9610710144043,-215.613487243652,2291.3359375
0.24333333333333335,28.9660415649414,-219.519111633301,2304.97265625
0.245,28.9710884094238,-223.515754699707,2319.93139648438
0.24666666666666667,28.9762115478516,-227.571739196777,2335.68969726563
0.24833333333333332,28.9814109802246,-231.608955383301,2351.20556640625
0.25,28.9866714477539,-235.619346618652,2366.08447265625
0.25166666666666665,28.9920387268066,-239.653785705566,2380.57592773438
0.25333333333333335,28.9974517822266,-243.701850891113,2394.98754882813
0.255,29.0029544830322,-247.724327087402,2408.80102539063
0.25666666666666665,29.0085353851318,-251.742622375488,2420.83447265625
0.25833333333333336,29.0141773223877,-255.795097351074,2430.96606445313
0.26,29.0199108123779,-259.85652923584,2440.95141601563
0.26166666666666666,29.0257034301758,-263.887626647949,2452.26733398438
0.2633333333333333,29.0315895080566,-267.891471862793,2464.17700195313
0.265,29.0375499725342,-271.918800354004,2475.37768554688
0.26666666666666666,29.0435733795166,-276.033164978027,2486.16259765625
0.2683333333333333,29.0496883392334,-280.25203704834,2497.72924804688
0.27,29.0558776855469,-284.559440612793,2509.91162109375
0.27166666666666667,29.0621299743652,-288.957176208496,2521.25659179688
0.2733333333333333,29.0684719085693,-293.407035827637,2531.00634765625
0.275,29.0748901367188,-297.80052947998,2540.138671875
0.27666666666666667,29.081371307373,-302.085227966309,2549.8857421875
0.2783333333333333,29.087926864624,-306.325157165527,2560.4072265625
0.28,29.0945739746094,-310.584617614746,2571.00366210938
0.2816666666666667,29.1012840270996,-314.848136901855,2581.1552734375
0.2833333333333333,29.1080837249756,-319.107139587402,2590.51782226563
0.285,29.1149597167969,-323.404960632324,2598.70751953125
0.2866666666666667,29.1218967437744,-327.772941589355,2605.48315429688
0.28833333333333333,29.128927230835,-332.209037780762,2611.546875
0.29,29.1360168457031,-336.699882507324,2617.8037109375
0.2916666666666667,29.1431827545166,-341.209312438965,2624.01049804688
0.29333333333333333,29.1504402160645,-345.697410583496,2629.3642578125
0.295,29.1577739715576,-350.159996032715,2634.31762695313
0.2966666666666667,29.165168762207,-354.608421325684,2640.03442382813
0.29833333333333334,29.1726551055908,-359.009880065918,2646.62377929688
0.3,29.1802024841309,-363.356254577637,2653.14184570313
0.3016666666666667,29.1878414154053,-367.740715026855,2659.03637695313
0.30333333333333334,29.195556640625,-372.257102966309,2664.6240234375
0.305,29.20334815979,-376.877220153809,2670.49291992188
0.30666666666666664,29.2112140655518,-381.504905700684,2676.45776367188
0.30833333333333335,29.2191581726074,-386.088218688965,2681.5810546875
0.31,29.2271938323975,-390.638389587402,2685.46313476563
0.31166666666666665,29.2352905273438,-395.169975280762,2688.54077148438
0.31333333333333335,29.2434768676758,-399.664665222168,2690.8193359375
0.315,29.2517261505127,-404.09969329834,2692.14770507813
0.31666666666666665,29.260066986084,-408.506034851074,2693.54663085938
0.31833333333333336,29.2684669494629,-412.964134216309,2696.29125976563
0.32,29.2769603729248,-417.528282165527,2700.228515625
0.32166666666666666,29.2855129241943,-422.179466247559,2704.22607421875
0.3233333333333333,29.2941589355469,-426.851829528809,2707.92944335938
0.325,29.3028793334961,-431.48998260498,2711.607421875
0.32666666666666666,29.3116779327393,-436.078086853027,2715.13720703125
0.3283333333333333,29.3205509185791,-440.639366149902,2718.04125976563
0.33,29.3294868469238,-445.200645446777,2719.91040039063
0.33166666666666667,29.3385124206543,-449.759269714355,2720.6025390625
0.3333333333333333,29.3476142883301,-454.286888122559,2720.513671875
0.335,29.3567943572998,-458.767478942871,2720.32397460938
0.33666666666666667,29.3660335540771,-463.228324890137,2720.2177734375
0.3383333333333333,29.3753643035889,-467.727195739746,2719.97094726563
0.34,29.3847408294678,-472.294609069824,2719.9814453125
0.3416666666666667,29.3942089080811,-476.890251159668,2720.4970703125
0.3433333333333333,29.4037704467773,-481.442893981934,2720.52270507813
0.345,29.4133911132813,-485.939628601074,2719.119140625
0.3466666666666667,29.4230880737305,-490.432548522949,2716.88745117188
0.34833333333333333,29.4328460693359,-494.956962585449,2714.74291992188
0.35,29.4426803588867,-499.498252868652,2712.6416015625
0.3516666666666667,29.4525909423828,-504.040641784668,2710.27880859375
0.35333333333333333,29.4625778198242,-508.604515075684,2708.142578125
0.355,29.4726409912109,-513.19213104248,2706.8974609375
0.3566666666666667,29.4827651977539,-517.75267791748,2706.84887695313
0.35833333333333334,29.4929656982422,-522.262748718262,2707.25268554688
0.36,29.5032405853271,-526.776176452637,2706.59838867188
0.3616666666666667,29.5135936737061,-531.344200134277,2703.84375
0.36333333333333334,29.5239925384521,-535.936790466309,2699.63305664063
0.365,29.5344829559326,-540.508934020996,2695.1923828125
0.36666666666666664,29.5450496673584,-545.074424743652,2690.76513671875
0.36833333333333335,29.5556907653809,-549.666404724121,2685.67822265625
0.37,29.5663948059082,-554.276390075684,2680.02465820313
0.37166666666666665,29.5771751403809,-558.86824798584,2674.7841796875
0.37333333333333335,29.5880298614502,-563.416770935059,2670.53198242188
0.375,29.5989475250244,-567.918785095215,2666.93627929688
0.37666666666666665,29.6099548339844,-572.391075134277,2663.56494140625
0.37833333333333335,29.6210098266602,-576.84481048584,2660.23559570313
0.38,29.6321239471436,-581.272666931152,2656.84497070313
0.38166666666666665,29.6433162689209,-585.675010681152,2653.37719726563
0.38333333333333336,29.6545829772949,-590.064353942871,2650.07250976563
0.385,29.6659126281738,-594.450950622559,2646.82250976563
0.38666666666666666,29.6773166656494,-598.850364685059,2642.79370117188
0.3883333333333333,29.6887836456299,-603.284507751465,2637.04272460938
0.39,29.700309753418,-607.73348236084,2629.79760742188
0.39166666666666666,29.7118968963623,-612.14168548584,2622.4921875
0.3933333333333333,29.7235774993896,-616.494956970215,2615.82958984375
0.395,29.7353019714355,-620.848533630371,2608.77758789063
0.39666666666666667,29.7470874786377,-625.239463806152,2600.86181640625
0.3983333333333333,29.7589492797852,-629.670433044434,2593.59399414063
0.4,29.7708568572998,-634.11043548584,2587.861328125
0.40166666666666667,29.7828426361084,-638.513999938965,2582.1162109375
0.4033333333333333,29.7949028015137,-642.848594665527,2574.90380859375
0.405,29.8070087432861,-647.148887634277,2566.73364257813
0.4066666666666667,29.8191757202148,-651.451194763184,2558.47705078125
0.4083333333333333,29.8314037322998,-655.720420837402,2550.11059570313
0.41,29.8437080383301,-659.884605407715,2541.5595703125
0.4116666666666667,29.8560581207275,-663.974754333496,2532.95654296875
0.41333333333333333,29.8684997558594,-668.099327087402,2524.17846679688
0.415,29.8809871673584,-672.303611755371,2515.11181640625
0.4166666666666667,29.8935203552246,-676.531578063965,2505.99755859375
0.41833333333333333,29.9061298370361,-680.731224060059,2496.82543945313
0.42,29.9188003540039,-684.91463470459,2487.556640625
0.4216666666666667,29.9315166473389,-689.13094329834,2478.36474609375
0.42333333333333334,29.9443073272705,-693.409385681152,2469.25634765625
0.425,29.957160949707,-697.729637145996,2460.24609375
0.4266666666666667,29.9700603485107,-702.011436462402,2451.44311523438
0.42833333333333334,29.9830207824707,-706.17244720459,2442.38012695313
0.43,29.9960422515869,-710.18611907959,2432.26904296875
0.43166666666666664,30.0091075897217,-714.106773376465,2421.4716796875
0.43333333333333335,30.0222358703613,-718.039268493652,2411.3291015625
0.435,30.0354251861572,-722.02645111084,2402.14526367188
0.43666666666666665,30.0486736297607,-726.002647399902,2392.82080078125
0.43833333333333335,30.0619697570801,-729.930625915527,2382.75512695313
0.44,30.0753269195557,-733.885520935059,2371.90283203125
0.44166666666666665,30.0887279510498,-737.917869567871,2360.51513671875
0.44333333333333336,30.1021766662598,-741.952537536621,2349.13989257813
0.445,30.1156845092773,-745.91951751709,2338.50732421875
0.44666666666666666,30.1292552947998,-749.831260681152,2328.47827148438
0.4483333333333333,30.1428852081299,-753.715354919434,2318.3818359375
0.45,30.1565628051758,-757.583641052246,2308.1279296875
0.45166666666666666,30.1702842712402,-761.463035583496,2298.78002929688
0.4533333333333333,30.1840839385986,-765.356101989746,2290.83837890625
0.455,30.1978969573975,-769.216453552246,2282.9384765625
0.45666666666666667,30.2117729187012,-773.009422302246,2273.04125976563
0.4583333333333333,30.2257080078125,-776.751914978027,2261.09106445313
0.46,30.239688873291,-780.459861755371,2248.92407226563
0.46166666666666667,30.2537174224854,-784.14119720459,2237.42724609375
0.4633333333333333,30.2677898406982,-787.803062438965,2225.40600585938
0.465,30.2819232940674,-791.44637298584,2211.75073242188
0.4666666666666667,30.2961025238037,-795.084861755371,2196.82250976563
0.4683333333333333,30.3103294372559,-798.73787689209,2182.10668945313
0.47,30.3246002197266,-802.382041931152,2169.07104492188
0.4716666666666667,30.3389167785645,-805.973594665527,2158.19384765625
0.47333333333333333,30.3532943725586,-809.522789001465,2148.23217773438
0.475,30.3677043914795,-813.085777282715,2137.26635742188
0.4766666666666667,30.382173538208,-816.673728942871,2124.908203125
0.47833333333333333,30.3966884613037,-820.250267028809,2112.61450195313
0.48,30.4112491607666,-823.802391052246,2101.30810546875
0.4816666666666667,30.4258556365967,-827.329002380371,2090.31665039063
0.48333333333333334,30.4405078887939,-830.820030212402,2078.60522460938
0.485,30.4552211761475,-834.275657653809,2065.71826171875
0.4866666666666667,30.4699649810791,-837.72420501709,2051.37890625
0.48833333333333334,30.4847545623779,-841.188743591309,2036.15625
0.49,30.4995899200439,-844.649681091309,2021.47119140625
0.49166666666666664,30.5144710540771,-848.064414978027,2008.0283203125
0.49333333333333335,30.5294132232666,-851.449607849121,1995.05859375
0.495,30.5443706512451,-854.877952575684,1981.90356445313
0.49666666666666665,30.5593891143799,-858.344200134277,1968.95288085938
0.49833333333333335,30.5744228363037,-861.72371673584,1956.74047851563
0.5,30.5895023345947,-864.955833435059,1945.12280273438
0.5016666666666667,30.6046581268311,-868.141563415527,1933.82080078125
0.5033333333333333,30.6198291778564,-871.366905212402,1922.66674804688
0.505,30.635046005249,-874.581443786621,1911.58666992188
0.5066666666666667,30.6502933502197,-877.721946716309,1900.35717773438
0.5083333333333333,30.6655693054199,-880.798179626465,1888.24951171875
0.51,30.6808929443359,-883.853660583496,1874.84399414063
0.5116666666666667,30.6962623596191,-886.928367614746,1861.15942382813
0.5133333333333333,30.7116775512695,-890.035606384277,1848.7705078125
0.515,30.7271385192871,-893.126121520996,1837.5673828125
0.5166666666666667,30.7426128387451,-896.144798278809,1825.68383789063
0.5183333333333333,30.7581348419189,-899.10213470459,1812.03735351563
0.52,30.77370262146,-902.053855895996,1797.68774414063
0.5216666666666666,30.7892990112305,-905.03963470459,1784.06982421875
0.5233333333333333,30.8049278259277,-908.078575134277,1771.46044921875
0.525,30.8205871582031,-911.134971618652,1759.15209960938
0.5266666666666666,30.8362903594971,-914.095726013184,1746.30395507813
0.5283333333333333,30.8520412445068,-916.86775970459,1732.35278320313
0.53,30.8678073883057,-919.510948181152,1717.45825195313
0.5316666666666666,30.883617401123,-922.171287536621,1702.49926757813
0.5333333333333333,30.8994445800781,-924.919334411621,1688.55102539063
0.535,30.9153175354004,-927.717918395996,1675.40771484375
0.5366666666666666,30.9312191009521,-930.51473236084,1661.68139648438
0.5383333333333333,30.9471530914307,-933.295860290527,1646.93994140625
0.54,30.9631156921387,-936.071128845215,1632.55004882813
0.5416666666666666,30.9791107177734,-938.845481872559,1619.29614257813
0.5433333333333333,30.9951190948486,-941.611595153809,1606.13671875
0.545,31.0111751556396,-944.363426208496,1592.44116210938
0.5466666666666666,31.0272598266602,-947.101951599121,1578.8994140625
0.5483333333333333,31.0433769226074,-949.809471130371,1565.80810546875
0.55,31.0595226287842,-952.438987731934,1553.0361328125
0.5516666666666666,31.0756855010986,-954.974876403809,1540.80981445313
0.5533333333333333,31.0918922424316,-957.478660583496,1529.06689453125
0.555,31.1081314086914,-960.037803649902,1517.0419921875
0.5566666666666666,31.1243686676025,-962.65340423584,1504.44799804688
0.5583333333333333,31.1406536102295,-965.226097106934,1491.59912109375
0.56,31.1569519042969,-967.67684173584,1478.46313476563
0.5616666666666666,31.1732807159424,-970.057579040527,1464.81225585938
0.5633333333333334,31.1896266937256,-972.474876403809,1450.84936523438
0.565,31.2060165405273,-974.950706481934,1436.92895507813
0.5666666666666667,31.2224082946777,-977.416038513184,1423.45385742188
0.5683333333333334,31.2388439178467,-979.800987243652,1410.98803710938
0.57,31.2552795410156,-982.086936950684,1399.91455078125
0.5716666666666667,31.2717628479004,-984.310264587402,1389.38891601563
0.5733333333333334,31.2882747650146,-986.524620056152,1377.84301757813
0.575,31.304801940918,-988.777000427246,1364.65063476563
0.5766666666666667,31.321346282959,-991.066917419434,1350.66430664063
0.5783333333333334,31.3379192352295,-993.351402282715,1336.81713867188
0.58,31.3545227050781,-995.589195251465,1323.22338867188
0.5816666666666667,31.3711433410645,-997.769554138184,1309.65747070313
0.5833333333333334,31.3877925872803,-999.897178649902,1296.36181640625
0.585,31.4044570922852,-1001.98628997803,1283.5224609375
0.5866666666666667,31.4211368560791,-1004.07033538818,1270.93505859375
0.5883333333333334,31.4378337860107,-1006.1563949585,1258.08251953125
0.59,31.4545593261719,-1008.20595550537,1244.61474609375
0.5916666666666667,31.4713001251221,-1010.21785736084,1230.9228515625
0.5933333333333334,31.4880867004395,-1012.25447845459,1217.595703125
0.595,31.5048751831055,-1014.35060882568,1204.23193359375
0.5966666666666667,31.5216770172119,-1016.4557723999,1189.76440429688
0.5983333333333334,31.5384788513184,-1018.4967880249,1174.70434570313
0.6,31.555326461792,-1020.44472503662,1161.1494140625
0.6016666666666667,31.5721893310547,-1022.30739593506,1149.94116210938
0.6033333333333334,31.5890693664551,-1024.12154388428,1139.37817382813
0.605,31.605978012085,-1025.94374847412,1127.3173828125
0.6066666666666667,31.6228866577148,-1027.82265472412,1113.48046875
0.6083333333333333,31.6398258209229,-1029.75612640381,1099.2919921875
0.61,31.6567802429199,-1031.67806243896,1086.53833007813
0.6116666666666667,31.6737499237061,-1033.52730560303,1076.32177734375
0.6133333333333333,31.6907367706299,-1035.29335784912,1067.78100585938
0.615,31.7077522277832,-1036.99153900146,1058.74291992188
0.6166666666666667,31.7247676849365,-1038.64022064209,1047.9873046875
0.6183333333333333,31.741813659668,-1040.27327728271,1036.201171875
0.62,31.7588443756104,-1041.9161605835,1024.37036132813
0.6216666666666667,31.7759056091309,-1043.56447601318,1012.33666992188
0.6233333333333333,31.7929821014404,-1045.20925140381,999.71923828125
0.625,31.81005859375,-1046.87563323975,986.917236328125
0.6266666666666667,31.8271675109863,-1048.57180023193,974.381103515625
0.6283333333333333,31.8442897796631,-1050.27468109131,961.9248046875
0.63,31.8614120483398,-1051.94216156006,949.529296875
0.6316666666666667,31.8785495758057,-1053.52736663818,937.66259765625
0.6333333333333333,31.8957176208496,-1055.01589202881,926.482177734375
0.635,31.9128856658936,-1056.44118499756,915.172119140625
0.6366666666666667,31.9300842285156,-1057.83132171631,902.89453125
0.6383333333333333,31.9472675323486,-1059.18483734131,889.979736328125
0.64,31.9644813537598,-1060.54543304443,877.623779296875
0.6416666666666667,31.98171043396,-1061.98854827881,866.57958984375
0.6433333333333333,31.9989547729492,-1063.50527191162,856.658203125
0.645,32.016227722168,-1065.00576019287,847.122802734375
0.6466666666666666,32.033504486084,-1066.41799163818,837.21533203125
0.6483333333333333,32.0507926940918,-1067.74074554443,826.2421875
0.65,32.0680847167969,-1069.02370452881,814.15869140625
0.6516666666666666,32.0853881835938,-1070.3458480835,802.029052734375
0.6533333333333333,32.1026954650879,-1071.780418396,791.064697265625
0.655,32.1200294494629,-1073.29201507568,781.412109375
0.6566666666666666,32.1373519897461,-1074.75319671631,772.512451171875
0.6583333333333333,32.1546859741211,-1076.10927581787,764.164306640625
0.66,32.1720237731934,-1077.41701507568,756.032958984375
0.6616666666666666,32.1893730163574,-1078.71559906006,747.03662109375
0.6633333333333333,32.2067413330078,-1079.95058441162,736.341796875
0.665,32.2241058349609,-1081.07949066162,724.51611328125
0.6666666666666666,32.2414894104004,-1082.14028167725,712.552734375
0.6683333333333333,32.2588691711426,-1083.184715271,701.0361328125
0.67,32.276252746582,-1084.23073577881,690.24169921875
0.6716666666666666,32.2936630249023,-1085.28383636475,680.41845703125
0.6733333333333333,32.3110771179199,-1086.34450531006,671.42138671875
0.675,32.3285026550293,-1087.42470550537,662.58984375
0.6766666666666666,32.3459320068359,-1088.51882171631,653.1650390625
0.6783333333333333,32.3633575439453,-1089.59181976318,643.40478515625
0.68,32.380802154541,-1090.62075042725,634.5234375
0.6816666666666666,32.3982429504395,-1091.63210296631,626.4638671875
0.6833333333333333,32.4157028198242,-1092.65969085693,617.77734375
0.685,32.4331588745117,-1093.69557952881,608.16650390625
0.6866666666666666,32.4506340026855,-1094.71511077881,598.62744140625
0.6883333333333334,32.468090057373,-1095.71169281006,589.62451171875
0.69,32.4855651855469,-1096.67617034912,580.68896484375
0.6916666666666667,32.5030517578125,-1097.602684021,571.50732421875
0.6933333333333334,32.5205574035645,-1098.5138168335,561.9169921875
0.695,32.5380592346191,-1099.4493637085,551.6220703125
0.6966666666666667,32.5555648803711,-1100.41103363037,541.05029296875
0.6983333333333334,32.5730667114258,-1101.36757659912,531.263671875
0.7,32.5905685424805,-1102.32057952881,522.27978515625
0.7016666666666667,32.6080894470215,-1103.27602386475,512.9765625
0.7033333333333334,32.6256065368652,-1104.16921234131,502.640625
0.705,32.6431274414063,-1104.92629241943,492.4365234375
0.7066666666666667,32.6606597900391,-1105.58559417725,484.05322265625
0.7083333333333334,32.6782112121582,-1106.255027771,477.5478515625
0.71,32.695743560791,-1106.99147796631,471.52587890625
0.7116666666666667,32.7132949829102,-1107.79482269287,464.78759765625
0.7133333333333334,32.730842590332,-1108.643699646,456.81884765625
0.715,32.7483940124512,-1109.47914886475,447.8232421875
0.7166666666666667,32.7659568786621,-1110.23171234131,438.3896484375
0.7183333333333334,32.7835083007813,-1110.87160491943,429.474609375
0.72,32.8010559082031,-1111.448387146,421.66259765625
0.7216666666666667,32.8186187744141,-1112.06179046631,414.58447265625
0.7233333333333334,32.8361854553223,-1112.75075531006,407.4931640625
0.725,32.8537330627441,-1113.46999359131,400.16455078125
0.7266666666666667,32.8713150024414,-1114.18581390381,392.89892578125
0.7283333333333334,32.8888778686523,-1114.89138031006,385.7724609375
0.73,32.9064292907715,-1115.55336761475,378.44091796875
0.7316666666666667,32.9239768981934,-1116.13149261475,371.02587890625
0.7333333333333333,32.9415435791016,-1116.64931488037,364.107421875
0.735,32.9591064453125,-1117.17226409912,357.69580078125
0.7366666666666667,32.9766883850098,-1117.74892425537,351.087890625
0.7383333333333333,32.9942512512207,-1118.37953948975,344.185546875
0.74,33.0118293762207,-1119.02516937256,337.55712890625
0.7416666666666667,33.029411315918,-1119.63259124756,330.66943359375
0.7433333333333333,33.046989440918,-1120.16506195068,322.4296875
0.745,33.0645866394043,-1120.60231781006,313.67431640625
0.7466666666666667,33.0821647644043,-1120.98696136475,306.51416015625
0.7483333333333333,33.0997467041016,-1121.41725921631,301.3212890625
0.75,33.1173248291016,-1121.93593597412,296.654296875
0.7516666666666667,33.1349067687988,-1122.47853851318,291.16552734375
0.7533333333333333,33.1525001525879,-1122.9630355835,284.25439453125
0.755,33.1700820922852,-1123.35207366943,276.2109375
0.7566666666666667,33.1876602172852,-1123.66310882568,268.4765625
0.7583333333333333,33.2052383422852,-1123.9571762085,262.25537109375
0.76,33.2228050231934,-1124.30837249756,257.23095703125
0.7616666666666667,33.2403831481934,-1124.73036956787,252.1962890625
0.7633333333333333,33.2579345703125,-1125.16945648193,246.35888671875
0.765,33.2755126953125,-1125.58986663818,240.00146484375
0.7666666666666667,33.2930946350098,-1126.00673675537,233.89892578125
0.7683333333333333,33.3106880187988,-1126.43715667725,228.1259765625
0.77,33.3282699584961,-1126.86281585693,222.1875
0.7716666666666666,33.345832824707,-1127.24843597412,216.0849609375
0.7733333333333333,33.3633995056152,-1127.59499359131,210.49072265625
0.775,33.3809623718262,-1127.94496917725,205.7314453125
0.7766666666666666,33.398509979248,-1128.32180023193,201.28564453125
0.7783333333333333,33.4160614013672,-1128.70668792725,196.283203125
0.78,33.4336090087891,-1129.09316253662,190.400390625
0.7816666666666666,33.4511604309082,-1129.49733734131,184.09130859375
0.7833333333333333,33.4687080383301,-1129.87636566162,178.130859375
0.785,33.4862594604492,-1130.14516448975,173.0771484375
0.7866666666666666,33.5038070678711,-1130.3087387085,169.26708984375
0.7883333333333333,33.5213584899902,-1130.46913909912,166.166015625
0.79,33.5389060974121,-1130.69570159912,162.37353515625
0.7916666666666666,33.5564422607422,-1130.97621917725,157.1279296875
0.7933333333333333,33.573974609375,-1131.25527191162,151.1484375
0.795,33.5915222167969,-1131.48268890381,145.60986328125
0.7966666666666666,33.609058380127,-1131.661277771,141.12744140625
0.7983333333333333,33.6266212463379,-1131.85219573975,137.4638671875
0.8,33.644157409668,-1132.08632659912,133.92919921875
0.8016666666666666,33.6616897583008,-1132.30751800537,129.87158203125
0.8033333333333333,33.6792259216309,-1132.46474456787,125.26318359375
0.805,33.6967582702637,-1132.59169769287,120.6943359375
0.8066666666666666,33.7142944335938,-1132.75087738037,116.5986328125
0.8083333333333333,33.7318267822266,-1132.96157073975,112.81201171875
0.81,33.7493629455566,-1133.19631195068,108.82177734375
0.8116666666666666,33.7668800354004,-1133.40700531006,104.361328125
0.8133333333333334,33.7843856811523,-1133.56044769287,99.67822265625
0.815,33.8019027709961,-1133.67238616943,95.12109375
0.8166666666666667,33.8194198608398,-1133.79360198975,90.7060546875
0.8183333333333334,33.8369407653809,-1133.94606781006,86.28955078125
0.82,33.8544731140137,-1134.10585784912,81.79248046875
0.8216666666666667,33.8719635009766,-1134.2462387085,77.09912109375
0.8233333333333334,33.8894653320313,-1134.36611175537,72.21826171875
0.825,33.9069557189941,-1134.47682952881,67.76953125
0.8266666666666667,33.9244422912598,-1134.58815765381,64.48828125
0.8283333333333334,33.9419326782227,-1134.70790863037,62.07421875
0.83,33.9594039916992,-1134.8341293335,59.4814453125
0.8316666666666667,33.9768943786621,-1134.948387146,56.28515625
0.8333333333333334,33.9943656921387,-1135.02993011475,52.76953125
0.835,34.0118408203125,-1135.07424163818,49.09716796875
0.8366666666666667,34.0293121337891,-1135.09719085693,45.99169921875
0.8383333333333334,34.0467720031738,-1135.11269378662,43.43408203125
0.84,34.0642433166504,-1135.11843109131,40.69921875
0.8416666666666667,34.0817184448242,-1135.11794281006,37.43115234375
0.8433333333333334,34.0991744995117,-1135.1310043335,34.32421875
0.845,34.1166343688965,-1135.16896820068,31.99951171875
0.8466666666666667,34.134090423584,-1135.22731781006,30.04248046875
0.8483333333333334,34.1515464782715,-1135.30641937256,27.685546875
0.85,34.1689758300781,-1135.40773773193,24.6591796875
0.8516666666666667,34.1864013671875,-1135.50563812256,21.25048828125
0.8533333333333334,34.2038307189941,-1135.55959320068,18.0322265625
0.855,34.2212562561035,-1135.55495452881,15.43798828125
0.8566666666666667,34.2386703491211,-1135.52175140381,13.32275390625
0.8583333333333333,34.2560958862305,-1135.50380706787,11.103515625
0.86,34.273509979248,-1135.51259613037,8.5107421875
0.8616666666666667,34.2909355163574,-1135.52272796631,5.81396484375
0.8633333333333333,34.3083343505859,-1135.51808929443,3.328125
0.865,34.3257446289063,-1135.51552581787,1.0693359375
0.8666666666666667,34.3431587219238,-1135.52382659912,-1.10595703125
0.8683333333333333,34.360538482666,-1135.51918792725,-3.34423828125
0.87,34.3779220581055,-1135.481590271,-5.74365234375
0.8716666666666667,34.3953170776367,-1135.4259262085,-8.2294921875
0.8733333333333333,34.4127159118652,-1135.38613128662,-10.5146484375
0.875,34.4300804138184,-1135.37368011475,-12.333984375
0.8766666666666667,34.4474792480469,-1135.34670257568,-13.68017578125
0.8783333333333333,34.4648590087891,-1135.31533050537,-14.8154296875
0.88,34.4822120666504,-1135.28078460693,-15.943359375
0.8816666666666667,34.4995765686035,-1135.24379730225,-17.033203125
0.8833333333333333,34.5169296264648,-1135.20558929443,-18.10400390625
0.885,34.5342788696289,-1135.16786956787,-19.3681640625
0.8866666666666667,34.5516166687012,-1135.13137054443,-20.93994140625
0.8883333333333333,34.5689659118652,-1135.09523773193,-22.7607421875
0.89,34.5863189697266,-1135.05800628662,-24.85400390625
0.8916666666666667,34.6036529541016,-1135.01650238037,-27.2548828125
0.8933333333333333,34.6209754943848,-1134.96718597412,-29.6513671875
0.895,34.6383094787598,-1134.90969085693,-31.53662109375
0.8966666666666666,34.655632019043,-1134.84694671631,-32.71142578125
0.8983333333333333,34.6729507446289,-1134.78261566162,-33.533203125
0.9,34.690258026123,-1134.7188949585,-34.5439453125
0.9016666666666666,34.707576751709,-1134.65529632568,-35.89599609375
0.9033333333333333,34.7248840332031,-1134.59035491943,-37.2685546875
0.905,34.7421569824219,-1134.5235824585,-38.45068359375
0.9066666666666666,34.759464263916,-1134.4552230835,-39.6650390625
0.9083333333333333,34.7767372131348,-1134.38466644287,-41.05517578125
0.91,34.7940292358398,-1134.30947113037,-42.34130859375
0.9116666666666666,34.8113021850586,-1134.22927093506,-43.265625
0.9133333333333333,34.8285789489746,-1134.14833831787,-43.9921875
0.915,34.8458518981934,-1134.07216644287,-44.9150390625
0.9166666666666666,34.8631286621094,-1134.0020980835,-46.16015625
0.9183333333333333,34.8803863525391,-1133.93422698975,-47.2236328125
0.92,34.897632598877,-1133.86257171631,-48.2373046875
0.9216666666666666,34.9148750305176,-1133.78408050537,-49.21875
0.9233333333333333,34.9321060180664,-1133.69899749756,-50.15625
0.925,34.949348449707,-1133.60927581787,-51.04541015625
0.9266666666666666,34.9665794372559,-1133.51699066162,-51.91845703125
0.9283333333333333,34.9838104248047,-1133.4239730835,-52.8193359375
0.93,35.0010375976563,-1133.33058929443,-53.7744140625
0.9316666666666666,35.0182685852051,-1133.23525238037,-54.767578125
0.9333333333333333,35.0354804992676,-1133.13649749756,-55.7431640625
0.935,35.0526962280273,-1133.03469085693,-56.630859375
0.9366666666666666,35.0698928833008,-1132.93154144287,-57.3955078125
0.9383333333333334,35.0870933532715,-1132.82900238037,-58.07373046875
0.94,35.104305267334,-1132.72731781006,-58.740234375
0.9416666666666667,35.1214904785156,-1132.6251449585,-59.44775390625
0.9433333333333334,35.138671875,-1132.52126312256,-60.18603515625
0.945,35.1558723449707,-1132.41701507568,-60.9228515625
0.9466666666666667,35.1730537414551,-1132.31386566162,-61.6376953125
0.9483333333333334,35.1902389526367,-1132.210105896,-62.314453125
0.95,35.2074203491211,-1132.10256195068,-62.94287109375
0.9516666666666667,35.2245903015137,-1131.99074554443,-63.49951171875
0.9533333333333334,35.241756439209,-1131.876121521,-63.9755859375
0.955,35.2589263916016,-1131.7599105835,-64.41064453125
0.9566666666666667,35.2760810852051,-1131.64321136475,-64.87939453125
0.9583333333333334,35.2932319641113,-1131.52700042725,-65.419921875
0.96,35.3103866577148,-1131.41139984131,-65.900390625
0.9616666666666667,35.327522277832,-1131.29555511475,-66.35302734375
0.9633333333333334,35.3446617126465,-1131.17922210693,-66.73095703125
0.965,35.3618125915527,-1131.06410980225,-67.01806640625
0.9666666666666667,35.3789520263672,-1130.95180511475,-67.2333984375
0.9683333333333334,35.3960876464844,-1130.84133148193,-67.4208984375
0.97,35.4132270812988,-1130.72975921631,-67.611328125
0.9716666666666667,35.430347442627,-1130.61403656006,-67.79296875
0.9733333333333334,35.4474716186523,-1130.49404144287,-67.90283203125
0.975,35.4645767211914,-1130.3712387085,-67.892578125
0.9766666666666667,35.4816856384277,-1130.24794769287,-67.81201171875
0.9783333333333334,35.4987945556641,-1130.12673187256,-67.7490234375
0.98,35.5158843994141,-1130.00746917725,-67.75341796875
0.9816666666666667,35.5329933166504,-1129.88759613037,-67.80908203125
0.9833333333333333,35.5500831604004,-1129.76491546631,-67.84423828125
0.985,35.5671768188477,-1129.639793396,-67.787109375
0.9866666666666667,35.5842666625977,-1129.51345062256,-67.646484375
0.9883333333333333,35.6013450622559,-1129.38710784912,-67.46484375
0.99,35.6184349060059,-1129.26235198975,-67.2451171875
0.9916666666666667,35.635498046875,-1129.13942718506,-66.9580078125
0.9933333333333333,35.6525917053223,-1129.01784515381,-66.609375
0.995,35.6696662902832,-1128.89797210693,-66.25927734375
0.9966666666666667,35.6867294311523,-1128.78078460693,-65.96337890625
0.9983333333333333,35.7038040161133,-1128.66555023193,-65.724609375
1,35.7208671569824,-1128.55043792725,-65.5400390625
1.0016666666666667,35.7379417419434,-1128.442527771,-65.40966796875
1.0033333333333334,35.7550048828125,-1128.333152771,-65.32470703125
1.005,35.7720489501953,-1128.22316741943,-65.33056640625
1.0066666666666666,35.7891273498535,-1128.11415863037,-65.4755859375
1.0083333333333333,35.8061904907227,-1128.00649261475,-65.71142578125
1.01,35.8232345581055,-1127.8985824585,-65.92529296875
1.0116666666666667,35.8402976989746,-1127.78969573975,-66.017578125
1.0133333333333334,35.8573417663574,-1127.68117523193,-65.92822265625
1.015,35.8743896484375,-1127.57668304443,-65.6484375
1.0166666666666666,35.8914184570313,-1127.47878265381,-65.26318359375
1.0183333333333333,35.9084663391113,-1127.38368988037,-64.8955078125
1.02,35.9254951477051,-1127.28578948975,-64.6142578125
1.0216666666666667,35.9425277709961,-1127.18288421631,-64.42529296875
1.0233333333333334,35.9595756530762,-1127.07656097412,-64.28759765625
1.025,35.976619720459,-1126.97145843506,-64.01513671875
1.0266666666666666,35.99365234375,-1126.87233734131,-63.4716796875
1.0283333333333333,36.0106964111328,-1126.77980804443,-62.83447265625
1.03,36.0277290344238,-1126.69179534912,-62.14453125
1.0316666666666667,36.0447578430176,-1126.60634613037,-61.45166015625
1.0333333333333334,36.0617752075195,-1126.52272796631,-60.7822265625
1.035,36.0788078308105,-1126.43996429443,-60.146484375
1.0366666666666666,36.0958366394043,-1126.35451507568,-59.5546875
1.0383333333333333,36.1128540039063,-1126.26296234131,-59.0126953125
1.04,36.1298828125,-1126.1661605835,-58.50439453125
1.0416666666666667,36.146915435791,-1126.06533050537,-58.001953125
1.0433333333333332,36.1639442443848,-1125.96059417725,-57.5888671875
1.045,36.1809768676758,-1125.85182952881,-57.15966796875
1.0466666666666666,36.1980056762695,-1125.73500823975,-56.724609375
1.0483333333333333,36.2150230407715,-1125.60781097412,-56.30859375
1.05,36.2320251464844,-1125.47585296631,-55.9072265625
1.0516666666666667,36.2490386962891,-1125.34755706787,-55.482421875
1.0533333333333332,36.266056060791,-1125.22829437256,-55.00341796875
1.055,36.2830543518066,-1125.12001800537,-54.47607421875
1.0566666666666666,36.3000717163086,-1125.02333831787,-53.947265625
1.0583333333333333,36.3170700073242,-1124.93264007568,-53.46826171875
1.06,36.3340721130371,-1124.8399887085,-53.02294921875
1.0616666666666668,36.35107421875,-1124.74221038818,-52.552734375
1.0633333333333332,36.3680725097656,-1124.63869476318,-52.013671875
1.065,36.3850593566895,-1124.53029632568,-51.3955078125
1.0666666666666667,36.4020576477051,-1124.43032073975,-50.7509765625
1.0683333333333334,36.4190444946289,-1124.35048675537,-50.1650390625
1.07,36.4360275268555,-1124.27724456787,-49.67578125
1.0716666666666668,36.4530143737793,-1124.20839691162,-49.2509765625
1.0733333333333333,36.4700164794922,-1124.14138031006,-48.837890625
1.075,36.4869995117188,-1124.07424163818,-48.41455078125
1.0766666666666667,36.5039863586426,-1124.00563812256,-47.98974609375
1.0783333333333334,36.5209693908691,-1123.93508148193,-47.5458984375
1.08,36.537956237793,-1123.86305999756,-47.044921875
1.0816666666666668,36.5549240112305,-1123.790184021,-46.4677734375
1.0833333333333333,36.5718955993652,-1123.7169418335,-45.81591796875
1.085,36.5888671875,-1123.64345550537,-45.09814453125
1.0866666666666667,36.6058502197266,-1123.56984710693,-44.3115234375
1.0883333333333334,36.6228218078613,-1123.49611663818,-43.39599609375
1.09,36.6397895812988,-1123.42177581787,-42.32373046875
1.0916666666666666,36.6567611694336,-1123.34755706787,-41.19287109375
1.0933333333333333,36.6737289428711,-1123.27504730225,-40.11767578125
1.095,36.6907005310059,-1123.20607757568,-39.1494140625
1.0966666666666667,36.7076721191406,-1123.14150238037,-38.291015625
1.0983333333333334,36.7246398925781,-1123.08107757568,-37.55126953125
1.1,36.7415962219238,-1123.02309417725,-36.87158203125
1.1016666666666666,36.7585487365723,-1122.96511077881,-36.146484375
1.1033333333333333,36.775520324707,-1122.9063949585,-35.326171875
1.105,36.7924919128418,-1122.84841156006,-34.412109375
1.1066666666666667,36.8094444274902,-1122.79360198975,-33.427734375
1.1083333333333334,36.8264007568359,-1122.74221038818,-32.54296875
1.11,36.8433380126953,-1122.69191741943,-31.9130859375
1.1116666666666666,36.860279083252,-1122.64015960693,-31.38134765625
1.1133333333333333,36.8772315979004,-1122.58754730225,-30.90087890625
1.115,36.894172668457,-1122.53652191162,-30.4130859375
1.1166666666666667,36.9110984802246,-1122.48818206787,-29.888671875
1.1183333333333334,36.928035736084,-1122.44081878662,-29.33203125
1.12,36.9449615478516,-1122.39235687256,-28.74462890625
1.1216666666666666,36.9618988037109,-1122.34255218506,-28.1337890625
1.1233333333333333,36.9788246154785,-1122.29384613037,-27.4951171875
1.125,36.9957504272461,-1122.24733734131,-26.8154296875
1.1266666666666667,37.0126724243164,-1122.20241546631,-26.0859375
1.1283333333333334,37.029598236084,-1122.15920257568,-25.31982421875
1.13,37.0465049743652,-1122.11867523193,-24.5419921875
1.1316666666666666,37.0634155273438,-1122.08083343506,-23.75537109375
1.1333333333333333,37.0803375244141,-1122.0431137085,-22.951171875
1.135,37.0972633361816,-1122.00441741943,-22.13818359375
1.1366666666666667,37.1141891479492,-1121.96584320068,-21.35009765625
1.1383333333333334,37.1311111450195,-1121.92910003662,-20.61474609375
1.14,37.148021697998,-1121.89406585693,-19.94091796875
1.1416666666666666,37.1649284362793,-1121.86000823975,-19.31103515625
1.1433333333333333,37.1818542480469,-1121.82778167725,-18.6826171875
1.145,37.1987800598145,-1121.79836273193,-18.03662109375
1.1466666666666667,37.2157020568848,-1121.77101898193,-17.37451171875
1.1483333333333334,37.2326126098633,-1121.74465179443,-16.72265625
1.15,37.2495346069336,-1121.71840667725,-16.09716796875
1.1516666666666666,37.2664604187012,-1121.69106292725,-15.47607421875
1.1533333333333333,37.2833671569824,-1121.66213226318,-14.8125
1.155,37.30029296875,-1121.63332366943,-14.0830078125
1.1566666666666667,37.3172035217285,-1121.60695648193,-13.3154296875
1.1583333333333334,37.3341102600098,-1121.58351898193,-12.54638671875
1.16,37.3510055541992,-1121.56130218506,-11.78466796875
1.1616666666666666,37.3679122924805,-1121.53969573975,-11.009765625
1.1633333333333333,37.384838104248,-1121.51857757568,-10.20849609375
1.165,37.4017486572266,-1121.49892425537,-9.40283203125
1.1666666666666667,37.4186553955078,-1121.48232269287,-8.6162109375
1.1683333333333332,37.4355659484863,-1121.46962738037,-7.8662109375
1.17,37.4524726867676,-1121.45986175537,-7.166015625
1.1716666666666666,37.4693832397461,-1121.45095062256,-6.52294921875
1.1733333333333333,37.4862632751465,-1121.44216156006,-5.93115234375
1.175,37.5031700134277,-1121.43495941162,-5.34521484375
1.1766666666666667,37.5200805664063,-1121.43019866943,-4.6669921875
1.1783333333333332,37.5369567871094,-1121.426902771,-3.76611328125
1.18,37.5538673400879,-1121.42360687256,-2.9501953125
1.1816666666666666,37.5707588195801,-1121.41933441162,-2.19873046875
1.1833333333333333,37.5876693725586,-1121.41384124756,-1.46923828125
1.185,37.6045799255371,-1121.40822601318,-0.76025390625
1.1866666666666668,37.6214714050293,-1121.40334320068,-0.07177734375
1.1883333333333332,37.6383819580078,-1121.4005355835,0.61962890625
1.19,37.6552886962891,-1121.40004730225,1.34033203125
1.1916666666666667,37.6721839904785,-1121.40077972412,2.08740234375
1.1933333333333334,37.689094543457,-1121.40224456787,2.859375
1.195,37.7060165405273,-1121.40578460693,3.6796875
1.1966666666666668,37.7229118347168,-1121.41396331787,4.54248046875
1.1983333333333333,37.739818572998,-1121.426902771,5.38623046875
1.2,37.7567138671875,-1121.44264984131,6.16845703125
1.2016666666666667,37.7736396789551,-1121.45876312256,6.908203125
1.2033333333333334,37.7905616760254,-1121.47487640381,7.64208984375
1.205,37.8074722290039,-1121.49184417725,8.4345703125
1.2066666666666668,37.8243789672852,-1121.51027679443,9.30029296875
1.2083333333333333,37.8412895202637,-1121.52931976318,10.0458984375
1.21,37.8581962585449,-1121.54689788818,10.634765625
1.2116666666666667,37.8751068115234,-1121.56203460693,11.18701171875
1.2133333333333334,37.892032623291,-1121.57509613037,11.72021484375
1.215,37.9089393615723,-1121.58657073975,12.24755859375
1.2166666666666666,37.9257431030273,-1121.59767913818,12.76025390625
1.2183333333333333,37.9425239562988,-1121.61550140381,13.25830078125
1.22,37.9593048095703,-1121.65200042725,13.75927734375
1.2216666666666667,37.9760704040527,-1121.68325042725,14.26904296875
1.2233333333333334,37.9928512573242,-1121.71083831787,14.79052734375
1.225,38.0096473693848,-1121.73757171631,15.333984375
1.2266666666666666,38.0264129638672,-1121.76442718506,15.890625
1.2283333333333333,38.0431938171387,-1121.79238128662,16.44287109375
1.23,38.0599746704102,-1121.82265472412,16.9716796875
1.2316666666666667,38.0767440795898,-1121.85634613037,17.4697265625
1.2333333333333334,38.0935401916504,-1121.89235687256,17.9560546875
1.235,38.1103057861328,-1121.92934417725,18.43798828125
1.2366666666666666,38.1270866394043,-1121.96877288818,18.90380859375
1.2383333333333333,38.1438522338867,-1122.0118637085,19.3212890625
1.24,38.1606330871582,-1122.055809021,19.6845703125
1.2416666666666667,38.1774139404297,-1122.09755706787,20.01416015625
1.2433333333333334,38.1941947937012,-1122.13698577881,20.34521484375
1.245,38.2109756469727,-1122.17653656006,20.6865234375
1.2466666666666666,38.2277565002441,-1122.22145843506,21.0380859375
1.2483333333333333,38.2445259094238,-1122.27394866943,21.38671875
1.25,38.2613067626953,-1122.319480896,21.7353515625
1.2516666666666667,38.2780723571777,-1122.35585784912,22.10009765625
1.2533333333333334,38.2948532104492,-1122.39211273193,22.48681640625
1.255,38.3116188049316,-1122.42763519287,22.9013671875
1.2566666666666666,38.3283996582031,-1122.46279144287,23.349609375
1.2583333333333333,38.3451957702637,-1122.49831390381,23.8212890625
1.26,38.3619766235352,-1122.53505706787,24.22705078125
1.2616666666666667,38.3787422180176,-1122.57350921631,24.41162109375
1.2633333333333334,38.3955230712891,-1122.61269378662,24.66357421875
1.265,38.4123191833496,-1122.65187835693,24.97119140625
1.2666666666666666,38.4291000366211,-1122.69167327881,25.31689453125
1.2683333333333333,38.4458694458008,-1122.73244476318,25.6875
1.27,38.4626502990723,-1122.7735824585,26.05517578125
1.2716666666666667,38.4794464111328,-1122.81484222412,26.38623046875
1.2733333333333334,38.4962272644043,-1122.85585784912,26.65869140625
1.275,38.5130081176758,-1122.89711761475,26.88427734375
1.2766666666666666,38.5297889709473,-1122.93874359131,27.08642578125
1.2783333333333333,38.5465545654297,-1122.98110198975,27.251953125
1.28,38.5633354187012,-1123.02407073975,27.37060546875
1.2816666666666667,38.5801162719727,-1123.06728363037,27.47021484375
1.2833333333333334,38.5969123840332,-1123.110496521,27.58447265625
1.285,38.6136932373047,-1123.15419769287,27.71923828125
1.2866666666666666,38.6304779052734,-1123.19875335693,27.85546875
1.2883333333333333,38.6472587585449,-1123.24501800537,27.9375
1.29,38.6640396118164,-1123.29250335693,27.93603515625
1.2916666666666667,38.6808204650879,-1123.34059906006,28.01513671875
1.2933333333333332,38.6975860595703,-1123.38857269287,28.201171875
1.295,38.7143821716309,-1123.43593597412,28.39306640625
1.2966666666666666,38.7311630249023,-1123.483543396,28.6171875
1.2983333333333333,38.7479286193848,-1123.532371521,28.87939453125
1.3,38.7646942138672,-1123.58278656006,29.1650390625
1.3016666666666667,38.7814598083496,-1123.63442230225,29.45654296875
1.3033333333333332,38.7982444763184,-1123.68630218506,29.74072265625
1.305,38.8150253295898,-1123.73854827881,30.029296875
1.3066666666666666,38.8317909240723,-1123.79177093506,30.3193359375
1.3083333333333333,38.8485717773438,-1123.84731292725,30.59765625
1.31,38.8653373718262,-1123.90505218506,30.86279296875
1.3116666666666668,38.8821182250977,-1123.96364593506,31.12939453125
1.3133333333333332,38.8988838195801,-1124.02150726318,31.400390625
1.315,38.9156494140625,-1124.07790374756,31.68310546875
1.3166666666666667,38.932430267334,-1124.13271331787,31.97607421875
1.3183333333333334,38.9491958618164,-1124.18654632568,32.28369140625
1.32,38.9659805297852,-1124.23976898193,32.5927734375
1.3216666666666668,38.9827613830566,-1124.29274749756,32.8798828125
1.3233333333333333,38.9995422363281,-1124.34499359131,33.1435546875
1.325,39.0163230895996,-1124.39626312256,33.39990234375
1.3266666666666667,39.0331039428711,-1124.44692230225,33.66357421875
1.3283333333333334,39.0498695373535,-1124.49782562256,33.92724609375
1.33,39.0666656494141,-1124.54958343506,34.16455078125
1.3316666666666668,39.0834465026855,-1124.60195159912,34.37109375
1.3333333333333333,39.100227355957,-1124.65407562256,34.5615234375
1.335,39.1170082092285,-1124.70595550537,34.7578125
1.3366666666666667,39.1338043212891,-1124.75820159912,34.9833984375
1.3383333333333334,39.1505737304688,-1124.81240081787,35.23095703125
1.34,39.1673545837402,-1124.86940765381,35.47998046875
1.3416666666666666,39.1841354370117,-1124.92873382568,35.69677734375
1.3433333333333333,39.2009315490723,-1124.98976898193,35.86669921875
1.345,39.2177124023438,-1125.051902771,36.02197265625
1.3466666666666667,39.2344932556152,-1125.11513519287,36.18310546875
1.3483333333333334,39.2512893676758,-1125.17848968506,36.34716796875
1.35,39.2680702209473,-1125.24147796631,36.47607421875
1.3516666666666666,39.2848510742188,-1125.30434417725,36.56396484375
1.3533333333333333,39.3016319274902,-1125.36769866943,36.64013671875
1.355,39.3184127807617,-1125.43154144287,36.73388671875
1.3566666666666667,39.3351936340332,-1125.49611663818,36.85107421875
1.3583333333333334,39.3519744873047,-1125.56179046631,36.984375
1.36,39.3687744140625,-1125.6290512085,37.11767578125
1.3616666666666666,39.385555267334,-1125.69716644287,37.248046875
1.3633333333333333,39.4023513793945,-1125.76406097412,37.37109375
1.365,39.4191474914551,-1125.829246521,37.49267578125
1.3666666666666667,39.4359283447266,-1125.89382171631,37.6171875
1.3683333333333334,39.452709197998,-1125.95949554443,37.75048828125
1.37,39.4695053100586,-1126.02602386475,37.8984375
1.3716666666666666,39.4862861633301,-1126.09206390381,38.056640625
1.3733333333333333,39.5030822753906,-1126.15676116943,38.21044921875
1.375,39.5198783874512,-1126.22072601318,38.3466796875
1.3766666666666667,39.5366744995117,-1126.28505706787,38.4609375
1.3783333333333334,39.5534858703613,-1126.35121917725,38.55615234375
1.38,39.5702667236328,-1126.41945648193,38.64111328125
1.3816666666666666,39.5870628356934,-1126.48903656006,38.71435546875
1.3833333333333333,39.6038589477539,-1126.55751800537,38.77880859375
1.385,39.6206550598145,-1126.62331390381,38.82861328125
1.3866666666666667,39.6374664306641,-1126.68813323975,38.86376953125
1.3883333333333334,39.6542663574219,-1126.75380706787,38.8857421875
1.39,39.6710624694824,-1126.82070159912,38.91796875
1.3916666666666666,39.687858581543,-1126.88698577881,38.96337890625
1.3933333333333333,39.7046546936035,-1126.95204925537,39.0087890625
1.395,39.7214508056641,-1127.01699066162,39.041015625
1.3966666666666667,39.7382621765137,-1127.08266448975,39.0732421875
1.3983333333333334,39.7550582885742,-1127.14882659912,39.10400390625
1.4,39.7718544006348,-1127.21474456787,39.12158203125
1.4016666666666666,39.7886505126953,-1127.27968597412,39.12451171875
1.4033333333333333,39.8054466247559,-1127.34377288818,39.12890625
1.405,39.8222579956055,-1127.40700531006,39.16259765625
1.4066666666666667,39.839054107666,-1127.46938323975,39.22412109375
1.4083333333333334,39.8558807373047,-1127.53102874756,39.28125
1.41,39.8726768493652,-1127.59279632568,39.30029296875
1.4116666666666666,39.8894729614258,-1127.65602874756,39.28564453125
1.4133333333333333,39.9062843322754,-1127.72097015381,39.2607421875
1.415,39.9230804443359,-1127.78615570068,39.25048828125
1.4166666666666667,39.9398765563965,-1127.84963226318,39.25048828125
1.4183333333333332,39.956672668457,-1127.91103363037,39.2578125
1.42,39.9734687805176,-1127.97121429443,39.2548828125
1.4216666666666666,39.9902648925781,-1128.03249359131,39.2373046875
1.4233333333333333,40.0070648193359,-1128.09560394287,39.20947265625
1.425,40.0238876342773,-1128.1603012085,39.19482421875
1.4266666666666667,40.0407028198242,-1128.22548675537,39.21826171875
1.4283333333333332,40.0575141906738,-1128.29055023193,39.2607421875
1.43,40.0743255615234,-1128.3556137085,39.2958984375
1.4316666666666666,40.091136932373,-1128.42165374756,39.30615234375
1.4333333333333333,40.1079483032227,-1128.4884262085,39.2958984375
1.435,40.1247596740723,-1128.55507659912,39.26953125
1.4366666666666668,40.1415710449219,-1128.62111663818,39.22265625
1.4383333333333332,40.1583824157715,-1128.6876449585,39.1669921875
1.44,40.1751937866211,-1128.75478363037,39.12744140625
1.4416666666666667,40.1920051574707,-1128.82192230225,39.123046875
1.4433333333333334,40.2088012695313,-1128.88942718506,39.1611328125
1.445,40.2255973815918,-1128.95790863037,39.234375
1.4466666666666668,40.2424087524414,-1129.02761077881,39.33251953125
1.4483333333333333,40.259204864502,-1129.09792327881,39.44384765625
1.45,40.2760162353516,-1129.16725921631,39.55517578125
1.4516666666666667,40.2928123474121,-1129.2345199585,39.650390625
1.4533333333333334,40.3096237182617,-1129.29982757568,39.7119140625
1.455,40.3264198303223,-1129.36379241943,39.73828125
1.4566666666666668,40.3432312011719,-1129.42763519287,39.7529296875
1.4583333333333333,40.3600273132324,-1129.49160003662,39.7880859375
1.46,40.376823425293,-1129.55654144287,39.861328125
1.4616666666666667,40.3936195373535,-1129.62245941162,39.97119140625
1.4633333333333334,40.4104156494141,-1129.68923187256,40.08544921875
1.465,40.4272270202637,-1129.75649261475,40.189453125
1.4666666666666666,40.4440383911133,-1129.82375335693,40.271484375
1.4683333333333333,40.4608497619629,-1129.89150238037,40.33447265625
1.47,40.4776458740234,-1129.95986175537,40.3828125
1.4716666666666667,40.494457244873,-1130.028465271,40.41357421875
1.4733333333333334,40.5112838745117,-1130.09621429443,40.423828125
1.475,40.5280952453613,-1130.16164398193,40.423828125
1.4766666666666666,40.544921875,-1130.22451019287,40.4326171875
1.4783333333333333,40.5617332458496,-1130.28554534912,40.44140625
1.48,40.5785446166992,-1130.34658050537,40.423828125
1.4816666666666667,40.5953712463379,-1130.40944671631,40.3681640625
1.4833333333333334,40.6121673583984,-1130.47499847412,40.2919921875
1.485,40.628978729248,-1130.5431137085,40.2099609375
1.4866666666666666,40.6457939147949,-1130.61330413818,40.1220703125
1.4883333333333333,40.6626052856445,-1130.684715271,40.02978515625
1.49,40.6794166564941,-1130.75637054443,39.94482421875
1.4916666666666667,40.6962432861328,-1130.827293396,39.884765625
1.4933333333333334,40.7130393981934,-1130.89699554443,39.8408203125
1.495,40.729850769043,-1130.96535491943,39.79248046875
1.4966666666666666,40.7466621398926,-1131.03249359131,39.75
1.4983333333333333,40.7634735107422,-1131.09889984131,39.7294921875
1.5,40.7802848815918,-1131.16530609131,39.73974609375
1.5016666666666667,40.7970962524414,-1131.23281097412,39.75732421875
1.5033333333333334,40.813907623291,-1131.30214691162,39.7587890625
1.505,40.8307342529297,-1131.37294769287,39.74267578125
1.5066666666666666,40.8475456237793,-1131.44472503662,39.720703125
1.5083333333333333,40.864372253418,-1131.51625823975,39.708984375
1.51,40.8811683654785,-1131.58669281006,39.703125
1.5116666666666667,40.8979644775391,-1131.65578460693,39.69580078125
1.5133333333333334,40.9147758483887,-1131.72341156006,39.6884765625
1.515,40.9315719604492,-1131.79030609131,39.68994140625
1.5166666666666666,40.9483680725098,-1131.85707855225,39.72509765625
1.5183333333333333,40.9651641845703,-1131.92446136475,39.80419921875
1.52,40.9819755554199,-1131.99123382568,39.919921875
1.5216666666666667,40.9987869262695,-1132.05629730225,40.03125
1.5233333333333334,41.0155830383301,-1132.11879730225,40.095703125
1.525,41.0323791503906,-1132.17958831787,40.08984375
1.5266666666666666,41.0491905212402,-1132.24025726318,40.0224609375
1.5283333333333333,41.0659866333008,-1132.30141448975,39.91845703125
1.53,41.0827980041504,-1132.3634262085,39.80859375
1.5316666666666667,41.099609375,-1132.42665863037,39.7119140625
1.5333333333333334,41.1164054870605,-1132.49098968506,39.638671875
1.535,41.1332168579102,-1132.55458831787,39.58740234375
1.5366666666666666,41.1500282287598,-1132.61586761475,39.55078125
1.5383333333333333,41.1668395996094,-1132.67629241943,39.52001953125
1.54,41.183650970459,-1132.7384262085,39.49072265625
1.5416666666666667,41.2004318237305,-1132.80324554443,39.4541015625
1.5433333333333332,41.2172431945801,-1132.86965179443,39.392578125
1.545,41.234058380127,-1132.9356918335,39.30029296875
1.5466666666666666,41.2508697509766,-1133.001121521,39.1875
1.5483333333333333,41.2676811218262,-1133.0665512085,39.0615234375
1.55,41.2844924926758,-1133.13283538818,38.9326171875
1.5516666666666667,41.3013038635254,-1133.20009613037,38.80517578125
1.5533333333333332,41.318115234375,-1133.26784515381,38.68798828125
1.555,41.3349266052246,-1133.33583831787,38.578125
1.5566666666666666,41.3517379760742,-1133.40370941162,38.4697265625
1.5583333333333333,41.3685340881348,-1133.47206878662,38.36572265625
1.56,41.3853302001953,-1133.54152679443,38.27783203125
1.5616666666666668,41.4021415710449,-1133.61220550537,38.220703125
1.5633333333333332,41.4189376831055,-1133.68251800537,38.18994140625
1.565,41.4357490539551,-1133.75075531006,38.1767578125
1.5666666666666667,41.4525451660156,-1133.81581878662,38.16796875
1.5683333333333334,41.4693565368652,-1133.87831878662,38.15478515625
1.57,41.4861679077148,-1133.93984222412,38.1416015625
1.5716666666666668,41.5029640197754,-1134.0020980835,38.12109375
1.5733333333333333,41.519775390625,-1134.06569671631,38.07861328125
1.575,41.5365867614746,-1134.13051605225,38.01123046875
1.5766666666666667,41.5533676147461,-1134.19594573975,37.94970703125
1.5783333333333334,41.5701789855957,-1134.26125335693,37.9306640625
1.58,41.5869903564453,-1134.32582855225,37.939453125
1.5816666666666668,41.6038017272949,-1134.389793396,37.94091796875
1.5833333333333333,41.6206130981445,-1134.45314788818,37.9130859375
1.585,41.6374397277832,-1134.51552581787,37.869140625
1.5866666666666667,41.6542510986328,-1134.57717132568,37.833984375
1.5883333333333334,41.6710624694824,-1134.63857269287,37.8046875
1.59,41.687873840332,-1134.69985198975,37.77099609375
1.5916666666666666,41.7046852111816,-1134.76064300537,37.7197265625
1.5933333333333333,41.7214965820313,-1134.8204574585,37.64501953125
1.595,41.7382926940918,-1134.87978363037,37.546875
1.5966666666666667,41.7551040649414,-1134.93825531006,37.435546875
1.5983333333333334,41.771915435791,-1134.99611663818,37.32421875
1.6,41.7887420654297,-1135.05422210693,37.212890625
1.6016666666666666,41.8055534362793,-1135.11428070068,37.095703125
1.6033333333333333,41.8223648071289,-1135.17629241943,36.96826171875
1.605,41.8391761779785,-1135.23879241943,36.83935546875
1.6066666666666667,41.8559875488281,-1135.30019378662,36.7265625
1.6083333333333334,41.8728141784668,-1135.36025238037,36.64306640625
1.61,41.8896102905273,-1135.41982269287,36.5947265625
1.6116666666666666,41.9063835144043,-1135.47988128662,36.56689453125
1.6133333333333333,41.923152923584,-1135.540184021,36.53173828125
1.615,41.9399261474609,-1135.59987640381,36.4658203125
1.6166666666666667,41.9566841125488,-1135.65859222412,36.36328125
1.6183333333333334,41.9734573364258,-1135.71706390381,36.234375
1.62,41.9902305603027,-1135.77675628662,36.10546875
1.6216666666666666,42.0070037841797,-1135.83791351318,36.00439453125
1.6233333333333333,42.0237770080566,-1135.90016937256,35.94287109375
1.625,42.0405464172363,-1135.96266937256,35.90771484375
1.6266666666666667,42.0573196411133,-1136.02541351318,35.8798828125
1.6283333333333334,42.0740928649902,-1136.08852386475,35.84326171875
1.63,42.0908660888672,-1136.151512146,35.7919921875
1.6316666666666666,42.1076240539551,-1136.21413421631,35.73046875
1.6333333333333333,42.124382019043,-1136.27614593506,35.65869140625
1.635,42.1411247253418,-1136.33718109131,35.59423828125
1.6366666666666667,42.1578826904297,-1136.39675140381,35.54443359375
1.6383333333333334,42.1746215820313,-1136.45546722412,35.5224609375
1.64,42.1913795471191,-1136.51406097412,35.513671875
1.6416666666666666,42.208122253418,-1136.57314300537,35.4990234375
1.6433333333333333,42.2248649597168,-1136.63283538818,35.4521484375
1.645,42.2416229248047,-1136.69289398193,35.37451171875
1.6466666666666667,42.2583808898926,-1136.75246429443,35.28076171875
1.6483333333333334,42.2751235961914,-1136.81130218506,35.197265625
1.65,42.2918663024902,-1136.86940765381,35.14013671875
1.6516666666666666,42.3086242675781,-1136.9278793335,35.10205078125
1.6533333333333333,42.325382232666,-1136.98708343506,35.06689453125
1.655,42.3421249389648,-1137.04640960693,35.02880859375
1.6566666666666667,42.3588829040527,-1137.10451507568,34.99658203125
1.6583333333333334,42.3756370544434,-1137.16078948975,34.96728515625
1.66,42.3923950195313,-1137.21547698975,34.93212890625
1.6616666666666666,42.4091529846191,-1137.27004241943,34.87939453125
1.6633333333333333,42.425895690918,-1137.32619476318,34.8134765625
1.665,42.4426536560059,-1137.38503265381,34.7314453125
1.6666666666666667,42.4594116210938,-1137.4454574585,34.63330078125
1.6683333333333332,42.4761543273926,-1137.50551605225,34.51171875
1.67,42.4929122924805,-1137.56410980225,34.36962890625
1.6716666666666666,42.5096702575684,-1137.6212387085,34.21728515625
1.6733333333333333,42.5264282226563,-1137.67739105225,34.0634765625
1.675,42.5431976318359,-1137.73220062256,33.91552734375
1.6766666666666667,42.5599555969238,-1137.78664398193,33.7822265625
1.6783333333333332,42.5767135620117,-1137.84181976318,33.673828125
1.68,42.5934867858887,-1137.89846038818,33.58154296875
1.6816666666666666,42.6102600097656,-1137.95558929443,33.4921875
1.6833333333333333,42.6270179748535,-1138.01247406006,33.38818359375
1.685,42.6437759399414,-1138.06862640381,33.2607421875
1.6866666666666668,42.6605339050293,-1138.124168396,33.10986328125
1.6883333333333332,42.6772918701172,-1138.178855896,32.95458984375
1.69,42.6940307617188,-1138.23329925537,32.8154296875
1.6916666666666667,42.7108039855957,-1138.28859710693,32.701171875
1.6933333333333334,42.7275619506836,-1138.34499359131,32.607421875
1.695,42.7443046569824,-1138.40212249756,32.53271484375
1.6966666666666668,42.7610626220703,-1138.45925140381,32.47998046875
1.6983333333333333,42.7778205871582,-1138.51625823975,32.455078125
1.7,42.7945785522461,-1138.57253265381,32.45068359375
1.7016666666666667,42.811336517334,-1138.628074646,32.44482421875
1.7033333333333334,42.8280944824219,-1138.68337249756,32.42138671875
1.705,42.8448371887207,-1138.73903656006,32.3759765625
1.7066666666666668,42.8615913391113,-1138.79445648193,32.30419921875
1.7083333333333333,42.8783493041992,-1138.848777771,32.21044921875
1.71,42.895092010498,-1138.90139007568,32.11669921875
1.7116666666666667,42.9118499755859,-1138.95265960693,32.044921875
1.7133333333333334,42.9286079406738,-1139.00295257568,31.9951171875
1.715,42.9453659057617,-1139.05275726318,31.95263671875
1.7166666666666666,42.9621238708496,-1139.10243988037,31.9189453125
1.7183333333333333,42.9788818359375,-1139.15236663818,31.88671875
1.72,42.9956550598145,-1139.20290374756,31.8515625
1.7216666666666667,43.0124130249023,-1139.25392913818,31.80615234375
1.7233333333333334,43.029167175293,-1139.30507659912,31.7607421875
1.725,43.0459403991699,-1139.35549163818,31.72119140625
1.7266666666666666,43.0627288818359,-1139.40456390381,31.6845703125
1.7283333333333333,43.0795021057129,-1139.45204925537,31.640625
1.73,43.0962600708008,-1139.49868011475,31.59521484375
1.7316666666666667,43.1130332946777,-1139.54592132568,31.5498046875
1.7333333333333334,43.1298065185547,-1139.59450531006,31.49560546875
1.735,43.1465759277344,-1139.64516448975,31.42822265625
1.7366666666666666,43.1633338928223,-1139.69814300537,31.34912109375
1.7383333333333333,43.1801071166992,-1139.753074646,31.265625
1.74,43.1968803405762,-1139.80910491943,31.18798828125
1.7416666666666667,43.2136535644531,-1139.86501312256,31.1279296875
1.7433333333333334,43.230411529541,-1139.91921234131,31.08251953125
1.745,43.247184753418,-1139.971824646,31.04150390625
1.7466666666666666,43.2639541625977,-1140.02419281006,30.98583984375
1.7483333333333333,43.2807121276855,-1140.07704925537,30.931640625
1.75,43.2974853515625,-1140.12966156006,30.90087890625
1.7516666666666667,43.3142433166504,-1140.18190765381,30.8935546875
1.7533333333333334,43.3310165405273,-1140.2345199585,30.8935546875
1.755,43.3477897644043,-1140.28749847412,30.884765625
1.7566666666666666,43.3645324707031,-1140.34011077881,30.8671875
1.7583333333333333,43.381290435791,-1140.39211273193,30.8408203125
1.76,43.3980331420898,-1140.44387054443,30.8203125
1.7616666666666667,43.4147872924805,-1140.49611663818,30.81005859375
1.7633333333333334,43.4315299987793,-1140.5489730835,30.8115234375
1.765,43.4482727050781,-1140.60231781006,30.8173828125
1.7666666666666666,43.465015411377,-1140.65590667725,30.83056640625
1.7683333333333333,43.4817733764648,-1140.70900726318,30.86279296875
1.77,43.4985160827637,-1140.760887146,30.9140625
1.7716666666666667,43.5152587890625,-1140.81179046631,30.9697265625
1.7733333333333334,43.5320167541504,-1140.862449646,31.01220703125
1.775,43.5487747192383,-1140.913230896,31.04150390625
1.7766666666666666,43.5655174255371,-1140.964012146,31.05029296875
1.7783333333333333,43.582275390625,-1141.01454925537,31.02978515625
1.78,43.5990333557129,-1141.06472015381,30.97119140625
1.7816666666666667,43.6157722473145,-1141.11525726318,30.884765625
1.7833333333333334,43.6325302124023,-1141.16652679443,30.79833984375
1.785,43.6492729187012,-1141.21828460693,30.74853515625
1.7866666666666666,43.666015625,-1141.27016448975,30.74267578125
1.7883333333333333,43.6827583312988,-1141.32118988037,30.75439453125
1.79,43.6995010375977,-1141.37209320068,30.75439453125
1.7916666666666667,43.7162437438965,-1141.42385101318,30.73681640625
1.7933333333333332,43.7329711914063,-1141.47585296631,30.708984375
1.795,43.7497138977051,-1141.52712249756,30.67529296875
1.7966666666666666,43.766471862793,-1141.57668304443,30.6474609375
1.7983333333333333,43.7831993103027,-1141.62502288818,30.64306640625
1.8,43.7999420166016,-1141.67250823975,30.6650390625
1.8016666666666667,43.8166847229004,-1141.72072601318,30.6943359375
1.8033333333333332,43.8334274291992,-1141.77040863037,30.703125
1.805,43.850170135498,-1141.82155609131,30.6767578125
1.8066666666666666,43.8669281005859,-1141.8731918335,30.62841796875
1.8083333333333333,43.8836669921875,-1141.92470550537,30.57421875
1.81,43.9004096984863,-1141.97646331787,30.52880859375
1.8116666666666668,43.9171371459961,-1142.02822113037,30.4921875
1.8133333333333332,43.9338798522949,-1142.07949066162,30.4658203125
1.815,43.9506225585938,-1142.13027191162,30.44970703125
1.8166666666666667,43.9673500061035,-1142.18129730225,30.4423828125
1.8183333333333334,43.9840927124023,-1142.23268890381,30.4423828125
1.82,44.0008506774902,-1142.28395843506,30.4453125
1.8216666666666668,44.0176086425781,-1142.33400726318,30.45556640625
1.8233333333333333,44.0343360900879,-1142.38283538818,30.45849609375
1.825,44.0510787963867,-1142.43154144287,30.4453125
1.8266666666666667,44.0678215026855,-1142.481590271,30.4189453125
1.8283333333333334,44.0845642089844,-1142.53371429443,30.39111328125
1.83,44.1013069152832,-1142.587059021,30.38671875
1.8316666666666668,44.118049621582,-1142.63991546631,30.4013671875
1.8333333333333333,44.1347923278809,-1142.69106292725,30.41015625
1.835,44.1515350341797,-1142.74098968506,30.39990234375
1.8366666666666667,44.1682777404785,-1142.79079437256,30.3779296875
1.8383333333333334,44.1850051879883,-1142.84145355225,30.3662109375
1.84,44.2017440795898,-1142.893699646,30.37060546875
1.8416666666666666,44.2184867858887,-1142.94753265381,30.3837890625
1.8433333333333333,44.2352294921875,-1143.00173187256,30.38525390625
1.845,44.2519874572754,-1143.05471038818,30.37060546875
1.8466666666666667,44.2687454223633,-1143.10536956787,30.34423828125
1.8483333333333334,44.2855033874512,-1143.15468597412,30.3193359375
1.85,44.30224609375,-1143.20375823975,30.29736328125
1.8516666666666666,44.3190040588379,-1143.253074646,30.26806640625
1.8533333333333333,44.3357467651367,-1143.301902771,30.23583984375
1.855,44.3525047302246,-1143.35060882568,30.2080078125
1.8566666666666667,44.3692626953125,-1143.39992523193,30.18310546875
1.8583333333333334,44.3860054016113,-1143.45009613037,30.1552734375
1.86,44.4027442932129,-1143.50087738037,30.13330078125
1.8616666666666666,44.4194869995117,-1143.55165863037,30.1318359375
1.8633333333333333,44.4362449645996,-1143.602684021,30.1640625
1.865,44.4529876708984,-1143.653465271,30.2138671875
1.8666666666666667,44.4697456359863,-1143.70363616943,30.251953125
1.8683333333333334,44.4864883422852,-1143.75319671631,30.2548828125
1.87,44.503246307373,-1143.80275726318,30.23583984375
1.8716666666666666,44.5199890136719,-1143.85341644287,30.216796875
1.8733333333333333,44.5367469787598,-1143.90554046631,30.20947265625
1.875,44.5535202026367,-1143.95803070068,30.2197265625
1.8766666666666667,44.5702781677246,-1144.00917816162,30.24755859375
1.8783333333333334,44.5870475769043,-1144.05861663818,30.2900390625
1.88,44.6038055419922,-1144.10720062256,30.328125
1.8816666666666666,44.6205787658691,-1144.15590667725,30.3310546875
1.8833333333333333,44.637336730957,-1144.20449066162,30.29443359375
1.885,44.6540946960449,-1144.25283050537,30.2373046875
1.8866666666666667,44.6708679199219,-1144.30129241943,30.18017578125
1.8883333333333334,44.6876258850098,-1144.35024261475,30.13916015625
1.89,44.7043838500977,-1144.39980316162,30.1083984375
1.8916666666666666,44.7211380004883,-1144.44948577881,30.087890625
1.8933333333333333,44.7378959655762,-1144.49880218506,30.0732421875
1.895,44.7546539306641,-1144.54787445068,30.06298828125
1.8966666666666667,44.771411895752,-1144.596824646,30.04541015625
1.8983333333333334,44.7881851196289,-1144.64553070068,30.01318359375
1.9,44.8049583435059,-1144.69423675537,29.9677734375
1.9016666666666666,44.8217163085938,-1144.74379730225,29.9150390625
1.9033333333333333,44.8384895324707,-1144.79494476318,29.86376953125
1.905,44.8552322387695,-1144.84767913818,29.81689453125
1.9066666666666667,44.8720016479492,-1144.90065765381,29.7744140625
1.9083333333333334,44.8887748718262,-1144.95253753662,29.74072265625
1.91,44.9055480957031,-1145.00283050537,29.71728515625
1.9116666666666666,44.922306060791,-1145.05336761475,29.7041015625
1.9133333333333333,44.939079284668,-1145.10512542725,29.68359375
1.915,44.9558372497559,-1145.157371521,29.63671875
1.9166666666666667,44.9725952148438,-1145.20937347412,29.55615234375
1.9183333333333332,44.9893646240234,-1145.26161956787,29.46240234375
1.92,45.0061225891113,-1145.31496429443,29.37451171875
1.9216666666666666,45.0228958129883,-1145.36879730225,29.30712890625
1.9233333333333333,45.0396690368652,-1145.42128753662,29.26318359375
1.925,45.0564270019531,-1145.47206878662,29.244140625
1.9266666666666667,45.0732002258301,-1145.52150726318,29.25
1.9283333333333332,45.089958190918,-1145.56972503662,29.2646484375
1.93,45.1067314147949,-1145.61696624756,29.2646484375
1.9316666666666666,45.1235008239746,-1145.66371917725,29.23828125
1.9333333333333333,45.1402740478516,-1145.7110824585,29.19580078125
1.935,45.1570320129395,-1145.75917816162,29.15185546875
1.9366666666666668,45.1738204956055,-1145.80715179443,29.1181640625
1.9383333333333332,45.1905784606934,-1145.85439300537,29.10205078125
1.94,45.2073516845703,-1145.90102386475,29.11083984375
1.9416666666666667,45.2241249084473,-1145.9474105835,29.1357421875
1.9433333333333334,45.240909576416,-1145.99379730225,29.1474609375
1.945,45.257682800293,-1146.04030609131,29.11962890625
1.9466666666666668,45.2744560241699,-1146.08742523193,29.04931640625
1.9483333333333333,45.2912139892578,-1146.13466644287,28.9716796875
1.95,45.3079872131348,-1146.18202972412,28.927734375
1.9516666666666667,45.3247604370117,-1146.229637146,28.9248046875
1.9533333333333334,45.3415031433105,-1146.27809906006,28.921875
1.955,45.3582725524902,-1146.32704925537,28.89404296875
1.9566666666666668,45.3750305175781,-1146.37526702881,28.84130859375
1.9583333333333333,45.391773223877,-1146.421043396,28.78125
1.96,45.4085159301758,-1146.46437835693,28.7138671875
1.9616666666666667,45.4252586364746,-1146.50649261475,28.6435546875
1.9633333333333334,45.4420013427734,-1146.54946136475,28.587890625
1.965,45.4587593078613,-1146.59450531006,28.5615234375
1.9666666666666666,45.4755020141602,-1146.64150238037,28.54833984375
1.9683333333333333,45.492244720459,-1146.69033050537,28.5234375
1.97,45.5089874267578,-1146.74001312256,28.48828125
1.9716666666666667,45.5257453918457,-1146.78896331787,28.458984375
1.9733333333333334,45.5424880981445,-1146.83632659912,28.4326171875
1.975,45.5592308044434,-1146.88246917725,28.3974609375
1.9766666666666666,45.5759735107422,-1146.92812347412,28.37255859375
1.9783333333333333,45.5927124023438,-1146.97438812256,28.3681640625
1.98,45.6094551086426,-1147.02199554443,28.39599609375
1.9816666666666667,45.6261978149414,-1147.071434021,28.447265625
1.9833333333333334,45.6429252624512,-1147.122215271,28.51171875
1.985,45.65966796875,-1147.17275238037,28.58056640625
1.9866666666666666,45.6763954162598,-1147.22158050537,28.6494140625
1.9883333333333333,45.6931381225586,-1147.26845550537,28.69921875
1.99,45.7098655700684,-1147.31496429443,28.72412109375
1.9916666666666667,45.7266082763672,-1147.36318206787,28.72998046875
1.9933333333333334,45.743335723877,-1147.413230896,28.7431640625
1.995,45.7600784301758,-1147.46352386475,28.775390625
1.9966666666666666,45.7768058776855,-1147.51296234131,28.82666015625
1.9983333333333333,45.7935333251953,-1147.56081390381,28.892578125
2,45.8102607727051,-1147.60781097412,28.98046875
2.0016666666666665,45.8270034790039,-1147.6544418335,29.08447265625
2.0033333333333334,45.8437118530273,-1147.70192718506,29.1943359375
2.005,45.8604164123535,-1147.751121521,29.2880859375
2.006666666666667,45.8771171569824,-1147.80141448975,29.3583984375
2.0083333333333333,45.8938217163086,-1147.85109710693,29.41845703125
2.01,45.9105377197266,-1147.89846038818,29.4755859375
2.0116666666666667,45.9272422790527,-1147.94374847412,29.52392578125
2.013333333333333,45.9439430236816,-1147.98854827881,29.55615234375
2.015,45.9606323242188,-1148.03310394287,29.57958984375
2.0166666666666666,45.9773483276367,-1148.07753753662,29.60302734375
2.0183333333333335,45.9940528869629,-1148.12355804443,29.63671875
2.02,46.0107536315918,-1148.17116546631,29.67919921875
2.0216666666666665,46.027458190918,-1148.22072601318,29.71435546875
2.0233333333333334,46.0441589355469,-1148.2716293335,29.73046875
2.025,46.060863494873,-1148.323387146,29.72900390625
2.026666666666667,46.077579498291,-1148.37551116943,29.73046875
2.0283333333333333,46.0942840576172,-1148.42775726318,29.74365234375
2.03,46.1109848022461,-1148.47902679443,29.76123046875
2.0316666666666667,46.1276893615723,-1148.52834320068,29.7626953125
2.033333333333333,46.1444053649902,-1148.57619476318,29.74072265625
2.035,46.1611099243164,-1148.62490081787,29.7158203125
2.0366666666666666,46.1778106689453,-1148.67604827881,29.71142578125
2.0383333333333336,46.1945304870605,-1148.72927093506,29.73046875
2.04,46.2112312316895,-1148.78298187256,29.7626953125
2.0416666666666665,46.2279510498047,-1148.8360824585,29.794921875
2.0433333333333334,46.2446670532227,-1148.88808441162,29.8212890625
2.045,46.2613868713379,-1148.93935394287,29.82568359375
2.046666666666667,46.2781028747559,-1148.99013519287,29.7978515625
2.0483333333333333,46.2948226928711,-1149.04103851318,29.75830078125
2.05,46.3115386962891,-1149.09304046631,29.75537109375
2.0516666666666667,46.3282432556152,-1149.1466293335,29.82568359375
2.0533333333333332,46.3449592590332,-1149.200340271,29.95751953125
2.055,46.3616790771484,-1149.25197601318,30.10546875
2.0566666666666666,46.3783798217773,-1149.30129241943,30.25048828125
2.058333333333333,46.3950996398926,-1149.34938812256,30.38818359375
2.06,46.4118003845215,-1149.39785003662,30.5068359375
2.0616666666666665,46.4285202026367,-1149.44765472412,30.61083984375
2.0633333333333335,46.4452514648438,-1149.4981918335,30.69287109375
2.065,46.4619560241699,-1149.5489730835,30.7470703125
2.066666666666667,46.4786720275879,-1149.59963226318,30.76904296875
2.0683333333333334,46.4953918457031,-1149.65029144287,30.77783203125
2.07,46.5121078491211,-1149.70021820068,30.80126953125
2.0716666666666668,46.5288238525391,-1149.74855804443,30.8642578125
2.0733333333333333,46.5455436706543,-1149.79518890381,30.97119140625
2.075,46.5622596740723,-1149.84157562256,31.10302734375
2.0766666666666667,46.5789794921875,-1149.88954925537,31.212890625
2.078333333333333,46.5956802368164,-1149.93947601318,31.265625
2.08,46.6124000549316,-1149.99050140381,31.26708984375
2.0816666666666666,46.6291007995605,-1150.04103851318,31.2568359375
2.0833333333333335,46.6458206176758,-1150.09072113037,31.27587890625
2.085,46.6625366210938,-1150.13954925537,31.33447265625
2.0866666666666664,46.6792411804199,-1150.18740081787,31.41796875
2.0883333333333334,46.6959571838379,-1150.23427581787,31.51171875
2.09,46.7126770019531,-1150.28127288818,31.60546875
2.091666666666667,46.7293930053711,-1150.33071136475,31.6962890625
2.0933333333333333,46.7461128234863,-1150.383934021,31.77392578125
2.095,46.7628135681152,-1150.44020843506,31.84423828125
2.0966666666666667,46.7795333862305,-1150.49733734131,31.9306640625
2.098333333333333,46.7962493896484,-1150.55397796631,32.04638671875
2.1,46.8129539489746,-1150.60988616943,32.18408203125
2.1016666666666666,46.8296699523926,-1150.66579437256,32.32763671875
2.1033333333333335,46.8463745117188,-1150.72206878662,32.4638671875
2.105,46.8630905151367,-1150.778465271,32.59423828125
2.1066666666666665,46.8797950744629,-1150.83388519287,32.70703125
2.1083333333333334,46.8965110778809,-1150.88747406006,32.78759765625
2.11,46.9132308959961,-1150.94033050537,32.8271484375
2.111666666666667,46.929931640625,-1150.99452972412,32.8564453125
2.1133333333333333,46.9466361999512,-1151.05104827881,32.90771484375
2.115,46.9633522033691,-1151.10927581787,32.99267578125
2.1166666666666667,46.9800567626953,-1151.1681137085,33.09521484375
2.118333333333333,46.9967575073242,-1151.22597503662,33.1904296875
2.12,47.0134620666504,-1151.28151702881,33.26806640625
2.1216666666666666,47.0301780700684,-1151.33486175537,33.3310546875
2.1233333333333335,47.0468826293945,-1151.38771820068,33.3955078125
2.125,47.0635986328125,-1151.44240570068,33.46875
2.1266666666666665,47.0803184509277,-1151.49929046631,33.55078125
2.1283333333333334,47.0970344543457,-1151.55751800537,33.64013671875
2.13,47.1137504577637,-1151.61611175537,33.73974609375
2.131666666666667,47.1304702758789,-1151.67482757568,33.83349609375
2.1333333333333333,47.1471862792969,-1151.73439788818,33.89208984375
2.135,47.1639213562012,-1151.79445648193,33.9052734375
2.1366666666666667,47.1806373596191,-1151.85402679443,33.88330078125
2.138333333333333,47.1973571777344,-1151.91286468506,33.8583984375
2.14,47.2140884399414,-1151.971824646,33.84375
2.1416666666666666,47.2308082580566,-1152.0313949585,33.8408203125
2.1433333333333335,47.2475395202637,-1152.09181976318,33.84521484375
2.145,47.2642707824707,-1152.15297698975,33.8583984375
2.1466666666666665,47.2809906005859,-1152.21437835693,33.87890625
2.1483333333333334,47.297721862793,-1152.274559021,33.908203125
2.15,47.3144569396973,-1152.33193206787,33.94921875
2.151666666666667,47.3311729431152,-1152.385887146,33.99169921875
2.1533333333333333,47.3479080200195,-1152.43825531006,34.01513671875
2.155,47.3646392822266,-1152.49086761475,34.0107421875
2.1566666666666667,47.3813705444336,-1152.54457855225,33.9814453125
2.158333333333333,47.3980903625488,-1152.59951019287,33.9462890625
2.16,47.4148216247559,-1152.655418396,33.92724609375
2.1616666666666666,47.4315567016602,-1152.71181488037,33.9404296875
2.1633333333333336,47.4482879638672,-1152.76808929443,33.97998046875
2.165,47.4650077819824,-1152.82399749756,34.02685546875
2.1666666666666665,47.4817695617676,-1152.87978363037,34.05322265625
2.1683333333333334,47.4984855651855,-1152.93544769287,34.0517578125
2.17,47.5152206420898,-1152.99074554443,34.037109375
2.171666666666667,47.5319519042969,-1153.04592132568,34.0224609375
2.1733333333333333,47.5486717224121,-1153.100730896,34.01513671875
2.175,47.5654029846191,-1153.15505218506,33.99609375
2.1766666666666667,47.5821380615234,-1153.20937347412,33.96240234375
2.1783333333333332,47.5988693237305,-1153.2638168335,33.92431640625
2.18,47.6156005859375,-1153.31887054443,33.89208984375
2.1816666666666666,47.6323356628418,-1153.37429046631,33.85986328125
2.183333333333333,47.6490821838379,-1153.42995452881,33.8232421875
2.185,47.6658172607422,-1153.48622894287,33.7763671875
2.1866666666666665,47.6825485229492,-1153.54360198975,33.71923828125
2.1883333333333335,47.6992797851563,-1153.6017074585,33.65625
2.19,47.7160301208496,-1153.65956878662,33.603515625
2.191666666666667,47.7327766418457,-1153.71657562256,33.5830078125
2.1933333333333334,47.74951171875,-1153.77297210693,33.59033203125
2.195,47.7662582397461,-1153.82912445068,33.59912109375
2.1966666666666668,47.7829895019531,-1153.88527679443,33.6005859375
2.1983333333333333,47.7997398376465,-1153.94106292725,33.5859375
2.2,47.8164710998535,-1153.99697113037,33.55810546875
2.2016666666666667,47.8332176208496,-1154.05324554443,33.52294921875
2.203333333333333,47.849967956543,-1154.10988616943,33.48486328125
2.205,47.8667144775391,-1154.16652679443,33.45263671875
2.2066666666666666,47.8834648132324,-1154.22328948975,33.42333984375
2.2083333333333335,47.9002113342285,-1154.28017425537,33.39404296875
2.21,47.9169578552246,-1154.33693695068,33.36474609375
2.2116666666666664,47.9336929321289,-1154.39394378662,33.33984375
2.2133333333333334,47.950439453125,-1154.4513168335,33.32080078125
2.215,47.9671859741211,-1154.50942230225,33.30615234375
2.216666666666667,47.9839363098145,-1154.56740570068,33.29443359375
2.2183333333333333,48.0006675720215,-1154.62465667725,33.28125
2.22,48.0174179077148,-1154.68105316162,33.26513671875
2.2216666666666667,48.0341796875,-1154.73720550537,33.240234375
2.223333333333333,48.0509262084961,-1154.79347991943,33.2109375
2.225,48.0676612854004,-1154.84999847412,33.17724609375
2.2266666666666666,48.0844230651855,-1154.90651702881,33.140625
2.2283333333333335,48.1011695861816,-1154.96291351318,33.09375
2.23,48.1179046630859,-1155.01906585693,33.04248046875
2.2316666666666665,48.134651184082,-1155.07485198975,32.9970703125
2.2333333333333334,48.1513862609863,-1155.13051605225,32.96044921875
2.235,48.1681175231934,-1155.18508148193,32.92822265625
2.236666666666667,48.1848487854004,-1155.23818206787,32.89453125
2.2383333333333333,48.2015838623047,-1155.29091644287,32.859375
2.24,48.2183303833008,-1155.34340667725,32.8271484375
2.2416666666666667,48.2350769042969,-1155.39601898193,32.79345703125
2.243333333333333,48.2518272399902,-1155.44899749756,32.7568359375
2.245,48.2685585021973,-1155.50222015381,32.71875
2.2466666666666666,48.2852935791016,-1155.555809021,32.68359375
2.2483333333333335,48.3020401000977,-1155.60927581787,32.6484375
2.25,48.3187713623047,-1155.66262054443,32.61328125
2.2516666666666665,48.335506439209,-1155.71584320068,32.57958984375
2.2533333333333334,48.3522529602051,-1155.76906585693,32.54150390625
2.255,48.3690032958984,-1155.82265472412,32.4990234375
2.256666666666667,48.3857498168945,-1155.87624359131,32.44921875
2.2583333333333333,48.4024963378906,-1155.92958831787,32.40234375
2.26,48.419246673584,-1155.98281097412,32.361328125
2.2616666666666667,48.4359931945801,-1156.03591156006,32.32470703125
2.263333333333333,48.4527244567871,-1156.08889007568,32.2880859375
2.265,48.4694595336914,-1156.14186859131,32.25
2.2666666666666666,48.4862060546875,-1156.19472503662,32.21044921875
2.2683333333333335,48.5029411315918,-1156.24794769287,32.173828125
2.27,48.5196723937988,-1156.30141448975,32.14013671875
2.2716666666666665,48.5364189147949,-1156.35524749756,32.11083984375
2.2733333333333334,48.5531539916992,-1156.409324646,32.0888671875
2.275,48.5698852539063,-1156.46327972412,32.06982421875
2.276666666666667,48.5866355895996,-1156.51699066162,32.0654296875
2.2783333333333333,48.6033668518066,-1156.57033538818,32.07861328125
2.28,48.6200981140137,-1156.62355804443,32.0947265625
2.2816666666666667,48.636833190918,-1156.67665863037,32.11083984375
2.283333333333333,48.653564453125,-1156.72975921631,32.1240234375
2.285,48.6702995300293,-1156.78298187256,32.1328125
2.2866666666666666,48.6870307922363,-1156.83644866943,32.14013671875
2.2883333333333336,48.7037506103516,-1156.89015960693,32.14599609375
2.29,48.7204971313477,-1156.94399261475,32.15625
2.2916666666666665,48.7372131347656,-1156.99794769287,32.1708984375
2.2933333333333334,48.7539482116699,-1157.051902771,32.19140625
2.295,48.770679473877,-1157.10573577881,32.2119140625
2.296666666666667,48.7874298095703,-1157.15956878662,32.22802734375
2.2983333333333333,48.8041610717773,-1157.21352386475,32.23681640625
2.3,48.8208923339844,-1157.26760101318,32.24560546875
2.3016666666666667,48.8376121520996,-1157.321434021,32.2529296875
2.3033333333333332,48.8543281555176,-1157.37477874756,32.26318359375
2.305,48.8710632324219,-1157.4278793335,32.2763671875
2.3066666666666666,48.8877639770508,-1157.48097991943,32.2939453125
2.308333333333333,48.9044990539551,-1157.53420257568,32.31591796875
2.31,48.921215057373,-1157.58766937256,32.33642578125
2.3116666666666665,48.9379348754883,-1157.64125823975,32.35400390625
2.3133333333333335,48.9546508789063,-1157.69496917725,32.3642578125
2.315,48.9713706970215,-1157.74892425537,32.36572265625
2.316666666666667,48.9881019592285,-1157.80300140381,32.3671875
2.3183333333333334,49.0048065185547,-1157.85720062256,32.3701171875
2.32,49.0215377807617,-1157.91139984131,32.37744140625
2.3216666666666668,49.0382537841797,-1157.96547698975,32.3876953125
2.3233333333333333,49.0549736022949,-1158.01930999756,32.40087890625
2.325,49.0716896057129,-1158.07302093506,32.41259765625
2.3266666666666667,49.0884094238281,-1158.12673187256,32.4228515625
2.328333333333333,49.105110168457,-1158.18056488037,32.4287109375
2.33,49.1218299865723,-1158.23464202881,32.43310546875
2.3316666666666666,49.1385459899902,-1158.28896331787,32.43896484375
2.3333333333333335,49.1552658081055,-1158.34352874756,32.44482421875
2.335,49.1719818115234,-1158.39846038818,32.44775390625
2.3366666666666664,49.1887016296387,-1158.45339202881,32.4521484375
2.3383333333333334,49.2054023742676,-1158.50832366943,32.4580078125
2.34,49.2221069335938,-1158.5626449585,32.46240234375
2.341666666666667,49.2388076782227,-1158.61672210693,32.46533203125
2.3433333333333333,49.2555274963379,-1158.67055511475,32.47265625
2.345,49.2722282409668,-1158.72451019287,32.484375
2.3466666666666667,49.288948059082,-1158.77858734131,32.4990234375
2.348333333333333,49.3056640625,-1158.83303070068,32.51220703125
2.35,49.3223686218262,-1158.88771820068,32.52392578125
2.3516666666666666,49.3390693664551,-1158.94264984131,32.53125
2.3533333333333335,49.3557891845703,-1158.99758148193,32.537109375
2.355,49.3725051879883,-1159.05226898193,32.54150390625
2.3566666666666665,49.3892250061035,-1159.10646820068,32.5458984375
2.3583333333333334,49.4059257507324,-1159.16054534912,32.5517578125
2.36,49.4226455688477,-1159.21450042725,32.55615234375
2.361666666666667,49.4393463134766,-1159.26845550537,32.5576171875
2.3633333333333333,49.4560661315918,-1159.32253265381,32.55615234375
2.365,49.4727821350098,-1159.37673187256,32.560546875
2.3666666666666667,49.4894981384277,-1159.430809021,32.5693359375
2.368333333333333,49.5062026977539,-1159.48488616943,32.583984375
2.37,49.5229187011719,-1159.53884124756,32.5986328125
2.3716666666666666,49.5396385192871,-1159.592918396,32.60888671875
2.3733333333333335,49.5563545227051,-1159.64723968506,32.61474609375
2.375,49.5730590820313,-1159.70168304443,32.61328125
2.3766666666666665,49.5897750854492,-1159.75588226318,32.607421875
2.3783333333333334,49.6064949035645,-1159.81008148193,32.6015625
2.38,49.6231956481934,-1159.864402771,32.5986328125
2.381666666666667,49.6399154663086,-1159.91872406006,32.607421875
2.3833333333333333,49.6566162109375,-1159.97304534912,32.6162109375
2.385,49.6733360290527,-1160.0274887085,32.625
2.3866666666666667,49.6900520324707,-1160.08180999756,32.6279296875
2.388333333333333,49.7067718505859,-1160.13613128662,32.62939453125
2.39,49.7234878540039,-1160.19033050537,32.6279296875
2.3916666666666666,49.7402229309082,-1160.24452972412,32.6220703125
2.3933333333333335,49.7569389343262,-1160.29860687256,32.61328125
2.395,49.7736740112305,-1160.352684021,32.60595703125
2.3966666666666665,49.7903900146484,-1160.40676116943,32.6044921875
2.3983333333333334,49.8071060180664,-1160.4610824585,32.60888671875
2.4,49.8238563537598,-1160.51564788818,32.61474609375
2.401666666666667,49.8405723571777,-1160.57021331787,32.61767578125
2.4033333333333333,49.857292175293,-1160.62453460693,32.619140625
2.405,49.8740234375,-1160.67848968506,32.6220703125
2.4066666666666667,49.8907585144043,-1160.73268890381,32.625
2.408333333333333,49.9074745178223,-1160.78713226318,32.62939453125
2.41,49.9242057800293,-1160.84206390381,32.63232421875
2.4116666666666666,49.9409408569336,-1160.89711761475,32.63818359375
2.4133333333333336,49.9576568603516,-1160.95204925537,32.6455078125
2.415,49.9743919372559,-1161.00685882568,32.65283203125
2.4166666666666665,49.9911231994629,-1161.06130218506,32.6572265625
2.4183333333333334,50.0078735351563,-1161.11574554443,32.6630859375
2.42,50.0246047973633,-1161.17018890381,32.6689453125
2.421666666666667,50.0413360595703,-1161.22487640381,32.677734375
2.4233333333333333,50.0580863952637,-1161.27993011475,32.689453125
2.425,50.0748329162598,-1161.33473968506,32.7041015625
2.4266666666666667,50.0915679931641,-1161.38930511475,32.72021484375
2.4283333333333332,50.1083297729492,-1161.4435043335,32.7392578125
2.43,50.1250762939453,-1161.49770355225,32.75537109375
2.4316666666666666,50.1418266296387,-1161.55202484131,32.771484375
2.433333333333333,50.1585578918457,-1161.60622406006,32.783203125
2.435,50.1753196716309,-1161.66042327881,32.7919921875
2.4366666666666665,50.1920700073242,-1161.71474456787,32.7978515625
2.4383333333333335,50.2088165283203,-1161.76930999756,32.80224609375
2.44,50.2255477905273,-1161.82387542725,32.80517578125
2.441666666666667,50.2422981262207,-1161.87844085693,32.80517578125
2.4433333333333334,50.2590599060059,-1161.93264007568,32.806640625
2.445,50.2757949829102,-1161.98671722412,32.8095703125
2.4466666666666668,50.2925567626953,-1162.04103851318,32.818359375
2.4483333333333333,50.3092880249023,-1162.09548187256,32.82421875
2.45,50.3260383605957,-1162.14992523193,32.82568359375
2.4516666666666667,50.3427696228027,-1162.204246521,32.8212890625
2.453333333333333,50.3595008850098,-1162.25868988037,32.8154296875
2.455,50.3762512207031,-1162.31337738037,32.8125
2.4566666666666666,50.3929977416992,-1162.368309021,32.81103515625
2.4583333333333335,50.4097480773926,-1162.42311859131,32.8125
2.46,50.4264945983887,-1162.47780609131,32.81396484375
2.4616666666666664,50.4432411193848,-1162.53249359131,32.81689453125
2.4633333333333334,50.4599914550781,-1162.58754730225,32.818359375
2.465,50.4767379760742,-1162.64284515381,32.818359375
2.466666666666667,50.4934844970703,-1162.698387146,32.8271484375
2.4683333333333333,50.5102195739746,-1162.75417327881,32.841796875
2.47,50.5269660949707,-1162.81008148193,32.865234375
2.4716666666666667,50.5437126159668,-1162.86574554443,32.8916015625
2.473333333333333,50.5604782104492,-1162.92128753662,32.91650390625
2.475,50.5772247314453,-1162.97646331787,32.94140625
2.4766666666666666,50.5939750671387,-1163.03127288818,32.96484375
2.4783333333333335,50.6107215881348,-1163.08583831787,32.9853515625
2.48,50.6274681091309,-1163.14028167725,33.00146484375
2.4816666666666665,50.6442337036133,-1163.19484710693,33.01904296875
2.4833333333333334,50.6609802246094,-1163.24941253662,33.03369140625
2.485,50.6777267456055,-1163.30410003662,33.052734375
2.486666666666667,50.6944770812988,-1163.35866546631,33.07177734375
2.4883333333333333,50.7112236022949,-1163.41335296631,33.08935546875
2.49,50.7279853820801,-1163.46804046631,33.10693359375
2.4916666666666667,50.7447509765625,-1163.522605896,33.12451171875
2.493333333333333,50.7614974975586,-1163.57717132568,33.14794921875
2.495,50.7782745361328,-1163.63173675537,33.1669921875
2.4966666666666666,50.7950401306152,-1163.68642425537,33.18310546875
2.4983333333333335,50.8117866516113,-1163.74111175537,33.19482421875
2.5,50.8285484313965,-1163.79567718506,33.20654296875
2.5016666666666665,50.8452835083008,-1163.85024261475,33.22119140625
2.5033333333333334,50.8620452880859,-1163.90493011475,33.23876953125
2.505,50.878776550293,-1163.95973968506,33.25634765625
2.506666666666667,50.8955268859863,-1164.014793396,33.26953125
2.5083333333333333,50.9122734069824,-1164.07033538818,33.275390625
2.51,50.9290084838867,-1164.126121521,33.27392578125
2.5116666666666667,50.9457550048828,-1164.18227386475,33.2666015625
2.513333333333333,50.9624862670898,-1164.23867034912,33.263671875
2.515,50.9792213439941,-1164.2950668335,33.263671875
2.5166666666666666,50.9959526062012,-1164.35134124756,33.27099609375
2.5183333333333335,51.0126876831055,-1164.40749359131,33.2841796875
2.52,51.0294189453125,-1164.46352386475,33.3017578125
2.5216666666666665,51.0461502075195,-1164.51943206787,33.3193359375
2.5233333333333334,51.0628852844238,-1164.57546234131,33.33544921875
2.525,51.0796165466309,-1164.63124847412,33.3486328125
2.526666666666667,51.0963516235352,-1164.68703460693,33.3603515625
2.5283333333333333,51.1130828857422,-1164.74269866943,33.375
2.53,51.1298141479492,-1164.79848480225,33.3896484375
2.5316666666666667,51.1465492248535,-1164.85439300537,33.4072265625
2.533333333333333,51.1632957458496,-1164.9103012085,33.4248046875
2.535,51.1800308227539,-1164.96657562256,33.44091796875
2.5366666666666666,51.1967620849609,-1165.022605896,33.45263671875
2.5383333333333336,51.213508605957,-1165.07863616943,33.462890625
2.54,51.2302436828613,-1165.13454437256,33.474609375
2.5416666666666665,51.2469902038574,-1165.19033050537,33.4892578125
2.5433333333333334,51.2637252807617,-1165.2462387085,33.50537109375
2.545,51.2804565429688,-1165.30239105225,33.52001953125
2.546666666666667,51.2971725463867,-1165.35890960693,33.533203125
2.5483333333333333,51.313907623291,-1165.41530609131,33.54345703125
2.55,51.330623626709,-1165.47133636475,33.544921875
2.5516666666666667,51.3473587036133,-1165.52700042725,33.54052734375
2.5533333333333332,51.3640899658203,-1165.58229827881,33.53173828125
2.555,51.3808097839355,-1165.63771820068,33.521484375
2.5566666666666666,51.3975257873535,-1165.69326019287,33.5126953125
2.558333333333333,51.4142608642578,-1165.74904632568,33.50830078125
2.56,51.4309768676758,-1165.80495452881,33.5068359375
2.5616666666666665,51.4477081298828,-1165.86098480225,33.50537109375
2.5633333333333335,51.464427947998,-1165.91689300537,33.50244140625
2.565,51.481143951416,-1165.9728012085,33.4951171875
2.566666666666667,51.4978790283203,-1166.028465271,33.49072265625
2.5683333333333334,51.5145950317383,-1166.0841293335,33.4833984375
2.57,51.5313148498535,-1166.13991546631,33.474609375
2.5716666666666668,51.5480461120605,-1166.19582366943,33.46142578125
2.5733333333333333,51.5647659301758,-1166.25197601318,33.4453125
2.575,51.5814666748047,-1166.30800628662,33.43212890625
2.5766666666666667,51.598201751709,-1166.36391448975,33.4189453125
2.578333333333333,51.614933013916,-1166.41945648193,33.4130859375
2.58,51.631649017334,-1166.47499847412,33.40576171875
2.5816666666666666,51.6483840942383,-1166.53066253662,33.3984375
2.5833333333333335,51.6651153564453,-1166.58644866943,33.38818359375
2.585,51.6818351745605,-1166.64235687256,33.375
2.5866666666666664,51.6985664367676,-1166.69826507568,33.36181640625
2.5883333333333334,51.7153015136719,-1166.75417327881,33.34716796875
2.59,51.7320327758789,-1166.81008148193,33.33984375
2.591666666666667,51.7487640380859,-1166.86574554443,33.33837890625
2.5933333333333333,51.7655143737793,-1166.92116546631,33.33984375
2.595,51.7822456359863,-1166.97658538818,33.34130859375
2.5966666666666667,51.7989807128906,-1167.03212738037,33.3369140625
2.598333333333333,51.8157272338867,-1167.08779144287,33.333984375
2.6,51.8324432373047,-1167.143699646,33.333984375
2.6016666666666666,51.849178314209,-1167.19972991943,33.3369140625
2.6033333333333335,51.865894317627,-1167.25563812256,33.33837890625
2.605,51.8826446533203,-1167.31130218506,33.33984375
2.6066666666666665,51.8993759155273,-1167.36672210693,33.33837890625
2.6083333333333334,51.9161224365234,-1167.42214202881,33.34130859375
2.61,51.9328575134277,-1167.47731781006,33.34423828125
2.611666666666667,51.9495887756348,-1167.53224945068,33.34716796875
2.6133333333333333,51.9663238525391,-1167.58693695068,33.3486328125
2.615,51.9830551147461,-1167.64150238037,33.345703125
2.6166666666666667,51.9997863769531,-1167.69631195068,33.34716796875
2.618333333333333,52.0165061950684,-1167.75148773193,33.35009765625
2.62,52.0332527160645,-1167.80702972412,33.35595703125
2.6216666666666666,52.0499877929688,-1167.862449646,33.35595703125
2.6233333333333335,52.0667190551758,-1167.91774749756,33.3515625
2.625,52.0834541320801,-1167.97267913818,33.34130859375
2.6266666666666665,52.1002006530762,-1168.0274887085,33.3310546875
2.6283333333333334,52.1169471740723,-1168.08254241943,33.32373046875
2.63,52.1336822509766,-1168.137840271,33.3193359375
2.631666666666667,52.1504440307617,-1168.19362640381,33.31640625
2.6333333333333333,52.1671905517578,-1168.24953460693,33.3193359375
2.635,52.1839256286621,-1168.30532073975,33.3251953125
2.6366666666666667,52.2006721496582,-1168.36074066162,33.32666015625
2.638333333333333,52.2174072265625,-1168.41579437256,33.322265625
2.64,52.2341537475586,-1168.47109222412,33.31494140625
2.6416666666666666,52.2509002685547,-1168.52687835693,33.310546875
2.6433333333333335,52.267635345459,-1168.58303070068,33.3076171875
2.645,52.284366607666,-1168.63918304443,33.30908203125
2.6466666666666665,52.3011016845703,-1168.69521331787,33.30908203125
2.6483333333333334,52.3178482055664,-1168.75099945068,33.30908203125
2.65,52.3345947265625,-1168.80690765381,33.3076171875
2.651666666666667,52.3513298034668,-1168.86281585693,33.310546875
2.6533333333333333,52.3680610656738,-1168.91884613037,33.31640625
2.655,52.3847961425781,-1168.97487640381,33.32373046875
2.6566666666666667,52.4015274047852,-1169.03078460693,33.32958984375
2.658333333333333,52.4182586669922,-1169.08693695068,33.3310546875
2.66,52.4349784851074,-1169.14308929443,33.3251953125
2.6616666666666666,52.4517097473145,-1169.19911956787,33.31640625
2.6633333333333336,52.4684295654297,-1169.25466156006,33.3134765625
2.665,52.4851455688477,-1169.30995941162,33.31494140625
2.6666666666666665,52.5018653869629,-1169.36489105225,33.32080078125
2.6683333333333334,52.5185966491699,-1169.41994476318,33.328125
2.67,52.5353164672852,-1169.47524261475,33.32958984375
2.671666666666667,52.5520477294922,-1169.53078460693,33.328125
2.6733333333333333,52.5687789916992,-1169.58644866943,33.32080078125
2.675,52.5855293273926,-1169.64235687256,33.31494140625
2.6766666666666667,52.6022453308105,-1169.69826507568,33.310546875
2.6783333333333332,52.6189804077148,-1169.75380706787,33.30908203125
2.68,52.6357116699219,-1169.80898284912,33.30908203125
2.6816666666666666,52.6524429321289,-1169.86403656006,33.30322265625
2.683333333333333,52.6691780090332,-1169.91957855225,33.2900390625
2.685,52.6859245300293,-1169.97536468506,33.27099609375
2.6866666666666665,52.7026748657227,-1170.0313949585,33.251953125
2.6883333333333335,52.7194061279297,-1170.087059021,33.2373046875
2.69,52.7361373901367,-1170.14247894287,33.22705078125
2.691666666666667,52.752872467041,-1170.19777679443,33.21826171875
2.6933333333333334,52.769603729248,-1170.25319671631,33.21533203125
2.695,52.7863388061523,-1170.30861663818,33.216796875
2.6966666666666668,52.8030853271484,-1170.36391448975,33.21826171875
2.6983333333333333,52.8198318481445,-1170.41896820068,33.22265625
2.7,52.8365821838379,-1170.47389984131,33.22119140625
2.7016666666666667,52.8533134460449,-1170.52858734131,33.216796875
2.703333333333333,52.8700485229492,-1170.58339691162,33.2080078125
2.705,52.8867797851563,-1170.63857269287,33.2021484375
2.7066666666666666,52.9035263061523,-1170.69399261475,33.19775390625
2.7083333333333335,52.9202613830566,-1170.74941253662,33.19921875
2.71,52.9370079040527,-1170.8048324585,33.20068359375
2.7116666666666664,52.953742980957,-1170.86000823975,33.19775390625
2.7133333333333334,52.9704895019531,-1170.915184021,33.1904296875
2.715,52.9872207641602,-1170.97035980225,33.18310546875
2.716666666666667,53.0039710998535,-1171.02577972412,33.17578125
2.7183333333333333,53.0207023620605,-1171.081199646,33.17431640625
2.72,53.0374488830566,-1171.13649749756,33.1787109375
2.7216666666666667,53.05419921875,-1171.1915512085,33.1875
2.723333333333333,53.0709457397461,-1171.24636077881,33.19189453125
2.725,53.0876960754395,-1171.30104827881,33.18603515625
2.7266666666666666,53.1044578552246,-1171.3556137085,33.1728515625
2.7283333333333335,53.1212043762207,-1171.41017913818,33.15673828125
2.73,53.1379547119141,-1171.4649887085,33.14208984375
2.7316666666666665,53.1547164916992,-1171.51992034912,33.1318359375
2.7333333333333334,53.1714782714844,-1171.57509613037,33.1259765625
2.735,53.1882286071777,-1171.63076019287,33.12158203125
2.736666666666667,53.2049903869629,-1171.68691253662,33.11865234375
2.7383333333333333,53.2217674255371,-1171.74306488037,33.1171875
2.74,53.2385292053223,-1171.79933929443,33.1171875
2.7416666666666667,53.2553100585938,-1171.85536956787,33.1171875
2.743333333333333,53.272087097168,-1171.91115570068,33.1171875
2.745,53.2888641357422,-1171.96645355225,33.11572265625
2.7466666666666666,53.3056411743164,-1172.02150726318,33.111328125
2.7483333333333335,53.3224220275879,-1172.07643890381,33.10693359375
2.75,53.3391990661621,-1172.13149261475,33.1025390625
2.7516666666666665,53.3559761047363,-1172.186668396,33.1025390625
2.7533333333333334,53.3727569580078,-1172.24172210693,33.10546875
2.755,53.389518737793,-1172.29665374756,33.10986328125
2.756666666666667,53.4062957763672,-1172.3517074585,33.1142578125
2.7583333333333333,53.4230728149414,-1172.40700531006,33.1142578125
2.76,53.4398536682129,-1172.46279144287,33.11279296875
2.7616666666666667,53.4566307067871,-1172.518699646,33.1142578125
2.763333333333333,53.4734077453613,-1172.57460784912,33.1171875
2.765,53.4901695251465,-1172.630027771,33.123046875
2.7666666666666666,53.5069351196289,-1172.68508148193,33.13037109375
2.7683333333333335,53.5237121582031,-1172.73976898193,33.140625
2.77,53.5404739379883,-1172.79445648193,33.14794921875
2.7716666666666665,53.5572395324707,-1172.84889984131,33.15234375
2.7733333333333334,53.5740165710449,-1172.903465271,33.15380859375
2.775,53.5907936096191,-1172.95827484131,33.15673828125
2.776666666666667,53.6075706481934,-1173.01332855225,33.1552734375
2.7783333333333333,53.6243362426758,-1173.0685043335,33.14794921875
2.78,53.64111328125,-1173.12368011475,33.140625
2.7816666666666667,53.6578903198242,-1173.17873382568,33.13330078125
2.783333333333333,53.6746673583984,-1173.23366546631,33.13330078125
2.785,53.6914329528809,-1173.28835296631,33.134765625
2.7866666666666666,53.7082099914551,-1173.34304046631,33.1435546875
2.7883333333333336,53.7250022888184,-1173.39785003662,33.15234375
2.79,53.7417907714844,-1173.45290374756,33.15966796875
2.7916666666666665,53.7585639953613,-1173.5079574585,33.1611328125
2.7933333333333334,53.7753372192383,-1173.56337738037,33.1611328125
2.795,53.7921257019043,-1173.61879730225,33.1611328125
2.796666666666667,53.8088989257813,-1173.67433929443,33.1640625
2.7983333333333333,53.8256721496582,-1173.72988128662,33.1640625
2.8,53.8424453735352,-1173.7853012085,33.1640625
2.8016666666666667,53.8592338562012,-1173.84059906006,33.15673828125
2.8033333333333332,53.8760223388672,-1173.89601898193,33.1494140625
2.805,53.8927955627441,-1173.9513168335,33.140625
2.8066666666666666,53.9095726013184,-1174.00661468506,33.134765625
2.808333333333333,53.9263610839844,-1174.06191253662,33.134765625
2.81,53.9431190490723,-1174.1173324585,33.13623046875
2.8116666666666665,53.9599075317383,-1174.17250823975,33.1376953125
2.8133333333333335,53.9766807556152,-1174.227684021,33.140625
2.815,53.9934539794922,-1174.28273773193,33.1435546875
2.816666666666667,54.0102272033691,-1174.33815765381,33.146484375
2.8183333333333334,54.0270004272461,-1174.393699646,33.1494140625
2.82,54.043773651123,-1174.44924163818,33.15087890625
2.8216666666666668,54.0605316162109,-1174.50478363037,33.15234375
2.8233333333333333,54.0773048400879,-1174.56044769287,33.158203125
2.825,54.0940628051758,-1174.61647796631,33.16845703125
2.8266666666666667,54.1108360290527,-1174.67238616943,33.1845703125
2.828333333333333,54.1275939941406,-1174.72841644287,33.19775390625
2.83,54.1443672180176,-1174.78420257568,33.205078125
2.8316666666666666,54.1611251831055,-1174.83974456787,33.20654296875
2.8333333333333335,54.1778984069824,-1174.89492034912,33.2109375
2.835,54.1946716308594,-1174.95009613037,33.2109375
2.8366666666666664,54.2114295959473,-1175.00514984131,33.2080078125
2.8383333333333334,54.2282180786133,-1175.06032562256,33.19921875
2.84,54.2449798583984,-1175.1153793335,33.1875
2.841666666666667,54.2617530822754,-1175.17067718506,33.17431640625
2.8433333333333333,54.2785415649414,-1175.22585296631,33.1611328125
2.845,54.2952995300293,-1175.28115081787,33.15087890625
2.8466666666666667,54.3120727539063,-1175.33632659912,33.14501953125
2.848333333333333,54.3288459777832,-1175.39125823975,33.14208984375
2.85,54.3456192016602,-1175.44631195068,33.140625
2.8516666666666666,54.3624229431152,-1175.501121521,33.13623046875
2.8533333333333335,54.3792114257813,-1175.55593109131,33.1318359375
2.855,54.3959999084473,-1175.61061859131,33.1259765625
2.8566666666666665,54.4127883911133,-1175.66542816162,33.123046875
2.8583333333333334,54.4295616149902,-1175.72048187256,33.1171875
2.86,54.4463500976563,-1175.77577972412,33.1083984375
2.861666666666667,54.4631538391113,-1175.83107757568,33.0966796875
2.8633333333333333,54.4799270629883,-1175.88637542725,33.08349609375
2.865,54.4967155456543,-1175.94191741943,33.0703125
2.8666666666666667,54.5135040283203,-1175.99770355225,33.05419921875
2.868333333333333,54.5302925109863,-1176.05373382568,33.03955078125
2.87,54.5470657348633,-1176.1095199585,33.0234375
2.8716666666666666,54.5638542175293,-1176.16493988037,33.01318359375
2.8733333333333335,54.5806274414063,-1176.22011566162,33.00732421875
2.875,54.5974159240723,-1176.2755355835,33.00439453125
2.8766666666666665,54.6141891479492,-1176.33095550537,33.00146484375
2.8783333333333334,54.6309776306152,-1176.38613128662,32.9970703125
2.88,54.6477508544922,-1176.44094085693,32.98974609375
2.881666666666667,54.6645393371582,-1176.49550628662,32.98388671875
2.8833333333333333,54.6813278198242,-1176.54982757568,32.97509765625
2.885,54.6981010437012,-1176.60402679443,32.9677734375
2.8866666666666667,54.7148742675781,-1176.65859222412,32.95751953125
2.888333333333333,54.7316474914551,-1176.71340179443,32.94580078125
2.89,54.7484359741211,-1176.76845550537,32.9384765625
2.8916666666666666,54.765209197998,-1176.82363128662,32.9296875
2.8933333333333335,54.781982421875,-1176.87868499756,32.92822265625
2.895,54.798770904541,-1176.93349456787,32.9267578125
2.8966666666666665,54.8155288696289,-1176.98818206787,32.9296875
2.8983333333333334,54.8323020935059,-1177.04299163818,32.93408203125
2.9,54.8490753173828,-1177.09792327881,32.935546875
2.901666666666667,54.8658332824707,-1177.15273284912,32.93701171875
2.9033333333333333,54.8826065063477,-1177.20729827881,32.93994140625
2.905,54.8993797302246,-1177.26174163818,32.94140625
2.9066666666666667,54.9161529541016,-1177.31630706787,32.9384765625
2.908333333333333,54.9329261779785,-1177.37099456787,32.93408203125
2.91,54.9496841430664,-1177.42568206787,32.9267578125
2.9116666666666666,54.9664573669434,-1177.48036956787,32.923828125
2.9133333333333336,54.9832458496094,-1177.5353012085,32.92236328125
2.915,55.0000190734863,-1177.59035491943,32.923828125
2.9166666666666665,55.0167922973633,-1177.64528656006,32.92236328125
2.9183333333333334,55.0335540771484,-1177.70021820068,32.91943359375
2.92,55.0503273010254,-1177.75490570068,32.91650390625
2.921666666666667,55.0671005249023,-1177.80947113037,32.91357421875
2.9233333333333333,55.0838584899902,-1177.86403656006,32.91064453125
2.925,55.1006469726563,-1177.91860198975,32.91064453125
2.9266666666666667,55.1174201965332,-1177.97316741943,32.9150390625
2.9283333333333332,55.1341781616211,-1178.02761077881,32.9150390625
2.93,55.150951385498,-1178.08180999756,32.9150390625
2.9316666666666666,55.167724609375,-1178.13613128662,32.91357421875
2.933333333333333,55.1844825744629,-1178.19045257568,32.91650390625
2.935,55.2012557983398,-1178.24514007568,32.9208984375
2.9366666666666665,55.2180137634277,-1178.29982757568,32.9296875
2.9383333333333335,55.2347869873047,-1178.35475921631,32.9384765625
2.94,55.2515449523926,-1178.40993499756,32.94140625
2.941666666666667,55.2683181762695,-1178.46511077881,32.94140625
2.9433333333333334,55.2850914001465,-1178.52053070068,32.94287109375
2.945,55.3018646240234,-1178.57607269287,32.947265625
2.9466666666666668,55.3186378479004,-1178.63149261475,32.95166015625
2.9483333333333333,55.3354110717773,-1178.68679046631,32.95166015625
2.95,55.3521842956543,-1178.74221038818,32.947265625
2.9516666666666667,55.3689575195313,-1178.79763031006,32.93994140625
2.953333333333333,55.3857345581055,-1178.85317230225,32.92822265625
2.955,55.4025077819824,-1178.90847015381,32.91064453125
2.9566666666666666,55.4192810058594,-1178.96376800537,32.8916015625
2.9583333333333335,55.4360389709473,-1179.01906585693,32.87255859375
2.96,55.4528121948242,-1179.07424163818,32.85791015625
2.9616666666666664,55.4695701599121,-1179.12917327881,32.85205078125
2.9633333333333334,55.486328125,-1179.1837387085,32.85498046875
2.965,55.503101348877,-1179.23805999756,32.86376953125
2.966666666666667,55.5198440551758,-1179.29238128662,32.8740234375
2.9683333333333333,55.5366020202637,-1179.34694671631,32.8857421875
2.97,55.5533599853516,-1179.401512146,32.89599609375
2.9716666666666667,55.5701179504395,-1179.45632171631,32.90625
2.973333333333333,55.5868759155273,-1179.51125335693,32.9091796875
2.975,55.6036224365234,-1179.56667327881,32.91064453125
2.9766666666666666,55.6203956604004,-1179.62209320068,32.90625
2.9783333333333335,55.6371536254883,-1179.67763519287,32.90625
2.98,55.6539115905762,-1179.73305511475,32.90625
2.9816666666666665,55.6706848144531,-1179.78810882568,32.90625
2.9833333333333334,55.6874580383301,-1179.84304046631,32.9091796875
2.985,55.7042465209961,-1179.89797210693,32.90771484375
2.986666666666667,55.721004486084,-1179.95290374756,32.90478515625
2.9883333333333333,55.7377777099609,-1180.00771331787,32.89892578125
2.99,55.7545509338379,-1180.06227874756,32.89306640625
2.9916666666666667,55.7713088989258,-1180.11660003662,32.88427734375
2.993333333333333,55.7880821228027,-1180.17067718506,32.876953125
2.995,55.8048400878906,-1180.22438812256,32.8681640625
2.9966666666666666,55.8216133117676,-1180.27785491943,32.865234375
2.9983333333333335,55.8383712768555,-1180.33132171631,32.86669921875
3,55.8551330566406,-1180.38466644287,32.87109375
3.0016666666666665,55.8718910217285,-1180.43837738037,32.87841796875
3.0033333333333334,55.8886642456055,-1180.49257659912,32.8857421875
3.005,55.9054222106934,-1180.54738616943,32.89599609375
3.006666666666667,55.9221954345703,-1180.602684021,32.90478515625
3.0083333333333333,55.9389686584473,-1180.65810394287,32.91650390625
3.01,55.9557266235352,-1180.71364593506,32.92529296875
3.0116666666666667,55.972484588623,-1180.76894378662,32.9384765625
3.013333333333333,55.9892578125,-1180.82399749756,32.9501953125
3.015,56.0060157775879,-1180.87856292725,32.9619140625
3.0166666666666666,56.0227584838867,-1180.93300628662,32.96484375
3.0183333333333335,56.0395164489746,-1180.98732757568,32.96484375
3.02,56.0562744140625,-1181.04201507568,32.958984375
3.0216666666666665,56.0730361938477,-1181.09694671631,32.953125
3.0233333333333334,56.0897789001465,-1181.15212249756,32.953125
3.025,56.1065368652344,-1181.20754241943,32.953125
3.026666666666667,56.1232795715332,-1181.262840271,32.95166015625
3.0283333333333333,56.1400375366211,-1181.31813812256,32.947265625
3.03,56.156795501709,-1181.37306976318,32.9443359375
3.0316666666666667,56.1735534667969,-1181.4278793335,32.9443359375
3.033333333333333,56.1902961730957,-1181.4825668335,32.94873046875
3.035,56.2070541381836,-1181.53737640381,32.9560546875
3.0366666666666666,56.2238006591797,-1181.59218597412,32.970703125
3.0383333333333336,56.2405586242676,-1181.64723968506,32.98828125
3.04,56.2573165893555,-1181.70265960693,33.00732421875
3.0416666666666665,56.2740898132324,-1181.75832366943,33.02783203125
3.0433333333333334,56.2908477783203,-1181.81410980225,33.041015625
3.045,56.3076057434082,-1181.86965179443,33.046875
3.046666666666667,56.3243789672852,-1181.92507171631,33.04248046875
3.0483333333333333,56.341136932373,-1181.98012542725,33.03369140625
3.05,56.35791015625,-1182.03542327881,33.02490234375
3.0516666666666667,56.3746681213379,-1182.09072113037,33.017578125
3.0533333333333332,56.3914413452148,-1182.14638519287,33.01611328125
3.055,56.4082145690918,-1182.20217132568,33.01611328125
3.0566666666666666,56.4249877929688,-1182.25807952881,33.0205078125
3.058333333333333,56.4417610168457,-1182.31374359131,33.0234375
3.06,56.4585189819336,-1182.36916351318,33.02490234375
3.0616666666666665,56.4753074645996,-1182.42421722412,33.01904296875
3.0633333333333335,56.4920845031738,-1182.47914886475,33.0087890625
3.065,56.5088577270508,-1182.53420257568,32.994140625
3.066666666666667,56.5256309509277,-1182.58913421631,32.97802734375
3.0683333333333334,56.5423889160156,-1182.64394378662,32.96484375
3.07,56.5591621398926,-1182.69850921631,32.95166015625
3.0716666666666668,56.5759353637695,-1182.753074646,32.94140625
3.0733333333333333,56.5927238464355,-1182.80764007568,32.935546875
3.075,56.6094970703125,-1182.86232757568,32.9296875
3.0766666666666667,56.6262855529785,-1182.91701507568,32.923828125
3.078333333333333,56.6430740356445,-1182.97194671631,32.91650390625
3.08,56.6598472595215,-1183.02687835693,32.90771484375
3.0816666666666666,56.6766204833984,-1183.08193206787,32.8974609375
3.0833333333333335,56.6934089660645,-1183.13698577881,32.8857421875
3.085,56.7101821899414,-1183.19179534912,32.8740234375
3.0866666666666664,56.7269554138184,-1183.24648284912,32.86376953125
3.0883333333333334,56.7437438964844,-1183.3009262085,32.853515625
3.09,56.7605171203613,-1183.35549163818,32.84912109375
3.091666666666667,56.7772903442383,-1183.41017913818,32.84326171875
3.0933333333333333,56.7940635681152,-1183.46511077881,32.83447265625
3.095,56.8108367919922,-1183.52028656006,32.8212890625
3.0966666666666667,56.8276100158691,-1183.575340271,32.80810546875
3.098333333333333,56.8443832397461,-1183.63027191162,32.79638671875
3.1,56.861156463623,-1183.68495941162,32.79052734375
3.1016666666666666,56.8779449462891,-1183.739402771,32.7890625
3.1033333333333335,56.894718170166,-1183.79360198975,32.7890625
3.105,56.911491394043,-1183.84767913818,32.7861328125
3.1066666666666665,56.928279876709,-1183.90163421631,32.77880859375
3.1083333333333334,56.9450531005859,-1183.95571136475,32.7744140625
3.11,56.9618110656738,-1184.0099105835,32.77587890625
3.111666666666667,56.9785842895508,-1184.06410980225,32.783203125
3.1133333333333333,56.9953575134277,-1184.11818695068,32.79052734375
3.115,57.0121154785156,-1184.17250823975,32.794921875
3.1166666666666667,57.0288925170898,-1184.2267074585,32.794921875
3.118333333333333,57.0456657409668,-1184.28102874756,32.7919921875
3.12,57.0624389648438,-1184.33522796631,32.78466796875
3.1216666666666666,57.0791969299316,-1184.38954925537,32.77587890625
3.1233333333333335,57.0959548950195,-1184.44411468506,32.7626953125
3.125,57.1127281188965,-1184.49880218506,32.7509765625
3.1266666666666665,57.1294860839844,-1184.55361175537,32.7451171875
3.1283333333333334,57.1462593078613,-1184.60829925537,32.74365234375
3.13,57.1630172729492,-1184.66286468506,32.748046875
3.131666666666667,57.1797904968262,-1184.71755218506,32.75244140625
3.1333333333333333,57.1965484619141,-1184.77236175537,32.7568359375
3.135,57.213321685791,-1184.82692718506,32.759765625
3.1366666666666667,57.2300796508789,-1184.88149261475,32.759765625
3.138333333333333,57.2468376159668,-1184.93618011475,32.759765625
3.14,57.2636108398438,-1184.99111175537,32.76123046875
3.1416666666666666,57.2803573608398,-1185.04628753662,32.765625
3.1433333333333335,57.2971153259277,-1185.10158538818,32.77294921875
3.145,57.3138732910156,-1185.15663909912,32.78466796875
3.1466666666666665,57.3306159973145,-1185.21132659912,32.80078125
3.1483333333333334,57.3473739624023,-1185.2657699585,32.8154296875
3.15,57.3641166687012,-1185.32033538818,32.82568359375
3.151666666666667,57.3808746337891,-1185.37526702881,32.8330078125
3.1533333333333333,57.3976173400879,-1185.43044281006,32.8388671875
3.155,57.4143753051758,-1185.48561859131,32.84765625
3.1566666666666667,57.4311065673828,-1185.54055023193,32.8564453125
3.158333333333333,57.4478492736816,-1185.59523773193,32.87255859375
3.16,57.4645919799805,-1185.64968109131,32.888671875
3.1616666666666666,57.4813346862793,-1185.70400238037,32.90771484375
3.1633333333333336,57.4980773925781,-1185.75820159912,32.9208984375
3.165,57.514835357666,-1185.81215667725,32.93115234375
3.1666666666666665,57.5315933227539,-1185.86623382568,32.9384765625
3.1683333333333334,57.5483551025391,-1185.92055511475,32.94140625
3.17,57.5650978088379,-1185.97512054443,32.94287109375
3.171666666666667,57.5818405151367,-1186.02993011475,32.9443359375
3.1733333333333333,57.5985984802246,-1186.08486175537,32.947265625
3.175,57.6153564453125,-1186.13991546631,32.9501953125
3.1766666666666667,57.6320991516113,-1186.19509124756,32.95751953125
3.1783333333333332,57.6488571166992,-1186.25026702881,32.96630859375
3.18,57.665599822998,-1186.30532073975,32.9736328125
3.1816666666666666,57.6823234558105,-1186.36037445068,32.9765625
3.183333333333333,57.698974609375,-1186.41542816162,32.97802734375
3.185,57.7156372070313,-1186.47048187256,32.982421875
3.1866666666666665,57.7323036193848,-1186.52565765381,32.99267578125
3.1883333333333335,57.748966217041,-1186.58107757568,33.005859375
3.19,57.7656173706055,-1186.63625335693,33.0205078125
3.191666666666667,57.7822647094727,-1186.69118499756,33.029296875
3.1933333333333334,57.7989311218262,-1186.74599456787,33.0322265625
3.195,57.8155937194824,-1186.80068206787,33.02783203125
3.1966666666666668,57.8322563171387,-1186.85549163818,33.02197265625
3.1983333333333333,57.8489074707031,-1186.91054534912,33.0205078125
3.2,57.8655548095703,-1186.96608734131,33.02783203125
3.2016666666666667,57.8822212219238,-1187.02175140381,33.0439453125
3.203333333333333,57.898853302002,-1187.07753753662,33.05859375
3.205,57.9155197143555,-1187.1329574585,33.07177734375
3.2066666666666666,57.9321517944336,-1187.18837738037,33.0849609375
3.2083333333333335,57.948802947998,-1187.24367523193,33.09521484375
3.21,57.9654502868652,-1187.29872894287,33.10400390625
3.2116666666666664,57.9821014404297,-1187.35353851318,33.1083984375
3.2133333333333334,57.9987335205078,-1187.40822601318,33.1083984375
3.215,58.0153694152832,-1187.46315765381,33.10400390625
3.216666666666667,58.0320167541504,-1187.51821136475,33.10107421875
3.2183333333333333,58.0486526489258,-1187.573387146,33.09814453125
3.22,58.0652847290039,-1187.62868499756,33.09521484375
3.2216666666666667,58.0819358825684,-1187.68398284912,33.09228515625
3.223333333333333,58.0985832214355,-1187.73915863037,33.08349609375
3.225,58.1152191162109,-1187.79445648193,33.0732421875
3.2266666666666666,58.1318817138672,-1187.85012054443,33.06298828125
3.2283333333333335,58.1485328674316,-1187.90602874756,33.05126953125
3.23,58.1651802062988,-1187.96181488037,33.03369140625
3.2316666666666665,58.1818313598633,-1188.01747894287,33.0146484375
3.2333333333333334,58.1984786987305,-1188.07277679443,32.9970703125
3.235,58.2151298522949,-1188.12795257568,32.982421875
3.236666666666667,58.2317771911621,-1188.182762146,32.9765625
3.2383333333333333,58.2484397888184,-1188.237449646,32.97509765625
3.24,58.2650909423828,-1188.29225921631,32.97509765625
3.2416666666666667,58.2817535400391,-1188.34755706787,32.9736328125
3.243333333333333,58.2984199523926,-1188.40334320068,32.96923828125
3.245,58.3150825500488,-1188.45888519287,32.9619140625
3.2466666666666666,58.3317489624023,-1188.51418304443,32.95751953125
3.2483333333333335,58.3483963012695,-1188.56923675537,32.95166015625
3.25,58.3650436401367,-1188.624168396,32.94873046875
3.2516666666666665,58.3817100524902,-1188.67922210693,32.94873046875
3.2533333333333334,58.3983573913574,-1188.73415374756,32.953125
3.255,58.4150085449219,-1188.78896331787,32.96044921875
3.256666666666667,58.4316558837891,-1188.84352874756,32.96337890625
3.2583333333333333,58.4483070373535,-1188.89833831787,32.96337890625
3.26,58.4649543762207,-1188.9532699585,32.96337890625
3.2616666666666667,58.4816055297852,-1189.00820159912,32.9619140625
3.263333333333333,58.4982528686523,-1189.06301116943,32.9619140625
3.265,58.5149040222168,-1189.1173324585,32.96337890625
3.2666666666666666,58.531551361084,-1189.17153167725,32.96337890625
3.2683333333333335,58.5482025146484,-1189.225730896,32.9560546875
3.27,58.5648498535156,-1189.27993011475,32.94287109375
3.2716666666666665,58.5815010070801,-1189.33388519287,32.92822265625
3.2733333333333334,58.5981483459473,-1189.38747406006,32.912109375
3.275,58.6147994995117,-1189.44094085693,32.89599609375
3.276666666666667,58.631477355957,-1189.49452972412,32.88134765625
3.2783333333333333,58.6481399536133,-1189.54872894287,32.87109375
3.28,58.6648063659668,-1189.60341644287,32.865234375
3.2816666666666667,58.681453704834,-1189.65847015381,32.859375
3.283333333333333,58.6981201171875,-1189.71389007568,32.84912109375
3.285,58.7147827148438,-1189.76918792725,32.8330078125
3.2866666666666666,58.7314453125,-1189.8243637085,32.81689453125
3.2883333333333336,58.7481422424316,-1189.87941741943,32.80224609375
3.29,58.7648048400879,-1189.93434906006,32.7919921875
3.2916666666666665,58.7814826965332,-1189.989402771,32.783203125
3.2933333333333334,58.7981643676758,-1190.04445648193,32.77294921875
3.295,58.8148574829102,-1190.09963226318,32.76123046875
3.296666666666667,58.8315353393555,-1190.15493011475,32.74951171875
3.2983333333333333,58.8482284545898,-1190.210105896,32.7451171875
3.3,58.8649253845215,-1190.26515960693,32.7421875
3.3016666666666667,58.8816184997559,-1190.32033538818,32.7451171875
3.3033333333333332,58.8982963562012,-1190.37551116943,32.748046875
3.305,58.9149932861328,-1190.430809021,32.75390625
3.3066666666666666,58.9316711425781,-1190.48610687256,32.76416015625
3.308333333333333,58.9483489990234,-1190.54140472412,32.77294921875
3.31,58.965030670166,-1190.59645843506,32.7802734375
3.3116666666666665,58.9817237854004,-1190.65126800537,32.7890625
3.3133333333333335,58.9984016418457,-1190.70583343506,32.80078125
3.315,59.0150947570801,-1190.76015472412,32.81982421875
3.316666666666667,59.0317764282227,-1190.81410980225,32.84033203125
3.3183333333333334,59.048469543457,-1190.86806488037,32.86083984375
3.32,59.0651473999023,-1190.9220199585,32.87109375
3.3216666666666668,59.081844329834,-1190.97621917725,32.876953125
3.3233333333333333,59.0985221862793,-1191.03054046631,32.87548828125
3.325,59.1152000427246,-1191.08498382568,32.87109375
3.3266666666666667,59.1318778991699,-1191.13942718506,32.8681640625
3.328333333333333,59.1485595703125,-1191.19362640381,32.86669921875
3.33,59.1652374267578,-1191.24770355225,32.86669921875
3.3316666666666666,59.1819305419922,-1191.301902771,32.8681640625
3.3333333333333335,59.1986122131348,-1191.35610198975,32.86669921875
3.335,59.2153053283691,-1191.4103012085,32.86083984375
3.3366666666666664,59.2319984436035,-1191.46425628662,32.853515625
3.3383333333333334,59.2486801147461,-1191.51808929443,32.84326171875
3.34,59.2653732299805,-1191.57228851318,32.8330078125
3.341666666666667,59.2820510864258,-1191.62685394287,32.82275390625
3.3433333333333333,59.2987442016602,-1191.68202972412,32.81103515625
3.345,59.3154563903809,-1191.73720550537,32.7978515625
3.3466666666666667,59.3321495056152,-1191.79250335693,32.7861328125
3.348333333333333,59.3488273620605,-1191.84767913818,32.77734375
3.35,59.3655204772949,-1191.90261077881,32.771484375
3.3516666666666666,59.3822174072266,-1191.95742034912,32.7685546875
3.3533333333333335,59.3989105224609,-1192.01235198975,32.7685546875
3.355,59.4156036376953,-1192.06728363037,32.77001953125
3.3566666666666665,59.4322967529297,-1192.12245941162,32.77001953125
3.3583333333333334,59.4489784240723,-1192.17763519287,32.771484375
3.36,59.4656715393066,-1192.23293304443,32.771484375
3.361666666666667,59.4823341369629,-1192.28798675537,32.77587890625
3.3633333333333333,59.4990158081055,-1192.34316253662,32.78173828125
3.365,59.5156936645508,-1192.39809417725,32.7890625
3.3666666666666667,59.5323715209961,-1192.45314788818,32.79345703125
3.368333333333333,59.5490531921387,-1192.50820159912,32.794921875
3.37,59.565731048584,-1192.56325531006,32.7978515625
3.3716666666666666,59.5824241638184,-1192.618309021,32.80224609375
3.3733333333333335,59.5991058349609,-1192.67336273193,32.80517578125
3.375,59.6157836914063,-1192.72829437256,32.80810546875
3.3766666666666665,59.6324768066406,-1192.78285980225,32.8125
3.3783333333333334,59.6491546630859,-1192.83742523193,32.81982421875
3.38,59.6658515930176,-1192.89186859131,32.830078125
3.381666666666667,59.6825294494629,-1192.94618988037,32.8359375
3.3833333333333333,59.6992073059082,-1193.00038909912,32.8359375
3.385,59.7159042358398,-1193.05458831787,32.8271484375
3.3866666666666667,59.7325820922852,-1193.10866546631,32.818359375
3.388333333333333,59.7492599487305,-1193.16298675537,32.8095703125
3.39,59.7659683227539,-1193.21755218506,32.8037109375
3.3916666666666666,59.7826652526855,-1193.27236175537,32.80224609375
3.3933333333333335,59.7993431091309,-1193.32717132568,32.80517578125
3.395,59.8160362243652,-1193.381980896,32.80810546875
3.3966666666666665,59.8327331542969,-1193.436668396,32.81103515625
3.3983333333333334,59.8494110107422,-1193.49098968506,32.80810546875
3.4,59.8660888671875,-1193.5450668335,32.8037109375
3.401666666666667,59.8827705383301,-1193.59902191162,32.79931640625
3.4033333333333333,59.8994331359863,-1193.65334320068,32.80078125
3.405,59.9161262512207,-1193.70803070068,32.7978515625
3.4066666666666667,59.932804107666,-1193.76296234131,32.794921875
3.408333333333333,59.9494857788086,-1193.81777191162,32.78466796875
3.41,59.9661636352539,-1193.87233734131,32.771484375
3.4116666666666666,59.9828414916992,-1193.92678070068,32.75830078125
3.4133333333333336,59.9995384216309,-1193.98122406006,32.7451171875
3.415,60.0162162780762,-1194.03566741943,32.7333984375
3.4166666666666665,60.0328941345215,-1194.09011077881,32.724609375
3.4183333333333334,60.0495758056641,-1194.1446762085,32.71875
3.42,60.0662384033203,-1194.19924163818,32.71142578125
3.421666666666667,60.0829162597656,-1194.25392913818,32.70556640625
3.4233333333333333,60.0995979309082,-1194.30861663818,32.6982421875
3.425,60.1162757873535,-1194.36318206787,32.6923828125
3.4266666666666667,60.1329536437988,-1194.41762542725,32.68359375
3.4283333333333332,60.1496353149414,-1194.47206878662,32.6748046875
3.43,60.1663131713867,-1194.52663421631,32.66455078125
3.4316666666666666,60.182991027832,-1194.58132171631,32.6513671875
3.433333333333333,60.1996879577637,-1194.63613128662,32.63818359375
3.435,60.216365814209,-1194.69118499756,32.62646484375
3.4366666666666665,60.2330436706543,-1194.74636077881,32.6220703125
3.4383333333333335,60.2497253417969,-1194.80153656006,32.625
3.44,60.2664184570313,-1194.85646820068,32.6337890625
3.441666666666667,60.2830963134766,-1194.911277771,32.64404296875
3.4433333333333334,60.2997894287109,-1194.96620941162,32.6513671875
3.445,60.3164863586426,-1195.02138519287,32.65283203125
3.4466666666666668,60.3331642150879,-1195.0763168335,32.6455078125
3.4483333333333333,60.3498573303223,-1195.1310043335,32.62939453125
3.45,60.3665542602539,-1195.18520355225,32.61181640625
3.4516666666666667,60.3832626342773,-1195.23915863037,32.5986328125
3.453333333333333,60.3999404907227,-1195.2931137085,32.58984375
3.455,60.416633605957,-1195.34706878662,32.5869140625
3.4566666666666666,60.4333152770996,-1195.40114593506,32.58544921875
3.4583333333333335,60.450008392334,-1195.45534515381,32.58544921875
3.46,60.4667015075684,-1195.50942230225,32.58544921875
3.4616666666666664,60.4833793640137,-1195.56337738037,32.58251953125
3.4633333333333334,60.5000610351563,-1195.6173324585,32.5751953125
3.465,60.5167388916016,-1195.671043396,32.5634765625
3.466666666666667,60.5334167480469,-1195.7247543335,32.55322265625
3.4683333333333333,60.5500984191895,-1195.77822113037,32.5458984375
3.47,60.5667762756348,-1195.83156585693,32.54150390625
3.4716666666666667,60.5834541320801,-1195.88503265381,32.5341796875
3.473333333333333,60.6001510620117,-1195.93849945068,32.525390625
3.475,60.616813659668,-1195.99221038818,32.51806640625
3.4766666666666666,60.6334915161133,-1196.046043396,32.5107421875
3.4783333333333335,60.6501731872559,-1196.10048675537,32.50634765625
3.48,60.6668357849121,-1196.155418396,32.501953125
3.4816666666666665,60.6835136413574,-1196.21047210693,32.49609375
3.4833333333333334,60.7001953125,-1196.26540374756,32.4873046875
3.485,60.7168884277344,-1196.31996917725,32.47705078125
3.486666666666667,60.7335662841797,-1196.37441253662,32.46826171875
3.4883333333333333,60.7502632141113,-1196.42848968506,32.4609375
3.49,60.7669563293457,-1196.48207855225,32.45654296875
3.4916666666666667,60.783634185791,-1196.53542327881,32.4521484375
3.493333333333333,60.8003273010254,-1196.58889007568,32.44921875
3.495,60.817024230957,-1196.64260101318,32.4462890625
3.4966666666666666,60.8337020874023,-1196.69680023193,32.44482421875
3.4983333333333335,60.8503799438477,-1196.751121521,32.443359375
3.5,60.8670768737793,-1196.80556488037,32.443359375
3.5016666666666665,60.8837699890137,-1196.86013031006,32.4462890625
3.5033333333333334,60.900447845459,-1196.91445159912,32.44775390625
3.505,60.9171409606934,-1196.96852874756,32.44921875
3.506666666666667,60.933837890625,-1197.02223968506,32.4521484375
3.5083333333333333,60.9505462646484,-1197.07595062256,32.45361328125
3.51,60.9672241210938,-1197.12978363037,32.45947265625
3.5116666666666667,60.9839172363281,-1197.18386077881,32.4697265625
3.513333333333333,61.0006294250488,-1197.23781585693,32.4814453125
3.515,61.0173072814941,-1197.29177093506,32.4931640625
3.5166666666666666,61.0339851379395,-1197.34597015381,32.50341796875
3.5183333333333335,61.0506782531738,-1197.40041351318,32.5107421875
3.52,61.0673904418945,-1197.4552230835,32.5107421875
3.5216666666666665,61.0840835571289,-1197.51003265381,32.50341796875
3.5233333333333334,61.1007919311523,-1197.56447601318,32.49462890625
3.525,61.1174850463867,-1197.61855316162,32.48291015625
3.526666666666667,61.1341819763184,-1197.67263031006,32.4755859375
3.5283333333333333,61.1508903503418,-1197.72707366943,32.46826171875
3.53,61.1675987243652,-1197.7813949585,32.46826171875
3.5316666666666667,61.1843070983887,-1197.83571624756,32.4755859375
3.533333333333333,61.2010154724121,-1197.88954925537,32.4873046875
3.535,61.2177124023438,-1197.94326019287,32.49755859375
3.5366666666666666,61.2344207763672,-1197.99697113037,32.501953125
3.5383333333333336,61.2511291503906,-1198.05080413818,32.50048828125
3.54,61.2678375244141,-1198.10475921631,32.49755859375
3.5416666666666665,61.2845458984375,-1198.15895843506,32.49462890625
3.5433333333333334,61.3012542724609,-1198.21327972412,32.490234375
3.545,61.3179664611816,-1198.26735687256,32.48876953125
3.546666666666667,61.3346748352051,-1198.321434021,32.49169921875
3.5483333333333333,61.3513832092285,-1198.37538909912,32.49609375
3.55,61.368091583252,-1198.42922210693,32.50341796875
3.5516666666666667,61.3847999572754,-1198.48317718506,32.5078125
3.5533333333333332,61.4015083312988,-1198.53737640381,32.51220703125
3.555,61.4182205200195,-1198.59181976318,32.51513671875
3.5566666666666666,61.434928894043,-1198.64626312256,32.5166015625
3.558333333333333,61.4516525268555,-1198.70082855225,32.5107421875
3.56,61.4683609008789,-1198.75527191162,32.49755859375
3.5616666666666665,61.4850692749023,-1198.809715271,32.4814453125
3.5633333333333335,61.5017776489258,-1198.86403656006,32.46826171875
3.565,61.5184898376465,-1198.91835784912,32.4638671875
3.566666666666667,61.5351982116699,-1198.97231292725,32.466796875
3.5683333333333334,61.5519065856934,-1199.02626800537,32.4697265625
3.57,61.5685997009277,-1199.08010101318,32.4697265625
3.5716666666666668,61.5853080749512,-1199.13417816162,32.47412109375
3.5733333333333333,61.6020202636719,-1199.18837738037,32.4814453125
3.575,61.6187400817871,-1199.24269866943,32.49755859375
3.5766666666666667,61.6354522705078,-1199.2970199585,32.51513671875
3.578333333333333,61.6521682739258,-1199.35109710693,32.52978515625
3.58,61.6688690185547,-1199.40517425537,32.5400390625
3.5816666666666666,61.6855812072754,-1199.45925140381,32.54736328125
3.5833333333333335,61.7022972106934,-1199.51345062256,32.548828125
3.585,61.7190132141113,-1199.56764984131,32.54736328125
3.5866666666666664,61.735710144043,-1199.62184906006,32.5458984375
3.5883333333333334,61.7524261474609,-1199.67617034912,32.54443359375
3.59,61.7691268920898,-1199.73024749756,32.54296875
3.591666666666667,61.7858238220215,-1199.78456878662,32.5458984375
3.5933333333333333,61.8025245666504,-1199.83876800537,32.548828125
3.595,61.8192253112793,-1199.89321136475,32.5546875
3.5966666666666667,61.8359413146973,-1199.9474105835,32.5576171875
3.598333333333333,61.8526382446289,-1200.00148773193,32.56201171875
3.6,61.8693542480469,-1200.05519866943,32.560546875
3.6016666666666666,61.8860702514648,-1200.108543396,32.5546875
3.6033333333333335,61.9027671813965,-1200.16201019287,32.54443359375
3.605,61.9194679260254,-1200.21572113037,32.5341796875
3.6066666666666665,61.9361686706543,-1200.26979827881,32.525390625
3.6083333333333334,61.9528694152832,-1200.32411956787,32.52392578125
3.61,61.9695663452148,-1200.37844085693,32.5224609375
3.611666666666667,61.9862670898438,-1200.43288421631,32.52392578125
3.6133333333333333,62.0029525756836,-1200.48757171631,32.5224609375
3.615,62.0196533203125,-1200.54250335693,32.52099609375
3.6166666666666667,62.0363349914551,-1200.59767913818,32.5166015625
3.618333333333333,62.053035736084,-1200.65285491943,32.50927734375
3.62,62.0697364807129,-1200.70778656006,32.50341796875
3.6216666666666666,62.0864372253418,-1200.76247406006,32.49462890625
3.6233333333333335,62.1031341552734,-1200.81703948975,32.48876953125
3.625,62.1198348999023,-1200.87136077881,32.4873046875
3.6266666666666665,62.1365203857422,-1200.92555999756,32.490234375
3.6283333333333334,62.153205871582,-1200.97951507568,32.4931640625
3.63,62.1698913574219,-1201.03347015381,32.49462890625
3.631666666666667,62.1865882873535,-1201.08730316162,32.50048828125
3.6333333333333333,62.2032737731934,-1201.14138031006,32.50341796875
3.635,62.2199745178223,-1201.19557952881,32.5107421875
3.6366666666666667,62.2366600036621,-1201.25026702881,32.51513671875
3.638333333333333,62.253345489502,-1201.30495452881,32.5224609375
3.64,62.2700271606445,-1201.35976409912,32.53125
3.6416666666666666,62.2867431640625,-1201.4142074585,32.54150390625
3.6433333333333335,62.3034286499023,-1201.46816253662,32.5517578125
3.645,62.3201293945313,-1201.52175140381,32.55615234375
3.6466666666666665,62.3368263244629,-1201.57521820068,32.55908203125
3.6483333333333334,62.3535423278809,-1201.62880706787,32.5576171875
3.65,62.3702583312988,-1201.68264007568,32.55322265625
3.651666666666667,62.3869552612305,-1201.7364730835,32.5458984375
3.6533333333333333,62.4036560058594,-1201.79042816162,32.537109375
3.655,62.4203567504883,-1201.84438323975,32.52392578125
3.6566666666666667,62.437068939209,-1201.89846038818,32.5078125
3.658333333333333,62.4537696838379,-1201.95241546631,32.490234375
3.66,62.4704856872559,-1202.00612640381,32.47265625
3.6616666666666666,62.4871864318848,-1202.059715271,32.45947265625
3.6633333333333336,62.5038986206055,-1202.11305999756,32.44921875
3.665,62.5205993652344,-1202.16664886475,32.44189453125
3.6666666666666665,62.5373153686523,-1202.22072601318,32.4375
3.6683333333333334,62.554012298584,-1202.27516937256,32.43310546875
3.67,62.570728302002,-1202.32961273193,32.431640625
3.671666666666667,62.5874443054199,-1202.38405609131,32.431640625
3.6733333333333333,62.6041564941406,-1202.438621521,32.4345703125
3.675,62.6208877563477,-1202.49318695068,32.4375
3.6766666666666667,62.6376037597656,-1202.547996521,32.43896484375
3.6783333333333332,62.6543159484863,-1202.60280609131,32.4375
3.68,62.6710319519043,-1202.65761566162,32.4375
3.6816666666666666,62.6877479553223,-1202.71242523193,32.43603515625
3.683333333333333,62.7044448852539,-1202.76699066162,32.43896484375
3.685,62.7211608886719,-1202.82118988037,32.4462890625
3.6866666666666665,62.7378768920898,-1202.87502288818,32.455078125
3.6883333333333335,62.7545890808105,-1202.92897796631,32.46533203125
3.69,62.7713050842285,-1202.98293304443,32.47705078125
3.691666666666667,62.7880058288574,-1203.03688812256,32.484375
3.6933333333333334,62.8047180175781,-1203.09059906006,32.490234375
3.695,62.821418762207,-1203.14430999756,32.49169921875
3.6966666666666668,62.838134765625,-1203.19789886475,32.49169921875
3.6983333333333333,62.854850769043,-1203.25148773193,32.48583984375
3.7,62.8715476989746,-1203.30519866943,32.4814453125
3.7016666666666667,62.8882637023926,-1203.35890960693,32.4814453125
3.703333333333333,62.9049644470215,-1203.41274261475,32.484375
3.705,62.9216766357422,-1203.46657562256,32.4931640625
3.7066666666666666,62.9383926391602,-1203.52053070068,32.501953125
3.7083333333333335,62.9550933837891,-1203.57448577881,32.501953125
3.71,62.9718055725098,-1203.62831878662,32.49755859375
3.7116666666666664,62.9884910583496,-1203.68215179443,32.49169921875
3.7133333333333334,63.0052070617676,-1203.73610687256,32.4873046875
3.715,63.0219230651855,-1203.790184021,32.48291015625
3.716666666666667,63.0386352539063,-1203.84450531006,32.47998046875
3.7183333333333333,63.0553359985352,-1203.89882659912,32.47265625
3.72,63.0720672607422,-1203.95339202881,32.4638671875
3.7216666666666667,63.0887641906738,-1204.00807952881,32.455078125
3.723333333333333,63.1054954528809,-1204.06276702881,32.4462890625
3.725,63.1221961975098,-1204.11745452881,32.43896484375
3.7266666666666666,63.1388931274414,-1204.1720199585,32.4375
3.7283333333333335,63.1556091308594,-1204.22634124756,32.44189453125
3.73,63.1723098754883,-1204.28066253662,32.44775390625
3.7316666666666665,63.189022064209,-1204.33522796631,32.4580078125
3.7333333333333334,63.2057228088379,-1204.38967132568,32.47265625
3.735,63.2224388122559,-1204.44399261475,32.49169921875
3.736666666666667,63.2391510009766,-1204.49806976318,32.5078125
3.7383333333333333,63.2558670043945,-1204.55202484131,32.52099609375
3.74,63.2725982666016,-1204.6056137085,32.52978515625
3.7416666666666667,63.2893104553223,-1204.65920257568,32.53564453125
3.743333333333333,63.3060417175293,-1204.71291351318,32.54150390625
3.745,63.3227577209473,-1204.766746521,32.5458984375
3.7466666666666666,63.339469909668,-1204.82082366943,32.54443359375
3.7483333333333335,63.3561859130859,-1204.8751449585,32.53857421875
3.75,63.372917175293,-1204.92922210693,32.52978515625
3.7516666666666665,63.3896293640137,-1204.98329925537,32.51953125
3.7533333333333334,63.4063453674316,-1205.0372543335,32.51220703125
3.755,63.4230613708496,-1205.09133148193,32.50341796875
3.756666666666667,63.4397735595703,-1205.14553070068,32.49462890625
3.7583333333333333,63.4564895629883,-1205.19985198975,32.48583984375
3.76,63.4732055664063,-1205.2540512085,32.47705078125
3.7616666666666667,63.489933013916,-1205.30812835693,32.4697265625
3.763333333333333,63.506649017334,-1205.36220550537,32.4609375
3.765,63.5233612060547,-1205.41628265381,32.455078125
3.7666666666666666,63.5400772094727,-1205.47023773193,32.4521484375
3.7683333333333335,63.5568084716797,-1205.52431488037,32.44775390625
3.77,63.5735359191895,-1205.57851409912,32.4462890625
3.7716666666666665,63.5902671813965,-1205.6329574585,32.44482421875
3.7733333333333334,63.6069946289063,-1205.68776702881,32.44189453125
3.775,63.6237258911133,-1205.74294281006,32.44189453125
3.776666666666667,63.6404571533203,-1205.79824066162,32.44189453125
3.7783333333333333,63.6571846008301,-1205.85329437256,32.4462890625
3.78,63.6739158630371,-1205.90798187256,32.45654296875
3.7816666666666667,63.6906433105469,-1205.96230316162,32.47412109375
3.783333333333333,63.707389831543,-1206.01650238037,32.48583984375
3.785,63.72412109375,-1206.07070159912,32.49169921875
3.7866666666666666,63.7408485412598,-1206.12490081787,32.4931640625
3.7883333333333336,63.7575798034668,-1206.17861175537,32.49169921875
3.79,63.7743072509766,-1206.23207855225,32.4873046875
3.7916666666666665,63.7910232543945,-1206.2853012085,32.48876953125
3.7933333333333334,63.8077545166016,-1206.33827972412,32.4931640625
3.795,63.8244819641113,-1206.39150238037,32.501953125
3.796666666666667,63.8412132263184,-1206.44472503662,32.51220703125
3.7983333333333333,63.8579406738281,-1206.49806976318,32.51953125
3.8,63.8746871948242,-1206.55165863037,32.52392578125
3.8016666666666667,63.891414642334,-1206.60524749756,32.52685546875
3.8033333333333332,63.9081611633301,-1206.65920257568,32.52978515625
3.805,63.9248924255371,-1206.71315765381,32.53271484375
3.8066666666666666,63.9416198730469,-1206.76735687256,32.53271484375
3.808333333333333,63.9583511352539,-1206.82180023193,32.52978515625
3.81,63.9750938415527,-1206.87599945068,32.525390625
3.8116666666666665,63.9918403625488,-1206.93019866943,32.52099609375
3.8133333333333335,64.0085678100586,-1206.98439788818,32.51513671875
3.815,64.0252990722656,-1207.03871917725,32.5078125
3.816666666666667,64.0420379638672,-1207.09316253662,32.49609375
3.8183333333333334,64.0587692260742,-1207.14748382568,32.48291015625
3.82,64.0755004882813,-1207.20192718506,32.47705078125
3.8216666666666668,64.0922470092773,-1207.25673675537,32.4755859375
3.8233333333333333,64.1089630126953,-1207.31179046631,32.47998046875
3.825,64.1256866455078,-1207.366355896,32.48291015625
3.8266666666666667,64.1424179077148,-1207.42055511475,32.484375
3.828333333333333,64.1591491699219,-1207.47451019287,32.48291015625
3.83,64.1758804321289,-1207.528465271,32.4873046875
3.8316666666666666,64.1926116943359,-1207.58242034912,32.49609375
3.8333333333333335,64.2093353271484,-1207.63661956787,32.51220703125
3.835,64.2260665893555,-1207.69106292725,32.53271484375
3.8366666666666664,64.2427978515625,-1207.74575042725,32.54736328125
3.8383333333333334,64.2595291137695,-1207.80068206787,32.560546875
3.84,64.2762756347656,-1207.85549163818,32.572265625
3.841666666666667,64.2929992675781,-1207.91017913818,32.5869140625
3.8433333333333333,64.3097305297852,-1207.96462249756,32.6044921875
3.845,64.3264465332031,-1208.01894378662,32.62060546875
3.8466666666666667,64.3431777954102,-1208.07326507568,32.63525390625
3.848333333333333,64.3599090576172,-1208.12734222412,32.642578125
3.85,64.3766326904297,-1208.18105316162,32.642578125
3.8516666666666666,64.3933792114258,-1208.23476409912,32.6455078125
3.8533333333333335,64.4101104736328,-1208.28859710693,32.64990234375
3.855,64.4268417358398,-1208.34255218506,32.6572265625
3.8566666666666665,64.4435577392578,-1208.39675140381,32.66455078125
3.8583333333333334,64.4602813720703,-1208.45095062256,32.66748046875
3.86,64.4769973754883,-1208.50514984131,32.671875
3.861666666666667,64.4937286376953,-1208.559715271,32.67333984375
3.8633333333333333,64.5104598999023,-1208.61428070068,32.6689453125
3.865,64.5271911621094,-1208.66896820068,32.66162109375
3.8666666666666667,64.5439300537109,-1208.72341156006,32.66015625
3.868333333333333,64.560661315918,-1208.77773284912,32.66162109375
3.87,64.577392578125,-1208.83180999756,32.6689453125
3.8716666666666666,64.594123840332,-1208.885887146,32.67919921875
3.8733333333333335,64.6108627319336,-1208.94008636475,32.6923828125
3.875,64.6276092529297,-1208.99465179443,32.701171875
3.8766666666666665,64.6443710327148,-1209.04933929443,32.7041015625
3.8783333333333334,64.6611175537109,-1209.10378265381,32.701171875
3.88,64.677848815918,-1209.15810394287,32.69384765625
3.881666666666667,64.6946029663086,-1209.21242523193,32.689453125
3.8833333333333333,64.7113494873047,-1209.26723480225,32.6865234375
3.885,64.7281112670898,-1209.32228851318,32.6865234375
3.8866666666666667,64.7448501586914,-1209.37758636475,32.6865234375
3.888333333333333,64.7615966796875,-1209.432762146,32.6865234375
3.89,64.7783432006836,-1209.48757171631,32.69091796875
3.8916666666666666,64.7950897216797,-1209.54201507568,32.7041015625
3.8933333333333335,64.8118362426758,-1209.59645843506,32.71728515625
3.895,64.8285903930664,-1209.65102386475,32.72607421875
3.8966666666666665,64.8453369140625,-1209.70583343506,32.73046875
3.8983333333333334,64.8620986938477,-1209.76076507568,32.72900390625
3.9,64.8788375854492,-1209.81545257568,32.72607421875
3.901666666666667,64.8955993652344,-1209.87014007568,32.72314453125
3.9033333333333333,64.9123458862305,-1209.92470550537,32.7158203125
3.905,64.9291076660156,-1209.97914886475,32.70703125
3.9066666666666667,64.9458465576172,-1210.03359222412,32.69970703125
3.908333333333333,64.9625930786133,-1210.0880355835,32.69384765625
3.91,64.9793395996094,-1210.14235687256,32.689453125
3.9116666666666666,64.9960861206055,-1210.19692230225,32.6865234375
3.9133333333333336,65.012825012207,-1210.25173187256,32.6806640625
3.915,65.0295715332031,-1210.3067855835,32.671875
3.9166666666666665,65.0463180541992,-1210.36171722412,32.6572265625
3.9183333333333334,65.0630645751953,-1210.41640472412,32.642578125
3.92,65.0798110961914,-1210.4708480835,32.63671875
3.921666666666667,65.0965347290039,-1210.52516937256,32.63818359375
3.9233333333333333,65.11328125,-1210.57961273193,32.642578125
3.925,65.130012512207,-1210.63405609131,32.64404296875
3.9266666666666667,65.1467590332031,-1210.68849945068,32.6396484375
3.9283333333333332,65.1634826660156,-1210.74282073975,32.6279296875
3.93,65.1802291870117,-1210.79714202881,32.61474609375
3.9316666666666666,65.1969604492188,-1210.85158538818,32.60302734375
3.933333333333333,65.2136917114258,-1210.9063949585,32.59716796875
3.935,65.2304382324219,-1210.96120452881,32.59130859375
3.9366666666666665,65.2471618652344,-1211.0157699585,32.583984375
3.9383333333333335,65.2638931274414,-1211.07009124756,32.57373046875
3.94,65.2806396484375,-1211.124168396,32.55908203125
3.941666666666667,65.2973709106445,-1211.17812347412,32.54443359375
3.9433333333333334,65.3141098022461,-1211.23207855225,32.53125
3.945,65.3308563232422,-1211.28603363037,32.51953125
3.9466666666666668,65.3475723266602,-1211.33986663818,32.5107421875
3.9483333333333333,65.3643035888672,-1211.39394378662,32.5048828125
3.95,65.3810348510742,-1211.44789886475,32.50341796875
3.9516666666666667,65.3977584838867,-1211.50185394287,32.50634765625
3.953333333333333,65.4144897460938,-1211.55568695068,32.5078125
3.955,65.4312210083008,-1211.60927581787,32.5078125
3.9566666666666666,65.4479370117188,-1211.66274261475,32.5078125
3.9583333333333335,65.4646682739258,-1211.71608734131,32.5107421875
3.96,65.4813919067383,-1211.76955413818,32.51953125
3.9616666666666664,65.4981079101563,-1211.82350921631,32.52978515625
3.9633333333333334,65.5148391723633,-1211.87795257568,32.53564453125
3.965,65.5315856933594,-1211.93264007568,32.5341796875
3.966666666666667,65.5482940673828,-1211.98757171631,32.53125
3.9683333333333333,65.5650100708008,-1212.04225921631,32.52685546875
3.97,65.5817184448242,-1212.09658050537,32.52392578125
3.9716666666666667,65.5984344482422,-1212.15065765381,32.52392578125
3.973333333333333,65.6151428222656,-1212.20449066162,32.52392578125
3.975,65.6318511962891,-1212.25844573975,32.51953125
3.9766666666666666,65.6485824584961,-1212.31240081787,32.5166015625
3.9783333333333335,65.6652908325195,-1212.366355896,32.51513671875
3.98,65.6819915771484,-1212.42031097412,32.5166015625
3.9816666666666665,65.6986999511719,-1212.47402191162,32.51513671875
3.9833333333333334,65.7154159545898,-1212.5274887085,32.51513671875
3.985,65.7321395874023,-1212.58107757568,32.5166015625
3.986666666666667,65.7488403320313,-1212.63466644287,32.52099609375
3.9883333333333333,65.7655639648438,-1212.68837738037,32.52392578125
3.99,65.7822799682617,-1212.7423324585,32.5224609375
3.9916666666666667,65.7989883422852,-1212.79665374756,32.52099609375
3.993333333333333,65.8157119750977,-1212.85121917725,32.51953125
3.995,65.8324279785156,-1212.90590667725,32.5224609375
3.9966666666666666,65.8491363525391,-1212.96071624756,32.52978515625
3.9983333333333335,65.8658676147461,-1213.0157699585,32.5400390625
4,65.8825759887695,-1213.07094573975,32.5517578125
4.001666666666667,65.8993072509766,-1213.12636566162,32.56201171875
4.003333333333333,65.9160308837891,-1213.18166351318,32.56640625
4.005,65.932746887207,-1213.2364730835,32.56640625
4.006666666666667,65.9494705200195,-1213.29079437256,32.56494140625
4.008333333333334,65.966194152832,-1213.34499359131,32.560546875
4.01,65.98291015625,-1213.39907073975,32.5576171875
4.011666666666667,65.9996337890625,-1213.45314788818,32.5546875
4.013333333333334,66.0163650512695,-1213.50746917725,32.55322265625
4.015,66.0331039428711,-1213.56191253662,32.5517578125
4.016666666666667,66.0498199462891,-1213.616355896,32.548828125
4.0183333333333335,66.0665435791016,-1213.67092132568,32.5458984375
4.02,66.0832824707031,-1213.72536468506,32.54443359375
4.0216666666666665,66.1000137329102,-1213.77980804443,32.54443359375
4.023333333333333,66.1167221069336,-1213.83376312256,32.54736328125
4.025,66.1334686279297,-1213.88771820068,32.55322265625
4.026666666666666,66.1501922607422,-1213.94179534912,32.55615234375
4.028333333333333,66.1669235229492,-1213.99611663818,32.55615234375
4.03,66.1836471557617,-1214.05019378662,32.55322265625
4.031666666666666,66.2003860473633,-1214.10414886475,32.5517578125
4.033333333333333,66.2171173095703,-1214.15798187256,32.54736328125
4.035,66.2338409423828,-1214.21181488037,32.54296875
4.036666666666667,66.2505722045898,-1214.26589202881,32.537109375
4.038333333333333,66.2672958374023,-1214.32009124756,32.525390625
4.04,66.2840194702148,-1214.37441253662,32.5107421875
4.041666666666667,66.3007507324219,-1214.42873382568,32.4931640625
4.043333333333333,66.3174743652344,-1214.48305511475,32.47265625
4.045,66.3342056274414,-1214.53737640381,32.45654296875
4.046666666666667,66.3509292602539,-1214.59181976318,32.44775390625
4.048333333333333,66.3676605224609,-1214.64638519287,32.4462890625
4.05,66.3843688964844,-1214.70095062256,32.4462890625
4.051666666666667,66.4010925292969,-1214.75539398193,32.443359375
4.053333333333334,66.4178085327148,-1214.80947113037,32.43603515625
4.055,66.4345321655273,-1214.8634262085,32.42431640625
4.056666666666667,66.4512634277344,-1214.917137146,32.4111328125
4.058333333333334,66.4679870605469,-1214.9708480835,32.3994140625
4.06,66.4846878051758,-1215.024559021,32.3876953125
4.0616666666666665,66.5014114379883,-1215.07839202881,32.37890625
4.0633333333333335,66.5181274414063,-1215.13234710693,32.37451171875
4.065,66.5348510742188,-1215.18630218506,32.37890625
4.066666666666666,66.5515594482422,-1215.24025726318,32.38623046875
4.068333333333333,66.5682907104492,-1215.294090271,32.39208984375
4.07,66.5849990844727,-1215.34767913818,32.396484375
4.071666666666666,66.6017150878906,-1215.40114593506,32.40234375
4.073333333333333,66.6184234619141,-1215.45497894287,32.4111328125
4.075,66.6351547241211,-1215.508934021,32.42431640625
4.076666666666667,66.6518783569336,-1215.56313323975,32.44189453125
4.078333333333333,66.6685943603516,-1215.6173324585,32.45947265625
4.08,66.6853179931641,-1215.67116546631,32.4755859375
4.081666666666667,66.7020263671875,-1215.72499847412,32.4873046875
4.083333333333333,66.7187423706055,-1215.77870941162,32.49462890625
4.085,66.735466003418,-1215.83242034912,32.49609375
4.086666666666667,66.7521820068359,-1215.88637542725,32.49462890625
4.088333333333333,66.7688903808594,-1215.94045257568,32.49169921875
4.09,66.7856216430664,-1215.99465179443,32.490234375
4.091666666666667,66.8023300170898,-1216.04885101318,32.4931640625
4.093333333333334,66.8190460205078,-1216.102684021,32.49755859375
4.095,66.8357543945313,-1216.15615081787,32.50927734375
4.096666666666667,66.8524780273438,-1216.20949554443,32.51806640625
4.098333333333334,66.8692092895508,-1216.262840271,32.52392578125
4.1,66.8859176635742,-1216.31630706787,32.52685546875
4.101666666666667,66.9026336669922,-1216.36989593506,32.5283203125
4.1033333333333335,66.9193725585938,-1216.42360687256,32.5283203125
4.105,66.9360885620117,-1216.477684021,32.5283203125
4.1066666666666665,66.9528121948242,-1216.53200531006,32.53125
4.108333333333333,66.9695434570313,-1216.58657073975,32.53564453125
4.11,66.9862365722656,-1216.64113616943,32.54443359375
4.111666666666666,67.0029449462891,-1216.69582366943,32.5546875
4.113333333333333,67.0196762084961,-1216.75038909912,32.56494140625
4.115,67.0363845825195,-1216.80507659912,32.5693359375
4.116666666666666,67.0531158447266,-1216.86000823975,32.572265625
4.118333333333333,67.06982421875,-1216.91530609131,32.5693359375
4.12,67.086540222168,-1216.9708480835,32.56494140625
4.121666666666667,67.1032638549805,-1217.02639007568,32.56201171875
4.123333333333333,67.1199951171875,-1217.08168792725,32.55908203125
4.125,67.13671875,-1217.13661956787,32.5634765625
4.126666666666667,67.1534576416016,-1217.19106292725,32.57080078125
4.128333333333333,67.1701889038086,-1217.245262146,32.578125
4.13,67.1869125366211,-1217.29946136475,32.58251953125
4.131666666666667,67.2036437988281,-1217.35390472412,32.583984375
4.133333333333334,67.2203521728516,-1217.40871429443,32.583984375
4.135,67.2370834350586,-1217.46352386475,32.58837890625
4.136666666666667,67.2538223266602,-1217.51857757568,32.59423828125
4.138333333333334,67.2705612182617,-1217.57326507568,32.5986328125
4.14,67.2873077392578,-1217.62746429443,32.60009765625
4.141666666666667,67.3040313720703,-1217.68141937256,32.60302734375
4.1433333333333335,67.3207702636719,-1217.73525238037,32.60595703125
4.145,67.337516784668,-1217.78908538818,32.60888671875
4.1466666666666665,67.3542709350586,-1217.84304046631,32.607421875
4.148333333333333,67.3710021972656,-1217.89723968506,32.6044921875
4.15,67.3877258300781,-1217.95156097412,32.5986328125
4.151666666666666,67.4044647216797,-1218.00612640381,32.59423828125
4.153333333333333,67.4211959838867,-1218.06056976318,32.58984375
4.155,67.4379348754883,-1218.11489105225,32.58984375
4.156666666666666,67.4546813964844,-1218.169090271,32.58984375
4.158333333333333,67.4714050292969,-1218.22328948975,32.58837890625
4.16,67.4881210327148,-1218.27724456787,32.58251953125
4.161666666666667,67.5048446655273,-1218.33107757568,32.57080078125
4.163333333333333,67.5215530395508,-1218.38466644287,32.5576171875
4.165,67.5382843017578,-1218.43825531006,32.5458984375
4.166666666666667,67.5550079345703,-1218.4923324585,32.5341796875
4.168333333333333,67.5717391967773,-1218.54665374756,32.5283203125
4.17,67.5884628295898,-1218.60121917725,32.5283203125
4.171666666666667,67.6051940917969,-1218.65566253662,32.53271484375
4.173333333333333,67.6219177246094,-1218.70998382568,32.537109375
4.175,67.6386413574219,-1218.76418304443,32.537109375
4.176666666666667,67.655387878418,-1218.81838226318,32.53564453125
4.178333333333334,67.6721115112305,-1218.87233734131,32.52685546875
4.18,67.6888580322266,-1218.92604827881,32.51953125
4.181666666666667,67.7055816650391,-1218.97951507568,32.51513671875
4.183333333333334,67.7223052978516,-1219.03322601318,32.51220703125
4.185,67.7390365600586,-1219.087059021,32.5078125
4.1866666666666665,67.7557601928711,-1219.14101409912,32.50048828125
4.1883333333333335,67.7724914550781,-1219.19496917725,32.48876953125
4.19,67.7892150878906,-1219.24904632568,32.4755859375
4.191666666666666,67.8059539794922,-1219.30312347412,32.46240234375
4.193333333333333,67.8226852416992,-1219.35732269287,32.44921875
4.195,67.8394088745117,-1219.41164398193,32.44189453125
4.196666666666666,67.8561553955078,-1219.46620941162,32.4375
4.198333333333333,67.8728790283203,-1219.52089691162,32.4375
4.2,67.8896102905273,-1219.57570648193,32.43603515625
4.201666666666667,67.9063491821289,-1219.63051605225,32.4375
4.203333333333333,67.9230880737305,-1219.68508148193,32.4375
4.205,67.9398345947266,-1219.73952484131,32.43896484375
4.206666666666667,67.9565734863281,-1219.79384613037,32.443359375
4.208333333333333,67.9733047485352,-1219.8478012085,32.44482421875
4.21,67.9900436401367,-1219.90175628662,32.44189453125
4.211666666666667,68.0067825317383,-1219.95595550537,32.43310546875
4.213333333333333,68.0235137939453,-1220.01052093506,32.42138671875
4.215,68.0402526855469,-1220.06533050537,32.41259765625
4.216666666666667,68.0569839477539,-1220.12014007568,32.4052734375
4.218333333333334,68.0737228393555,-1220.17482757568,32.3994140625
4.22,68.090461730957,-1220.22914886475,32.39501953125
4.221666666666667,68.1072082519531,-1220.28322601318,32.39501953125
4.223333333333334,68.1239318847656,-1220.337059021,32.40380859375
4.225,68.1406784057617,-1220.3907699585,32.41259765625
4.226666666666667,68.1574020385742,-1220.44423675537,32.42138671875
4.2283333333333335,68.1741561889648,-1220.49745941162,32.4287109375
4.23,68.1908874511719,-1220.55043792725,32.4345703125
4.2316666666666665,68.2076263427734,-1220.60353851318,32.43896484375
4.233333333333333,68.224365234375,-1220.65676116943,32.44189453125
4.235,68.2411117553711,-1220.71022796631,32.44482421875
4.236666666666666,68.2578659057617,-1220.76406097412,32.44482421875
4.238333333333333,68.2746124267578,-1220.81801605225,32.4404296875
4.24,68.2913665771484,-1220.872215271,32.43017578125
4.241666666666666,68.3080902099609,-1220.92629241943,32.41552734375
4.243333333333333,68.324836730957,-1220.98036956787,32.39794921875
4.245,68.3415756225586,-1221.03420257568,32.3818359375
4.246666666666667,68.3583297729492,-1221.08791351318,32.3671875
4.248333333333333,68.3750915527344,-1221.14186859131,32.3583984375
4.25,68.3918304443359,-1221.19606781006,32.35546875
4.251666666666667,68.408576965332,-1221.2501449585,32.3525390625
4.253333333333333,68.4253158569336,-1221.30397796631,32.34521484375
4.255,68.4420700073242,-1221.35744476318,32.33056640625
4.256666666666667,68.4588165283203,-1221.41103363037,32.31298828125
4.258333333333334,68.4755706787109,-1221.46462249756,32.296875
4.26,68.4923095703125,-1221.51833343506,32.28369140625
4.261666666666667,68.5090560913086,-1221.57192230225,32.27490234375
4.263333333333334,68.5258102416992,-1221.62563323975,32.26904296875
4.265,68.5425720214844,-1221.6798324585,32.2705078125
4.266666666666667,68.5593109130859,-1221.73427581787,32.27490234375
4.2683333333333335,68.5760345458984,-1221.78884124756,32.28515625
4.27,68.5927963256836,-1221.84340667725,32.29833984375
4.2716666666666665,68.6095504760742,-1221.89785003662,32.31298828125
4.273333333333333,68.6262893676758,-1221.952293396,32.3291015625
4.275,68.6430511474609,-1222.00661468506,32.34521484375
4.276666666666666,68.6598052978516,-1222.06105804443,32.35986328125
4.278333333333333,68.6765518188477,-1222.1153793335,32.36865234375
4.28,68.6932907104492,-1222.16957855225,32.3759765625
4.281666666666666,68.7100448608398,-1222.22341156006,32.37890625
4.283333333333333,68.726806640625,-1222.27700042725,32.384765625
4.285,68.7435455322266,-1222.33034515381,32.390625
4.286666666666667,68.7602844238281,-1222.38356781006,32.39794921875
4.288333333333333,68.7770309448242,-1222.43679046631,32.408203125
4.29,68.7937698364258,-1222.4903793335,32.4169921875
4.291666666666667,68.8105163574219,-1222.544090271,32.4228515625
4.293333333333333,68.8272552490234,-1222.5978012085,32.42724609375
4.295,68.843994140625,-1222.65139007568,32.43017578125
4.296666666666667,68.8607406616211,-1222.70473480225,32.43603515625
4.298333333333333,68.8774948120117,-1222.75807952881,32.4404296875
4.3,68.8942337036133,-1222.81154632568,32.44482421875
4.301666666666667,68.9109802246094,-1222.86513519287,32.44775390625
4.303333333333334,68.927734375,-1222.91872406006,32.45361328125
4.305,68.9444808959961,-1222.97231292725,32.455078125
4.306666666666667,68.9612197875977,-1223.02626800537,32.45068359375
4.308333333333334,68.9779739379883,-1223.08034515381,32.44189453125
4.31,68.9947357177734,-1223.13466644287,32.431640625
4.3116666666666665,69.011474609375,-1223.18898773193,32.4169921875
4.3133333333333335,69.0282135009766,-1223.24318695068,32.39794921875
4.315,69.0449752807617,-1223.29763031006,32.37451171875
4.316666666666666,69.0617294311523,-1223.35219573975,32.3525390625
4.318333333333333,69.078483581543,-1223.40688323975,32.33056640625
4.32,69.0952301025391,-1223.46144866943,32.31298828125
4.321666666666666,69.1119689941406,-1223.51601409912,32.29833984375
4.323333333333333,69.1287307739258,-1223.5704574585,32.28955078125
4.325,69.1454696655273,-1223.62502288818,32.28515625
4.326666666666667,69.162223815918,-1223.67958831787,32.28515625
4.328333333333333,69.1789855957031,-1223.73403167725,32.2880859375
4.33,69.1957397460938,-1223.78859710693,32.29248046875
4.331666666666667,69.2124938964844,-1223.84328460693,32.2939453125
4.333333333333333,69.2292556762695,-1223.89797210693,32.2939453125
4.335,69.2460098266602,-1223.95241546631,32.29541015625
4.336666666666667,69.2627639770508,-1224.00649261475,32.296875
4.338333333333333,69.2795257568359,-1224.06044769287,32.30126953125
4.34,69.2962799072266,-1224.114402771,32.30712890625
4.341666666666667,69.3130264282227,-1224.16835784912,32.3173828125
4.343333333333334,69.3297805786133,-1224.22231292725,32.33056640625
4.345,69.3465347290039,-1224.27639007568,32.3466796875
4.346666666666667,69.3632965087891,-1224.3302230835,32.36572265625
4.348333333333334,69.3800354003906,-1224.38405609131,32.37890625
4.35,69.3967742919922,-1224.43776702881,32.38916015625
4.351666666666667,69.4135360717773,-1224.49147796631,32.39208984375
4.3533333333333335,69.430290222168,-1224.54482269287,32.3935546875
4.355,69.4470138549805,-1224.59767913818,32.39501953125
4.3566666666666665,69.4637603759766,-1224.65016937256,32.39501953125
4.358333333333333,69.4805145263672,-1224.70265960693,32.396484375
4.36,69.4972457885742,-1224.75527191162,32.39794921875
4.361666666666666,69.5139846801758,-1224.80812835693,32.3994140625
4.363333333333333,69.5307235717773,-1224.86110687256,32.396484375
4.365,69.5474548339844,-1224.9142074585,32.38916015625
4.366666666666666,69.5641784667969,-1224.96743011475,32.3759765625
4.368333333333333,69.580924987793,-1225.02077484131,32.36279296875
4.37,69.5976486206055,-1225.07424163818,32.34814453125
4.371666666666667,69.614387512207,-1225.12783050537,32.33056640625
4.373333333333333,69.6311340332031,-1225.18154144287,32.31298828125
4.375,69.6478729248047,-1225.23525238037,32.296875
4.376666666666667,69.6646194458008,-1225.28908538818,32.28515625
4.378333333333333,69.6813583374023,-1225.34279632568,32.279296875
4.38,69.6980972290039,-1225.39650726318,32.2705078125
4.381666666666667,69.7148590087891,-1225.450340271,32.26025390625
4.383333333333334,69.7315826416016,-1225.50466156006,32.24560546875
4.385,69.7483291625977,-1225.55934906006,32.2294921875
4.386666666666667,69.7650680541992,-1225.61428070068,32.21044921875
4.388333333333334,69.7818069458008,-1225.66945648193,32.1943359375
4.39,69.7985534667969,-1225.72451019287,32.1796875
4.391666666666667,69.8152923583984,-1225.7794418335,32.16650390625
4.3933333333333335,69.83203125,-1225.83400726318,32.1533203125
4.395,69.848762512207,-1225.88845062256,32.14599609375
4.3966666666666665,69.8655014038086,-1225.94277191162,32.14453125
4.398333333333333,69.8822326660156,-1225.997215271,32.14892578125
4.4,69.8989715576172,-1226.051902771,32.15478515625
4.401666666666666,69.9156875610352,-1226.10671234131,32.1591796875
4.403333333333333,69.9324264526367,-1226.16139984131,32.16064453125
4.405,69.9491653442383,-1226.21572113037,32.16357421875
4.406666666666666,69.9658966064453,-1226.26955413818,32.16796875
4.408333333333333,69.9826354980469,-1226.32302093506,32.173828125
4.41,69.9993743896484,-1226.37648773193,32.18115234375
4.411666666666667,70.0161209106445,-1226.42971038818,32.19140625
4.413333333333333,70.0328598022461,-1226.48281097412,32.203125
4.415,70.0496063232422,-1226.53603363037,32.2119140625
4.416666666666667,70.0663604736328,-1226.58937835693,32.21484375
4.418333333333333,70.0830841064453,-1226.64284515381,32.2119140625
4.42,70.0998306274414,-1226.696434021,32.208984375
4.421666666666667,70.116569519043,-1226.74965667725,32.208984375
4.423333333333333,70.1333160400391,-1226.80275726318,32.21337890625
4.425,70.1500549316406,-1226.85549163818,32.21630859375
4.426666666666667,70.1668090820313,-1226.90810394287,32.21923828125
4.428333333333334,70.1835556030273,-1226.96059417725,32.21923828125
4.43,70.2002944946289,-1227.01308441162,32.21044921875
4.431666666666667,70.2170333862305,-1227.06569671631,32.19873046875
4.433333333333334,70.2337799072266,-1227.118309021,32.18408203125
4.435,70.2505187988281,-1227.17092132568,32.1708984375
4.4366666666666665,70.2672805786133,-1227.22365570068,32.15771484375
4.4383333333333335,70.2840194702148,-1227.27639007568,32.14599609375
4.44,70.3007736206055,-1227.329246521,32.13134765625
4.441666666666666,70.3175354003906,-1227.38222503662,32.11376953125
4.443333333333333,70.3342895507813,-1227.43520355225,32.09619140625
4.445,70.3510437011719,-1227.48818206787,32.080078125
4.446666666666666,70.367790222168,-1227.54140472412,32.0712890625
4.448333333333333,70.3845443725586,-1227.594871521,32.07421875
4.45,70.4012985229492,-1227.6485824585,32.0859375
4.451666666666667,70.4180603027344,-1227.70253753662,32.09619140625
4.453333333333333,70.434814453125,-1227.75685882568,32.10498046875
4.455,70.4515838623047,-1227.81142425537,32.109375
4.456666666666667,70.4683456420898,-1227.86586761475,32.10791015625
4.458333333333333,70.4850997924805,-1227.91982269287,32.103515625
4.46,70.5018692016602,-1227.97341156006,32.09912109375
4.461666666666667,70.5186157226563,-1228.02687835693,32.09326171875
4.463333333333333,70.5353546142578,-1228.08058929443,32.09326171875
4.465,70.552131652832,-1228.13478851318,32.09765625
4.466666666666667,70.5688705444336,-1228.18935394287,32.11083984375
4.468333333333334,70.5856399536133,-1228.2442855835,32.1240234375
4.47,70.6023864746094,-1228.29921722412,32.13720703125
4.471666666666667,70.6191558837891,-1228.3536605835,32.14892578125
4.473333333333334,70.6358947753906,-1228.40773773193,32.15771484375
4.475,70.6526565551758,-1228.46144866943,32.16650390625
4.476666666666667,70.6694107055664,-1228.51491546631,32.16943359375
4.4783333333333335,70.686149597168,-1228.56826019287,32.16650390625
4.48,70.7029113769531,-1228.62160491943,32.162109375
4.4816666666666665,70.7196655273438,-1228.67482757568,32.1591796875
4.483333333333333,70.7364196777344,-1228.72805023193,32.15771484375
4.485,70.7531814575195,-1228.7813949585,32.16064453125
4.486666666666666,70.7699508666992,-1228.83473968506,32.1650390625
4.488333333333333,70.7867202758789,-1228.88832855225,32.1650390625
4.49,70.8034820556641,-1228.94240570068,32.1591796875
4.491666666666666,70.8202362060547,-1228.99684906006,32.1533203125
4.493333333333333,70.8369903564453,-1229.05117034912,32.1474609375
4.495,70.8537673950195,-1229.10512542725,32.138671875
4.496666666666667,70.8705062866211,-1229.15859222412,32.1240234375
4.498333333333333,70.8872680664063,-1229.21169281006,32.10791015625
4.5,70.9040222167969,-1229.26467132568,32.0947265625
4.501666666666667,70.9207611083984,-1229.31777191162,32.0888671875
4.503333333333333,70.9375381469727,-1229.37087249756,32.08447265625
4.505,70.9542770385742,-1229.42409515381,32.07861328125
4.506666666666667,70.9710311889648,-1229.47756195068,32.068359375
4.508333333333334,70.98779296875,-1229.5313949585,32.0537109375
4.51,71.0045471191406,-1229.585105896,32.03466796875
4.511666666666667,71.0213012695313,-1229.63869476318,32.01416015625
4.513333333333334,71.0380630493164,-1229.69216156006,31.998046875
4.515,71.054817199707,-1229.74550628662,31.98486328125
4.516666666666667,71.0715866088867,-1229.79885101318,31.97314453125
4.5183333333333335,71.0883636474609,-1229.8517074585,31.96435546875
4.52,71.1051177978516,-1229.90419769287,31.95849609375
4.5216666666666665,71.1218872070313,-1229.95656585693,31.9541015625
4.523333333333333,71.1386489868164,-1230.00917816162,31.9541015625
4.525,71.155403137207,-1230.06203460693,31.951171875
4.526666666666666,71.1721725463867,-1230.11525726318,31.9453125
4.528333333333333,71.1889343261719,-1230.16860198975,31.9365234375
4.53,71.2056884765625,-1230.221824646,31.9248046875
4.531666666666666,71.2224426269531,-1230.27480316162,31.90283203125
4.533333333333333,71.2392044067383,-1230.32802581787,31.87353515625
4.535,71.255973815918,-1230.38149261475,31.8427734375
4.536666666666667,71.2727279663086,-1230.43508148193,31.8193359375
4.538333333333333,71.2894897460938,-1230.4884262085,31.8076171875
4.54,71.3062438964844,-1230.54152679443,31.8046875
4.541666666666667,71.322998046875,-1230.59438323975,31.8046875
4.543333333333333,71.3397750854492,-1230.64748382568,31.80322265625
4.545,71.3565292358398,-1230.70058441162,31.798828125
4.546666666666667,71.3732833862305,-1230.75380706787,31.79296875
4.548333333333333,71.3900604248047,-1230.80715179443,31.7841796875
4.55,71.4068145751953,-1230.860496521,31.77099609375
4.551666666666667,71.423583984375,-1230.91384124756,31.75634765625
4.553333333333334,71.4403457641602,-1230.96706390381,31.7373046875
4.555,71.4570999145508,-1231.02016448975,31.7197265625
4.556666666666667,71.4738540649414,-1231.07314300537,31.70654296875
4.558333333333334,71.4906311035156,-1231.12587738037,31.69482421875
4.56,71.5074005126953,-1231.17861175537,31.69482421875
4.5616666666666665,71.5241546630859,-1231.23146820068,31.70068359375
4.5633333333333335,71.5409317016602,-1231.28444671631,31.7109375
4.565,71.5577011108398,-1231.33766937256,31.71533203125
4.566666666666666,71.5744552612305,-1231.39064788818,31.71533203125
4.568333333333333,71.5912322998047,-1231.4435043335,31.70654296875
4.57,71.6079864501953,-1231.49611663818,31.69189453125
4.571666666666666,71.6247406005859,-1231.54872894287,31.6787109375
4.573333333333333,71.641487121582,-1231.60097503662,31.6669921875
4.575,71.6582412719727,-1231.65297698975,31.65087890625
4.576666666666667,71.6750106811523,-1231.70473480225,31.63037109375
4.578333333333333,71.6917724609375,-1231.75673675537,31.6083984375
4.58,71.7085418701172,-1231.80922698975,31.5908203125
4.581666666666667,71.7253036499023,-1231.86208343506,31.576171875
4.583333333333333,71.742073059082,-1231.91506195068,31.56298828125
4.585,71.7588272094727,-1231.96804046631,31.54541015625
4.586666666666667,71.7755966186523,-1232.02077484131,31.5322265625
4.588333333333333,71.7923736572266,-1232.07350921631,31.5234375
4.59,71.8091430664063,-1232.12624359131,31.51904296875
4.591666666666667,71.8258972167969,-1232.17897796631,31.51171875
4.593333333333334,71.8426895141602,-1232.23146820068,31.50146484375
4.595,71.8594436645508,-1232.28347015381,31.48681640625
4.596666666666667,71.8762130737305,-1232.33547210693,31.470703125
4.598333333333334,71.8930053710938,-1232.38771820068,31.45458984375
4.6,71.9097595214844,-1232.44008636475,31.44287109375
4.601666666666667,71.926513671875,-1232.49294281006,31.43115234375
4.6033333333333335,71.9432907104492,-1232.54592132568,31.41943359375
4.605,71.9600296020508,-1232.59914398193,31.4091796875
4.6066666666666665,71.9767837524414,-1232.65212249756,31.39892578125
4.608333333333333,71.9935607910156,-1232.70497894287,31.39453125
4.61,72.0103149414063,-1232.75746917725,31.3916015625
4.611666666666666,72.0270690917969,-1232.80959320068,31.39013671875
4.613333333333333,72.043830871582,-1232.86171722412,31.3857421875
4.615,72.0606002807617,-1232.91371917725,31.3828125
4.616666666666666,72.0773696899414,-1232.96559906006,31.3828125
4.618333333333333,72.0941467285156,-1233.01735687256,31.38427734375
4.62,72.1109161376953,-1233.06911468506,31.3857421875
4.621666666666667,72.1277008056641,-1233.12099456787,31.3798828125
4.623333333333333,72.1444778442383,-1233.17287445068,31.3681640625
4.625,72.161247253418,-1233.22463226318,31.353515625
4.626666666666667,72.1780319213867,-1233.27626800537,31.3388671875
4.628333333333333,72.1947937011719,-1233.3282699585,31.330078125
4.63,72.2115631103516,-1233.38076019287,31.32421875
4.631666666666667,72.2283477783203,-1233.4337387085,31.3212890625
4.633333333333334,72.2451171875,-1233.4864730835,31.3154296875
4.635,72.2618942260742,-1233.53896331787,31.3095703125
4.636666666666667,72.2786636352539,-1233.590965271,31.3037109375
4.638333333333334,72.2954330444336,-1233.6427230835,31.29638671875
4.64,72.3122100830078,-1233.69435882568,31.28466796875
4.641666666666667,72.3289794921875,-1233.74611663818,31.27587890625
4.6433333333333335,72.3457336425781,-1233.79787445068,31.26708984375
4.645,72.3625106811523,-1233.8497543335,31.259765625
4.6466666666666665,72.379280090332,-1233.90187835693,31.2509765625
4.648333333333333,72.3960342407227,-1233.954246521,31.2421875
4.65,72.4128112792969,-1234.00685882568,31.23486328125
4.651666666666666,72.4295654296875,-1234.05947113037,31.236328125
4.653333333333333,72.4463348388672,-1234.11196136475,31.2451171875
4.655,72.4631271362305,-1234.1642074585,31.2568359375
4.656666666666666,72.4799118041992,-1234.21620941162,31.2685546875
4.658333333333333,72.4966812133789,-1234.26821136475,31.2802734375
4.66,72.5134506225586,-1234.32009124756,31.2919921875
4.661666666666667,72.5302124023438,-1234.372215271,31.30517578125
4.663333333333333,72.5469818115234,-1234.42421722412,31.31689453125
4.665,72.5637359619141,-1234.47609710693,31.3271484375
4.666666666666667,72.5805130004883,-1234.52785491943,31.3330078125
4.668333333333333,72.5972671508789,-1234.57961273193,31.3388671875
4.67,72.6140365600586,-1234.63161468506,31.34033203125
4.671666666666667,72.6307983398438,-1234.68386077881,31.34326171875
4.673333333333333,72.6475677490234,-1234.73635101318,31.34326171875
4.675,72.6643218994141,-1234.78859710693,31.34765625
4.676666666666667,72.6811141967773,-1234.84059906006,31.3564453125
4.678333333333334,72.6978530883789,-1234.89211273193,31.36669921875
4.68,72.7146377563477,-1234.9435043335,31.36962890625
4.681666666666667,72.7313995361328,-1234.99477386475,31.37109375
4.683333333333334,72.7481536865234,-1235.04640960693,31.37109375
4.685,72.7649078369141,-1235.09853363037,31.37841796875
4.6866666666666665,72.7816848754883,-1235.15090179443,31.388671875
4.6883333333333335,72.798454284668,-1235.20339202881,31.3974609375
4.69,72.8152236938477,-1235.25563812256,31.4033203125
4.691666666666666,72.8320007324219,-1235.30788421631,31.4091796875
4.693333333333333,72.8487701416016,-1235.360496521,31.41796875
4.695,72.8655548095703,-1235.41335296631,31.4296875
4.696666666666666,72.8823318481445,-1235.46645355225,31.44287109375
4.698333333333333,72.8991012573242,-1235.51943206787,31.4560546875
4.7,72.9158706665039,-1235.57228851318,31.46630859375
4.701666666666667,72.9326477050781,-1235.62502288818,31.48095703125
4.703333333333333,72.9494018554688,-1235.6778793335,31.49853515625
4.705,72.9661712646484,-1235.73073577881,31.52197265625
4.706666666666667,72.9829406738281,-1235.78347015381,31.5439453125
4.708333333333333,72.9997177124023,-1235.83571624756,31.56591796875
4.71,73.016471862793,-1235.887840271,31.58642578125
4.711666666666667,73.0332565307617,-1235.93996429443,31.60107421875
4.713333333333333,73.0500335693359,-1235.99269866943,31.60693359375
4.715,73.0668029785156,-1236.04567718506,31.611328125
4.716666666666667,73.0835723876953,-1236.098777771,31.62744140625
4.718333333333334,73.1003646850586,-1236.15200042725,31.6640625
4.72,73.1171340942383,-1236.20485687256,31.72412109375
4.721666666666667,73.133903503418,-1236.25685882568,31.787109375
4.723333333333334,73.1506805419922,-1236.30861663818,31.8515625
4.725,73.1674652099609,-1236.36037445068,31.91748046875
4.726666666666667,73.1842498779297,-1236.41274261475,31.9833984375
4.7283333333333335,73.2010345458984,-1236.46547698975,32.03759765625
4.73,73.2178115844727,-1236.51833343506,32.07421875
4.7316666666666665,73.2345962524414,-1236.57118988037,32.1005859375
4.733333333333333,73.2513656616211,-1236.62429046631,32.126953125
4.735,73.2681427001953,-1236.67763519287,32.15478515625
4.736666666666666,73.2849273681641,-1236.73110198975,32.1884765625
4.738333333333333,73.3016815185547,-1236.78444671631,32.2236328125
4.74,73.3184585571289,-1236.83754730225,32.25146484375
4.741666666666666,73.3352279663086,-1236.89040374756,32.255859375
4.743333333333333,73.3520126342773,-1236.9435043335,32.244140625
4.745,73.3687973022461,-1236.99709320068,32.23095703125
4.746666666666667,73.3855514526367,-1237.05104827881,32.22216796875
4.748333333333333,73.4022903442383,-1237.10475921631,32.2177734375
4.75,73.4190444946289,-1237.1583480835,32.21923828125
4.751666666666667,73.4357986450195,-1237.21181488037,32.2294921875
4.753333333333333,73.4525680541992,-1237.26503753662,32.26171875
4.755,73.4693222045898,-1237.31777191162,32.2880859375
4.756666666666667,73.4860916137695,-1237.37062835693,32.2998046875
4.758333333333334,73.5028457641602,-1237.42421722412,32.30126953125
4.76,73.5196151733398,-1237.47927093506,32.30419921875
4.761666666666667,73.5363540649414,-1237.53578948975,32.3173828125
4.763333333333334,73.5531234741211,-1237.59243011475,32.35107421875
4.765,73.5698699951172,-1237.64907073975,32.39501953125
4.766666666666667,73.5866241455078,-1237.706199646,32.44189453125
4.7683333333333335,73.6033782958984,-1237.7638168335,32.4755859375
4.77,73.6201324462891,-1237.82070159912,32.4990234375
4.7716666666666665,73.6368865966797,-1237.87624359131,32.51806640625
4.773333333333333,73.6536254882813,-1237.93068695068,32.53564453125
4.775,73.6703796386719,-1237.98513031006,32.55322265625
4.776666666666666,73.6871185302734,-1238.04006195068,32.56494140625
4.778333333333333,73.703857421875,-1238.09572601318,32.57080078125
4.78,73.7206115722656,-1238.15175628662,32.5751953125
4.781666666666666,73.7373657226563,-1238.20705413818,32.583984375
4.783333333333333,73.7541198730469,-1238.26027679443,32.59423828125
4.785,73.7708740234375,-1238.31203460693,32.5986328125
4.786666666666667,73.7876281738281,-1238.36379241943,32.5927734375
4.788333333333333,73.8043670654297,-1238.41591644287,32.583984375
4.79,73.8211212158203,-1238.46828460693,32.58984375
4.791666666666667,73.8378753662109,-1238.520652771,32.607421875
4.793333333333333,73.8546295166016,-1238.57363128662,32.6279296875
4.795,73.8713684082031,-1238.62844085693,32.64697265625
4.796666666666667,73.8880920410156,-1238.68337249756,32.66748046875
4.798333333333333,73.9048309326172,-1238.73732757568,32.68505859375
4.8,73.9215698242188,-1238.79055023193,32.69384765625
4.801666666666667,73.9382934570313,-1238.84401702881,32.677734375
4.803333333333334,73.9550476074219,-1238.89797210693,32.63818359375
4.805,73.9717864990234,-1238.95278167725,32.5986328125
4.806666666666667,73.988525390625,-1239.00820159912,32.57080078125
4.808333333333334,74.0052642822266,-1239.06386566162,32.5400390625
4.81,74.0219879150391,-1239.11904144287,32.48876953125
4.8116666666666665,74.0387115478516,-1239.17372894287,32.431640625
4.8133333333333335,74.0554351806641,-1239.22817230225,32.39208984375
4.815,74.0721740722656,-1239.28249359131,32.36865234375
4.816666666666666,74.0889129638672,-1239.337059021,32.349609375
4.818333333333333,74.1056365966797,-1239.39138031006,32.32763671875
4.82,74.1223907470703,-1239.44533538818,32.30712890625
4.821666666666666,74.1391143798828,-1239.49904632568,32.28955078125
4.823333333333333,74.1558532714844,-1239.5528793335,32.28662109375
4.825,74.1725921630859,-1239.606590271,32.3056640625
4.826666666666667,74.1893310546875,-1239.66005706787,32.337890625
4.828333333333333,74.2060546875,-1239.71315765381,32.36572265625
4.83,74.2227783203125,-1239.76638031006,32.38916015625
4.831666666666667,74.239501953125,-1239.82057952881,32.40673828125
4.833333333333333,74.2562255859375,-1239.87563323975,32.41845703125
4.835,74.27294921875,-1239.930809021,32.42138671875
4.836666666666667,74.2896728515625,-1239.98561859131,32.4140625
4.838333333333333,74.306396484375,-1240.04006195068,32.4287109375
4.84,74.3231353759766,-1240.09438323975,32.4697265625
4.841666666666667,74.33984375,-1240.14870452881,32.52392578125
4.843333333333334,74.3565521240234,-1240.20241546631,32.578125
4.845,74.373291015625,-1240.25563812256,32.62353515625
4.846666666666667,74.3899993896484,-1240.30898284912,32.64111328125
4.848333333333334,74.4067077636719,-1240.36330413818,32.64697265625
4.85,74.4234161376953,-1240.41786956787,32.6572265625
4.851666666666667,74.4401397705078,-1240.47121429443,32.67333984375
4.8533333333333335,74.4568786621094,-1240.52333831787,32.68212890625
4.855,74.4736022949219,-1240.57558441162,32.6806640625
4.8566666666666665,74.4903259277344,-1240.628074646,32.677734375
4.858333333333333,74.5070648193359,-1240.68093109131,32.66455078125
4.86,74.5237884521484,-1240.73403167725,32.6396484375
4.861666666666666,74.5405120849609,-1240.78798675537,32.6015625
4.863333333333333,74.5572509765625,-1240.84255218506,32.5634765625
4.865,74.573974609375,-1240.897605896,32.5224609375
4.866666666666666,74.5906982421875,-1240.95241546631,32.47412109375
4.868333333333333,74.607421875,-1241.00685882568,32.42578125
4.87,74.6241455078125,-1241.06093597412,32.3876953125
4.871666666666667,74.640869140625,-1241.11501312256,32.373046875
4.873333333333333,74.6576080322266,-1241.16884613037,32.37158203125
4.875,74.6743469238281,-1241.22219085693,32.35400390625
4.876666666666667,74.6910705566406,-1241.27541351318,32.31591796875
4.878333333333333,74.7078094482422,-1241.32961273193,32.2646484375
4.88,74.7245330810547,-1241.38576507568,32.20458984375
4.881666666666667,74.7412872314453,-1241.44313812256,32.138671875
4.883333333333334,74.7580108642578,-1241.50087738037,32.080078125
4.885,74.7747344970703,-1241.55886077881,32.0419921875
4.886666666666667,74.7914733886719,-1241.61660003662,32.02001953125
4.888333333333334,74.8081970214844,-1241.67287445068,31.998046875
4.89,74.8249206542969,-1241.72878265381,31.962890625
4.891666666666667,74.8416595458984,-1241.7853012085,31.9248046875
4.8933333333333335,74.8583984375,-1241.84181976318,31.8984375
4.895,74.8751220703125,-1241.89723968506,31.88232421875
4.8966666666666665,74.891845703125,-1241.95156097412,31.87646484375
4.898333333333333,74.9085845947266,-1242.00563812256,31.88818359375
4.9,74.9253234863281,-1242.05910491943,31.904296875
4.901666666666666,74.9420471191406,-1242.11135101318,31.904296875
4.903333333333333,74.9587860107422,-1242.16213226318,31.88525390625
4.905,74.9755172729492,-1242.21266937256,31.857421875
4.906666666666666,74.9922485351563,-1242.26308441162,31.82666015625
4.908333333333333,75.0089797973633,-1242.31276702881,31.798828125
4.91,75.0257034301758,-1242.36220550537,31.77392578125
4.911666666666667,75.0424270629883,-1242.41213226318,31.75048828125
4.913333333333333,75.0591659545898,-1242.46413421631,31.7197265625
4.915,75.0758895874023,-1242.51821136475,31.6845703125
4.916666666666667,75.0926284790039,-1242.57180023193,31.646484375
4.918333333333333,75.1093673706055,-1242.62380218506,31.60986328125
4.92,75.126106262207,-1242.67433929443,31.5615234375
4.921666666666667,75.1428451538086,-1242.723777771,31.49267578125
4.923333333333333,75.1595687866211,-1242.772605896,31.412109375
4.925,75.1762924194336,-1242.82204437256,31.32861328125
4.926666666666667,75.1930313110352,-1242.87258148193,31.23779296875
4.928333333333334,75.2097702026367,-1242.9239730835,31.13525390625
4.93,75.2265090942383,-1242.97548675537,31.0341796875
4.931666666666667,75.2432479858398,-1243.02687835693,30.9287109375
4.933333333333334,75.2599945068359,-1243.0782699585,30.8115234375
4.935,75.2767333984375,-1243.12941741943,30.70166015625
4.9366666666666665,75.2934875488281,-1243.18019866943,30.62109375
4.9383333333333335,75.3102111816406,-1243.23195648193,30.56396484375
4.94,75.3269500732422,-1243.28542327881,30.5068359375
4.941666666666666,75.3436889648438,-1243.33962249756,30.4423828125
4.943333333333333,75.3604278564453,-1243.3927230835,30.3779296875
4.945,75.3771667480469,-1243.44509124756,30.328125
4.946666666666666,75.3939208984375,-1243.49733734131,30.28564453125
4.948333333333333,75.4106597900391,-1243.54982757568,30.2548828125
4.95,75.4273986816406,-1243.60231781006,30.240234375
4.951666666666667,75.4441375732422,-1243.65468597412,30.2373046875
4.953333333333333,75.4608764648438,-1243.70680999756,30.23583984375
4.955,75.4776306152344,-1243.75832366943,30.22412109375
4.956666666666667,75.4943695068359,-1243.80922698975,30.19921875
4.958333333333333,75.5111083984375,-1243.85939788818,30.18603515625
4.96,75.5278472900391,-1243.90956878662,30.1875
4.961666666666667,75.5445861816406,-1243.95973968506,30.19775390625
4.963333333333333,75.5613250732422,-1244.01015472412,30.22119140625
4.965,75.5780639648438,-1244.06081390381,30.2607421875
4.966666666666667,75.5948181152344,-1244.11159515381,30.30322265625
4.968333333333334,75.6115417480469,-1244.16201019287,30.3310546875
4.97,75.6282806396484,-1244.21120452881,30.3427734375
4.971666666666667,75.6450347900391,-1244.25905609131,30.33984375
4.973333333333334,75.6617736816406,-1244.30617523193,30.33251953125
4.975,75.6785125732422,-1244.35292816162,30.32080078125
4.976666666666667,75.6952514648438,-1244.40029144287,30.31201171875
4.9783333333333335,75.7119903564453,-1244.44899749756,30.30615234375
4.98,75.7287445068359,-1244.49855804443,30.28271484375
4.9816666666666665,75.7454833984375,-1244.54787445068,30.23876953125
4.983333333333333,75.7622375488281,-1244.59597015381,30.18603515625
4.985,75.7789764404297,-1244.64284515381,30.1494140625
4.986666666666666,75.7957305908203,-1244.68947601318,30.1201171875
4.988333333333333,75.8124694824219,-1244.7364730835,30.08642578125
4.99,75.8292236328125,-1244.784324646,30.0439453125
4.991666666666666,75.8459777832031,-1244.83278656006,29.9912109375
4.993333333333333,75.8627319335938,-1244.881980896,29.9267578125
4.995,75.8794860839844,-1244.9317855835,29.865234375
4.996666666666667,75.896240234375,-1244.98281097412,29.81689453125
4.998333333333333,75.9129867553711,-1245.03481292725,29.7802734375
5,75.9297256469727,-1245.08730316162,29.75244140625
5.001666666666667,75.9464797973633,-1245.13942718506,29.72607421875
5.003333333333333,75.9632186889648,-1245.19081878662,29.69970703125
5.005,75.9799728393555,-1245.24221038818,29.67626953125
5.006666666666667,75.996711730957,-1245.29433441162,29.6572265625
5.008333333333334,76.0134658813477,-1245.34731292725,29.6337890625
5.01,76.0302200317383,-1245.40016937256,29.6015625
5.011666666666667,76.0469589233398,-1245.45253753662,29.57666015625
5.013333333333334,76.0637130737305,-1245.50380706787,29.57080078125
5.015,76.080451965332,-1245.55458831787,29.57958984375
5.016666666666667,76.0971908569336,-1245.60500335693,29.59423828125
5.0183333333333335,76.1139297485352,-1245.655418396,29.60009765625
5.02,76.1306686401367,-1245.70571136475,29.58984375
5.0216666666666665,76.1474227905273,-1245.75551605225,29.5751953125
5.023333333333333,76.1641464233398,-1245.80532073975,29.5693359375
5.025,76.1809005737305,-1245.85512542725,29.5810546875
5.026666666666666,76.197624206543,-1245.90517425537,29.61181640625
5.028333333333333,76.2143783569336,-1245.95510101318,29.65283203125
5.03,76.2311172485352,-1246.00453948975,29.69091796875
5.031666666666666,76.2478408813477,-1246.05348968506,29.70556640625
5.033333333333333,76.2645797729492,-1246.10158538818,29.70263671875
5.035,76.2813186645508,-1246.1485824585,29.6865234375
5.036666666666667,76.2980575561523,-1246.19557952881,29.666015625
5.038333333333333,76.3147811889648,-1246.24306488037,29.6337890625
5.04,76.3315200805664,-1246.29091644287,29.59130859375
5.041666666666667,76.348258972168,-1246.33876800537,29.5458984375
5.043333333333333,76.3649978637695,-1246.38674163818,29.50634765625
5.045,76.381721496582,-1246.434715271,29.4814453125
5.046666666666667,76.3984603881836,-1246.48317718506,29.4697265625
5.048333333333333,76.4151840209961,-1246.53224945068,29.4580078125
5.05,76.4319076538086,-1246.58107757568,29.4345703125
5.051666666666667,76.4486312866211,-1246.62880706787,29.40087890625
5.053333333333334,76.4653701782227,-1246.6759262085,29.3583984375
5.055,76.4820938110352,-1246.72328948975,29.31884765625
5.056666666666667,76.4988327026367,-1246.77114105225,29.279296875
5.058333333333334,76.5155563354492,-1246.81911468506,29.24560546875
5.06,76.5322952270508,-1246.86696624756,29.22509765625
5.0616666666666665,76.5490188598633,-1246.91481781006,29.2177734375
5.0633333333333335,76.5657577514648,-1246.96315765381,29.22216796875
5.065,76.5824813842773,-1247.01198577881,29.2236328125
5.066666666666666,76.5992202758789,-1247.06105804443,29.21923828125
5.068333333333333,76.6159439086914,-1247.110496521,29.21044921875
5.07,76.632682800293,-1247.16054534912,29.19873046875
5.071666666666666,76.6494064331055,-1247.21071624756,29.18994140625
5.073333333333333,76.666145324707,-1247.25978851318,29.18408203125
5.075,76.6828689575195,-1247.30800628662,29.19287109375
5.076666666666667,76.699592590332,-1247.35585784912,29.21923828125
5.078333333333333,76.7163314819336,-1247.40395355225,29.2529296875
5.08,76.7330703735352,-1247.452293396,29.28369140625
5.081666666666667,76.7498092651367,-1247.50075531006,29.30712890625
5.083333333333333,76.7665328979492,-1247.54946136475,29.32470703125
5.085,76.7832717895508,-1247.59828948975,29.3291015625
5.086666666666667,76.8000106811523,-1247.647605896,29.3291015625
5.088333333333333,76.8167495727539,-1247.69802093506,29.32470703125
5.09,76.8334884643555,-1247.749168396,29.31884765625
5.091666666666667,76.850227355957,-1247.80019378662,29.31298828125
5.093333333333334,76.8669662475586,-1247.85024261475,29.31591796875
5.095,76.8837051391602,-1247.89907073975,29.3291015625
5.096666666666667,76.9004440307617,-1247.94704437256,29.34814453125
5.098333333333334,76.9171676635742,-1247.99452972412,29.37158203125
5.1,76.9339065551758,-1248.042137146,29.39501953125
5.101666666666667,76.9506454467773,-1248.09084320068,29.4140625
5.1033333333333335,76.9673843383789,-1248.14052581787,29.42578125
5.105,76.9841384887695,-1248.19069671631,29.419921875
5.1066666666666665,77.000862121582,-1248.24062347412,29.40087890625
5.108333333333333,77.0176162719727,-1248.29006195068,29.373046875
5.11,77.0343551635742,-1248.33937835693,29.33935546875
5.111666666666666,77.0510940551758,-1248.38832855225,29.30859375
5.113333333333333,77.0678329467773,-1248.43703460693,29.2998046875
5.115,77.084587097168,-1248.485496521,29.3203125
5.116666666666666,77.1013259887695,-1248.534324646,29.35546875
5.118333333333333,77.1180801391602,-1248.58351898193,29.390625
5.12,77.1348190307617,-1248.63332366943,29.41552734375
5.121666666666667,77.1515579223633,-1248.68337249756,29.4345703125
5.123333333333333,77.1683120727539,-1248.73317718506,29.45361328125
5.125,77.1850509643555,-1248.78249359131,29.46826171875
5.126666666666667,77.2018051147461,-1248.83083343506,29.47412109375
5.128333333333333,77.2185592651367,-1248.87880706787,29.47265625
5.13,77.2353134155273,-1248.926902771,29.4609375
5.131666666666667,77.2520599365234,-1248.97548675537,29.43896484375
5.133333333333334,77.2688140869141,-1249.02382659912,29.4111328125
5.135,77.2855682373047,-1249.07180023193,29.38916015625
5.136666666666667,77.3023529052734,-1249.12001800537,29.37890625
5.138333333333334,77.3191299438477,-1249.16896820068,29.38330078125
5.14,77.3359069824219,-1249.21877288818,29.396484375
5.141666666666667,77.3526763916016,-1249.268699646,29.4052734375
5.1433333333333335,77.3694534301758,-1249.31813812256,29.40087890625
5.145,77.38623046875,-1249.36696624756,29.390625
5.1466666666666665,77.4030151367188,-1249.41481781006,29.37744140625
5.148333333333333,77.419792175293,-1249.462059021,29.37158203125
5.15,77.4365692138672,-1249.50881195068,29.373046875
5.151666666666666,77.4533309936523,-1249.55544281006,29.37451171875
5.153333333333333,77.470100402832,-1249.60292816162,29.37744140625
5.155,77.4868774414063,-1249.65236663818,29.384765625
5.156666666666666,77.5036239624023,-1249.70314788818,29.408203125
5.158333333333333,77.5204086303711,-1249.75429534912,29.44775390625
5.16,77.5371704101563,-1249.80507659912,29.50634765625
5.161666666666667,77.5539321899414,-1249.85524749756,29.572265625
5.163333333333333,77.5707168579102,-1249.90517425537,29.63525390625
5.165,77.5874633789063,-1249.9552230835,29.69091796875
5.166666666666667,77.6042251586914,-1250.00514984131,29.736328125
5.168333333333333,77.6209945678711,-1250.05446624756,29.783203125
5.17,77.6377410888672,-1250.1036605835,29.830078125
5.171666666666667,77.6545028686523,-1250.15309906006,29.876953125
5.173333333333333,77.671257019043,-1250.20241546631,29.92236328125
5.175,77.6880187988281,-1250.251121521,29.9794921875
5.176666666666667,77.7047653198242,-1250.29933929443,30.041015625
5.178333333333334,77.7215347290039,-1250.34731292725,30.099609375
5.18,77.73828125,-1250.395652771,30.1435546875
5.181666666666667,77.7550277709961,-1250.44423675537,30.16845703125
5.183333333333334,77.7717971801758,-1250.49257659912,30.19189453125
5.185,77.7885589599609,-1250.54091644287,30.228515625
5.1866666666666665,77.805305480957,-1250.58974456787,30.28271484375
5.1883333333333335,77.8220901489258,-1250.6388168335,30.3515625
5.19,77.8388366699219,-1250.68825531006,30.421875
5.191666666666666,77.8556137084961,-1250.73781585693,30.4892578125
5.193333333333333,77.8723831176758,-1250.7872543335,30.55224609375
5.195,77.8891448974609,-1250.83644866943,30.6005859375
5.196666666666666,77.905891418457,-1250.88576507568,30.6240234375
5.198333333333333,77.9226608276367,-1250.93618011475,30.62841796875
5.2,77.9394073486328,-1250.98830413818,30.63134765625
5.201666666666667,77.956169128418,-1251.04238128662,30.64013671875
5.203333333333333,77.9729232788086,-1251.09767913818,30.662109375
5.205,77.9896850585938,-1251.15297698975,30.69140625
5.206666666666667,78.0064468383789,-1251.20742034912,30.72509765625
5.208333333333333,78.0232009887695,-1251.26052093506,30.76611328125
5.21,78.0399475097656,-1251.31276702881,30.8173828125
5.211666666666667,78.0567016601563,-1251.36464691162,30.861328125
5.213333333333333,78.0734481811523,-1251.41664886475,30.8818359375
5.215,78.0901947021484,-1251.46901702881,30.8876953125
5.216666666666667,78.1069488525391,-1251.52211761475,30.90234375
5.218333333333334,78.1236953735352,-1251.57521820068,30.93017578125
5.22,78.1404418945313,-1251.62831878662,30.96826171875
5.221666666666667,78.1571960449219,-1251.68093109131,31.00927734375
5.223333333333334,78.173942565918,-1251.73281097412,31.05029296875
5.225,78.1906890869141,-1251.78469085693,31.0927734375
5.226666666666667,78.2074584960938,-1251.83718109131,31.13232421875
5.2283333333333335,78.2242202758789,-1251.89052581787,31.16015625
5.23,78.2409515380859,-1251.94411468506,31.18359375
5.2316666666666665,78.2577056884766,-1251.997215271,31.20703125
5.233333333333333,78.2744522094727,-1252.04958343506,31.2333984375
5.235,78.2912216186523,-1252.10146331787,31.25830078125
5.236666666666666,78.3079833984375,-1252.15297698975,31.27880859375
5.238333333333333,78.3247451782227,-1252.20436859131,31.29052734375
5.24,78.3415069580078,-1252.25551605225,31.28466796875
5.241666666666666,78.3582763671875,-1252.30690765381,31.259765625
5.243333333333333,78.3750534057617,-1252.35842132568,31.2216796875
5.245,78.3918151855469,-1252.41042327881,31.177734375
5.246666666666667,78.4085998535156,-1252.46279144287,31.13671875
5.248333333333333,78.4253616333008,-1252.51564788818,31.10888671875
5.25,78.442138671875,-1252.56899261475,31.095703125
5.251666666666667,78.4589080810547,-1252.62258148193,31.08984375
5.253333333333333,78.4756698608398,-1252.67543792725,31.08984375
5.255,78.4924468994141,-1252.72658538818,31.08984375
5.256666666666667,78.5092315673828,-1252.77639007568,31.07666015625
5.258333333333334,78.525993347168,-1252.8263168335,31.04296875
5.26,78.5427703857422,-1252.87685394287,31.01220703125
5.261666666666667,78.5595321655273,-1252.92800140381,30.9931640625
5.263333333333334,78.5763168334961,-1252.97975921631,30.98876953125
5.265,78.5930938720703,-1253.03176116943,30.99609375
5.266666666666667,78.6098403930664,-1253.08364105225,31.00341796875
5.2683333333333335,78.6266098022461,-1253.13527679443,31.0078125
5.27,78.6433868408203,-1253.18642425537,31.00927734375
5.2716666666666665,78.6601333618164,-1253.237449646,31.00634765625
5.273333333333333,78.6769027709961,-1253.28884124756,31.00634765625
5.275,78.6936645507813,-1253.34059906006,31.01806640625
5.276666666666666,78.7104415893555,-1253.39211273193,31.04443359375
5.278333333333333,78.7272109985352,-1253.44301605225,31.08544921875
5.28,78.7439727783203,-1253.493309021,31.13671875
5.281666666666666,78.7607498168945,-1253.54323577881,31.19677734375
5.283333333333333,78.7775192260742,-1253.59328460693,31.26123046875
5.285,78.7942810058594,-1253.64418792725,31.3212890625
5.286666666666667,78.8110580444336,-1253.69582366943,31.365234375
5.288333333333333,78.8278198242188,-1253.74770355225,31.39013671875
5.29,78.8445892333984,-1253.79982757568,31.40478515625
5.291666666666667,78.8613510131836,-1253.85182952881,31.42236328125
5.293333333333333,78.8781280517578,-1253.90358734131,31.44140625
5.295,78.8948974609375,-1253.95546722412,31.46484375
5.296666666666667,78.9116592407227,-1254.00746917725,31.505859375
5.298333333333333,78.9284362792969,-1254.0587387085,31.5615234375
5.3,78.9452209472656,-1254.10903167725,31.61572265625
5.301666666666667,78.9619979858398,-1254.15956878662,31.66552734375
5.303333333333334,78.9787750244141,-1254.2110824585,31.7109375
5.305,78.9955444335938,-1254.26332855225,31.7548828125
5.306666666666667,79.012321472168,-1254.31581878662,31.7958984375
5.308333333333334,79.0290985107422,-1254.368309021,31.8427734375
5.31,79.0458602905273,-1254.42116546631,31.9013671875
5.3116666666666665,79.0626449584961,-1254.47463226318,31.9658203125
5.3133333333333335,79.0794067382813,-1254.52797698975,32.01416015625
5.315,79.0961837768555,-1254.58107757568,32.03759765625
5.316666666666666,79.1129531860352,-1254.63442230225,32.04638671875
5.318333333333333,79.1297302246094,-1254.68849945068,32.06103515625
5.32,79.1464920043945,-1254.74343109131,32.0947265625
5.321666666666666,79.1632766723633,-1254.79909515381,32.14306640625
5.323333333333333,79.1800384521484,-1254.85524749756,32.197265625
5.325,79.1968154907227,-1254.91201019287,32.244140625
5.326666666666667,79.2135772705078,-1254.96852874756,32.27197265625
5.328333333333333,79.2303466796875,-1255.02419281006,32.28515625
5.33,79.2471237182617,-1255.07863616943,32.2939453125
5.331666666666667,79.2638854980469,-1255.13271331787,32.30859375
5.333333333333333,79.2806549072266,-1255.18752288818,32.32763671875
5.335,79.2974166870117,-1255.24269866943,32.349609375
5.336666666666667,79.3141784667969,-1255.29750823975,32.3671875
5.338333333333333,79.3309326171875,-1255.35207366943,32.38623046875
5.34,79.3476943969727,-1255.40651702881,32.42138671875
5.341666666666667,79.3644561767578,-1255.46096038818,32.4755859375
5.343333333333334,79.3812408447266,-1255.51564788818,32.5400390625
5.345,79.3980026245117,-1255.57057952881,32.61181640625
5.346666666666667,79.4147644042969,-1255.62599945068,32.689453125
5.348333333333334,79.4315185546875,-1255.68141937256,32.77294921875
5.35,79.4482803344727,-1255.73720550537,32.8623046875
5.351666666666667,79.4650421142578,-1255.79372406006,32.94873046875
5.3533333333333335,79.4818115234375,-1255.85024261475,33.01904296875
5.355,79.4985885620117,-1255.90529632568,33.07763671875
5.3566666666666665,79.5153656005859,-1255.95864105225,33.1142578125
5.358333333333333,79.5321350097656,-1256.01113128662,33.08349609375
5.36,79.5488967895508,-1256.06386566162,33.046875
5.361666666666666,79.5656585693359,-1256.11757659912,33.00146484375
5.363333333333333,79.5824127197266,-1256.17189788818,32.9443359375
5.365,79.5991744995117,-1256.22634124756,32.88134765625
5.366666666666666,79.6159515380859,-1256.28029632568,32.81396484375
5.368333333333333,79.6327133178711,-1256.33351898193,32.74951171875
5.37,79.6494674682617,-1256.38625335693,32.6982421875
5.371666666666667,79.6662445068359,-1256.43886566162,32.6630859375
5.373333333333333,79.6830062866211,-1256.49221038818,32.63525390625
5.375,79.6997604370117,-1256.54579925537,32.59716796875
5.376666666666667,79.7165222167969,-1256.59938812256,32.55322265625
5.378333333333333,79.7332763671875,-1256.65273284912,32.51220703125
5.38,79.7500381469727,-1256.70632171631,32.4755859375
5.381666666666667,79.7667999267578,-1256.76052093506,32.4462890625
5.383333333333334,79.7835540771484,-1256.81533050537,32.42138671875
5.385,79.8003005981445,-1256.8712387085,32.39501953125
5.386666666666667,79.8170471191406,-1256.92873382568,32.3671875
5.388333333333334,79.8338165283203,-1256.987449646,32.33349609375
5.39,79.8505783081055,-1257.04689788818,32.296875
5.391666666666667,79.8673248291016,-1257.10683441162,32.255859375
5.3933333333333335,79.8840942382813,-1257.16689300537,32.2060546875
5.395,79.9008560180664,-1257.22621917725,32.15771484375
5.3966666666666665,79.9176177978516,-1257.28444671631,32.1240234375
5.398333333333333,79.9343719482422,-1257.34059906006,32.1064453125
5.4,79.9511337280273,-1257.39138031006,32.09912109375
5.401666666666666,79.9678955078125,-1257.44240570068,32.0888671875
5.403333333333333,79.9846496582031,-1257.49355316162,32.068359375
5.405,80.0014114379883,-1257.54445648193,32.0390625
5.406666666666666,80.0181579589844,-1257.59535980225,32.00830078125
5.408333333333333,80.034912109375,-1257.64650726318,31.98193359375
5.41,80.0516586303711,-1257.69765472412,31.9658203125
5.411666666666667,80.0684051513672,-1257.74904632568,31.95556640625
5.413333333333333,80.0851593017578,-1257.80055999756,31.94970703125
5.415,80.101921081543,-1257.85231781006,31.93359375
5.416666666666667,80.1186828613281,-1257.90395355225,31.916015625
5.418333333333333,80.1354370117188,-1257.95546722412,31.89990234375
5.42,80.1521987915039,-1258.00685882568,31.89111328125
5.421666666666667,80.1689605712891,-1258.05837249756,31.87939453125
5.423333333333333,80.1857452392578,-1258.11037445068,31.8603515625
5.425,80.2024917602539,-1258.16274261475,31.83251953125
5.426666666666667,80.2192687988281,-1258.21523284912,31.78564453125
5.428333333333334,80.2360229492188,-1258.26784515381,31.7138671875
5.43,80.2527847290039,-1258.3204574585,31.62744140625
5.431666666666667,80.2695465087891,-1258.37282562256,31.5322265625
5.433333333333334,80.2863159179688,-1258.42519378662,31.4326171875
5.435,80.3030776977539,-1258.47756195068,31.33154296875
5.4366666666666665,80.3198547363281,-1258.53005218506,31.2421875
5.4383333333333335,80.3366394042969,-1258.58229827881,31.17041015625
5.44,80.353385925293,-1258.63417816162,31.1279296875
5.441666666666666,80.3701477050781,-1258.68605804443,31.1484375
5.443333333333333,80.3869018554688,-1258.73793792725,31.166015625
5.445,80.403678894043,-1258.78993988037,31.18359375
5.446666666666666,80.4204406738281,-1258.84181976318,31.2041015625
5.448333333333333,80.4372100830078,-1258.893699646,31.2216796875
5.45,80.453971862793,-1258.9454574585,31.23193359375
5.451666666666667,80.4707183837891,-1258.99733734131,31.24072265625
5.453333333333333,80.4875030517578,-1259.04921722412,31.24658203125
5.455,80.504280090332,-1259.10134124756,31.25390625
5.456666666666667,80.5210418701172,-1259.15334320068,31.26123046875
5.458333333333333,80.5378189086914,-1259.20546722412,31.271484375
5.46,80.5546035766602,-1259.25771331787,31.283203125
5.461666666666667,80.5713806152344,-1259.31032562256,31.29638671875
5.463333333333333,80.5881729125977,-1259.36293792725,31.30810546875
5.465,80.6049652099609,-1259.41555023193,31.3125
5.466666666666667,80.6217498779297,-1259.46804046631,31.31103515625
5.468333333333334,80.638542175293,-1259.52004241943,31.30810546875
5.47,80.6553344726563,-1259.57155609131,31.306640625
5.471666666666667,80.672119140625,-1259.62306976318,31.30810546875
5.473333333333334,80.6888961791992,-1259.67458343506,31.3125
5.475,80.7056884765625,-1259.72621917725,31.31396484375
5.476666666666667,80.7224655151367,-1259.77785491943,31.3154296875
5.4783333333333335,80.7392654418945,-1259.82973480225,31.3154296875
5.48,80.7560577392578,-1259.881980896,31.31982421875
5.4816666666666665,80.772834777832,-1259.93459320068,31.32421875
5.483333333333333,80.7896118164063,-1259.98708343506,31.32568359375
5.485,80.8064270019531,-1260.03957366943,31.32568359375
5.486666666666666,80.8232040405273,-1260.09218597412,31.32275390625
5.488333333333333,80.8399963378906,-1260.14479827881,31.31982421875
5.49,80.8567733764648,-1260.19716644287,31.318359375
5.491666666666666,80.8735733032227,-1260.249168396,31.3212890625
5.493333333333333,80.8903656005859,-1260.30104827881,31.32421875
5.495,80.9071578979492,-1260.35292816162,31.3271484375
5.496666666666667,80.9239349365234,-1260.40505218506,31.3271484375
5.498333333333333,80.9407501220703,-1260.45742034912,31.33154296875
5.5,80.9575271606445,-1260.5099105835,31.3359375
5.501666666666667,80.9742889404297,-1260.56240081787,31.3388671875
5.503333333333333,80.9910888671875,-1260.61489105225,31.3330078125
5.505,81.0078811645508,-1260.66738128662,31.32568359375
5.506666666666667,81.0246734619141,-1260.71974945068,31.3212890625
5.508333333333334,81.0414505004883,-1260.77199554443,31.31982421875
5.51,81.0582504272461,-1260.82424163818,31.32568359375
5.511666666666667,81.0750427246094,-1260.87673187256,31.33447265625
5.513333333333334,81.0918502807617,-1260.92946624756,31.3447265625
5.515,81.1086273193359,-1260.98220062256,31.353515625
5.516666666666667,81.1254272460938,-1261.03469085693,31.359375
5.5183333333333335,81.142219543457,-1261.08718109131,31.3681640625
5.52,81.1590270996094,-1261.13967132568,31.37548828125
5.5216666666666665,81.1758193969727,-1261.19228363037,31.38134765625
5.523333333333333,81.1926040649414,-1261.24452972412,31.3828125
5.525,81.2093963623047,-1261.29653167725,31.3857421875
5.526666666666666,81.226203918457,-1261.34841156006,31.388671875
5.528333333333333,81.2430114746094,-1261.40016937256,31.39013671875
5.53,81.2598037719727,-1261.45180511475,31.39306640625
5.531666666666666,81.2766189575195,-1261.50356292725,31.400390625
5.533333333333333,81.2933959960938,-1261.55556488037,31.412109375
5.535,81.3102035522461,-1261.60768890381,31.423828125
5.536666666666667,81.3270111083984,-1261.65981292725,31.435546875
5.538333333333333,81.3438110351563,-1261.71193695068,31.44287109375
5.54,81.3606033325195,-1261.76430511475,31.447265625
5.541666666666667,81.3773956298828,-1261.81679534912,31.45166015625
5.543333333333333,81.3941879272461,-1261.8692855835,31.4560546875
5.545,81.4109878540039,-1261.92140960693,31.46337890625
5.546666666666667,81.4277648925781,-1261.97341156006,31.47216796875
5.548333333333333,81.4445419311523,-1262.02565765381,31.482421875
5.55,81.4613189697266,-1262.07802581787,31.48974609375
5.551666666666667,81.4781036376953,-1262.13051605225,31.49560546875
5.553333333333334,81.4948806762695,-1262.182762146,31.49853515625
5.555,81.5116577148438,-1262.23513031006,31.5
5.556666666666667,81.5284423828125,-1262.28737640381,31.50146484375
5.558333333333334,81.5452194213867,-1262.33950042725,31.51025390625
5.56,81.5619812011719,-1262.39186859131,31.5205078125
5.5616666666666665,81.5787658691406,-1262.44435882568,31.529296875
5.5633333333333335,81.5955276489258,-1262.49709320068,31.53662109375
5.565,81.6122894287109,-1262.54982757568,31.54248046875
5.566666666666666,81.6290512084961,-1262.60256195068,31.5498046875
5.568333333333333,81.6458358764648,-1262.65529632568,31.5556640625
5.57,81.66259765625,-1262.70803070068,31.56298828125
5.571666666666666,81.6793746948242,-1262.760887146,31.57470703125
5.573333333333333,81.696159362793,-1262.81386566162,31.5908203125
5.575,81.7129211425781,-1262.86684417725,31.60693359375
5.576666666666667,81.7296981811523,-1262.91970062256,31.62158203125
5.578333333333333,81.7464828491211,-1262.97255706787,31.6376953125
5.58,81.7632598876953,-1263.02529144287,31.65234375
5.581666666666667,81.7800369262695,-1263.07802581787,31.6611328125
5.583333333333333,81.7968139648438,-1263.13088226318,31.66845703125
5.585,81.8135986328125,-1263.1837387085,31.67724609375
5.586666666666667,81.8303756713867,-1263.23683929443,31.69482421875
5.588333333333333,81.84716796875,-1263.29006195068,31.7138671875
5.59,81.8639373779297,-1263.34328460693,31.7255859375
5.591666666666667,81.880729675293,-1263.39614105225,31.7314453125
5.593333333333334,81.8975067138672,-1263.44887542725,31.7373046875
5.595,81.9142837524414,-1263.50160980225,31.7490234375
5.596666666666667,81.9310531616211,-1263.55446624756,31.763671875
5.598333333333334,81.9478302001953,-1263.60732269287,31.78125
5.6,81.9646224975586,-1263.66054534912,31.798828125
5.601666666666667,81.9814147949219,-1263.71389007568,31.81201171875
5.6033333333333335,81.9981994628906,-1263.76711273193,31.82080078125
5.605,82.0149917602539,-1263.82033538818,31.82666015625
5.6066666666666665,82.0317687988281,-1263.87306976318,31.82958984375
5.608333333333333,82.0485534667969,-1263.92568206787,31.82958984375
5.61,82.0653610229492,-1263.97805023193,31.828125
5.611666666666666,82.0821380615234,-1264.030418396,31.82666015625
5.613333333333333,82.0989303588867,-1264.08303070068,31.82958984375
5.615,82.1156997680664,-1264.13613128662,31.833984375
5.616666666666666,82.1324768066406,-1264.18947601318,31.8427734375
5.618333333333333,82.1492538452148,-1264.24282073975,31.85302734375
5.62,82.1660232543945,-1264.29628753662,31.85888671875
5.621666666666667,82.1828002929688,-1264.34963226318,31.86474609375
5.623333333333333,82.1995620727539,-1264.40273284912,31.87353515625
5.625,82.2163238525391,-1264.45583343506,31.88671875
5.626666666666667,82.2331237792969,-1264.50905609131,31.90283203125
5.628333333333333,82.249885559082,-1264.5626449585,31.916015625
5.63,82.2666473388672,-1264.61623382568,31.92626953125
5.631666666666667,82.2834320068359,-1264.66945648193,31.93212890625
5.633333333333334,82.3002243041992,-1264.72231292725,31.93798828125
5.635,82.3170013427734,-1264.77529144287,31.9423828125
5.636666666666667,82.3337783813477,-1264.82851409912,31.9482421875
5.638333333333334,82.3505783081055,-1264.88210296631,31.95263671875
5.64,82.3673553466797,-1264.93581390381,31.96142578125
5.641666666666667,82.384147644043,-1264.989402771,31.9658203125
5.6433333333333335,82.4009323120117,-1265.04286956787,31.96875
5.645,82.417724609375,-1265.09609222412,31.97314453125
5.6466666666666665,82.4345169067383,-1265.14931488037,31.974609375
5.648333333333333,82.4513092041016,-1265.202293396,31.98193359375
5.65,82.4681091308594,-1265.255027771,31.99072265625
5.651666666666666,82.4849166870117,-1265.30764007568,32.0009765625
5.653333333333333,82.5016937255859,-1265.36025238037,32.01123046875
5.655,82.5184860229492,-1265.41335296631,32.02001953125
5.656666666666666,82.535285949707,-1265.46669769287,32.0244140625
5.658333333333333,82.5520782470703,-1265.52040863037,32.02587890625
5.66,82.5688858032227,-1265.57411956787,32.0244140625
5.661666666666667,82.5856781005859,-1265.62746429443,32.02001953125
5.663333333333333,82.6024703979492,-1265.68068695068,32.01416015625
5.665,82.619270324707,-1265.73415374756,32.009765625
5.666666666666667,82.6360778808594,-1265.78810882568,32.00830078125
5.668333333333333,82.6528854370117,-1265.84230804443,32.0068359375
5.67,82.669677734375,-1265.89650726318,32.00244140625
5.671666666666667,82.6864776611328,-1265.95058441162,31.99951171875
5.673333333333333,82.7032699584961,-1266.00429534912,32.0009765625
5.675,82.7200622558594,-1266.05764007568,32.0068359375
5.676666666666667,82.7368545532227,-1266.11074066162,32.01416015625
5.678333333333334,82.7536392211914,-1266.16396331787,32.021484375
5.68,82.7704315185547,-1266.21718597412,32.02294921875
5.681666666666667,82.7872085571289,-1266.27077484131,32.021484375
5.683333333333334,82.8039855957031,-1266.3243637085,32.0185546875
5.685,82.8207855224609,-1266.37795257568,32.015625
5.6866666666666665,82.8375625610352,-1266.43154144287,32.0126953125
5.6883333333333335,82.8543395996094,-1266.48488616943,32.009765625
5.69,82.8711242675781,-1266.538230896,32.009765625
5.691666666666666,82.8879165649414,-1266.59157562256,32.01416015625
5.693333333333333,82.9047088623047,-1266.64479827881,32.0244140625
5.695,82.9214859008789,-1266.69802093506,32.0361328125
5.696666666666666,82.9382705688477,-1266.75136566162,32.044921875
5.698333333333333,82.9550476074219,-1266.8048324585,32.05078125
5.7,82.9718246459961,-1266.85829925537,32.05078125
5.701666666666667,82.9886169433594,-1266.91152191162,32.05224609375
5.703333333333333,83.0054168701172,-1266.96462249756,32.05810546875
5.705,83.0222091674805,-1267.01747894287,32.06982421875
5.706666666666667,83.0389862060547,-1267.07021331787,32.0771484375
5.708333333333333,83.055793762207,-1267.1231918335,32.07568359375
5.71,83.0725936889648,-1267.17629241943,32.0712890625
5.711666666666667,83.0893859863281,-1267.22951507568,32.0654296875
5.713333333333333,83.1061782836914,-1267.28285980225,32.06103515625
5.715,83.1229858398438,-1267.33620452881,32.06103515625
5.716666666666667,83.1397857666016,-1267.38954925537,32.0654296875
5.718333333333334,83.1565780639648,-1267.44313812256,32.07568359375
5.72,83.1733703613281,-1267.49697113037,32.08740234375
5.721666666666667,83.1901626586914,-1267.55068206787,32.10205078125
5.723333333333334,83.2069625854492,-1267.60427093506,32.11083984375
5.725,83.2237701416016,-1267.65761566162,32.12109375
5.726666666666667,83.2405776977539,-1267.71083831787,32.12841796875
5.7283333333333335,83.2573852539063,-1267.7638168335,32.13720703125
5.73,83.2741851806641,-1267.81679534912,32.1474609375
5.7316666666666665,83.2909774780273,-1267.86977386475,32.15771484375
5.733333333333333,83.3077850341797,-1267.92287445068,32.16796875
5.735,83.324577331543,-1267.97634124756,32.18115234375
5.736666666666666,83.3413848876953,-1268.02993011475,32.19580078125
5.738333333333333,83.3581695556641,-1268.08376312256,32.21044921875
5.74,83.3749771118164,-1268.13759613037,32.22509765625
5.741666666666666,83.3917694091797,-1268.19130706787,32.23828125
5.743333333333333,83.408561706543,-1268.24514007568,32.24853515625
5.745,83.4253463745117,-1268.2989730835,32.2529296875
5.746666666666667,83.442138671875,-1268.35317230225,32.25732421875
5.748333333333333,83.4589309692383,-1268.40724945068,32.26025390625
5.75,83.475715637207,-1268.4610824585,32.26318359375
5.751666666666667,83.4924774169922,-1268.51491546631,32.2705078125
5.753333333333333,83.5092544555664,-1268.56862640381,32.28076171875
5.755,83.5260314941406,-1268.62233734131,32.29541015625
5.756666666666667,83.5428314208984,-1268.67604827881,32.30712890625
5.758333333333334,83.5596084594727,-1268.72975921631,32.314453125
5.76,83.5764007568359,-1268.78371429443,32.3115234375
5.761666666666667,83.5931930541992,-1268.83791351318,32.30419921875
5.763333333333334,83.609992980957,-1268.89235687256,32.296875
5.765,83.6267852783203,-1268.94667816162,32.2939453125
5.766666666666667,83.6435623168945,-1269.001121521,32.29248046875
5.7683333333333335,83.6603546142578,-1269.05532073975,32.29248046875
5.77,83.6771545410156,-1269.10964202881,32.2939453125
5.7716666666666665,83.693962097168,-1269.16384124756,32.2939453125
5.773333333333333,83.7107543945313,-1269.21804046631,32.29541015625
5.775,83.7275466918945,-1269.27223968506,32.296875
5.776666666666666,83.7443466186523,-1269.32656097412,32.29248046875
5.778333333333333,83.7611389160156,-1269.3810043335,32.2880859375
5.78,83.7779159545898,-1269.43556976318,32.279296875
5.781666666666666,83.7947082519531,-1269.49025726318,32.2734375
5.783333333333333,83.8115081787109,-1269.54482269287,32.27197265625
5.785,83.8283157348633,-1269.59889984131,32.2705078125
5.786666666666667,83.8451232910156,-1269.65236663818,32.26904296875
5.788333333333333,83.861930847168,-1269.70558929443,32.26318359375
5.79,83.8787460327148,-1269.75856781006,32.2587890625
5.791666666666667,83.8955535888672,-1269.81179046631,32.2587890625
5.793333333333333,83.9123458862305,-1269.86550140381,32.2587890625
5.795,83.9291534423828,-1269.91957855225,32.26318359375
5.796666666666667,83.9459457397461,-1269.97414398193,32.267578125
5.798333333333333,83.962760925293,-1270.028465271,32.27197265625
5.8,83.9795532226563,-1270.08242034912,32.27783203125
5.801666666666667,83.9963455200195,-1270.13576507568,32.28076171875
5.803333333333334,84.0131378173828,-1270.18898773193,32.28076171875
5.805,84.0299377441406,-1270.24208831787,32.2763671875
5.806666666666667,84.046745300293,-1270.29543304443,32.2734375
5.808333333333334,84.0635528564453,-1270.34865570068,32.2705078125
5.81,84.0803146362305,-1270.40187835693,32.27197265625
5.8116666666666665,84.0971145629883,-1270.45497894287,32.27197265625
5.8133333333333335,84.1138916015625,-1270.5079574585,32.27197265625
5.815,84.1306686401367,-1270.56105804443,32.26611328125
5.816666666666666,84.1474609375,-1270.61428070068,32.25732421875
5.818333333333333,84.1642761230469,-1270.66738128662,32.24560546875
5.82,84.1810684204102,-1270.72060394287,32.23388671875
5.821666666666666,84.1978607177734,-1270.77370452881,32.220703125
5.823333333333333,84.2146682739258,-1270.82704925537,32.2060546875
5.825,84.2314682006836,-1270.88063812256,32.19287109375
5.826666666666667,84.2482604980469,-1270.93434906006,32.18701171875
5.828333333333333,84.2650680541992,-1270.98805999756,32.18994140625
5.83,84.2818603515625,-1271.04177093506,32.19873046875
5.831666666666667,84.2986755371094,-1271.09548187256,32.2119140625
5.833333333333333,84.3154830932617,-1271.14931488037,32.220703125
5.835,84.3322906494141,-1271.20314788818,32.22509765625
5.836666666666667,84.3491287231445,-1271.25722503662,32.2294921875
5.838333333333333,84.3659515380859,-1271.31130218506,32.2294921875
5.84,84.3827590942383,-1271.3653793335,32.23388671875
5.841666666666667,84.3995895385742,-1271.41957855225,32.2412109375
5.843333333333334,84.4163970947266,-1271.473777771,32.25439453125
5.845,84.4332046508789,-1271.52797698975,32.267578125
5.846666666666667,84.4500122070313,-1271.58205413818,32.27783203125
5.848333333333334,84.4668350219727,-1271.63613128662,32.28369140625
5.85,84.4836502075195,-1271.69033050537,32.29248046875
5.851666666666667,84.5004577636719,-1271.74465179443,32.30126953125
5.8533333333333335,84.5172653198242,-1271.7989730835,32.314453125
5.855,84.5340576171875,-1271.85317230225,32.3291015625
5.8566666666666665,84.5508728027344,-1271.90688323975,32.337890625
5.858333333333333,84.5676803588867,-1271.96035003662,32.34228515625
5.86,84.5844879150391,-1272.01369476318,32.34521484375
5.861666666666666,84.6012802124023,-1272.06716156006,32.3466796875
5.863333333333333,84.6180877685547,-1272.12062835693,32.3466796875
5.865,84.6349029541016,-1272.17409515381,32.34228515625
5.866666666666666,84.6517105102539,-1272.22756195068,32.33203125
5.868333333333333,84.6685180664063,-1272.28115081787,32.3203125
5.87,84.6853256225586,-1272.33486175537,32.30859375
5.871666666666667,84.7021331787109,-1272.3888168335,32.29833984375
5.873333333333333,84.7189331054688,-1272.44289398193,32.29248046875
5.875,84.7357406616211,-1272.49684906006,32.28369140625
5.876666666666667,84.7525329589844,-1272.5509262085,32.27490234375
5.878333333333333,84.7693405151367,-1272.60536956787,32.26171875
5.88,84.7861557006836,-1272.65993499756,32.24853515625
5.881666666666667,84.8029632568359,-1272.71462249756,32.23681640625
5.883333333333334,84.8197708129883,-1272.76918792725,32.2236328125
5.885,84.8365783691406,-1272.82363128662,32.21337890625
5.886666666666667,84.853385925293,-1272.87795257568,32.2060546875
5.888333333333334,84.8701858520508,-1272.93190765381,32.20458984375
5.89,84.8869934082031,-1272.98574066162,32.20458984375
5.891666666666667,84.9038009643555,-1273.03969573975,32.20166015625
5.8933333333333335,84.9205932617188,-1273.09365081787,32.197265625
5.895,84.9374160766602,-1273.14785003662,32.18994140625
5.8966666666666665,84.954231262207,-1273.20204925537,32.185546875
5.898333333333333,84.9710388183594,-1273.25588226318,32.18701171875
5.9,84.9878463745117,-1273.30947113037,32.19287109375
5.901666666666666,85.0046539306641,-1273.36281585693,32.2001953125
5.903333333333333,85.0214538574219,-1273.4161605835,32.20458984375
5.905,85.0382614135742,-1273.46926116943,32.2060546875
5.906666666666666,85.0550689697266,-1273.52223968506,32.2060546875
5.908333333333333,85.0718612670898,-1273.57497406006,32.20458984375
5.91,85.0886688232422,-1273.62770843506,32.20166015625
5.911666666666667,85.10546875,-1273.68044281006,32.197265625
5.913333333333333,85.1222763061523,-1273.73329925537,32.1884765625
5.915,85.1390838623047,-1273.78652191162,32.17822265625
5.916666666666667,85.155876159668,-1273.83962249756,32.16943359375
5.918333333333333,85.1726760864258,-1273.8927230835,32.15771484375
5.92,85.1894683837891,-1273.94570159912,32.1416015625
5.921666666666667,85.2062454223633,-1273.99868011475,32.12548828125
5.923333333333333,85.2230377197266,-1274.05178070068,32.1064453125
5.925,85.2398376464844,-1274.10488128662,32.09033203125
5.926666666666667,85.2566146850586,-1274.15822601318,32.0712890625
5.928333333333334,85.2734069824219,-1274.21181488037,32.05224609375
5.93,85.2901840209961,-1274.2657699585,32.03759765625
5.931666666666667,85.3069839477539,-1274.31984710693,32.02880859375
5.933333333333334,85.3237762451172,-1274.37380218506,32.02294921875
5.935,85.3405685424805,-1274.42775726318,32.021484375
5.9366666666666665,85.3573608398438,-1274.48146820068,32.0185546875
5.9383333333333335,85.3741607666016,-1274.5353012085,32.0185546875
5.94,85.3909683227539,-1274.58913421631,32.02294921875
5.941666666666666,85.4077606201172,-1274.64308929443,32.02880859375
5.943333333333333,85.4245681762695,-1274.69704437256,32.0361328125
5.945,85.4413833618164,-1274.75087738037,32.0419921875
5.946666666666666,85.4581756591797,-1274.80446624756,32.05078125
5.948333333333333,85.474983215332,-1274.85793304443,32.056640625
5.95,85.4917755126953,-1274.911277771,32.06396484375
5.951666666666667,85.5085754394531,-1274.96462249756,32.06982421875
5.953333333333333,85.5253677368164,-1275.01796722412,32.07861328125
5.955,85.5421447753906,-1275.07118988037,32.0888671875
5.956666666666667,85.5589370727539,-1275.12441253662,32.1005859375
5.958333333333333,85.5757522583008,-1275.17763519287,32.1181640625
5.96,85.5925445556641,-1275.23073577881,32.1357421875
5.961666666666667,85.6093521118164,-1275.28383636475,32.1533203125
5.963333333333333,85.6261291503906,-1275.337059021,32.16943359375
5.965,85.6429290771484,-1275.39015960693,32.18408203125
5.966666666666667,85.6597213745117,-1275.44338226318,32.19580078125
5.968333333333334,85.676513671875,-1275.4962387085,32.203125
5.97,85.6933059692383,-1275.5489730835,32.2060546875
5.971666666666667,85.710090637207,-1275.6017074585,32.203125
5.973333333333334,85.7268981933594,-1275.65480804443,32.19287109375
5.975,85.7436752319336,-1275.70827484131,32.1796875
5.976666666666667,85.7604675292969,-1275.76210784912,32.16357421875
5.9783333333333335,85.7772674560547,-1275.81606292725,32.15185546875
5.98,85.794059753418,-1275.870262146,32.14013671875
5.9816666666666665,85.8108673095703,-1275.92446136475,32.1298828125
5.983333333333333,85.8276596069336,-1275.97853851318,32.11962890625
5.985,85.8444671630859,-1276.03249359131,32.10498046875
5.986666666666666,85.8612670898438,-1276.08632659912,32.0888671875
5.988333333333333,85.8780746459961,-1276.14015960693,32.07421875
5.99,85.8948669433594,-1276.19362640381,32.0654296875
5.991666666666666,85.9116744995117,-1276.24697113037,32.0625
5.993333333333333,85.9284744262695,-1276.30019378662,32.06396484375
5.995,85.9452819824219,-1276.3536605835,32.0654296875
5.996666666666667,85.9620742797852,-1276.407371521,32.06689453125
5.998333333333333,85.9788818359375,-1276.46157073975,32.06982421875
6,85.9956817626953,-1276.51613616943,32.0712890625
6.001666666666667,86.0124740600586,-1276.57070159912,32.07568359375
6.003333333333333,86.0292816162109,-1276.6251449585,32.08154296875
6.005,86.0460739135742,-1276.67946624756,32.08740234375
6.006666666666667,86.0628662109375,-1276.73378753662,32.09619140625
6.008333333333334,86.0796813964844,-1276.78786468506,32.103515625
6.01,86.0964736938477,-1276.84181976318,32.115234375
6.011666666666667,86.11328125,-1276.895652771,32.12109375
6.013333333333334,86.1301040649414,-1276.9493637085,32.1181640625
6.015,86.1469192504883,-1277.00258636475,32.10498046875
6.016666666666667,86.1637268066406,-1277.05544281006,32.08740234375
6.0183333333333335,86.1805038452148,-1277.10805511475,32.06689453125
6.02,86.1973114013672,-1277.16078948975,32.0478515625
6.0216666666666665,86.2141036987305,-1277.21364593506,32.03173828125
6.023333333333333,86.2308883666992,-1277.26662445068,32.0185546875
6.025,86.2476959228516,-1277.31972503662,32.009765625
6.026666666666666,86.2644729614258,-1277.37245941162,32.00537109375
6.028333333333333,86.2812728881836,-1277.424949646,32.00244140625
6.03,86.2980651855469,-1277.47731781006,31.99658203125
6.031666666666666,86.3148574829102,-1277.53005218506,31.998046875
6.033333333333333,86.3316497802734,-1277.583152771,32.00390625
6.035,86.3484420776367,-1277.63661956787,32.01416015625
6.036666666666667,86.3652420043945,-1277.69008636475,32.0244140625
6.038333333333333,86.3820495605469,-1277.74343109131,32.02880859375
6.04,86.3988418579102,-1277.79689788818,32.02294921875
6.041666666666667,86.4156341552734,-1277.85024261475,32.00830078125
6.043333333333333,86.4324340820313,-1277.90370941162,31.9892578125
6.045,86.4492416381836,-1277.95729827881,31.9716796875
6.046666666666667,86.4660339355469,-1278.01100921631,31.95703125
6.048333333333333,86.4828262329102,-1278.06484222412,31.9423828125
6.05,86.499626159668,-1278.11867523193,31.92919921875
6.051666666666667,86.5164337158203,-1278.17250823975,31.916015625
6.053333333333334,86.5332260131836,-1278.225730896,31.90283203125
6.055,86.5500335693359,-1278.27822113037,31.892578125
6.056666666666667,86.5668487548828,-1278.3302230835,31.88671875
6.058333333333334,86.5836563110352,-1278.38222503662,31.88525390625
6.06,86.6004638671875,-1278.43434906006,31.88818359375
6.0616666666666665,86.6172866821289,-1278.48671722412,31.89404296875
6.0633333333333335,86.6340942382813,-1278.53957366943,31.90283203125
6.065,86.6509094238281,-1278.59267425537,31.90869140625
6.066666666666666,86.6677322387695,-1278.64601898193,31.91015625
6.068333333333333,86.6845397949219,-1278.69960784912,31.91162109375
6.07,86.7013473510742,-1278.75319671631,31.916015625
6.071666666666666,86.7181701660156,-1278.80654144287,31.9248046875
6.073333333333333,86.734992980957,-1278.86013031006,31.9306640625
6.075,86.751823425293,-1278.91396331787,31.93212890625
6.076666666666667,86.7686614990234,-1278.96804046631,31.927734375
6.078333333333333,86.7854843139648,-1279.02236175537,31.921875
6.08,86.8023071289063,-1279.07643890381,31.916015625
6.081666666666667,86.8191299438477,-1279.13014984131,31.91015625
6.083333333333333,86.8359527587891,-1279.18349456787,31.9072265625
6.085,86.852783203125,-1279.2364730835,31.90576171875
6.086666666666667,86.8696212768555,-1279.28945159912,31.904296875
6.088333333333333,86.8864288330078,-1279.34255218506,31.90283203125
6.09,86.9032669067383,-1279.395652771,31.89697265625
6.091666666666667,86.9200897216797,-1279.44863128662,31.8896484375
6.093333333333334,86.9369125366211,-1279.50148773193,31.880859375
6.095,86.9537582397461,-1279.55422210693,31.87939453125
6.096666666666667,86.9705963134766,-1279.60707855225,31.88525390625
6.098333333333334,86.987434387207,-1279.65981292725,31.89404296875
6.1,87.0042877197266,-1279.71254730225,31.8984375
6.101666666666667,87.021110534668,-1279.76540374756,31.89697265625
6.1033333333333335,87.0379638671875,-1279.81862640381,31.892578125
6.105,87.054801940918,-1279.872215271,31.880859375
6.1066666666666665,87.0716552734375,-1279.92568206787,31.8662109375
6.108333333333333,87.0885162353516,-1279.97890472412,31.8486328125
6.11,87.105354309082,-1280.03176116943,31.82958984375
6.111666666666666,87.1221923828125,-1280.08461761475,31.8076171875
6.113333333333333,87.139030456543,-1280.13771820068,31.79150390625
6.115,87.1558685302734,-1280.19094085693,31.7783203125
6.116666666666666,87.172721862793,-1280.24416351318,31.76806640625
6.118333333333333,87.1895751953125,-1280.29726409912,31.7578125
6.12,87.2063980102539,-1280.35024261475,31.7431640625
6.121666666666667,87.2232437133789,-1280.40309906006,31.73291015625
6.123333333333333,87.2400970458984,-1280.45607757568,31.72705078125
6.125,87.2569351196289,-1280.50917816162,31.72998046875
6.126666666666667,87.2737884521484,-1280.56252288818,31.74169921875
6.128333333333333,87.2906265258789,-1280.61598968506,31.751953125
6.13,87.3074645996094,-1280.66957855225,31.75634765625
6.131666666666667,87.3243179321289,-1280.72292327881,31.7578125
6.133333333333334,87.3411560058594,-1280.77614593506,31.75927734375
6.135,87.3580017089844,-1280.829246521,31.76806640625
6.136666666666667,87.3748397827148,-1280.88234710693,31.78125
6.138333333333334,87.3916778564453,-1280.93532562256,31.7900390625
6.14,87.4085159301758,-1280.98805999756,31.7958984375
6.141666666666667,87.4253540039063,-1281.04042816162,31.80029296875
6.1433333333333335,87.4421920776367,-1281.09243011475,31.8046875
6.145,87.4590301513672,-1281.14443206787,31.80615234375
6.1466666666666665,87.4758682250977,-1281.19631195068,31.80615234375
6.148333333333333,87.4926986694336,-1281.2481918335,31.8076171875
6.15,87.509521484375,-1281.30007171631,31.81201171875
6.151666666666666,87.5263290405273,-1281.35207366943,31.8193359375
6.153333333333333,87.5431671142578,-1281.40383148193,31.8251953125
6.155,87.5599746704102,-1281.45583343506,31.8251953125
6.156666666666666,87.576789855957,-1281.50832366943,31.82373046875
6.158333333333333,87.5935974121094,-1281.56130218506,31.822265625
6.16,87.6104049682617,-1281.61452484131,31.8193359375
6.161666666666667,87.627197265625,-1281.66762542725,31.81640625
6.163333333333333,87.6440048217773,-1281.7208480835,31.81494140625
6.165,87.6608200073242,-1281.77407073975,31.81201171875
6.166666666666667,87.6776275634766,-1281.82765960693,31.80908203125
6.168333333333333,87.6944351196289,-1281.88161468506,31.8017578125
6.17,87.7112426757813,-1281.93544769287,31.79443359375
6.171666666666667,87.7280426025391,-1281.98891448975,31.787109375
6.173333333333333,87.7448501586914,-1282.042137146,31.78271484375
6.175,87.7616577148438,-1282.09523773193,31.78271484375
6.176666666666667,87.7784652709961,-1282.14882659912,31.7841796875
6.178333333333334,87.7952575683594,-1282.20265960693,31.78857421875
6.18,87.8120727539063,-1282.25624847412,31.79443359375
6.181666666666667,87.8288650512695,-1282.30947113037,31.80322265625
6.183333333333334,87.8456420898438,-1282.36257171631,31.81494140625
6.185,87.862434387207,-1282.41579437256,31.82958984375
6.1866666666666665,87.8792343139648,-1282.46913909912,31.84130859375
6.1883333333333335,87.8960266113281,-1282.52272796631,31.8544921875
6.19,87.9128189086914,-1282.5763168335,31.869140625
6.191666666666666,87.9296112060547,-1282.62990570068,31.88525390625
6.193333333333333,87.9464111328125,-1282.68337249756,31.904296875
6.195,87.9632034301758,-1282.73671722412,31.92919921875
6.196666666666666,87.9799957275391,-1282.78981781006,31.95556640625
6.198333333333333,87.9968032836914,-1282.842918396,31.97607421875
6.2,88.0135879516602,-1282.89601898193,31.9921875
6.201666666666667,88.0303649902344,-1282.94887542725,32.0068359375
6.203333333333333,88.0471572875977,-1283.00160980225,32.021484375
6.205,88.0639495849609,-1283.05434417725,32.0361328125
6.206666666666667,88.0807495117188,-1283.10707855225,32.04638671875
6.208333333333333,88.097526550293,-1283.15993499756,32.0478515625
6.21,88.1143035888672,-1283.21266937256,32.0419921875
6.211666666666667,88.1310806274414,-1283.26552581787,32.033203125
6.213333333333333,88.1478652954102,-1283.3185043335,32.02734375
6.215,88.1646575927734,-1283.37148284912,32.021484375
6.216666666666667,88.1814193725586,-1283.42470550537,32.015625
6.218333333333334,88.1982040405273,-1283.47792816162,32.00390625
6.22,88.2149963378906,-1283.5313949585,31.98779296875
6.221666666666667,88.2317733764648,-1283.58486175537,31.974609375
6.223333333333334,88.2485656738281,-1283.63832855225,31.96875
6.225,88.2653656005859,-1283.69167327881,31.9658203125
6.226666666666667,88.2821578979492,-1283.74489593506,31.962890625
6.2283333333333335,88.2989501953125,-1283.79787445068,31.95703125
6.23,88.3157424926758,-1283.85085296631,31.9482421875
6.2316666666666665,88.3325271606445,-1283.90395355225,31.9423828125
6.233333333333333,88.3493347167969,-1283.9571762085,31.93798828125
6.235,88.3661270141602,-1284.01076507568,31.93359375
6.236666666666666,88.3829193115234,-1284.0645980835,31.9306640625
6.238333333333333,88.3997192382813,-1284.11879730225,31.93212890625
6.24,88.4165115356445,-1284.172996521,31.9365234375
6.241666666666666,88.4333038330078,-1284.22731781006,31.9365234375
6.243333333333333,88.4500961303711,-1284.28176116943,31.939453125
6.245,88.4668960571289,-1284.3360824585,31.94384765625
6.246666666666667,88.4837036132813,-1284.39052581787,31.94970703125
6.248333333333333,88.5004959106445,-1284.44460296631,31.95263671875
6.25,88.5172882080078,-1284.49831390381,31.95263671875
6.251666666666667,88.5340881347656,-1284.55178070068,31.95556640625
6.253333333333333,88.5508804321289,-1284.60488128662,31.95849609375
6.255,88.5676727294922,-1284.65785980225,31.962890625
6.256666666666667,88.5844650268555,-1284.71059417725,31.96875
6.258333333333334,88.6012649536133,-1284.76320648193,31.9716796875
6.26,88.6180572509766,-1284.81581878662,31.97021484375
6.261666666666667,88.6348495483398,-1284.868309021,31.962890625
6.263333333333334,88.6516418457031,-1284.92079925537,31.951171875
6.265,88.6684417724609,-1284.97353363037,31.94091796875
6.266666666666667,88.6852188110352,-1285.02639007568,31.93359375
6.2683333333333335,88.7020111083984,-1285.07936859131,31.93212890625
6.27,88.7188034057617,-1285.13222503662,31.939453125
6.2716666666666665,88.7356033325195,-1285.18508148193,31.94970703125
6.273333333333333,88.7523956298828,-1285.23818206787,31.9599609375
6.275,88.769172668457,-1285.29140472412,31.9658203125
6.276666666666666,88.7859649658203,-1285.34450531006,31.96728515625
6.278333333333333,88.8027801513672,-1285.397605896,31.962890625
6.28,88.8195724487305,-1285.45082855225,31.951171875
6.281666666666666,88.8363647460938,-1285.50429534912,31.94091796875
6.283333333333333,88.853157043457,-1285.55739593506,31.9306640625
6.285,88.8699569702148,-1285.610496521,31.91748046875
6.286666666666667,88.8867645263672,-1285.66359710693,31.90576171875
6.288333333333333,88.9035720825195,-1285.71681976318,31.89111328125
6.29,88.9203643798828,-1285.76979827881,31.88232421875
6.291666666666667,88.9371719360352,-1285.82265472412,31.880859375
6.293333333333333,88.953987121582,-1285.87563323975,31.87939453125
6.295,88.9707946777344,-1285.92873382568,31.8779296875
6.296666666666667,88.9876022338867,-1285.98207855225,31.8720703125
6.298333333333333,89.0044250488281,-1286.03554534912,31.85888671875
6.3,89.0212326049805,-1286.089012146,31.85009765625
6.301666666666667,89.0380477905273,-1286.14211273193,31.83984375
6.303333333333334,89.0548553466797,-1286.19496917725,31.83251953125
6.305,89.071662902832,-1286.24745941162,31.82958984375
6.306666666666667,89.0884552001953,-1286.30007171631,31.828125
6.308333333333334,89.1052551269531,-1286.35280609131,31.828125
6.31,89.1220474243164,-1286.40590667725,31.82666015625
6.3116666666666665,89.1388397216797,-1286.45949554443,31.822265625
6.3133333333333335,89.155632019043,-1286.51332855225,31.81494140625
6.315,89.1724319458008,-1286.56728363037,31.80029296875
6.316666666666666,89.1892242431641,-1286.62099456787,31.77978515625
6.318333333333333,89.2060165405273,-1286.67470550537,31.7578125
6.32,89.2228088378906,-1286.72817230225,31.734375
6.321666666666666,89.2396240234375,-1286.7813949585,31.70947265625
6.323333333333333,89.2564163208008,-1286.83473968506,31.681640625
6.325,89.2732238769531,-1286.88820648193,31.65966796875
6.326666666666667,89.2900161743164,-1286.9415512085,31.6376953125
6.328333333333333,89.3068237304688,-1286.99489593506,31.6142578125
6.33,89.3236389160156,-1287.04811859131,31.587890625
6.331666666666667,89.3404312133789,-1287.10146331787,31.56591796875
6.333333333333333,89.3572387695313,-1287.15505218506,31.54541015625
6.335,89.3740463256836,-1287.20839691162,31.51611328125
6.336666666666667,89.3908462524414,-1287.26137542725,31.4794921875
6.338333333333333,89.4076538085938,-1287.31386566162,31.435546875
6.34,89.4244613647461,-1287.36550140381,31.39306640625
6.341666666666667,89.4412689208984,-1287.41738128662,31.35205078125
6.343333333333334,89.4580612182617,-1287.46913909912,31.31689453125
6.345,89.4748916625977,-1287.52101898193,31.283203125
6.346666666666667,89.49169921875,-1287.57326507568,31.259765625
6.348333333333334,89.5085067749023,-1287.62587738037,31.24365234375
6.35,89.5253143310547,-1287.67873382568,31.23779296875
6.351666666666667,89.542121887207,-1287.731590271,31.23779296875
6.3533333333333335,89.558952331543,-1287.78408050537,31.23779296875
6.355,89.5757598876953,-1287.83632659912,31.24072265625
6.3566666666666665,89.5925674438477,-1287.88820648193,31.24658203125
6.358333333333333,89.609375,-1287.93972015381,31.259765625
6.36,89.6261825561523,-1287.99098968506,31.27734375
6.361666666666666,89.6429977416992,-1288.042137146,31.30224609375
6.363333333333333,89.6598052978516,-1288.09328460693,31.32421875
6.365,89.6766128540039,-1288.14443206787,31.32275390625
6.366666666666666,89.6934356689453,-1288.19570159912,31.29345703125
6.368333333333333,89.7102432250977,-1288.24697113037,31.2509765625
6.37,89.7270584106445,-1288.29811859131,31.21142578125
6.371666666666667,89.7438659667969,-1288.34914398193,31.19384765625
6.373333333333333,89.7606735229492,-1288.40029144287,31.2158203125
6.375,89.7774810791016,-1288.45143890381,31.248046875
6.376666666666667,89.7942810058594,-1288.50197601318,31.283203125
6.378333333333333,89.8110885620117,-1288.55202484131,31.31396484375
6.38,89.827880859375,-1288.6017074585,31.3388671875
6.381666666666667,89.8446731567383,-1288.65163421631,31.36083984375
6.383333333333334,89.8614807128906,-1288.70168304443,31.36376953125
6.385,89.8782806396484,-1288.75185394287,31.34765625
6.386666666666667,89.8950881958008,-1288.801902771,31.31103515625
6.388333333333334,89.9118957519531,-1288.85243988037,31.2568359375
6.39,89.9287033081055,-1288.90370941162,31.19091796875
6.391666666666667,89.9455184936523,-1288.95595550537,31.11767578125
6.3933333333333335,89.9623260498047,-1289.00905609131,31.04296875
6.395,89.979133605957,-1289.0626449585,30.97705078125
6.3966666666666665,89.9959411621094,-1289.11672210693,30.9228515625
6.398333333333333,90.0127334594727,-1289.17116546631,30.896484375
6.4,90.0295486450195,-1289.22597503662,30.9052734375
6.401666666666666,90.0463562011719,-1289.28115081787,30.92724609375
6.403333333333333,90.0631637573242,-1289.33669281006,30.94189453125
6.405,90.0799865722656,-1289.391746521,30.95068359375
6.406666666666666,90.0967788696289,-1289.44496917725,30.9755859375
6.408333333333333,90.1135940551758,-1289.49599456787,31.02978515625
6.41,90.1304016113281,-1289.54579925537,31.10009765625
6.411666666666667,90.1472091674805,-1289.5958480835,31.15869140625
6.413333333333333,90.1640167236328,-1289.647605896,31.18505859375
6.415,90.1808319091797,-1289.70278167725,31.17333984375
6.416666666666667,90.197639465332,-1289.75905609131,31.13671875
6.418333333333333,90.2144470214844,-1289.81533050537,31.10302734375
6.42,90.2312698364258,-1289.87087249756,31.08837890625
6.421666666666667,90.2480926513672,-1289.92543792725,31.09716796875
6.423333333333333,90.2649078369141,-1289.97890472412,31.1279296875
6.425,90.2817153930664,-1290.03102874756,31.18212890625
6.426666666666667,90.2985382080078,-1290.08144378662,31.24072265625
6.428333333333334,90.3153457641602,-1290.13027191162,31.2861328125
6.43,90.3321685791016,-1290.17800140381,31.3037109375
6.431666666666667,90.3489761352539,-1290.22512054443,31.29638671875
6.433333333333334,90.3658065795898,-1290.27187347412,31.27294921875
6.435,90.3826141357422,-1290.3185043335,31.23779296875
6.4366666666666665,90.3994216918945,-1290.36550140381,31.201171875
6.4383333333333335,90.4162292480469,-1290.413230896,31.17626953125
6.44,90.4330520629883,-1290.46291351318,31.1689453125
6.441666666666666,90.4498672485352,-1290.51515960693,31.177734375
6.443333333333333,90.4666748046875,-1290.56826019287,31.19677734375
6.445,90.4834823608398,-1290.62062835693,31.21435546875
6.446666666666666,90.5003051757813,-1290.67250823975,31.23193359375
6.448333333333333,90.5171127319336,-1290.725730896,31.265625
6.45,90.5339279174805,-1290.78151702881,31.33154296875
6.451666666666667,90.5507354736328,-1290.83864593506,31.42822265625
6.453333333333333,90.5675277709961,-1290.8946762085,31.53662109375
6.455,90.5843353271484,-1290.94789886475,31.6318359375
6.456666666666667,90.6011505126953,-1290.99806976318,31.693359375
6.458333333333333,90.6179428100586,-1291.04616546631,31.751953125
6.46,90.6347503662109,-1291.0938949585,31.822265625
6.461666666666667,90.6515731811523,-1291.1427230835,31.90576171875
6.463333333333333,90.6683654785156,-1291.19313812256,31.99072265625
6.465,90.6851959228516,-1291.24562835693,32.0654296875
6.466666666666667,90.7020034790039,-1291.30019378662,32.13134765625
6.468333333333334,90.7188110351563,-1291.35524749756,32.20166015625
6.47,90.7356033325195,-1291.40908050537,32.28515625
6.471666666666667,90.7524108886719,-1291.4610824585,32.3701171875
6.473333333333334,90.7692260742188,-1291.51174163818,32.4375
6.475,90.786018371582,-1291.56203460693,32.47705078125
6.476666666666667,90.8028259277344,-1291.61220550537,32.5078125
6.4783333333333335,90.8196334838867,-1291.66274261475,32.55029296875
6.48,90.8364334106445,-1291.71474456787,32.607421875
6.4816666666666665,90.8532409667969,-1291.76857757568,32.64697265625
6.483333333333333,90.8700485229492,-1291.82411956787,32.6396484375
6.485,90.8868560791016,-1291.88088226318,32.60595703125
6.486666666666666,90.9036636352539,-1291.93788909912,32.57666015625
6.488333333333333,90.9204635620117,-1291.99440765381,32.56494140625
6.49,90.937255859375,-1292.05043792725,32.54443359375
6.491666666666666,90.9540634155273,-1292.10695648193,32.49609375
6.493333333333333,90.9708557128906,-1292.16481781006,32.42724609375
6.495,90.9876708984375,-1292.22389984131,32.373046875
6.496666666666667,91.0044784545898,-1292.28359222412,32.3642578125
6.498333333333333,91.0212707519531,-1292.3438949585,32.408203125
6.5,91.0380783081055,-1292.40505218506,32.4931640625
6.501666666666667,91.0548858642578,-1292.46718597412,32.59130859375
6.503333333333333,91.0717010498047,-1292.52968597412,32.68505859375
6.505,91.088493347168,-1292.59133148193,32.75830078125
6.506666666666667,91.1053009033203,-1292.65102386475,32.7919921875
6.508333333333334,91.1220932006836,-1292.70864105225,32.78173828125
6.51,91.1389083862305,-1292.76491546631,32.75830078125
6.511666666666667,91.1557006835938,-1292.82070159912,32.75537109375
6.513333333333334,91.1725082397461,-1292.87551116943,32.77734375
6.515,91.1893005371094,-1292.92824554443,32.80517578125
6.516666666666667,91.2061004638672,-1292.97829437256,32.8125
6.5183333333333335,91.2229080200195,-1293.0274887085,32.80078125
6.52,91.2397155761719,-1293.07802581787,32.78173828125
6.5216666666666665,91.2565078735352,-1293.13051605225,32.748046875
6.523333333333333,91.2733001708984,-1293.18349456787,32.689453125
6.525,91.2901000976563,-1293.23513031006,32.60595703125
6.526666666666666,91.3069076538086,-1293.28542327881,32.501953125
6.528333333333333,91.3237152099609,-1293.33535003662,32.390625
6.53,91.3405227661133,-1293.38625335693,32.2880859375
6.531666666666666,91.3573226928711,-1293.43776702881,32.21337890625
6.533333333333333,91.3741302490234,-1293.48952484131,32.1591796875
6.535,91.3909225463867,-1293.54091644287,32.10498046875
6.536666666666667,91.4076995849609,-1293.59243011475,32.03759765625
6.538333333333333,91.4245147705078,-1293.64492034912,31.9599609375
6.54,91.4413070678711,-1293.69875335693,31.8779296875
6.541666666666667,91.4581146240234,-1293.75392913818,31.79443359375
6.543333333333333,91.4749221801758,-1293.80983734131,31.7109375
6.545,91.4917297363281,-1293.86647796631,31.62744140625
6.546666666666667,91.508544921875,-1293.922996521,31.541015625
6.548333333333333,91.5253524780273,-1293.97829437256,31.4619140625
6.55,91.5421600341797,-1294.03200531006,31.41796875
6.551666666666667,91.558967590332,-1294.085105896,31.41796875
6.553333333333334,91.5757904052734,-1294.13869476318,31.43994140625
6.555,91.5926208496094,-1294.192527771,31.4677734375
6.556666666666667,91.6094284057617,-1294.24550628662,31.51611328125
6.558333333333334,91.6262512207031,-1294.29640960693,31.60546875
6.56,91.6430740356445,-1294.34560394287,31.7314453125
6.5616666666666665,91.6598815917969,-1294.39455413818,31.85595703125
6.5633333333333335,91.6767120361328,-1294.44374847412,31.951171875
6.565,91.6935348510742,-1294.49269866943,32.02001953125
6.566666666666666,91.7103576660156,-1294.54128265381,32.07568359375
6.568333333333333,91.727180480957,-1294.58937835693,32.1328125
6.57,91.7440032958984,-1294.63710784912,32.19873046875
6.571666666666666,91.7608108520508,-1294.68508148193,32.26318359375
6.573333333333333,91.7776412963867,-1294.73488616943,32.31884765625
6.575,91.7944641113281,-1294.78688812256,32.34521484375
6.576666666666667,91.8112869262695,-1294.84023284912,32.34521484375
6.578333333333333,91.8281097412109,-1294.893699646,32.33056640625
6.58,91.8449325561523,-1294.94692230225,32.31298828125
6.581666666666667,91.8617401123047,-1295.00038909912,32.30126953125
6.583333333333333,91.8785705566406,-1295.05458831787,32.28515625
6.585,91.895378112793,-1295.10976409912,32.2646484375
6.586666666666667,91.9122009277344,-1295.16530609131,32.232421875
6.588333333333333,91.9290237426758,-1295.21974945068,32.19140625
6.59,91.9458465576172,-1295.27285003662,32.1416015625
6.591666666666667,91.9626770019531,-1295.32680511475,32.09033203125
6.593333333333334,91.9794998168945,-1295.38307952881,32.03759765625
6.595,91.9963073730469,-1295.44069671631,31.99658203125
6.596666666666667,92.0131149291992,-1295.49782562256,31.9892578125
6.598333333333334,92.0299224853516,-1295.55458831787,32.02587890625
6.6,92.0467376708984,-1295.61208343506,32.10498046875
6.601666666666667,92.0635604858398,-1295.67177581787,32.203125
6.6033333333333335,92.0803680419922,-1295.73268890381,32.296875
6.605,92.0971908569336,-1295.7931137085,32.37744140625
6.6066666666666665,92.1139984130859,-1295.85182952881,32.45068359375
6.608333333333333,92.1308135986328,-1295.90810394287,32.51953125
6.61,92.1476364135742,-1295.96315765381,32.5927734375
6.611666666666666,92.1644439697266,-1296.01857757568,32.67919921875
6.613333333333333,92.1812515258789,-1296.07485198975,32.7802734375
6.615,92.1980743408203,-1296.1310043335,32.86962890625
6.616666666666666,92.2148895263672,-1296.18495941162,32.92529296875
6.618333333333333,92.2317123413086,-1296.23635101318,32.9501953125
6.62,92.24853515625,-1296.28664398193,32.9619140625
6.621666666666667,92.2653732299805,-1296.33766937256,32.96923828125
6.623333333333333,92.2821807861328,-1296.39052581787,32.96484375
6.625,92.2989883422852,-1296.44435882568,32.94140625
6.626666666666667,92.3158187866211,-1296.49855804443,32.89892578125
6.628333333333333,92.3326263427734,-1296.55251312256,32.853515625
6.63,92.3494491577148,-1296.6056137085,32.82568359375
6.631666666666667,92.3662567138672,-1296.65676116943,32.8154296875
6.633333333333334,92.3830642700195,-1296.706199646,32.78466796875
6.635,92.3998641967773,-1296.75490570068,32.7099609375
6.636666666666667,92.4166717529297,-1296.80507659912,32.60888671875
6.638333333333334,92.433479309082,-1296.85829925537,32.51513671875
6.64,92.4502868652344,-1296.91432952881,32.4345703125
6.641666666666667,92.4670791625977,-1296.971824646,32.361328125
6.6433333333333335,92.4838943481445,-1297.02919769287,32.27490234375
6.645,92.5006866455078,-1297.08596038818,32.1708984375
6.6466666666666665,92.5174942016602,-1297.14186859131,32.06103515625
6.648333333333333,92.5343017578125,-1297.19692230225,31.9658203125
6.65,92.5511169433594,-1297.25124359131,31.91162109375
6.651666666666666,92.5679092407227,-1297.30544281006,31.89990234375
6.653333333333333,92.5847015380859,-1297.36037445068,31.91455078125
6.655,92.6015090942383,-1297.41677093506,31.93798828125
6.656666666666666,92.6183166503906,-1297.47402191162,31.962890625
6.658333333333333,92.6351165771484,-1297.53066253662,32.00244140625
6.66,92.6519088745117,-1297.5860824585,32.06982421875
6.661666666666667,92.6687164306641,-1297.64052581787,32.15625
6.663333333333333,92.6855239868164,-1297.69435882568,32.2265625
6.665,92.7023239135742,-1297.74745941162,32.2529296875
6.666666666666667,92.7191314697266,-1297.79970550537,32.244140625
6.668333333333333,92.7359237670898,-1297.85134124756,32.21630859375
6.67,92.7527160644531,-1297.90309906006,32.18994140625
6.671666666666667,92.76953125,-1297.9552230835,32.185546875
6.673333333333333,92.7863235473633,-1298.00746917725,32.22509765625
6.675,92.8031158447266,-1298.05886077881,32.30712890625
6.676666666666667,92.8199234008789,-1298.10890960693,32.3994140625
6.678333333333334,92.8367309570313,-1298.15810394287,32.45361328125
6.68,92.8535308837891,-1298.20742034912,32.44775390625
6.681666666666667,92.8703384399414,-1298.25746917725,32.396484375
6.683333333333334,92.8871459960938,-1298.30886077881,32.3408203125
6.685,92.9039535522461,-1298.36135101318,32.31298828125
6.6866666666666665,92.9207534790039,-1298.41359710693,32.3232421875
6.6883333333333335,92.9375610351563,-1298.46486663818,32.36279296875
6.69,92.9543685913086,-1298.51564788818,32.4111328125
6.691666666666666,92.9711761474609,-1298.56740570068,32.4580078125
6.693333333333333,92.9879837036133,-1298.62148284912,32.49169921875
6.695,93.0048370361328,-1298.67812347412,32.5107421875
6.696666666666666,93.0217208862305,-1298.73635101318,32.50927734375
6.698333333333333,93.0385971069336,-1298.79457855225,32.4990234375
6.7,93.0554656982422,-1298.85182952881,32.49462890625
6.701666666666667,93.0723419189453,-1298.90883636475,32.5048828125
6.703333333333333,93.089225769043,-1298.96633148193,32.5283203125
6.705,93.106086730957,-1299.02321624756,32.55615234375
6.706666666666667,93.1229705810547,-1299.0782699585,32.58544921875
6.708333333333333,93.1398468017578,-1299.13137054443,32.61328125
6.71,93.1567306518555,-1299.18325042725,32.6279296875
6.711666666666667,93.1736068725586,-1299.23500823975,32.619140625
6.713333333333333,93.1904754638672,-1299.28774261475,32.59716796875
6.715,93.2073516845703,-1299.34218597412,32.583984375
6.716666666666667,93.224235534668,-1299.39846038818,32.5927734375
6.718333333333334,93.2411117553711,-1299.45485687256,32.6103515625
6.72,93.2580108642578,-1299.50954437256,32.619140625
6.721666666666667,93.2748870849609,-1299.56227874756,32.61767578125
6.723333333333334,93.2917709350586,-1299.61403656006,32.6162109375
6.725,93.3086318969727,-1299.66689300537,32.6103515625
6.726666666666667,93.3255157470703,-1299.72194671631,32.5986328125
6.7283333333333335,93.3423919677734,-1299.77956390381,32.58984375
6.73,93.3592910766602,-1299.83876800537,32.59716796875
6.7316666666666665,93.3761825561523,-1299.89785003662,32.62060546875
6.733333333333333,93.39306640625,-1299.95607757568,32.64697265625
6.735,93.4099578857422,-1300.01308441162,32.65576171875
6.736666666666666,93.4268569946289,-1300.06960296631,32.63818359375
6.738333333333333,93.4437484741211,-1300.12587738037,32.60009765625
6.74,93.4606475830078,-1300.18227386475,32.56494140625
6.741666666666666,93.4775390625,-1300.23854827881,32.5400390625
6.743333333333333,93.4944381713867,-1300.29482269287,32.50927734375
6.745,93.511344909668,-1300.35121917725,32.45361328125
6.746666666666667,93.5282363891602,-1300.407371521,32.38623046875
6.748333333333333,93.5451354980469,-1300.46291351318,32.326171875
6.75,93.5620269775391,-1300.51747894287,32.2880859375
6.751666666666667,93.5789260864258,-1300.57033538818,32.28369140625
6.753333333333333,93.595817565918,-1300.62136077881,32.30419921875
6.755,93.6127166748047,-1300.67165374756,32.3291015625
6.756666666666667,93.6296081542969,-1300.7228012085,32.34375
6.758333333333334,93.6465225219727,-1300.77492523193,32.3408203125
6.76,93.6634140014648,-1300.82643890381,32.337890625
6.761666666666667,93.6803131103516,-1300.87636566162,32.34521484375
6.763333333333334,93.6971893310547,-1300.92555999756,32.3642578125
6.765,93.7141036987305,-1300.97548675537,32.38330078125
6.766666666666667,93.7309951782227,-1301.02639007568,32.38037109375
6.7683333333333335,93.7478866577148,-1301.07790374756,32.3525390625
6.77,93.7647857666016,-1301.12941741943,32.29833984375
6.7716666666666665,93.7816772460938,-1301.18129730225,32.21484375
6.773333333333333,93.7985610961914,-1301.23403167725,32.10791015625
6.775,93.8154525756836,-1301.28798675537,31.98779296875
6.776666666666666,93.8323516845703,-1301.34279632568,31.87353515625
6.778333333333333,93.8492431640625,-1301.39797210693,31.76953125
6.78,93.8661422729492,-1301.45302581787,31.67578125
6.781666666666666,93.8830337524414,-1301.50832366943,31.587890625
6.783333333333333,93.8999328613281,-1301.56349945068,31.505859375
6.785,93.9168243408203,-1301.61794281006,31.423828125
6.786666666666667,93.933708190918,-1301.67079925537,31.33740234375
6.788333333333333,93.9505996704102,-1301.72206878662,31.24951171875
6.79,93.9674987792969,-1301.77211761475,31.166015625
6.791666666666667,93.9843902587891,-1301.82204437256,31.09423828125
6.793333333333333,94.0012893676758,-1301.87355804443,31.05322265625
6.795,94.0181655883789,-1301.92702484131,31.0546875
6.796666666666667,94.0350646972656,-1301.98183441162,31.0751953125
6.798333333333333,94.0519561767578,-1302.03749847412,31.078125
6.8,94.0688323974609,-1302.09352874756,31.05908203125
6.801666666666667,94.0857315063477,-1302.14968109131,31.048828125
6.803333333333334,94.1026229858398,-1302.20497894287,31.072265625
6.805,94.1195068359375,-1302.25930023193,31.11474609375
6.806666666666667,94.1363983154297,-1302.3126449585,31.1396484375
6.808333333333334,94.1532821655273,-1302.36525726318,31.1396484375
6.81,94.1701736450195,-1302.41799163818,31.1279296875
6.8116666666666665,94.1870727539063,-1302.47109222412,31.12646484375
6.8133333333333335,94.2039642333984,-1302.52333831787,31.12939453125
6.815,94.2208633422852,-1302.57350921631,31.12646484375
6.816666666666666,94.2377395629883,-1302.62172698975,31.1103515625
6.818333333333333,94.254638671875,-1302.66921234131,31.08251953125
6.82,94.2715148925781,-1302.71706390381,31.0400390625
6.821666666666666,94.2884140014648,-1302.76552581787,30.97412109375
6.823333333333333,94.305290222168,-1302.8145980835,30.8759765625
6.825,94.3221740722656,-1302.86403656006,30.75732421875
6.826666666666667,94.3390655517578,-1302.91347503662,30.6416015625
6.828333333333333,94.3559494018555,-1302.96266937256,30.54931640625
6.83,94.3728408813477,-1303.01149749756,30.48779296875
6.831666666666667,94.3897247314453,-1303.06008148193,30.462890625
6.833333333333333,94.4066162109375,-1303.10866546631,30.47314453125
6.835,94.4235153198242,-1303.15810394287,30.4951171875
6.836666666666667,94.4403915405273,-1303.20925140381,30.49951171875
6.838333333333333,94.4572830200195,-1303.26125335693,30.47314453125
6.84,94.4741821289063,-1303.3126449585,30.416015625
6.841666666666667,94.4910736083984,-1303.36318206787,30.32373046875
6.843333333333334,94.5079574584961,-1303.41384124756,30.20068359375
6.845,94.5248489379883,-1303.46572113037,30.07470703125
6.846666666666667,94.5417327880859,-1303.51845550537,29.9736328125
6.848333333333334,94.5586242675781,-1303.5704574585,29.90625
6.85,94.5755081176758,-1303.62136077881,29.87109375
6.851666666666667,94.592399597168,-1303.67189788818,29.84326171875
6.8533333333333335,94.6092987060547,-1303.72328948975,29.80224609375
6.855,94.6261901855469,-1303.77541351318,29.74951171875
6.8566666666666665,94.6430892944336,-1303.82790374756,29.70263671875
6.858333333333333,94.6599807739258,-1303.88051605225,29.67919921875
6.86,94.6768798828125,-1303.93300628662,29.67919921875
6.861666666666666,94.6937713623047,-1303.98464202881,29.68505859375
6.863333333333333,94.7106552124023,-1304.03420257568,29.67919921875
6.865,94.7275466918945,-1304.08132171631,29.654296875
6.866666666666666,94.7444458007813,-1304.12660980225,29.61328125
6.868333333333333,94.7613372802734,-1304.17140960693,29.56494140625
6.87,94.7782363891602,-1304.21657562256,29.51513671875
6.871666666666667,94.7951278686523,-1304.26271820068,29.47412109375
6.873333333333333,94.8120040893555,-1304.3106918335,29.44775390625
6.875,94.8289031982422,-1304.3614730835,29.43017578125
6.876666666666667,94.8457946777344,-1304.41481781006,29.39501953125
6.878333333333333,94.8626937866211,-1304.46865081787,29.3291015625
6.88,94.8795852661133,-1304.52126312256,29.2470703125
6.881666666666667,94.896484375,-1304.57216644287,29.1767578125
6.883333333333334,94.9133758544922,-1304.62050628662,29.11962890625
6.885,94.9302749633789,-1304.66640472412,29.05517578125
6.886666666666667,94.9471664428711,-1304.71120452881,28.96875
6.888333333333334,94.9640655517578,-1304.75710296631,28.8720703125
6.89,94.9809722900391,-1304.8048324585,28.79443359375
6.891666666666667,94.9978866577148,-1304.85451507568,28.7490234375
6.8933333333333335,95.0147933959961,-1304.90493011475,28.72412109375
6.895,95.0317001342773,-1304.95461273193,28.69189453125
6.8966666666666665,95.0485992431641,-1305.00246429443,28.634765625
6.898333333333333,95.0655059814453,-1305.04872894287,28.5439453125
6.9,95.082405090332,-1305.09499359131,28.423828125
6.901666666666666,95.0992965698242,-1305.14247894287,28.28466796875
6.903333333333333,95.1161956787109,-1305.19081878662,28.1484375
6.905,95.1330871582031,-1305.23879241943,28.0400390625
6.906666666666666,95.1499862670898,-1305.28578948975,27.9697265625
6.908333333333333,95.166877746582,-1305.33180999756,27.93603515625
6.91,95.1837768554688,-1305.37722015381,27.9287109375
6.911666666666667,95.2006530761719,-1305.42226409912,27.94482421875
6.913333333333333,95.2175521850586,-1305.46767425537,27.97412109375
6.915,95.2344436645508,-1305.51406097412,27.9931640625
6.916666666666667,95.2513275146484,-1305.56118011475,27.9697265625
6.918333333333333,95.2682189941406,-1305.60768890381,27.890625
6.92,95.2851028442383,-1305.65334320068,27.77490234375
6.921666666666667,95.3019790649414,-1305.69850921631,27.650390625
6.923333333333333,95.31884765625,-1305.74404144287,27.5361328125
6.925,95.3357238769531,-1305.78981781006,27.45263671875
6.926666666666667,95.3526077270508,-1305.835105896,27.3984375
6.928333333333334,95.3694839477539,-1305.87978363037,27.35888671875
6.93,95.3863677978516,-1305.92446136475,27.2958984375
6.931666666666667,95.4032592773438,-1305.96999359131,27.1904296875
6.933333333333334,95.4201278686523,-1306.01711273193,27.0380859375
6.935,95.4370193481445,-1306.065574646,26.86083984375
6.9366666666666665,95.4539108276367,-1306.11428070068,26.6865234375
6.9383333333333335,95.4707946777344,-1306.16164398193,26.54296875
6.94,95.4876708984375,-1306.20656585693,26.44775390625
6.941666666666666,95.5045394897461,-1306.249168396,26.38623046875
6.943333333333333,95.5214309692383,-1306.29006195068,26.32470703125
6.945,95.5382995605469,-1306.33034515381,26.24267578125
6.946666666666666,95.55517578125,-1306.37087249756,26.14892578125
6.948333333333333,95.5720596313477,-1306.41213226318,26.0537109375
6.95,95.5889358520508,-1306.45461273193,25.95703125
6.951666666666667,95.6058197021484,-1306.49880218506,25.8603515625
6.953333333333333,95.6226959228516,-1306.54531097412,25.7724609375
6.955,95.6395797729492,-1306.5938949585,25.68896484375
6.956666666666667,95.6564559936523,-1306.64345550537,25.6083984375
6.958333333333333,95.6733551025391,-1306.69228363037,25.53662109375
6.96,95.6902313232422,-1306.73903656006,25.48828125
6.961666666666667,95.7071304321289,-1306.78322601318,25.447265625
6.963333333333333,95.724006652832,-1306.82546234131,25.40185546875
6.965,95.7408905029297,-1306.86684417725,25.34619140625
6.966666666666667,95.7577819824219,-1306.90822601318,25.29345703125
6.968333333333334,95.7746810913086,-1306.94960784912,25.24072265625
6.97,95.7915573120117,-1306.99111175537,25.177734375
6.971666666666667,95.8084564208984,-1307.03176116943,25.095703125
6.973333333333334,95.8253326416016,-1307.07070159912,24.9814453125
6.975,95.8422164916992,-1307.10768890381,24.82763671875
6.976666666666667,95.8590927124023,-1307.14333343506,24.64453125
6.9783333333333335,95.8759613037109,-1307.17848968506,24.4541015625
6.98,95.892822265625,-1307.21437835693,24.29443359375
6.9816666666666665,95.9097061157227,-1307.25270843506,24.1904296875
6.983333333333333,95.9265670776367,-1307.29384613037,24.13330078125
6.985,95.9434509277344,-1307.33620452881,24.09228515625
6.986666666666666,95.9603424072266,-1307.37770843506,24.04541015625
6.988333333333333,95.9772415161133,-1307.41786956787,23.98828125
6.99,95.9941177368164,-1307.45693206787,23.93408203125
6.991666666666666,96.0110015869141,-1307.49489593506,23.88427734375
6.993333333333333,96.0278778076172,-1307.53224945068,23.82275390625
6.995,96.0447616577148,-1307.56996917725,23.7275390625
6.996666666666667,96.061637878418,-1307.60842132568,23.5986328125
6.998333333333333,96.0785217285156,-1307.64809417725,23.4580078125
7,96.0953979492188,-1307.68923187256,23.3232421875
7.001666666666667,96.1122817993164,-1307.73171234131,23.2001953125
7.003333333333333,96.1291580200195,-1307.77394866943,23.08447265625
7.005,96.1460418701172,-1307.81533050537,22.9716796875
7.006666666666667,96.1629333496094,-1307.85622406006,22.85888671875
7.008333333333334,96.1798324584961,-1307.897605896,22.74462890625
7.01,96.1967086791992,-1307.93849945068,22.64794921875
7.011666666666667,96.2136077880859,-1307.97792816162,22.58056640625
7.013333333333334,96.2304840087891,-1308.0157699585,22.54248046875
7.015,96.2473678588867,-1308.05178070068,22.51904296875
7.016666666666667,96.2642593383789,-1308.0860824585,22.49853515625
7.0183333333333335,96.2811431884766,-1308.1192855835,22.47216796875
7.02,96.2980041503906,-1308.15212249756,22.43994140625
7.0216666666666665,96.3148727416992,-1308.18618011475,22.39599609375
7.023333333333333,96.3317489624023,-1308.22243499756,22.3330078125
7.025,96.3486175537109,-1308.26027679443,22.2509765625
7.026666666666666,96.3654937744141,-1308.29775238037,22.1572265625
7.028333333333333,96.3823623657227,-1308.3341293335,22.07080078125
7.03,96.3992233276367,-1308.36989593506,21.9931640625
7.031666666666666,96.4161071777344,-1308.40663909912,21.931640625
7.033333333333333,96.4329681396484,-1308.44496917725,21.88623046875
7.035,96.4498519897461,-1308.48403167725,21.849609375
7.036666666666667,96.4667282104492,-1308.522605896,21.80712890625
7.038333333333333,96.4835968017578,-1308.56044769287,21.75732421875
7.04,96.5004577636719,-1308.59828948975,21.697265625
7.041666666666667,96.5173416137695,-1308.635887146,21.62109375
7.043333333333333,96.5342178344727,-1308.67238616943,21.5244140625
7.045,96.5511016845703,-1308.70693206787,21.421875
7.046666666666667,96.5679626464844,-1308.73976898193,21.31787109375
7.048333333333333,96.584846496582,-1308.77175140381,21.2109375
7.05,96.6017227172852,-1308.80361175537,21.0966796875
7.051666666666667,96.6185913085938,-1308.83693695068,21.00146484375
7.053333333333334,96.6354675292969,-1308.87282562256,20.94287109375
7.055,96.6523361206055,-1308.9103012085,20.91650390625
7.056666666666667,96.6691970825195,-1308.94728851318,20.90625
7.058333333333334,96.6860809326172,-1308.9825668335,20.8974609375
7.06,96.7029418945313,-1309.01601409912,20.88134765625
7.0616666666666665,96.7197952270508,-1309.04848480225,20.853515625
7.0633333333333335,96.7366790771484,-1309.08071136475,20.806640625
7.065,96.7535400390625,-1309.11379241943,20.73193359375
7.066666666666666,96.7704086303711,-1309.14809417725,20.64404296875
7.068333333333333,96.7872695922852,-1309.18264007568,20.56494140625
7.07,96.8041229248047,-1309.2169418335,20.5048828125
7.071666666666666,96.8209838867188,-1309.25063323975,20.4609375
7.073333333333333,96.8378372192383,-1309.28456878662,20.40966796875
7.075,96.8546981811523,-1309.31874847412,20.33056640625
7.076666666666667,96.8715667724609,-1309.35305023193,20.21630859375
7.078333333333333,96.888427734375,-1309.38722991943,20.07421875
7.08,96.9052810668945,-1309.42153167725,19.92041015625
7.081666666666667,96.9221267700195,-1309.456199646,19.7724609375
7.083333333333333,96.9389724731445,-1309.49098968506,19.65673828125
7.085,96.9557952880859,-1309.52541351318,19.58056640625
7.086666666666667,96.9726257324219,-1309.55910491943,19.5380859375
7.088333333333333,96.9894561767578,-1309.59181976318,19.50732421875
7.09,97.0062484741211,-1309.62380218506,19.47509765625
7.091666666666667,97.023078918457,-1309.65566253662,19.44580078125
7.093333333333334,97.0398788452148,-1309.688621521,19.41357421875
7.095,97.0567016601563,-1309.72316741943,19.37109375
7.096666666666667,97.0735015869141,-1309.75881195068,19.32568359375
7.098333333333334,97.09033203125,-1309.79396820068,19.30517578125
7.1,97.1071243286133,-1309.82753753662,19.31982421875
7.101666666666667,97.1239547729492,-1309.85939788818,19.37109375
7.1033333333333335,97.140754699707,-1309.88991546631,19.44140625
7.105,97.1575775146484,-1309.9200668335,19.51171875
7.1066666666666665,97.1744079589844,-1309.95009613037,19.56005859375
7.108333333333333,97.1912384033203,-1309.9806137085,19.56884765625
7.11,97.2080612182617,-1310.01149749756,19.55859375
7.111666666666666,97.2248611450195,-1310.04286956787,19.54833984375
7.113333333333333,97.2416915893555,-1310.07497406006,19.546875
7.115,97.2585144042969,-1310.10744476318,19.529296875
7.116666666666666,97.2753448486328,-1310.13918304443,19.48681640625
7.118333333333333,97.2921676635742,-1310.16872406006,19.4267578125
7.12,97.3089981079102,-1310.1954574585,19.36376953125
7.121666666666667,97.3258285522461,-1310.22048187256,19.306640625
7.123333333333333,97.3426513671875,-1310.24599456787,19.25537109375
7.125,97.3594818115234,-1310.27394866943,19.201171875
7.126666666666667,97.3762817382813,-1310.30410003662,19.13232421875
7.128333333333333,97.3931045532227,-1310.335105896,19.05322265625
7.13,97.4099349975586,-1310.3653793335,18.984375
7.131666666666667,97.4267654418945,-1310.3946762085,18.93310546875
7.133333333333334,97.4435577392578,-1310.42409515381,18.8876953125
7.135,97.4603881835938,-1310.45473480225,18.8291015625
7.136666666666667,97.4771881103516,-1310.48708343506,18.75439453125
7.138333333333334,97.494010925293,-1310.52077484131,18.67236328125
7.14,97.5108413696289,-1310.55605316162,18.61083984375
7.141666666666667,97.5276718139648,-1310.59255218506,18.59619140625
7.1433333333333335,97.5444946289063,-1310.63027191162,18.63720703125
7.145,97.5612945556641,-1310.66860198975,18.71630859375
7.1466666666666665,97.5781555175781,-1310.70668792725,18.78955078125
7.148333333333333,97.5949783325195,-1310.74379730225,18.8291015625
7.15,97.6117782592773,-1310.77883148193,18.8232421875
7.151666666666666,97.6286087036133,-1310.81252288818,18.78955078125
7.153333333333333,97.6454315185547,-1310.84597015381,18.7470703125
7.155,97.6622619628906,-1310.87953948975,18.7119140625
7.156666666666666,97.6790924072266,-1310.91201019287,18.69580078125
7.158333333333333,97.695915222168,-1310.94264984131,18.70166015625
7.16,97.7127456665039,-1310.97194671631,18.7236328125
7.161666666666667,97.7295684814453,-1311.00087738037,18.76318359375
7.163333333333333,97.7463989257813,-1311.030418396,18.8173828125
7.165,97.7631988525391,-1311.06081390381,18.85693359375
7.166666666666667,97.7800216674805,-1311.09108734131,18.8408203125
7.168333333333333,97.7968521118164,-1311.11977386475,18.77490234375
7.17,97.8136520385742,-1311.14687347412,18.703125
7.171666666666667,97.8304748535156,-1311.17385101318,18.66943359375
7.173333333333333,97.8472747802734,-1311.20156097412,18.673828125
7.175,97.8641052246094,-1311.229637146,18.68994140625
7.176666666666667,97.8809051513672,-1311.25771331787,18.68701171875
7.178333333333334,97.8977279663086,-1311.28603363037,18.650390625
7.18,97.9145584106445,-1311.31484222412,18.59033203125
7.181666666666667,97.9313812255859,-1311.344871521,18.5244140625
7.183333333333334,97.9482116699219,-1311.37722015381,18.4716796875
7.185,97.9650115966797,-1311.41249847412,18.42626953125
7.1866666666666665,97.9818344116211,-1311.44960784912,18.3720703125
7.1883333333333335,97.998664855957,-1311.48586273193,18.3046875
7.19,98.0154647827148,-1311.51918792725,18.22705078125
7.191666666666666,98.0322875976563,-1311.54921722412,18.15234375
7.193333333333333,98.0490875244141,-1311.577293396,18.0791015625
7.195,98.06591796875,-1311.60512542725,18.0087890625
7.196666666666666,98.0827178955078,-1311.63430023193,17.9560546875
7.198333333333333,98.0995101928711,-1311.66542816162,17.935546875
7.2,98.116340637207,-1311.69765472412,17.9501953125
7.201666666666667,98.1331405639648,-1311.72902679443,17.982421875
7.203333333333333,98.1499328613281,-1311.75905609131,18.0263671875
7.205,98.1667633056641,-1311.78859710693,18.07177734375
7.206666666666667,98.1835632324219,-1311.81740570068,18.1083984375
7.208333333333333,98.2003860473633,-1311.84401702881,18.1318359375
7.21,98.2171859741211,-1311.86867523193,18.14794921875
7.211666666666667,98.2339859008789,-1311.893699646,18.1611328125
7.213333333333333,98.2507781982422,-1311.92116546631,18.17724609375
7.215,98.267578125,-1311.95082855225,18.2021484375
7.216666666666667,98.2843780517578,-1311.981590271,18.24462890625
7.218333333333334,98.3011779785156,-1312.01198577881,18.3017578125
7.22,98.3179702758789,-1312.04128265381,18.36474609375
7.221666666666667,98.3347702026367,-1312.06996917725,18.421875
7.223333333333334,98.3515701293945,-1312.0997543335,18.46435546875
7.225,98.3683929443359,-1312.13185882568,18.48779296875
7.226666666666667,98.3851928710938,-1312.16579437256,18.48779296875
7.2283333333333335,98.4019622802734,-1312.19960784912,18.4775390625
7.23,98.4187622070313,-1312.23207855225,18.47607421875
7.2316666666666665,98.4355545043945,-1312.26271820068,18.50244140625
7.233333333333333,98.4523544311523,-1312.29152679443,18.5712890625
7.235,98.4691543579102,-1312.31911468506,18.6884765625
7.236666666666666,98.4859466552734,-1312.34670257568,18.83935546875
7.238333333333333,98.5027465820313,-1312.37587738037,18.9931640625
7.24,98.5195159912109,-1312.40663909912,19.1162109375
7.241666666666666,98.5363159179688,-1312.43849945068,19.2099609375
7.243333333333333,98.553108215332,-1312.47048187256,19.31103515625
7.245,98.5699081420898,-1312.503074646,19.43408203125
7.246666666666667,98.5867080688477,-1312.53639984131,19.5673828125
7.248333333333333,98.6035003662109,-1312.56984710693,19.70361328125
7.25,98.6202697753906,-1312.60207366943,19.845703125
7.251666666666667,98.6370697021484,-1312.63210296631,19.986328125
7.253333333333333,98.6538696289063,-1312.6603012085,20.109375
7.255,98.6706924438477,-1312.688621521,20.21630859375
7.256666666666667,98.6874923706055,-1312.71840667725,20.3291015625
7.258333333333334,98.7042922973633,-1312.75002288818,20.46533203125
7.26,98.7210845947266,-1312.78285980225,20.62353515625
7.261666666666667,98.7378845214844,-1312.81642913818,20.7802734375
7.263333333333334,98.7546844482422,-1312.84999847412,20.912109375
7.265,98.7715072631836,-1312.88356781006,20.99853515625
7.266666666666667,98.7882766723633,-1312.91786956787,21.041015625
7.2683333333333335,98.8050765991211,-1312.95314788818,21.06298828125
7.27,98.8218765258789,-1312.989402771,21.08935546875
7.2716666666666665,98.8386688232422,-1313.0255355835,21.13037109375
7.273333333333333,98.8554992675781,-1313.06105804443,21.1904296875
7.275,98.8722991943359,-1313.096824646,21.28125
7.276666666666666,98.8890914916992,-1313.13466644287,21.3984375
7.278333333333333,98.905891418457,-1313.17507171631,21.5244140625
7.28,98.9226913452148,-1313.21706390381,21.64306640625
7.281666666666666,98.9394912719727,-1313.25844573975,21.7646484375
7.283333333333333,98.9563140869141,-1313.29848480225,21.9052734375
7.285,98.9731140136719,-1313.33827972412,22.06494140625
7.286666666666667,98.9899139404297,-1313.37856292725,22.224609375
7.288333333333333,99.006706237793,-1313.41921234131,22.37109375
7.29,99.0235061645508,-1313.45937347412,22.50439453125
7.291666666666667,99.0403060913086,-1313.49782562256,22.634765625
7.293333333333333,99.0570983886719,-1313.53420257568,22.78125
7.295,99.0738983154297,-1313.569480896,22.9423828125
7.296666666666667,99.0906982421875,-1313.60585784912,23.09033203125
7.298333333333333,99.1074981689453,-1313.64492034912,23.21337890625
7.3,99.1242904663086,-1313.68703460693,23.314453125
7.301666666666667,99.1410903930664,-1313.7306137085,23.39794921875
7.303333333333334,99.1578903198242,-1313.77297210693,23.47265625
7.305,99.1747131347656,-1313.8126449585,23.55615234375
7.306666666666667,99.1915130615234,-1313.84963226318,23.6513671875
7.308333333333334,99.2083129882813,-1313.88527679443,23.7421875
7.31,99.2251129150391,-1313.921043396,23.818359375
7.3116666666666665,99.2419052124023,-1313.95705413818,23.88134765625
7.3133333333333335,99.2587051391602,-1313.99294281006,23.95166015625
7.315,99.275505065918,-1314.02858734131,24.046875
7.316666666666666,99.2922973632813,-1314.06496429443,24.16845703125
7.318333333333333,99.3090972900391,-1314.10231781006,24.29150390625
7.32,99.3258972167969,-1314.14040374756,24.4072265625
7.321666666666666,99.3426971435547,-1314.17946624756,24.5185546875
7.323333333333333,99.359489440918,-1314.22035980225,24.6357421875
7.325,99.3762893676758,-1314.26393890381,24.7529296875
7.326666666666667,99.3930892944336,-1314.30922698975,24.85546875
7.328333333333333,99.4098815917969,-1314.35512542725,24.9462890625
7.33,99.4266815185547,-1314.40065765381,25.0283203125
7.331666666666667,99.4434814453125,-1314.44521331787,25.11181640625
7.333333333333333,99.4603042602539,-1314.48830413818,25.22607421875
7.335,99.4771041870117,-1314.53054046631,25.39013671875
7.336666666666667,99.4939041137695,-1314.57216644287,25.5908203125
7.338333333333333,99.5107040405273,-1314.61281585693,25.77978515625
7.34,99.5274963378906,-1314.65285491943,25.92041015625
7.341666666666667,99.5442962646484,-1314.69289398193,26.01708984375
7.343333333333334,99.5610961914063,-1314.73268890381,26.103515625
7.345,99.5778884887695,-1314.77248382568,26.21630859375
7.346666666666667,99.5946884155273,-1314.81301116943,26.3701171875
7.348333333333334,99.6114883422852,-1314.85451507568,26.5576171875
7.35,99.6282577514648,-1314.89638519287,26.748046875
7.351666666666667,99.6450500488281,-1314.93801116943,26.9208984375
7.3533333333333335,99.6618499755859,-1314.97951507568,27.08203125
7.355,99.6786499023438,-1315.02150726318,27.25341796875
7.3566666666666665,99.695442199707,-1315.06496429443,27.451171875
7.358333333333333,99.7122421264648,-1315.11086273193,27.673828125
7.36,99.7290115356445,-1315.15895843506,27.90966796875
7.361666666666666,99.7458419799805,-1315.20900726318,28.14111328125
7.363333333333333,99.7626037597656,-1315.26027679443,28.34619140625
7.365,99.7794036865234,-1315.31142425537,28.5146484375
7.366666666666666,99.7962036132813,-1315.36122894287,28.6435546875
7.368333333333333,99.8129959106445,-1315.40956878662,28.7548828125
7.37,99.8297958374023,-1315.45742034912,28.86474609375
7.371666666666667,99.8465957641602,-1315.50490570068,28.9833984375
7.373333333333333,99.863395690918,-1315.55202484131,29.109375
7.375,99.8801879882813,-1315.59999847412,29.25
7.376666666666667,99.8969879150391,-1315.65004730225,29.41552734375
7.378333333333333,99.9137878417969,-1315.70204925537,29.6162109375
7.38,99.9305801391602,-1315.75417327881,29.84912109375
7.381666666666667,99.947380065918,-1315.80495452881,30.0908203125
7.383333333333334,99.9642105102539,-1315.85512542725,30.31640625
7.385,99.9809799194336,-1315.90590667725,30.5302734375
7.386666666666667,99.9977722167969,-1315.95766448975,30.7353515625
7.388333333333334,100.014572143555,-1316.01015472412,30.92578125
7.39,100.031372070313,-1316.06276702881,31.10302734375
7.391666666666667,100.048164367676,-1316.11428070068,31.27734375
7.3933333333333335,100.064994812012,-1316.16445159912,31.45751953125
7.395,100.08179473877,-1316.21389007568,31.63330078125
7.3966666666666665,100.098594665527,-1316.26406097412,31.79443359375
7.398333333333333,100.115386962891,-1316.31618499756,31.93798828125
7.4,100.132217407227,-1316.37111663818,32.0625
7.401666666666666,100.149017333984,-1316.42812347412,32.1650390625
7.403333333333333,100.165809631348,-1316.485496521,32.23828125
7.405,100.182640075684,-1316.54164886475,32.28662109375
7.406666666666666,100.199440002441,-1316.59658050537,32.33935546875
7.408333333333333,100.216201782227,-1316.65090179443,32.42431640625
7.41,100.233032226563,-1316.70546722412,32.54736328125
7.411666666666667,100.24983215332,-1316.76052093506,32.6865234375
7.413333333333333,100.266624450684,-1316.81594085693,32.82861328125
7.415,100.28345489502,-1316.87099456787,32.96484375
7.416666666666667,100.300254821777,-1316.92580413818,33.0732421875
7.418333333333333,100.317054748535,-1316.98183441162,33.140625
7.42,100.333877563477,-1317.040184021,33.18896484375
7.421666666666667,100.350677490234,-1317.10024261475,33.2578125
7.423333333333333,100.367477416992,-1317.16042327881,33.36181640625
7.425,100.384300231934,-1317.21926116943,33.4658203125
7.426666666666667,100.40113067627,-1317.27687835693,33.5419921875
7.428333333333334,100.417961120605,-1317.33376312256,33.58740234375
7.43,100.434783935547,-1317.39015960693,33.61669921875
7.431666666666667,100.451583862305,-1317.446434021,33.65185546875
7.433333333333334,100.468383789063,-1317.50283050537,33.71923828125
7.435,100.485206604004,-1317.55947113037,33.8203125
7.4366666666666665,100.502006530762,-1317.61562347412,33.9345703125
7.4383333333333335,100.518836975098,-1317.671043396,34.04736328125
7.44,100.535629272461,-1317.72646331787,34.154296875
7.441666666666666,100.552490234375,-1317.78273773193,34.25830078125
7.443333333333333,100.569320678711,-1317.83937835693,34.36376953125
7.445,100.586143493652,-1317.89553070068,34.4765625
7.446666666666666,100.60294342041,-1317.95082855225,34.59375
7.448333333333333,100.61979675293,-1318.00637054443,34.69921875
7.45,100.636627197266,-1318.06325531006,34.77978515625
7.451666666666667,100.653457641602,-1318.12184906006,34.82958984375
7.453333333333333,100.670280456543,-1318.18129730225,34.86474609375
7.455,100.687110900879,-1318.24062347412,34.9013671875
7.456666666666667,100.703941345215,-1318.29909515381,34.9541015625
7.458333333333333,100.720764160156,-1318.35610198975,35.0244140625
7.46,100.73762512207,-1318.41176605225,35.09326171875
7.461666666666667,100.754455566406,-1318.46779632568,35.150390625
7.463333333333333,100.771278381348,-1318.52565765381,35.208984375
7.465,100.788108825684,-1318.585105896,35.28662109375
7.466666666666667,100.804931640625,-1318.64394378662,35.3818359375
7.468333333333334,100.821762084961,-1318.70107269287,35.4755859375
7.47,100.838592529297,-1318.75661468506,35.5634765625
7.471666666666667,100.855415344238,-1318.81154632568,35.6630859375
7.473333333333334,100.872261047363,-1318.86708831787,35.78466796875
7.475,100.889190673828,-1318.92421722412,35.92236328125
7.476666666666667,100.906089782715,-1318.98281097412,36.06005859375
7.4783333333333335,100.922988891602,-1319.04177093506,36.1845703125
7.48,100.939888000488,-1319.10134124756,36.298828125
7.4816666666666665,100.956787109375,-1319.16237640381,36.40576171875
7.483333333333333,100.973678588867,-1319.22597503662,36.50390625
7.485,100.990547180176,-1319.29177093506,36.59765625
7.486666666666666,101.007446289063,-1319.358543396,36.68994140625
7.488333333333333,101.024345397949,-1319.42446136475,36.7734375
7.49,101.041275024414,-1319.48818206787,36.83203125
7.491666666666666,101.058174133301,-1319.54921722412,36.86865234375
7.493333333333333,101.075073242188,-1319.60793304443,36.90087890625
7.495,101.092002868652,-1319.66591644287,36.94775390625
7.496666666666667,101.108901977539,-1319.72438812256,37.01220703125
7.498333333333333,101.125801086426,-1319.78383636475,37.0927734375
7.5,101.142700195313,-1319.84450531006,37.1953125
7.501666666666667,101.159599304199,-1319.90627288818,37.31103515625
7.503333333333333,101.17652130127,-1319.96938323975,37.41357421875
7.505,101.193420410156,-1320.034324646,37.48974609375
7.506666666666667,101.210319519043,-1320.10097503662,37.546875
7.508333333333334,101.22721862793,-1320.16774749756,37.61572265625
7.51,101.244117736816,-1320.23317718506,37.716796875
7.511666666666667,101.261016845703,-1320.29738616943,37.857421875
7.513333333333334,101.27791595459,-1320.36208343506,38.02587890625
7.515,101.294815063477,-1320.42848968506,38.18994140625
7.516666666666667,101.311714172363,-1320.49636077881,38.32470703125
7.5183333333333335,101.328643798828,-1320.56447601318,38.42578125
7.52,101.345542907715,-1320.6310043335,38.51953125
7.5216666666666665,101.362442016602,-1320.69594573975,38.61474609375
7.523333333333333,101.379333496094,-1320.76027679443,38.7041015625
7.525,101.39623260498,-1320.82472991943,38.759765625
7.526666666666666,101.413131713867,-1320.88918304443,38.77001953125
7.528333333333333,101.430030822754,-1320.95302581787,38.75390625
7.53,101.446929931641,-1321.01528167725,38.74951171875
7.531666666666666,101.463829040527,-1321.07570648193,38.77880859375
7.533333333333333,101.480728149414,-1321.13564300537,38.8388671875
7.535,101.497627258301,-1321.19692230225,38.92529296875
7.536666666666667,101.514526367188,-1321.26027679443,39.02197265625
7.538333333333333,101.531425476074,-1321.32497406006,39.1171875
7.54,101.548324584961,-1321.39015960693,39.20654296875
7.541666666666667,101.565223693848,-1321.45571136475,39.28564453125
7.543333333333333,101.582122802734,-1321.52101898193,39.3486328125
7.545,101.599014282227,-1321.58559417725,39.380859375
7.546666666666667,101.615913391113,-1321.64980316162,39.36767578125
7.548333333333333,101.6328125,-1321.714012146,39.31201171875
7.55,101.649711608887,-1321.77858734131,39.2548828125
7.551666666666667,101.666610717773,-1321.84413909912,39.23583984375
7.553333333333334,101.68350982666,-1321.91139984131,39.25927734375
7.555,101.700439453125,-1321.98036956787,39.29296875
7.556666666666667,101.717338562012,-1322.04958343506,39.3046875
7.558333333333334,101.734237670898,-1322.11794281006,39.27978515625
7.56,101.751136779785,-1322.18495941162,39.228515625
7.5616666666666665,101.768035888672,-1322.25173187256,39.18896484375
7.5633333333333335,101.784934997559,-1322.31923675537,39.18310546875
7.565,101.801826477051,-1322.38771820068,39.1962890625
7.566666666666666,101.818725585938,-1322.45595550537,39.19921875
7.568333333333333,101.835624694824,-1322.522605896,39.18603515625
7.57,101.852523803711,-1322.5880355835,39.17578125
7.571666666666666,101.869422912598,-1322.65358734131,39.19775390625
7.573333333333333,101.886352539063,-1322.71974945068,39.25927734375
7.575,101.903221130371,-1322.78578948975,39.34130859375
7.576666666666667,101.920120239258,-1322.8517074585,39.41748046875
7.578333333333333,101.937019348145,-1322.91774749756,39.4658203125
7.58,101.953918457031,-1322.98415374756,39.486328125
7.581666666666667,101.970817565918,-1323.05104827881,39.49951171875
7.583333333333333,101.987686157227,-1323.118309021,39.52587890625
7.585,102.004585266113,-1323.18532562256,39.58447265625
7.586666666666667,102.021507263184,-1323.251121521,39.66650390625
7.588333333333333,102.038375854492,-1323.31496429443,39.7470703125
7.59,102.055305480957,-1323.37697601318,39.8056640625
7.591666666666667,102.072204589844,-1323.43898773193,39.83642578125
7.593333333333334,102.08910369873,-1323.50283050537,39.84521484375
7.595,102.106002807617,-1323.56899261475,39.82763671875
7.596666666666667,102.122932434082,-1323.63649749756,39.78955078125
7.598333333333334,102.139831542969,-1323.70388031006,39.76025390625
7.6,102.156730651855,-1323.7696762085,39.755859375
7.601666666666667,102.17366027832,-1323.83351898193,39.7734375
7.6033333333333335,102.190559387207,-1323.89675140381,39.7998046875
7.605,102.207450866699,-1323.96120452881,39.8349609375
7.6066666666666665,102.224380493164,-1324.02663421631,39.87744140625
7.608333333333333,102.241279602051,-1324.09133148193,39.92431640625
7.61,102.258178710938,-1324.15468597412,39.9697265625
7.611666666666666,102.275077819824,-1324.21767425537,40.00634765625
7.613333333333333,102.292007446289,-1324.28176116943,40.03125
7.615,102.308906555176,-1324.34731292725,40.0546875
7.616666666666666,102.325805664063,-1324.41408538818,40.0986328125
7.618333333333333,102.342735290527,-1324.48171234131,40.16162109375
7.62,102.359634399414,-1324.54909515381,40.23193359375
7.621666666666667,102.376564025879,-1324.61550140381,40.29638671875
7.623333333333333,102.393455505371,-1324.6817855835,40.35498046875
7.625,102.410354614258,-1324.74953460693,40.41796875
7.626666666666667,102.427253723145,-1324.81972503662,40.48681640625
7.628333333333333,102.444152832031,-1324.89113616943,40.55859375
7.63,102.461051940918,-1324.962059021,40.6376953125
7.631666666666667,102.477951049805,-1325.03115081787,40.728515625
7.633333333333334,102.49488067627,-1325.09828948975,40.8251953125
7.635,102.511779785156,-1325.16457366943,40.92041015625
7.636666666666667,102.528678894043,-1325.23036956787,40.99951171875
7.638333333333334,102.54557800293,-1325.29616546631,41.05517578125
7.64,102.562477111816,-1325.36293792725,41.09033203125
7.641666666666667,102.579399108887,-1325.43093109131,41.12841796875
7.6433333333333335,102.596298217773,-1325.49941253662,41.1884765625
7.645,102.61319732666,-1325.56838226318,41.26171875
7.6466666666666665,102.630096435547,-1325.6388168335,41.3232421875
7.648333333333333,102.647026062012,-1325.71083831787,41.373046875
7.65,102.663925170898,-1325.78298187256,41.42724609375
7.651666666666666,102.680854797363,-1325.85341644287,41.49462890625
7.653333333333333,102.69775390625,-1325.92189788818,41.56640625
7.655,102.714683532715,-1325.98952484131,41.6337890625
7.656666666666666,102.731582641602,-1326.05764007568,41.69677734375
7.658333333333333,102.748481750488,-1326.12734222412,41.7626953125
7.66,102.765403747559,-1326.19850921631,41.83154296875
7.661666666666667,102.782302856445,-1326.27040863037,41.90185546875
7.663333333333333,102.79923248291,-1326.34218597412,41.9794921875
7.665,102.816162109375,-1326.41396331787,42.06591796875
7.666666666666667,102.83309173584,-1326.4864730835,42.1494140625
7.668333333333333,102.849990844727,-1326.55922698975,42.2080078125
7.67,102.866920471191,-1326.6310043335,42.24755859375
7.671666666666667,102.883850097656,-1326.70143890381,42.287109375
7.673333333333333,102.900772094727,-1326.77101898193,42.3515625
7.675,102.917701721191,-1326.84108734131,42.4541015625
7.676666666666667,102.934631347656,-1326.91286468506,42.57421875
7.678333333333334,102.951530456543,-1326.98561859131,42.6884765625
7.68,102.968460083008,-1327.057762146,42.78076171875
7.681666666666667,102.985389709473,-1327.128074646,42.84521484375
7.683333333333334,103.002288818359,-1327.19704437256,42.8935546875
7.685,103.019218444824,-1327.26589202881,42.94921875
7.6866666666666665,103.036148071289,-1327.33522796631,43.02392578125
7.6883333333333335,103.053039550781,-1327.40480804443,43.10888671875
7.69,103.069969177246,-1327.47438812256,43.1865234375
7.691666666666666,103.086898803711,-1327.54360198975,43.25537109375
7.693333333333333,103.103797912598,-1327.61257171631,43.3359375
7.695,103.120727539063,-1327.68154144287,43.43408203125
7.696666666666666,103.137657165527,-1327.75124359131,43.5380859375
7.698333333333333,103.154556274414,-1327.82204437256,43.63330078125
7.7,103.171485900879,-1327.89430999756,43.70947265625
7.701666666666667,103.188415527344,-1327.96767425537,43.76513671875
7.703333333333333,103.205337524414,-1328.04091644287,43.8017578125
7.705,103.222267150879,-1328.11379241943,43.82958984375
7.706666666666667,103.239196777344,-1328.18727874756,43.8544921875
7.708333333333333,103.256126403809,-1328.26198577881,43.88232421875
7.71,103.273086547852,-1328.337059021,43.9306640625
7.711666666666667,103.290016174316,-1328.41176605225,44.01708984375
7.713333333333333,103.306945800781,-1328.48598480225,44.1357421875
7.715,103.323867797852,-1328.56044769287,44.26318359375
7.716666666666667,103.340827941895,-1328.63613128662,44.37744140625
7.718333333333334,103.357757568359,-1328.71242523193,44.45654296875
7.72,103.374687194824,-1328.78774261475,44.5048828125
7.721666666666667,103.391647338867,-1328.86122894287,44.54150390625
7.723333333333334,103.40860748291,-1328.93337249756,44.595703125
7.725,103.425537109375,-1329.00539398193,44.68359375
7.726666666666667,103.442459106445,-1329.07851409912,44.8037109375
7.7283333333333335,103.459419250488,-1329.15370941162,44.953125
7.73,103.476348876953,-1329.23122406006,45.11279296875
7.7316666666666665,103.493278503418,-1329.309715271,45.26806640625
7.733333333333333,103.510238647461,-1329.38759613037,45.427734375
7.735,103.527198791504,-1329.46474456787,45.60205078125
7.736666666666666,103.544120788574,-1329.54140472412,45.78515625
7.738333333333333,103.561080932617,-1329.61769866943,45.94775390625
7.74,103.578010559082,-1329.69374847412,46.0693359375
7.741666666666666,103.594970703125,-1329.76979827881,46.1396484375
7.743333333333333,103.61190032959,-1329.84560394287,46.1630859375
7.745,103.628860473633,-1329.92055511475,46.16455078125
7.746666666666667,103.645812988281,-1329.99465179443,46.16015625
7.748333333333333,103.662742614746,-1330.0685043335,46.1513671875
7.75,103.679702758789,-1330.14333343506,46.13818359375
7.751666666666667,103.696632385254,-1330.22011566162,46.13525390625
7.753333333333333,103.713592529297,-1330.29909515381,46.14990234375
7.755,103.730522155762,-1330.37941741943,46.1806640625
7.756666666666667,103.747451782227,-1330.45961761475,46.212890625
7.758333333333334,103.764373779297,-1330.5392074585,46.224609375
7.76,103.781303405762,-1330.61757659912,46.2216796875
7.761666666666667,103.798263549805,-1330.69435882568,46.22900390625
7.763333333333334,103.815223693848,-1330.76955413818,46.271484375
7.765,103.832153320313,-1330.84438323975,46.341796875
7.766666666666667,103.849113464355,-1330.92067718506,46.41796875
7.7683333333333335,103.86604309082,-1330.99953460693,46.48828125
7.77,103.882995605469,-1331.08132171631,46.5380859375
7.7716666666666665,103.899925231934,-1331.1642074585,46.55712890625
7.773333333333333,103.916885375977,-1331.24672698975,46.5439453125
7.775,103.933815002441,-1331.329246521,46.51318359375
7.776666666666666,103.950775146484,-1331.41274261475,46.4765625
7.778333333333333,103.967704772949,-1331.49697113037,46.447265625
7.78,103.984657287598,-1331.5802230835,46.4267578125
7.781666666666666,104.001586914063,-1331.66115570068,46.41650390625
7.783333333333333,104.018547058105,-1331.73928070068,46.412109375
7.785,104.035507202148,-1331.8145980835,46.41796875
7.786666666666667,104.052436828613,-1331.88796234131,46.447265625
7.788333333333333,104.069396972656,-1331.96047210693,46.4970703125
7.79,104.086318969727,-1332.03322601318,46.55712890625
7.791666666666667,104.10327911377,-1332.10683441162,46.59814453125
7.793333333333333,104.120239257813,-1332.18166351318,46.60400390625
7.795,104.137199401855,-1332.25759124756,46.57763671875
7.796666666666667,104.154159545898,-1332.33437347412,46.5380859375
7.798333333333333,104.171119689941,-1332.41152191162,46.49853515625
7.8,104.18807220459,-1332.48818206787,46.453125
7.801666666666667,104.205032348633,-1332.56423187256,46.40771484375
7.803333333333334,104.221992492676,-1332.64015960693,46.37841796875
7.805,104.238952636719,-1332.71718597412,46.3828125
7.806666666666667,104.255912780762,-1332.79518890381,46.41064453125
7.808333333333334,104.27286529541,-1332.87355804443,46.4296875
7.81,104.289825439453,-1332.95253753662,46.41064453125
7.8116666666666665,104.306785583496,-1333.03188323975,46.35205078125
7.8133333333333335,104.323745727539,-1333.11098480225,46.28759765625
7.815,104.340705871582,-1333.18837738037,46.2421875
7.816666666666666,104.357666015625,-1333.26369476318,46.201171875
7.818333333333333,104.374618530273,-1333.33779144287,46.13671875
7.82,104.391609191895,-1333.41201019287,46.04736328125
7.821666666666666,104.408569335938,-1333.48659515381,45.9580078125
7.823333333333333,104.42552947998,-1333.56179046631,45.896484375
7.825,104.442489624023,-1333.63747406006,45.87890625
7.826666666666667,104.45947265625,-1333.71376800537,45.91259765625
7.828333333333333,104.476432800293,-1333.7911605835,45.9755859375
7.83,104.493423461914,-1333.86940765381,46.03857421875
7.831666666666667,104.510383605957,-1333.94826507568,46.078125
7.833333333333333,104.527374267578,-1334.026512146,46.08984375
7.835,104.544326782227,-1334.10378265381,46.07373046875
7.836666666666667,104.561317443848,-1334.18056488037,46.04150390625
7.838333333333333,104.578308105469,-1334.25759124756,45.990234375
7.84,104.59529876709,-1334.33449554443,45.919921875
7.841666666666667,104.612281799316,-1334.4103012085,45.837890625
7.843333333333334,104.629272460938,-1334.48488616943,45.75
7.845,104.64623260498,-1334.55922698975,45.66357421875
7.846666666666667,104.663223266602,-1334.63478851318,45.57568359375
7.848333333333334,104.680213928223,-1334.71193695068,45.47607421875
7.85,104.697166442871,-1334.78981781006,45.35888671875
7.851666666666667,104.714157104492,-1334.86708831787,45.21240234375
7.8533333333333335,104.731117248535,-1334.94399261475,45.0380859375
7.855,104.748138427734,-1335.02150726318,44.84033203125
7.8566666666666665,104.765121459961,-1335.10024261475,44.63525390625
7.858333333333333,104.782112121582,-1335.17934417725,44.43896484375
7.86,104.799102783203,-1335.25746917725,44.26025390625
7.861666666666666,104.816093444824,-1335.33425140381,44.10205078125
7.863333333333333,104.833084106445,-1335.41005706787,43.96875
7.865,104.850067138672,-1335.48586273193,43.8515625
7.866666666666666,104.867057800293,-1335.56252288818,43.734375
7.868333333333333,104.884078979492,-1335.64064788818,43.60986328125
7.87,104.901069641113,-1335.71926116943,43.4619140625
7.871666666666667,104.91805267334,-1335.7970199585,43.28466796875
7.873333333333333,104.935043334961,-1335.87306976318,43.08251953125
7.875,104.95206451416,-1335.94765472412,42.8818359375
7.876666666666667,104.969055175781,-1336.02114105225,42.6796875
7.878333333333333,104.986038208008,-1336.09438323975,42.45849609375
7.88,105.003028869629,-1336.16689300537,42.20654296875
7.881666666666667,105.02001953125,-1336.23818206787,41.95166015625
7.883333333333334,105.037010192871,-1336.30800628662,41.724609375
7.885,105.05396270752,-1336.37673187256,41.53125
7.886666666666667,105.070953369141,-1336.4454574585,41.3525390625
7.888333333333334,105.08797454834,-1336.51515960693,41.1650390625
7.89,105.104965209961,-1336.58486175537,40.962890625
7.891666666666667,105.121948242188,-1336.653465271,40.74755859375
7.8933333333333335,105.138938903809,-1336.72023773193,40.529296875
7.895,105.15592956543,-1336.78505706787,40.29345703125
7.8966666666666665,105.172950744629,-1336.84767913818,40.03125
7.898333333333333,105.189933776855,-1336.90798187256,39.73828125
7.9,105.206924438477,-1336.9669418335,39.43798828125
7.901666666666666,105.223915100098,-1337.02614593506,39.146484375
7.903333333333333,105.240905761719,-1337.08718109131,38.859375
7.905,105.25789642334,-1337.15065765381,38.578125
7.906666666666666,105.274879455566,-1337.21608734131,38.31005859375
7.908333333333333,105.291870117188,-1337.28200531006,38.0595703125
7.91,105.308860778809,-1337.34792327881,37.81640625
7.911666666666667,105.32585144043,-1337.41298675537,37.58203125
7.913333333333333,105.342803955078,-1337.47646331787,37.36376953125
7.915,105.359794616699,-1337.53847503662,37.1630859375
7.916666666666667,105.37678527832,-1337.59999847412,36.97705078125
7.918333333333333,105.393775939941,-1337.66042327881,36.7880859375
7.92,105.410766601563,-1337.71877288818,36.57421875
7.921666666666667,105.427749633789,-1337.77480316162,36.34423828125
7.923333333333333,105.444709777832,-1337.83046722412,36.12158203125
7.925,105.461700439453,-1337.88735198975,35.92529296875
7.926666666666667,105.478691101074,-1337.94582366943,35.75537109375
7.928333333333334,105.495643615723,-1338.00527191162,35.59716796875
7.93,105.512634277344,-1338.06520843506,35.4228515625
7.931666666666667,105.529624938965,-1338.12551116943,35.2294921875
7.933333333333334,105.546615600586,-1338.18544769287,35.0244140625
7.935,105.563575744629,-1338.24452972412,34.82080078125
7.9366666666666665,105.580558776855,-1338.30178070068,34.61865234375
7.9383333333333335,105.597549438477,-1338.35744476318,34.412109375
7.94,105.614540100098,-1338.41176605225,34.2099609375
7.941666666666666,105.631500244141,-1338.46584320068,34.0107421875
7.943333333333333,105.648483276367,-1338.5196762085,33.80712890625
7.945,105.66544342041,-1338.57253265381,33.59033203125
7.946666666666666,105.682434082031,-1338.62490081787,33.3544921875
7.948333333333333,105.699394226074,-1338.67836761475,33.09521484375
7.95,105.716384887695,-1338.73415374756,32.8212890625
7.951666666666667,105.733367919922,-1338.79201507568,32.5400390625
7.953333333333333,105.750328063965,-1338.85109710693,32.25732421875
7.955,105.767288208008,-1338.91066741943,31.98193359375
7.956666666666667,105.784278869629,-1338.96999359131,31.71533203125
7.958333333333333,105.801239013672,-1339.02907562256,31.447265625
7.96,105.81819152832,-1339.08681488037,31.1865234375
7.961666666666667,105.835182189941,-1339.14223480225,30.9375
7.963333333333333,105.852142333984,-1339.19557952881,30.7119140625
7.965,105.869102478027,-1339.24831390381,30.49365234375
7.966666666666667,105.88606262207,-1339.30178070068,30.263671875
7.968333333333334,105.903045654297,-1339.35634613037,30.0087890625
7.97,105.92000579834,-1339.41188812256,29.71875
7.971666666666667,105.936965942383,-1339.46706390381,29.3876953125
7.973333333333334,105.953926086426,-1339.520652771,29.01708984375
7.975,105.970886230469,-1339.57216644287,28.634765625
7.976666666666667,105.987846374512,-1339.62197113037,28.2685546875
7.9783333333333335,106.00479888916,-1339.66994476318,27.943359375
7.98,106.021759033203,-1339.71535491943,27.64453125
7.9816666666666665,106.038719177246,-1339.75881195068,27.35009765625
7.983333333333333,106.055679321289,-1339.80117034912,27.04541015625
7.985,106.072639465332,-1339.84340667725,26.736328125
7.986666666666666,106.08959197998,-1339.88637542725,26.4375
7.988333333333333,106.106582641602,-1339.93019866943,26.14599609375
7.99,106.123542785645,-1339.97402191162,25.8427734375
7.991666666666666,106.140533447266,-1340.01711273193,25.5087890625
7.993333333333333,106.157493591309,-1340.05959320068,25.13671875
7.995,106.174446105957,-1340.10109710693,24.72216796875
7.996666666666667,106.19140625,-1340.14162445068,24.2724609375
7.998333333333333,106.208366394043,-1340.18141937256,23.79931640625
8,106.225357055664,-1340.22060394287,23.31884765625
8.001666666666667,106.242317199707,-1340.25930023193,22.857421875
8.003333333333334,106.259269714355,-1340.29689788818,22.4296875
8.005,106.276260375977,-1340.3341293335,22.02685546875
8.006666666666666,106.29322052002,-1340.37160491943,21.6240234375
8.008333333333333,106.310180664063,-1340.409324646,21.21240234375
8.01,106.327140808105,-1340.44655609131,20.79345703125
8.011666666666667,106.344093322754,-1340.48183441162,20.36865234375
8.013333333333334,106.361053466797,-1340.51418304443,19.94384765625
8.015,106.378044128418,-1340.54360198975,19.5234375
8.016666666666667,106.395004272461,-1340.57167816162,19.11767578125
8.018333333333333,106.411964416504,-1340.60024261475,18.73095703125
8.02,106.428894042969,-1340.63039398193,18.65185546875
8.021666666666667,106.445877075195,-1340.66115570068,18.66650390625
8.023333333333333,106.46280670166,-1340.69094085693,18.69140625
8.025,106.479797363281,-1340.71962738037,18.638671875
8.026666666666667,106.496757507324,-1340.74770355225,18.45849609375
8.028333333333334,106.513717651367,-1340.77565765381,18.158203125
8.03,106.530670166016,-1340.80373382568,17.7861328125
8.031666666666666,106.547630310059,-1340.83193206787,17.3759765625
8.033333333333333,106.564590454102,-1340.85988616943,16.93505859375
8.035,106.581550598145,-1340.88674163818,16.46337890625
8.036666666666667,106.598510742188,-1340.911277771,15.97412109375
8.038333333333334,106.61547088623,-1340.93337249756,15.5126953125
8.04,106.632423400879,-1340.9532699585,15.10986328125
8.041666666666666,106.649383544922,-1340.97231292725,14.76416015625
8.043333333333333,106.666374206543,-1340.99160003662,14.51513671875
8.045,106.683334350586,-1341.01137542725,14.34521484375
8.046666666666667,106.700294494629,-1341.03115081787,14.16943359375
8.048333333333334,106.717247009277,-1341.05031585693,13.96435546875
8.05,106.73420715332,-1341.069480896,13.7666015625
8.051666666666666,106.751167297363,-1341.08913421631,13.6171875
8.053333333333333,106.768127441406,-1341.10927581787,13.44580078125
8.055,106.785118103027,-1341.1290512085,13.03564453125
8.056666666666667,106.802070617676,-1341.147605896,12.66796875
8.058333333333334,106.819030761719,-1341.16530609131,12.33544921875
8.06,106.835990905762,-1341.18288421631,12.00732421875
8.061666666666667,106.852951049805,-1341.22426605225,11.65869140625
8.063333333333333,106.869911193848,-1341.27089691162,11.30126953125
8.065,106.886871337891,-1341.31642913818,10.9541015625
8.066666666666666,106.903823852539,-1341.35439300537,10.60986328125
8.068333333333333,106.920783996582,-1341.38161468506,10.24951171875
8.07,106.937713623047,-1341.399559021,9.85546875
8.071666666666667,106.95467376709,-1341.41237640381,9.40283203125
8.073333333333334,106.971633911133,-1341.4220199585,8.888671875
8.075,106.988563537598,-1341.42836761475,8.33642578125
8.076666666666666,107.005516052246,-1341.43154144287,7.78857421875
8.078333333333333,107.022445678711,-1341.43227386475,7.2685546875
8.08,107.039405822754,-1341.43434906006,6.76904296875
8.081666666666667,107.056335449219,-1341.440574646,6.287109375
8.083333333333334,107.073295593262,-1341.45095062256,5.82421875
8.085,107.090225219727,-1341.4688949585,5.384765625
8.086666666666666,107.107177734375,-1341.4923324585,4.96435546875
8.088333333333333,107.124137878418,-1341.51491546631,4.53955078125
8.09,107.141067504883,-1341.5353012085,4.09130859375
8.091666666666667,107.158027648926,-1341.55654144287,3.61083984375
8.093333333333334,107.174987792969,-1341.58132171631,3.12451171875
8.095,107.191917419434,-1341.60231781006,2.66162109375
8.096666666666666,107.208869934082,-1341.60048675537,2.23974609375
8.098333333333333,107.225830078125,-1341.59926605225,1.85888671875
8.1,107.24275970459,-1341.59963226318,1.51318359375
8.101666666666667,107.259719848633,-1341.60085296631,1.177734375
8.103333333333333,107.276679992676,-1341.60195159912,0.52001953125
8.105,107.293640136719,-1341.60292816162,-0.27392578125
8.106666666666667,107.310562133789,-1341.60378265381,-1.11767578125
8.108333333333333,107.327491760254,-1341.60378265381,-1.90283203125
8.11,107.344451904297,-1341.60182952881,-2.57080078125
8.111666666666666,107.361381530762,-1341.59694671631,-3.134765625
8.113333333333333,107.378311157227,-1341.58730316162,-3.65625
8.115,107.39527130127,-1341.57265472412,-4.18505859375
8.116666666666667,107.412170410156,-1341.55458831787,-4.7607421875
8.118333333333334,107.429100036621,-1341.53578948975,-5.390625
8.12,107.446022033691,-1341.51699066162,-6.0439453125
8.121666666666666,107.462951660156,-1341.49745941162,-6.71484375
8.123333333333333,107.479850769043,-1341.47719573975,-7.40478515625
8.125,107.496780395508,-1341.45766448975,-8.11669921875
8.126666666666667,107.513679504395,-1341.44033050537,-8.91650390625
8.128333333333334,107.530609130859,-1341.42507171631,-9.81298828125
8.13,107.547508239746,-1341.40944671631,-10.740234375
8.131666666666666,107.564407348633,-1341.39125823975,-11.65283203125
8.133333333333333,107.581336975098,-1341.37038421631,-12.54638671875
8.135,107.598258972168,-1341.34951019287,-13.44287109375
8.136666666666667,107.615158081055,-1341.33107757568,-14.2939453125
8.138333333333334,107.63208770752,-1341.31569671631,-14.9091796875
8.14,107.648986816406,-1341.30251312256,-15.5771484375
8.141666666666667,107.665916442871,-1341.29140472412,-16.2861328125
8.143333333333333,107.682815551758,-1341.28102874756,-17.01708984375
8.145,107.699714660645,-1341.26760101318,-17.76416015625
8.146666666666667,107.716613769531,-1341.24806976318,-18.5419921875
8.148333333333333,107.733512878418,-1341.22328948975,-19.34033203125
8.15,107.750411987305,-1341.19582366943,-20.126953125
8.151666666666667,107.767311096191,-1341.16738128662,-20.865234375
8.153333333333334,107.784202575684,-1341.13832855225,-21.53466796875
8.155,107.801132202148,-1341.10768890381,-22.10888671875
8.156666666666666,107.818000793457,-1341.07326507568,-22.58203125
8.158333333333333,107.834899902344,-1341.03163909912,-22.98193359375
8.16,107.85179901123,-1340.98232269287,-23.36865234375
8.161666666666667,107.868667602539,-1340.92861175537,-23.78759765625
8.163333333333334,107.885566711426,-1340.87477874756,-24.24755859375
8.165,107.902465820313,-1340.82350921631,-24.755859375
8.166666666666666,107.919334411621,-1340.774559021,-25.34912109375
8.168333333333333,107.93620300293,-1340.72585296631,-26.05810546875
8.17,107.953071594238,-1340.67458343506,-26.865234375
8.171666666666667,107.969970703125,-1340.61989593506,-27.68408203125
8.173333333333334,107.986839294434,-1340.56423187256,-28.43994140625
8.175,108.003677368164,-1340.51100921631,-29.14013671875
8.176666666666666,108.020545959473,-1340.4610824585,-29.87109375
8.178333333333333,108.037414550781,-1340.41115570068,-30.703125
8.18,108.05428314209,-1340.35805511475,-31.63037109375
8.181666666666667,108.07112121582,-1340.30117034912,-32.59716796875
8.183333333333334,108.087959289551,-1340.24245452881,-33.5712890625
8.185,108.104797363281,-1340.182762146,-34.5380859375
8.186666666666667,108.121635437012,-1340.12160491943,-35.71142578125
8.188333333333333,108.13850402832,-1340.057762146,-36.796875
8.19,108.155311584473,-1339.99208831787,-37.8310546875
8.191666666666666,108.172149658203,-1339.92653656006,-38.8271484375
8.193333333333333,108.188987731934,-1339.86305999756,-39.75732421875
8.195,108.205856323242,-1339.80239105225,-40.60400390625
8.196666666666667,108.222663879395,-1339.74489593506,-41.3583984375
8.198333333333334,108.239501953125,-1339.69081878662,-42.00732421875
8.2,108.256340026855,-1339.63942718506,-42.52294921875
8.201666666666666,108.273147583008,-1339.58840179443,-42.9111328125
8.203333333333333,108.289985656738,-1339.53469085693,-43.23486328125
8.205,108.306823730469,-1339.47682952881,-43.57763671875
8.206666666666667,108.323631286621,-1339.4142074585,-43.9892578125
8.208333333333334,108.340469360352,-1339.34523773193,-44.4638671875
8.21,108.357307434082,-1339.26882171631,-44.9912109375
8.211666666666666,108.374114990234,-1339.18630218506,-45.56396484375
8.213333333333333,108.390953063965,-1339.10243988037,-46.15576171875
8.215,108.407768249512,-1339.02126312256,-46.74462890625
8.216666666666667,108.424575805664,-1338.94203948975,-47.36572265625
8.218333333333334,108.441383361816,-1338.86025238037,-48.0673828125
8.22,108.458190917969,-1338.77248382568,-48.8349609375
8.221666666666666,108.474998474121,-1338.6798324585,-49.41064453125
8.223333333333333,108.491806030273,-1338.5860824585,-49.89404296875
8.225,108.508583068848,-1338.49379730225,-50.35107421875
8.226666666666667,108.525360107422,-1338.40285491943,-50.79931640625
8.228333333333333,108.542167663574,-1338.29164886475,-51.23583984375
8.23,108.558975219727,-1338.18166351318,-51.6416015625
8.231666666666667,108.575752258301,-1338.07070159912,-52.025390625
8.233333333333333,108.59253692627,-1337.96022796631,-52.41064453125
8.235,108.609344482422,-1337.85427093506,-52.8251953125
8.236666666666666,108.626121520996,-1337.75466156006,-53.27197265625
8.238333333333333,108.642868041992,-1337.66115570068,-53.748046875
8.24,108.659645080566,-1337.57265472412,-54.24609375
8.241666666666667,108.676422119141,-1337.48805999756,-54.75732421875
8.243333333333334,108.693199157715,-1337.4063949585,-55.259765625
8.245,108.710006713867,-1337.32570648193,-55.7255859375
8.246666666666666,108.726760864258,-1337.243309021,-56.150390625
8.248333333333333,108.743537902832,-1337.15773773193,-56.5400390625
8.25,108.760314941406,-1337.06923675537,-56.87255859375
8.251666666666667,108.777061462402,-1336.97658538818,-57.123046875
8.253333333333334,108.793838500977,-1336.87758636475,-57.29443359375
8.255,108.810585021973,-1336.7735824585,-57.4306640625
8.256666666666666,108.827339172363,-1336.66884613037,-57.568359375
8.258333333333333,108.844116210938,-1336.56386566162,-57.7001953125
8.26,108.860862731934,-1336.45546722412,-57.78955078125
8.261666666666667,108.877578735352,-1336.34157562256,-57.82763671875
8.263333333333334,108.894355773926,-1336.24050140381,-57.84375
8.265,108.911071777344,-1336.14333343506,-57.87744140625
8.266666666666667,108.927825927734,-1336.04653167725,-57.95361328125
8.268333333333333,108.94457244873,-1335.94948577881,-58.06494140625
8.27,108.961318969727,-1335.85195159912,-57.94482421875
8.271666666666667,108.978065490723,-1335.75429534912,-57.83935546875
8.273333333333333,108.994781494141,-1335.65663909912,-57.71337890625
8.275,109.011535644531,-1335.55898284912,-57.58447265625
8.276666666666667,109.028282165527,-1335.46096038818,-57.50390625
8.278333333333334,109.044998168945,-1335.36305999756,-57.49658203125
8.28,109.061744689941,-1335.26589202881,-57.56982421875
8.281666666666666,109.078460693359,-1335.17031097412,-57.71337890625
8.283333333333333,109.095184326172,-1335.0763168335,-57.91552734375
8.285,109.111930847168,-1334.98342132568,-58.1630859375
8.286666666666667,109.128646850586,-1334.89089202881,-58.41943359375
8.288333333333334,109.145362854004,-1334.79763031006,-58.64208984375
8.29,109.162086486816,-1334.70253753662,-58.8134765625
8.291666666666666,109.178802490234,-1334.60585784912,-58.92919921875
8.293333333333333,109.195518493652,-1334.50856781006,-58.96142578125
8.295,109.21223449707,-1334.41176605225,-58.880859375
8.296666666666667,109.228927612305,-1334.3165512085,-58.7255859375
8.298333333333334,109.245643615723,-1334.22389984131,-58.57177734375
8.3,109.262329101563,-1334.13368988037,-58.43408203125
8.301666666666666,109.27904510498,-1334.04445648193,-58.2685546875
8.303333333333333,109.295738220215,-1333.95351409912,-58.0400390625
8.305,109.312423706055,-1333.8595199585,-57.9521484375
8.306666666666667,109.329109191895,-1333.76296234131,-57.990234375
8.308333333333334,109.345794677734,-1333.66432952881,-58.04443359375
8.31,109.362487792969,-1333.56410980225,-58.0576171875
8.311666666666667,109.379173278809,-1333.46291351318,-58.08544921875
8.313333333333333,109.395858764648,-1333.36171722412,-58.15869140625
8.315,109.412521362305,-1333.26125335693,-58.26123046875
8.316666666666666,109.429237365723,-1333.16152191162,-58.35791015625
8.318333333333333,109.445892333984,-1333.06227874756,-58.41650390625
8.32,109.462577819824,-1332.96327972412,-58.423828125
8.321666666666667,109.47924041748,-1332.86367034912,-58.40625
8.323333333333334,109.495895385742,-1332.76320648193,-58.43115234375
8.325,109.512580871582,-1332.66176605225,-58.53955078125
8.326666666666666,109.529243469238,-1332.55947113037,-58.70068359375
8.328333333333333,109.5458984375,-1332.45742034912,-58.85302734375
8.33,109.562553405762,-1332.35646820068,-58.82373046875
8.331666666666667,109.57918548584,-1332.25661468506,-58.78564453125
8.333333333333334,109.595840454102,-1332.15847015381,-58.73876953125
8.335,109.612495422363,-1332.06313323975,-58.6787109375
8.336666666666666,109.629127502441,-1331.9708480835,-58.6083984375
8.338333333333333,109.645782470703,-1331.87978363037,-58.54833984375
8.34,109.662445068359,-1331.78786468506,-58.50439453125
8.341666666666667,109.679100036621,-1331.69435882568,-58.453125
8.343333333333334,109.695724487305,-1331.5997543335,-58.37548828125
8.345,109.712387084961,-1331.50490570068,-58.265625
8.346666666666666,109.729011535645,-1331.41115570068,-58.12646484375
8.348333333333333,109.745666503906,-1331.31081390381,-57.94775390625
8.35,109.762298583984,-1331.20949554443,-57.708984375
8.351666666666667,109.778923034668,-1331.11135101318,-57.41748046875
8.353333333333333,109.795555114746,-1331.01149749756,-57.1142578125
8.355,109.81217956543,-1330.90773773193,-56.82421875
8.356666666666667,109.828834533691,-1330.80153656006,-56.53857421875
8.358333333333333,109.845436096191,-1330.69582366943,-56.23828125
8.36,109.862060546875,-1330.592918396,-55.9072265625
8.361666666666666,109.878684997559,-1330.49440765381,-55.5380859375
8.363333333333333,109.895317077637,-1330.39870452881,-55.13525390625
8.365,109.911911010742,-1330.30104827881,-54.72802734375
8.366666666666667,109.928512573242,-1330.19802093506,-54.3310546875
8.368333333333334,109.945137023926,-1330.09169769287,-53.923828125
8.37,109.961738586426,-1329.9864730835,-53.4873046875
8.371666666666666,109.978332519531,-1329.895652771,-53.02880859375
8.373333333333333,109.994956970215,-1329.80373382568,-52.564453125
8.375,110.011558532715,-1329.71096038818,-52.107421875
8.376666666666667,110.02815246582,-1329.61867523193,-51.66650390625
8.378333333333334,110.044784545898,-1329.52773284912,-51.240234375
8.38,110.061347961426,-1329.43752288818,-50.8095703125
8.381666666666666,110.077980041504,-1329.34853363037,-50.36572265625
8.383333333333333,110.094543457031,-1329.26259613037,-49.92333984375
8.385,110.111137390137,-1329.1798324585,-49.49560546875
8.386666666666667,110.127769470215,-1329.09804534912,-49.07958984375
8.388333333333334,110.14436340332,-1329.01564788818,-48.6650390625
8.39,110.16096496582,-1328.93398284912,-48.13037109375
8.391666666666667,110.177558898926,-1328.85524749756,-47.53125
8.393333333333333,110.194129943848,-1328.77931976318,-46.93212890625
8.395,110.210723876953,-1328.70339202881,-46.29931640625
8.396666666666667,110.227325439453,-1328.62636566162,-45.60205078125
8.398333333333333,110.24388885498,-1328.54970550537,-44.841796875
8.4,110.260482788086,-1328.47499847412,-44.05078125
8.401666666666667,110.277053833008,-1328.40334320068,-43.2744140625
8.403333333333334,110.293647766113,-1328.335105896,-42.54345703125
8.405,110.310218811035,-1328.26906585693,-41.82568359375
8.406666666666666,110.326812744141,-1328.20253753662,-41.04638671875
8.408333333333333,110.343383789063,-1328.13417816162,-40.1630859375
8.41,110.359977722168,-1328.06581878662,-39.20068359375
8.411666666666667,110.37654876709,-1328.0001449585,-38.20166015625
8.413333333333334,110.393142700195,-1327.93740081787,-37.31396484375
8.415,110.409744262695,-1327.87624359131,-36.3515625
8.416666666666666,110.426338195801,-1327.81618499756,-35.3291015625
8.418333333333333,110.442909240723,-1327.75759124756,-34.283203125
8.42,110.459503173828,-1327.70082855225,-33.25341796875
8.421666666666667,110.476097106934,-1327.645652771,-32.255859375
8.423333333333334,110.492698669434,-1327.59072113037,-31.30810546875
8.425,110.509262084961,-1327.53408050537,-30.43798828125
8.426666666666666,110.525863647461,-1327.47512054443,-29.6220703125
8.428333333333333,110.542427062988,-1327.41493988037,-28.7900390625
8.43,110.559028625488,-1327.35573577881,-27.87451171875
8.431666666666667,110.575592041016,-1327.299949646,-26.900390625
8.433333333333334,110.592163085938,-1327.24855804443,-25.94677734375
8.435,110.608726501465,-1327.200340271,-25.06201171875
8.436666666666667,110.625297546387,-1327.15322113037,-24.20361328125
8.438333333333333,110.641860961914,-1327.1075668335,-23.296875
8.44,110.658432006836,-1327.06472015381,-22.318359375
8.441666666666666,110.674995422363,-1327.02492523193,-21.3017578125
8.443333333333333,110.691566467285,-1326.98671722412,-20.29833984375
8.445,110.708129882813,-1326.94911956787,-19.33447265625
8.446666666666667,110.724700927734,-1326.913230896,-18.40283203125
8.448333333333334,110.741264343262,-1326.88051605225,-17.466796875
8.45,110.757835388184,-1326.85109710693,-16.48681640625
8.451666666666666,110.774398803711,-1326.82497406006,-15.47021484375
8.453333333333333,110.790969848633,-1326.80300140381,-14.4755859375
8.455,110.80753326416,-1326.78615570068,-13.5322265625
8.456666666666667,110.824104309082,-1326.77443695068,-12.615234375
8.458333333333334,110.840667724609,-1326.76686859131,-11.6923828125
8.46,110.857238769531,-1326.76174163818,-10.7548828125
8.461666666666666,110.873802185059,-1326.75661468506,-9.802734375
8.463333333333333,110.89037322998,-1326.74953460693,-8.8359375
8.465,110.906936645508,-1326.73952484131,-7.8486328125
8.466666666666667,110.92350769043,-1326.72609710693,-6.8291015625
8.468333333333334,110.940071105957,-1326.71132659912,-5.765625
8.47,110.956642150879,-1326.69887542725,-4.66845703125
8.471666666666666,110.973205566406,-1326.69277191162,-3.55078125
8.473333333333333,110.989776611328,-1326.69228363037,-2.4375
8.475,111.006340026855,-1326.69301605225,-1.34033203125
8.476666666666667,111.022911071777,-1326.69081878662,-0.2490234375
8.478333333333333,111.039474487305,-1326.68642425537,0.87158203125
8.48,111.056045532227,-1326.68495941162,2.03759765625
8.481666666666667,111.072608947754,-1326.68984222412,3.2431640625
8.483333333333333,111.089179992676,-1326.69985198975,4.48828125
8.485,111.105743408203,-1326.71181488037,5.7744140625
8.486666666666666,111.122314453125,-1326.72389984131,7.072265625
8.488333333333333,111.138877868652,-1326.735496521,8.32470703125
8.49,111.155448913574,-1326.74697113037,9.4951171875
8.491666666666667,111.172012329102,-1326.76027679443,10.5849609375
8.493333333333334,111.188583374023,-1326.77663421631,11.61474609375
8.495,111.205146789551,-1326.79384613037,12.5830078125
8.496666666666666,111.221710205078,-1326.809715271,13.4765625
8.498333333333333,111.238250732422,-1326.82497406006,14.29541015625
8.5,111.254821777344,-1326.84181976318,15.08349609375
8.501666666666667,111.271385192871,-1326.86135101318,15.89794921875
8.503333333333334,111.287925720215,-1326.883934021,16.77099609375
8.505,111.304489135742,-1326.909324646,17.6982421875
8.506666666666666,111.321029663086,-1326.936668396,18.68701171875
8.508333333333333,111.337593078613,-1326.9649887085,19.77685546875
8.51,111.354164123535,-1326.99465179443,20.96484375
8.511666666666667,111.370727539063,-1327.02590179443,22.1923828125
8.513333333333334,111.387298583984,-1327.05983734131,23.36572265625
8.515,111.403861999512,-1327.096824646,24.47314453125
8.516666666666667,111.420433044434,-1327.1368637085,25.58203125
8.518333333333333,111.436996459961,-1327.17958831787,26.7626953125
8.52,111.453567504883,-1327.22585296631,28.00634765625
8.521666666666667,111.470161437988,-1327.27736663818,29.22509765625
8.523333333333333,111.486724853516,-1327.33498382568,30.34716796875
8.525,111.503326416016,-1327.39894866943,31.376953125
8.526666666666667,111.519889831543,-1327.467918396,32.373046875
8.528333333333334,111.536460876465,-1327.53847503662,33.3984375
8.53,111.553024291992,-1327.60695648193,34.4677734375
8.531666666666666,111.569625854492,-1327.67177581787,35.56640625
8.533333333333333,111.58618927002,-1327.73317718506,36.66650390625
8.535,111.60279083252,-1327.79286956787,37.75634765625
8.536666666666667,111.619384765625,-1327.85158538818,38.8447265625
8.538333333333334,111.635955810547,-1327.90920257568,39.9521484375
8.54,111.652549743652,-1327.96572113037,41.09619140625
8.541666666666666,111.669151306152,-1328.02382659912,42.27978515625
8.543333333333333,111.685745239258,-1328.08657073975,43.48388671875
8.545,111.70231628418,-1328.15419769287,44.6806640625
8.546666666666667,111.718910217285,-1328.22438812256,45.85693359375
8.548333333333334,111.735473632813,-1328.29677581787,47.02001953125
8.55,111.752044677734,-1328.374168396,48.19189453125
8.551666666666666,111.76863861084,-1328.45839691162,49.37109375
8.553333333333333,111.785209655762,-1328.54824066162,50.548828125
8.555,111.801773071289,-1328.63991546631,51.69287109375
8.556666666666667,111.818374633789,-1328.73171234131,52.8046875
8.558333333333334,111.834938049316,-1328.82485198975,53.900390625
8.56,111.851539611816,-1328.921043396,54.98876953125
8.561666666666667,111.868133544922,-1329.02028656006,56.0537109375
8.563333333333333,111.884735107422,-1329.12038421631,57.0732421875
8.565,111.901329040527,-1329.21877288818,58.0458984375
8.566666666666666,111.917930603027,-1329.3145980835,58.9453125
8.568333333333333,111.934524536133,-1329.40956878662,59.7392578125
8.57,111.95108795166,-1329.50710296631,60.44677734375
8.571666666666667,111.96768951416,-1329.60781097412,61.15869140625
8.573333333333334,111.984283447266,-1329.71083831787,61.96435546875
8.575,112.000885009766,-1329.81581878662,62.8974609375
8.576666666666666,112.017478942871,-1329.922996521,63.9375
8.578333333333333,112.034080505371,-1330.03090667725,65.06103515625
8.58,112.050704956055,-1330.13906097412,66.251953125
8.581666666666667,112.06729888916,-1330.24965667725,67.49560546875
8.583333333333334,112.083930969238,-1330.36513519287,68.7451171875
8.585,112.100524902344,-1330.48500823975,69.9404296875
8.586666666666666,112.117126464844,-1330.60732269287,71.044921875
8.588333333333333,112.133750915527,-1330.73073577881,72.0673828125
8.59,112.150352478027,-1330.85500335693,73.0224609375
8.591666666666667,112.166976928711,-1330.98097991943,73.89990234375
8.593333333333334,112.183601379395,-1331.10890960693,74.70263671875
8.595,112.200202941895,-1331.23830413818,75.4599609375
8.596666666666666,112.216796875,-1331.36757659912,76.21875
8.598333333333333,112.233428955078,-1331.497215271,76.974609375
8.6,112.250053405762,-1331.62856292725,77.69091796875
8.601666666666667,112.266677856445,-1331.76198577881,78.34716796875
8.603333333333333,112.283309936523,-1331.89699554443,78.9697265625
8.605,112.299934387207,-1332.03347015381,79.6318359375
8.606666666666667,112.316566467285,-1332.17214202881,80.40673828125
8.608333333333333,112.333190917969,-1332.31105804443,81.32373046875
8.61,112.349815368652,-1332.44618988037,82.33447265625
8.611666666666666,112.366477966309,-1332.57570648193,83.33203125
8.613333333333333,112.383102416992,-1332.70351409912,84.263671875
8.615,112.399757385254,-1332.83547210693,85.14990234375
8.616666666666667,112.41641998291,-1332.97463226318,86.03466796875
8.618333333333334,112.433044433594,-1333.12099456787,86.93994140625
8.62,112.449676513672,-1333.27333831787,87.8759765625
8.621666666666666,112.466331481934,-1333.43019866943,88.83837890625
8.623333333333333,112.482955932617,-1333.59035491943,89.77734375
8.625,112.499618530273,-1333.75258636475,90.6357421875
8.626666666666667,112.516273498535,-1333.91493988037,91.40478515625
8.628333333333334,112.532928466797,-1334.07460784912,92.1328125
8.63,112.549591064453,-1334.23000335693,92.85791015625
8.631666666666666,112.566246032715,-1334.381980896,93.5830078125
8.633333333333333,112.582931518555,-1334.53249359131,94.28466796875
8.635,112.599594116211,-1334.68361663818,94.974609375
8.636666666666667,112.616279602051,-1334.83657073975,95.771484375
8.638333333333334,112.632934570313,-1334.99147796631,96.5888671875
8.64,112.649620056152,-1335.14626312256,97.40771484375
8.641666666666667,112.666313171387,-1335.29909515381,98.1943359375
8.643333333333333,112.682998657227,-1335.44997406006,98.93408203125
8.645,112.699653625488,-1335.60109710693,99.65478515625
8.646666666666667,112.716400146484,-1335.75637054443,100.388671875
8.648333333333333,112.733184814453,-1335.91933441162,101.1357421875
8.65,112.749977111816,-1336.09157562256,101.9091796875
8.651666666666667,112.76676940918,-1336.27077484131,102.73388671875
8.653333333333334,112.783561706543,-1336.45143890381,103.611328125
8.655,112.800346374512,-1336.62978363037,104.490234375
8.656666666666666,112.817138671875,-1336.80666351318,105.31787109375
8.658333333333333,112.833961486816,-1336.98537445068,106.0634765625
8.66,112.850784301758,-1337.16799163818,106.70654296875
8.661666666666667,112.867576599121,-1337.35390472412,107.2529296875
8.663333333333334,112.884391784668,-1337.54225921631,107.74951171875
8.665,112.901214599609,-1337.73110198975,108.25927734375
8.666666666666666,112.918006896973,-1337.9181137085,108.78515625
8.668333333333333,112.934829711914,-1338.10207366943,109.2216796875
8.67,112.951644897461,-1338.28505706787,109.64208984375
8.671666666666667,112.968467712402,-1338.4688949585,110.126953125
8.673333333333334,112.985290527344,-1338.65358734131,110.65283203125
8.675,113.002113342285,-1338.8380355835,111.17578125
8.676666666666666,113.018928527832,-1339.02346038818,111.66064453125
8.678333333333333,113.035751342773,-1339.21926116943,112.1015625
8.68,113.052574157715,-1339.41664886475,112.5234375
8.681666666666667,113.069427490234,-1339.61452484131,112.9716796875
8.683333333333334,113.086242675781,-1339.81142425537,113.47412109375
8.685,113.103065490723,-1340.00649261475,114.02783203125
8.686666666666667,113.119888305664,-1340.20156097412,114.59912109375
8.688333333333333,113.136711120605,-1340.39919281006,115.12939453125
8.69,113.153564453125,-1340.60012054443,115.564453125
8.691666666666666,113.170379638672,-1340.80348968506,115.875
8.693333333333333,113.187232971191,-1341.00734710693,116.09326171875
8.695,113.204055786133,-1341.20998382568,116.3056640625
8.696666666666667,113.220909118652,-1341.41103363037,116.578125
8.698333333333334,113.237724304199,-1341.61196136475,116.89892578125
8.7,113.254577636719,-1341.81325531006,117.216796875
8.701666666666666,113.271430969238,-1342.01320648193,117.4833984375
8.703333333333333,113.288276672363,-1342.2110824585,117.69580078125
8.705,113.305130004883,-1342.409324646,117.8583984375
8.706666666666667,113.32201385498,-1342.61196136475,117.9931640625
8.708333333333334,113.3388671875,-1342.81801605225,118.13818359375
8.71,113.355712890625,-1343.016746521,118.31396484375
8.711666666666666,113.372566223145,-1343.21144866943,118.50146484375
8.713333333333333,113.389450073242,-1343.40724945068,118.68896484375
8.715,113.406303405762,-1343.60305023193,118.8896484375
8.716666666666667,113.423179626465,-1343.79714202881,119.1181640625
8.718333333333334,113.440063476563,-1343.98867034912,119.34375
8.72,113.456916809082,-1344.17836761475,119.42431640625
8.721666666666666,113.473793029785,-1344.36843109131,119.4580078125
8.723333333333333,113.490676879883,-1344.56056976318,119.4755859375
8.725,113.50756072998,-1344.75527191162,119.52099609375
8.726666666666667,113.524444580078,-1344.952293396,119.6162109375
8.728333333333333,113.541320800781,-1345.15102386475,119.724609375
8.73,113.558204650879,-1345.35048675537,119.794921875
8.731666666666667,113.575119018555,-1345.54970550537,119.80810546875
8.733333333333333,113.591995239258,-1345.74782562256,119.7626953125
8.735,113.608909606934,-1345.94521331787,119.67919921875
8.736666666666666,113.625793457031,-1346.14357757568,119.5869140625
8.738333333333333,113.642700195313,-1346.34462738037,119.5166015625
8.74,113.659614562988,-1346.54824066162,119.466796875
8.741666666666667,113.676528930664,-1346.75344085693,119.4228515625
8.743333333333334,113.693412780762,-1346.95827484131,119.38037109375
8.745,113.710319519043,-1347.16188812256,119.33203125
8.746666666666666,113.727233886719,-1347.36379241943,119.25146484375
8.748333333333333,113.744148254395,-1347.56386566162,119.10498046875
8.75,113.761054992676,-1347.76296234131,118.93212890625
8.751666666666667,113.777969360352,-1347.96157073975,118.87939453125
8.753333333333334,113.794883728027,-1348.16017913818,118.9013671875
8.755,113.811790466309,-1348.35964202881,118.9130859375
8.756666666666666,113.828735351563,-1348.56105804443,118.91015625
8.758333333333333,113.845649719238,-1348.76454925537,118.9130859375
8.76,113.862586975098,-1348.96877288818,118.9482421875
8.761666666666667,113.879531860352,-1349.17128753662,119.02587890625
8.763333333333334,113.896476745605,-1349.37148284912,119.126953125
8.765,113.913414001465,-1349.57082366943,119.21630859375
8.766666666666667,113.930358886719,-1349.77150726318,119.2587890625
8.768333333333333,113.947303771973,-1349.97451019287,119.232421875
8.77,113.964241027832,-1350.17861175537,119.14013671875
8.771666666666667,113.981216430664,-1350.38210296631,119.01708984375
8.773333333333333,113.998153686523,-1350.5841293335,118.91455078125
8.775,114.015098571777,-1350.78371429443,118.84423828125
8.776666666666667,114.032073974609,-1350.9806137085,118.82666015625
8.778333333333334,114.049041748047,-1351.17555999756,118.83251953125
8.78,114.065986633301,-1351.37075042725,118.78857421875
8.781666666666666,114.082962036133,-1351.567527771,118.65966796875
8.783333333333333,114.09992980957,-1351.76515960693,118.47216796875
8.785,114.116874694824,-1351.96157073975,118.2978515625
8.786666666666667,114.133850097656,-1352.155418396,118.2158203125
8.788333333333334,114.150787353516,-1352.34694671631,118.2392578125
8.79,114.167762756348,-1352.53737640381,118.27880859375
8.791666666666666,114.184730529785,-1352.72902679443,118.25537109375
8.793333333333333,114.201705932617,-1352.92336273193,118.1748046875
8.795,114.218681335449,-1353.11989593506,118.12353515625
8.796666666666667,114.235649108887,-1353.31667327881,118.17333984375
8.798333333333334,114.252624511719,-1353.51222991943,118.2451171875
8.8,114.269599914551,-1353.70656585693,118.21875
8.801666666666666,114.286567687988,-1353.90102386475,118.10595703125
8.803333333333333,114.30354309082,-1354.09719085693,118.02099609375
8.805,114.320510864258,-1354.29567718506,118.0283203125
8.806666666666667,114.337516784668,-1354.495262146,118.07666015625
8.808333333333334,114.3544921875,-1354.6935043335,118.0751953125
8.81,114.371490478516,-1354.88832855225,117.97998046875
8.811666666666667,114.388465881348,-1355.07936859131,117.81005859375
8.813333333333333,114.405464172363,-1355.26857757568,117.60205078125
8.815,114.422439575195,-1355.45925140381,117.31494140625
8.816666666666666,114.439414978027,-1355.651512146,117.01611328125
8.818333333333333,114.456413269043,-1355.84743499756,116.7744140625
8.82,114.473388671875,-1356.04628753662,116.5546875
8.821666666666667,114.490394592285,-1356.24367523193,116.28955078125
8.823333333333334,114.507392883301,-1356.43654632568,115.92919921875
8.825,114.524398803711,-1356.626121521,115.4912109375
8.826666666666666,114.541427612305,-1356.81642913818,115.04736328125
8.828333333333333,114.558403015137,-1357.01320648193,114.6533203125
8.83,114.575408935547,-1357.21706390381,114.31640625
8.831666666666667,114.592437744141,-1357.42043304443,114.00439453125
8.833333333333334,114.609443664551,-1357.61757659912,113.67626953125
8.835,114.626441955566,-1357.80947113037,113.3203125
8.836666666666666,114.643447875977,-1358.00380706787,112.93798828125
8.838333333333333,114.66047668457,-1358.20742034912,112.5380859375
8.84,114.67748260498,-1358.41481781006,112.11328125
8.841666666666667,114.694488525391,-1358.61611175537,111.6474609375
8.843333333333334,114.711517333984,-1358.81093597412,111.13037109375
8.845,114.728523254395,-1359.00637054443,110.5810546875
8.846666666666666,114.74552154541,-1359.2071762085,110.0302734375
8.848333333333333,114.76252746582,-1359.41054534912,109.50146484375
8.85,114.779563903809,-1359.61110687256,108.99462890625
8.851666666666667,114.796562194824,-1359.80617523193,108.51123046875
8.853333333333333,114.813598632813,-1359.99611663818,108.0498046875
8.855,114.830627441406,-1360.18227386475,107.595703125
8.856666666666667,114.847663879395,-1360.36037445068,107.1240234375
8.858333333333333,114.864700317383,-1360.53505706787,106.640625
8.86,114.881729125977,-1360.71181488037,106.12353515625
8.861666666666666,114.898765563965,-1360.88845062256,105.56396484375
8.863333333333333,114.915824890137,-1361.06154632568,104.9853515625
8.865,114.932861328125,-1361.22829437256,104.40234375
8.866666666666667,114.949890136719,-1361.38942718506,103.81494140625
8.868333333333334,114.966926574707,-1361.54885101318,103.20849609375
8.87,114.983985900879,-1361.70986175537,102.53173828125
8.871666666666666,115.001022338867,-1361.87331390381,101.765625
8.873333333333333,115.018058776855,-1362.03774261475,100.9921875
8.875,115.035087585449,-1362.20204925537,100.2919921875
8.876666666666667,115.052154541016,-1362.36672210693,99.64892578125
8.878333333333334,115.069183349609,-1362.5313949585,98.95751953125
8.88,115.086219787598,-1362.69484710693,98.12255859375
8.881666666666666,115.10327911377,-1362.85500335693,97.20849609375
8.883333333333333,115.120346069336,-1363.01052093506,96.34130859375
8.885,115.137382507324,-1363.16188812256,95.54150390625
8.886666666666667,115.154441833496,-1363.31227874756,94.72412109375
8.888333333333334,115.171478271484,-1363.46486663818,93.80712890625
8.89,115.188507080078,-1363.62038421631,92.794921875
8.891666666666667,115.205543518066,-1363.77639007568,91.74609375
8.893333333333333,115.222602844238,-1363.93093109131,90.72802734375
8.895,115.239639282227,-1364.08351898193,89.77880859375
8.896666666666667,115.25666809082,-1364.23488616943,88.892578125
8.898333333333333,115.273735046387,-1364.38625335693,88.10302734375
8.9,115.290771484375,-1364.538230896,87.3486328125
8.901666666666667,115.307830810547,-1364.69106292725,86.56787109375
8.903333333333334,115.324897766113,-1364.84328460693,85.79443359375
8.905,115.341957092285,-1364.99245452881,85.0810546875
8.906666666666666,115.359024047852,-1365.13674163818,84.47021484375
8.908333333333333,115.376083374023,-1365.27736663818,83.9501953125
8.91,115.393119812012,-1365.417137146,83.443359375
8.911666666666667,115.410179138184,-1365.55751800537,82.88525390625
8.913333333333334,115.427276611328,-1365.69753265381,82.26416015625
8.915,115.4443359375,-1365.83644866943,81.60498046875
8.916666666666666,115.461402893066,-1365.97524261475,80.92529296875
8.918333333333333,115.478500366211,-1366.11354827881,80.2265625
8.92,115.495559692383,-1366.25026702881,79.52490234375
8.921666666666667,115.512657165527,-1366.38430023193,78.83349609375
8.923333333333334,115.529716491699,-1366.51552581787,78.15966796875
8.925,115.546813964844,-1366.64455413818,77.5224609375
8.926666666666666,115.563873291016,-1366.77272796631,76.9365234375
8.928333333333333,115.58097076416,-1366.90004730225,76.39306640625
8.93,115.59806060791,-1367.02443695068,75.84521484375
8.931666666666667,115.615158081055,-1367.14345550537,75.25341796875
8.933333333333334,115.632247924805,-1367.25661468506,74.642578125
8.935,115.649345397949,-1367.36684417725,74.05078125
8.936666666666667,115.666404724121,-1367.477684021,73.39892578125
8.938333333333333,115.683502197266,-1367.5899887085,72.7060546875
8.94,115.700592041016,-1367.702293396,72.01904296875
8.941666666666666,115.71768951416,-1367.81410980225,71.28955078125
8.943333333333333,115.734748840332,-1367.92580413818,70.5
8.945,115.751846313477,-1368.03798675537,69.66064453125
8.946666666666667,115.768936157227,-1368.15163421631,68.83154296875
8.948333333333334,115.786003112793,-1368.26747894287,68.1123046875
8.95,115.803092956543,-1368.38527679443,67.5234375
8.951666666666666,115.820190429688,-1368.50246429443,66.97265625
8.953333333333333,115.837287902832,-1368.61696624756,66.38671875
8.955,115.854377746582,-1368.7286605835,65.736328125
8.956666666666667,115.871475219727,-1368.83815765381,65.03173828125
8.958333333333334,115.888534545898,-1368.94582366943,64.31689453125
8.96,115.905632019043,-1369.05226898193,63.6240234375
8.961666666666666,115.922721862793,-1369.15847015381,62.9267578125
8.963333333333333,115.939819335938,-1369.26430511475,62.16943359375
8.965,115.956909179688,-1369.368309021,61.3330078125
8.966666666666667,115.974006652832,-1369.47072601318,60.48193359375
8.968333333333334,115.991096496582,-1369.57326507568,59.6953125
8.97,116.008193969727,-1369.67836761475,59.02001953125
8.971666666666666,116.025283813477,-1369.7853012085,58.470703125
8.973333333333333,116.042381286621,-1369.89150238037,58.0078125
8.975,116.059471130371,-1369.99660491943,57.59912109375
8.976666666666667,116.076568603516,-1370.10182952881,57.19775390625
8.978333333333333,116.093658447266,-1370.20009613037,56.7568359375
8.98,116.11075592041,-1370.29372406006,56.26025390625
8.981666666666667,116.127876281738,-1370.387840271,55.72119140625
8.983333333333333,116.144973754883,-1370.47902679443,55.14990234375
8.985,116.162063598633,-1370.56606292725,54.6328125
8.986666666666666,116.179161071777,-1370.64833831787,54.13916015625
8.988333333333333,116.196250915527,-1370.72841644287,53.6220703125
8.99,116.213348388672,-1370.81276702881,53.09033203125
8.991666666666667,116.230407714844,-1370.90431976318,52.5498046875
8.993333333333334,116.247505187988,-1370.9981918335,52.01806640625
8.995,116.264595031738,-1371.08974456787,51.50390625
8.996666666666666,116.281692504883,-1371.17555999756,51.00439453125
8.998333333333333,116.298782348633,-1371.25576019287,50.5224609375
9,116.315879821777,-1371.33498382568,50.0625
9.001666666666667,116.332946777344,-1371.41555023193,49.61572265625
9.003333333333334,116.350036621094,-1371.49416351318,49.17041015625
9.005,116.367134094238,-1371.56508636475,48.7236328125
9.006666666666666,116.38419342041,-1371.62660980225,48.2900390625
9.008333333333333,116.401290893555,-1371.684715271,47.86083984375
9.01,116.418350219727,-1371.74733734131,47.42138671875
9.011666666666667,116.435447692871,-1371.81838226318,46.9482421875
9.013333333333334,116.452507019043,-1371.89699554443,46.4501953125
9.015,116.469573974609,-1371.97743988037,45.95068359375
9.016666666666667,116.486663818359,-1372.05654144287,45.4482421875
9.018333333333333,116.503730773926,-1372.13332366943,44.9326171875
9.02,116.520790100098,-1372.20742034912,44.50048828125
9.021666666666667,116.537887573242,-1372.27834320068,44.1357421875
9.023333333333333,116.554946899414,-1372.34572601318,43.77978515625
9.025,116.57201385498,-1372.40993499756,43.4560546875
9.026666666666667,116.58910369873,-1372.47853851318,43.166015625
9.028333333333334,116.606170654297,-1372.54958343506,42.90673828125
9.03,116.623237609863,-1372.62014007568,42.650390625
9.031666666666666,116.640296936035,-1372.69167327881,42.31201171875
9.033333333333333,116.65739440918,-1372.76442718506,41.8388671875
9.035,116.67448425293,-1372.83730316162,41.34228515625
9.036666666666667,116.691551208496,-1372.90895843506,40.87353515625
9.038333333333334,116.708641052246,-1372.97902679443,40.4765625
9.04,116.725708007813,-1373.04836273193,40.17041015625
9.041666666666666,116.742797851563,-1373.11769866943,40.01806640625
9.043333333333333,116.759895324707,-1373.18691253662,39.89501953125
9.045,116.776954650879,-1373.2560043335,39.7294921875
9.046666666666667,116.794052124023,-1373.32460784912,39.56103515625
9.048333333333334,116.811141967773,-1373.39247894287,39.42626953125
9.05,116.82820892334,-1373.4591293335,39.287109375
9.051666666666666,116.84529876709,-1373.52504730225,39.08056640625
9.053333333333333,116.862396240234,-1373.59072113037,38.75390625
9.055,116.879486083984,-1373.65615081787,38.2998046875
9.056666666666667,116.896583557129,-1373.72072601318,37.787109375
9.058333333333334,116.913650512695,-1373.78395843506,37.28466796875
9.06,116.930740356445,-1373.84621429443,36.8056640625
9.061666666666667,116.94783782959,-1373.90847015381,36.32666015625
9.063333333333333,116.964897155762,-1373.97170257568,35.82861328125
9.065,116.981994628906,-1374.03615570068,35.3583984375
9.066666666666666,116.999084472656,-1374.10036468506,34.98046875
9.068333333333333,117.016151428223,-1374.163230896,34.61279296875
9.07,117.033241271973,-1374.22389984131,34.24951171875
9.071666666666667,117.050338745117,-1374.28261566162,33.88623046875
9.073333333333334,117.067428588867,-1374.33876800537,33.48193359375
9.075,117.084526062012,-1374.39089202881,33.03662109375
9.076666666666666,117.101615905762,-1374.44338226318,32.57080078125
9.078333333333333,117.118713378906,-1374.49587249756,32.08740234375
9.08,117.135803222656,-1374.54860687256,31.56591796875
9.081666666666667,117.152870178223,-1374.60329437256,30.99169921875
9.083333333333334,117.169960021973,-1374.66982269287,30.416015625
9.085,117.187057495117,-1374.74013519287,29.89892578125
9.086666666666666,117.204147338867,-1374.80495452881,29.3935546875
9.088333333333333,117.221244812012,-1374.86183929443,28.93359375
9.09,117.238334655762,-1374.91213226318,28.47216796875
9.091666666666667,117.255432128906,-1374.95864105225,28.0166015625
9.093333333333334,117.272521972656,-1375.0040512085,27.56982421875
9.095,117.289619445801,-1375.04787445068,27.11572265625
9.096666666666666,117.306709289551,-1375.08864593506,26.64111328125
9.098333333333333,117.323806762695,-1375.12636566162,26.14892578125
9.1,117.340896606445,-1375.16359710693,25.65380859375
9.101666666666667,117.357963562012,-1375.20046234131,25.1689453125
9.103333333333333,117.375061035156,-1375.23464202881,24.70166015625
9.105,117.392150878906,-1375.26406097412,24.23876953125
9.106666666666667,117.409248352051,-1375.29225921631,23.7568359375
9.108333333333333,117.426338195801,-1375.32497406006,23.26318359375
9.11,117.443435668945,-1375.36293792725,22.77099609375
9.111666666666666,117.460494995117,-1375.40370941162,22.306640625
9.113333333333333,117.477561950684,-1375.44399261475,21.86865234375
9.115,117.494651794434,-1375.48183441162,21.462890625
9.116666666666667,117.51171875,-1375.51747894287,21.09814453125
9.118333333333334,117.52880859375,-1375.55153656006,20.71435546875
9.12,117.545875549316,-1375.58290863037,20.3115234375
9.121666666666666,117.562934875488,-1375.6095199585,19.88818359375
9.123333333333333,117.580001831055,-1375.6310043335,19.4326171875
9.125,117.597091674805,-1375.65236663818,18.8466796875
9.126666666666667,117.614158630371,-1375.67848968506,18.240234375
9.128333333333334,117.631225585938,-1375.70546722412,17.71728515625
9.13,117.648315429688,-1375.73574066162,17.28515625
9.131666666666666,117.665382385254,-1375.76515960693,16.91748046875
9.133333333333333,117.682441711426,-1375.79384613037,16.5908203125
9.135,117.69953918457,-1375.82253265381,16.27880859375
9.136666666666667,117.716598510742,-1375.85036468506,15.978515625
9.138333333333334,117.733665466309,-1375.87624359131,15.697265625
9.14,117.75072479248,-1375.89980316162,15.44677734375
9.141666666666667,117.767791748047,-1375.92177581787,15.2109375
9.143333333333333,117.784881591797,-1375.94362640381,14.97802734375
9.145,117.801948547363,-1375.9669418335,14.7568359375
9.146666666666667,117.819007873535,-1375.99160003662,14.5693359375
9.148333333333333,117.836074829102,-1376.01589202881,14.396484375
9.15,117.853134155273,-1376.03896331787,14.18408203125
9.151666666666667,117.870231628418,-1376.06081390381,13.9189453125
9.153333333333334,117.887268066406,-1376.08278656006,13.61865234375
9.155,117.904357910156,-1376.10500335693,13.31396484375
9.156666666666666,117.921424865723,-1376.12734222412,13.01953125
9.158333333333333,117.938484191895,-1376.14907073975,12.7265625
9.16,117.955551147461,-1376.16957855225,12.4365234375
9.161666666666667,117.972610473633,-1376.18849945068,12.16552734375
9.163333333333334,117.989677429199,-1376.20595550537,11.9384765625
9.165,118.006736755371,-1376.22267913818,11.7626953125
9.166666666666666,118.023803710938,-1376.2403793335,11.58544921875
9.168333333333333,118.040863037109,-1376.26015472412,11.35400390625
9.17,118.057929992676,-1376.2813949585,11.11669921875
9.171666666666667,118.074996948242,-1376.30226898193,10.8427734375
9.173333333333334,118.092056274414,-1376.32192230225,10.58203125
9.175,118.10912322998,-1376.34120941162,10.3330078125
9.176666666666666,118.126182556152,-1376.36061859131,10.0869140625
9.178333333333333,118.143249511719,-1376.37941741943,9.85546875
9.18,118.160278320313,-1376.39675140381,9.6533203125
9.181666666666667,118.177345275879,-1376.41359710693,9.48046875
9.183333333333334,118.194404602051,-1376.43117523193,9.31201171875
9.185,118.211471557617,-1376.44863128662,9.1318359375
9.186666666666667,118.228500366211,-1376.46437835693,8.93408203125
9.188333333333333,118.245567321777,-1376.47817230225,8.72021484375
9.19,118.262603759766,-1376.49196624756,8.49462890625
9.191666666666666,118.279663085938,-1376.506980896,8.26171875
9.193333333333333,118.296699523926,-1376.52285003662,8.03173828125
9.195,118.313758850098,-1376.53859710693,7.80615234375
9.196666666666667,118.330825805664,-1376.55348968506,7.58349609375
9.198333333333334,118.347854614258,-1376.56679534912,7.36376953125
9.2,118.364921569824,-1376.57802581787,7.1484375
9.201666666666666,118.381980895996,-1376.58791351318,6.9462890625
9.203333333333333,118.399047851563,-1376.59670257568,6.76025390625
9.205,118.416084289551,-1376.60439300537,6.591796875
9.206666666666667,118.433143615723,-1376.61122894287,6.427734375
9.208333333333334,118.450210571289,-1376.61782073975,6.2314453125
9.21,118.467239379883,-1376.62465667725,5.98388671875
9.211666666666666,118.484306335449,-1376.63185882568,5.71435546875
9.213333333333333,118.501335144043,-1376.63930511475,5.4638671875
9.215,118.518402099609,-1376.64699554443,5.24560546875
9.216666666666667,118.535430908203,-1376.65493011475,5.05078125
9.218333333333334,118.55249786377,-1376.66310882568,4.86181640625
9.22,118.569534301758,-1376.67165374756,4.6728515625
9.221666666666666,118.586563110352,-1376.68068695068,4.4853515625
9.223333333333333,118.60359954834,-1376.68984222412,4.29638671875
9.225,118.620628356934,-1376.69777679443,4.11767578125
9.226666666666667,118.637664794922,-1376.70461273193,3.97265625
9.228333333333333,118.654693603516,-1376.71144866943,3.8759765625
9.23,118.671730041504,-1376.71828460693,3.80859375
9.231666666666667,118.688766479492,-1376.723777771,3.732421875
9.233333333333333,118.705795288086,-1376.72743988037,3.63720703125
9.235,118.722831726074,-1376.73012542725,3.53759765625
9.236666666666666,118.739860534668,-1376.73329925537,3.451171875
9.238333333333333,118.756896972656,-1376.73696136475,3.38671875
9.24,118.773895263672,-1376.74098968506,3.35009765625
9.241666666666667,118.79093170166,-1376.74477386475,3.32958984375
9.243333333333334,118.80793762207,-1376.74843597412,3.3046875
9.245,118.824935913086,-1376.75185394287,3.2783203125
9.246666666666666,118.841941833496,-1376.75527191162,3.2666015625
9.248333333333333,118.85897064209,-1376.75832366943,3.26513671875
9.25,118.8759765625,-1376.75966644287,3.24609375
9.251666666666667,118.89298248291,-1376.75881195068,3.1904296875
9.253333333333334,118.909980773926,-1376.75759124756,3.09814453125
9.255,118.927017211914,-1376.75759124756,2.9912109375
9.256666666666666,118.94401550293,-1376.75905609131,2.888671875
9.258333333333333,118.96102142334,-1376.76210784912,2.79931640625
9.26,118.978050231934,-1376.7657699585,2.71728515625
9.261666666666667,118.995056152344,-1376.76882171631,2.6337890625
9.263333333333334,119.012031555176,-1376.77053070068,2.5546875
9.265,119.02906036377,-1376.7716293335,2.4931640625
9.266666666666667,119.046035766602,-1376.77431488037,2.4697265625
9.268333333333333,119.063041687012,-1376.77968597412,2.46533203125
9.27,119.080039978027,-1376.78737640381,2.45361328125
9.271666666666667,119.097076416016,-1376.79555511475,2.43017578125
9.273333333333333,119.114074707031,-1376.80300140381,2.4345703125
9.275,119.131080627441,-1376.81008148193,2.49755859375
9.276666666666667,119.148109436035,-1376.81764984131,2.6015625
9.278333333333334,119.165115356445,-1376.82619476318,2.7041015625
9.28,119.182090759277,-1376.83571624756,2.77880859375
9.281666666666666,119.199089050293,-1376.84597015381,2.8212890625
9.283333333333333,119.216094970703,-1376.85549163818,2.84326171875
9.285,119.233093261719,-1376.86330413818,2.853515625
9.286666666666667,119.250099182129,-1376.86989593506,2.8681640625
9.288333333333334,119.267105102539,-1376.87660980225,2.9033203125
9.29,119.284103393555,-1376.88332366943,2.97216796875
9.291666666666666,119.301109313965,-1376.88832855225,3.0732421875
9.293333333333333,119.31810760498,-1376.89052581787,3.17578125
9.295,119.335113525391,-1376.89003753662,3.23583984375
9.296666666666667,119.352119445801,-1376.88857269287,3.24755859375
9.298333333333334,119.369117736816,-1376.88771820068,3.24609375
9.3,119.386123657227,-1376.88820648193,3.25634765625
9.301666666666666,119.403121948242,-1376.88954925537,3.2841796875
9.303333333333333,119.420097351074,-1376.89113616943,3.322265625
9.305,119.437103271484,-1376.89357757568,3.37060546875
9.306666666666667,119.454071044922,-1376.897605896,3.427734375
9.308333333333334,119.471076965332,-1376.90358734131,3.47314453125
9.31,119.488075256348,-1376.91005706787,3.50390625
9.311666666666667,119.505081176758,-1376.91591644287,3.54052734375
9.313333333333333,119.52205657959,-1376.92079925537,3.6123046875
9.315,119.539054870605,-1376.92665863037,3.70751953125
9.316666666666666,119.556060791016,-1376.93556976318,3.7822265625
9.318333333333333,119.573066711426,-1376.94692230225,3.81298828125
9.32,119.590034484863,-1376.95864105225,3.814453125
9.321666666666667,119.607040405273,-1376.96852874756,3.796875
9.323333333333334,119.624038696289,-1376.97609710693,3.76611328125
9.325,119.641014099121,-1376.98171234131,3.744140625
9.326666666666666,119.658020019531,-1376.98622894287,3.7529296875
9.328333333333333,119.675018310547,-1376.99086761475,3.7880859375
9.33,119.692024230957,-1376.997215271,3.8232421875
9.331666666666667,119.709022521973,-1377.0060043335,3.86279296875
9.333333333333334,119.726028442383,-1377.0157699585,3.93603515625
9.335,119.743003845215,-1377.02346038818,4.05322265625
9.336666666666666,119.76000213623,-1377.02724456787,4.1982421875
9.338333333333333,119.777008056641,-1377.02822113037,4.3388671875
9.34,119.793975830078,-1377.02956390381,4.447265625
9.341666666666667,119.810981750488,-1377.03347015381,4.51318359375
9.343333333333334,119.82795715332,-1377.03945159912,4.55712890625
9.345,119.844955444336,-1377.04567718506,4.599609375
9.346666666666666,119.861930847168,-1377.05141448975,4.62890625
9.348333333333333,119.878929138184,-1377.05727386475,4.6201171875
9.35,119.895904541016,-1377.06374359131,4.57470703125
9.351666666666667,119.912910461426,-1377.07167816162,4.5322265625
9.353333333333333,119.929908752441,-1377.08242034912,4.5205078125
9.355,119.946884155273,-1377.09658050537,4.54541015625
9.356666666666667,119.963882446289,-1377.11196136475,4.57763671875
9.358333333333333,119.980857849121,-1377.12526702881,4.59375
9.36,119.997863769531,-1377.13539886475,4.59814453125
9.361666666666666,120.014831542969,-1377.14406585693,4.59814453125
9.363333333333333,120.031837463379,-1377.15212249756,4.60546875
9.365,120.048812866211,-1377.15981292725,4.6318359375
9.366666666666667,120.065811157227,-1377.16750335693,4.6845703125
9.368333333333334,120.082817077637,-1377.17604827881,4.7666015625
9.37,120.099784851074,-1377.18556976318,4.8544921875
9.371666666666666,120.116790771484,-1377.19521331787,4.92041015625
9.373333333333333,120.133766174316,-1377.2052230835,4.94677734375
9.375,120.150764465332,-1377.21633148193,4.95703125
9.376666666666667,120.167739868164,-1377.22829437256,4.99658203125
9.378333333333334,120.184707641602,-1377.23989105225,5.09619140625
9.38,120.201713562012,-1377.2501449585,5.23828125
9.381666666666666,120.218688964844,-1377.25832366943,5.37744140625
9.383333333333333,120.235687255859,-1377.26430511475,5.478515625
9.385,120.252662658691,-1377.26930999756,5.5400390625
9.386666666666667,120.269638061523,-1377.27443695068,5.58984375
9.388333333333334,120.286636352539,-1377.27931976318,5.64990234375
9.39,120.303611755371,-1377.28261566162,5.72607421875
9.391666666666667,120.320610046387,-1377.28481292725,5.81103515625
9.393333333333333,120.337615966797,-1377.28774261475,5.8828125
9.395,120.354591369629,-1377.29262542725,5.9150390625
9.396666666666667,120.371559143066,-1377.29958343506,5.89892578125
9.398333333333333,120.388565063477,-1377.30812835693,5.8681640625
9.4,120.405532836914,-1377.31838226318,5.87548828125
9.401666666666667,120.422508239746,-1377.33010101318,5.93701171875
9.403333333333334,120.439483642578,-1377.34181976318,6.02783203125
9.405,120.456481933594,-1377.35231781006,6.1318359375
9.406666666666666,120.473426818848,-1377.36208343506,6.240234375
9.408333333333333,120.49040222168,-1377.37209320068,6.34423828125
9.41,120.507400512695,-1377.38344573975,6.44091796875
9.411666666666667,120.524375915527,-1377.39540863037,6.53466796875
9.413333333333334,120.541343688965,-1377.40724945068,6.62255859375
9.415,120.558319091797,-1377.41823577881,6.6796875
9.416666666666666,120.575325012207,-1377.428855896,6.69287109375
9.418333333333333,120.592292785645,-1377.43984222412,6.6884765625
9.42,120.609268188477,-1377.45192718506,6.708984375
9.421666666666667,120.626243591309,-1377.46474456787,6.7734375
9.423333333333334,120.643241882324,-1377.477684021,6.88623046875
9.425,120.660247802734,-1377.49001312256,7.04443359375
9.426666666666666,120.67733001709,-1377.501121521,7.22900390625
9.428333333333333,120.694404602051,-1377.51149749756,7.423828125
9.43,120.71150970459,-1377.52223968506,7.61279296875
9.431666666666667,120.728561401367,-1377.53444671631,7.80322265625
9.433333333333334,120.745635986328,-1377.547996521,7.98486328125
9.435,120.762710571289,-1377.56191253662,8.1416015625
9.436666666666667,120.77978515625,-1377.575340271,8.267578125
9.438333333333333,120.796867370605,-1377.58815765381,8.37744140625
9.44,120.813911437988,-1377.60097503662,8.48291015625
9.441666666666666,120.830986022949,-1377.61489105225,8.5751953125
9.443333333333333,120.84806060791,-1377.63014984131,8.63818359375
9.445,120.865112304688,-1377.64638519287,8.67626953125
9.446666666666667,120.88215637207,-1377.66310882568,8.70849609375
9.448333333333334,120.899230957031,-1377.6798324585,8.7451171875
9.45,120.916282653809,-1377.69618988037,8.7890625
9.451666666666666,120.93335723877,-1377.71279144287,8.83740234375
9.453333333333333,120.950401306152,-1377.73012542725,8.900390625
9.455,120.967475891113,-1377.74709320068,8.9794921875
9.456666666666667,120.984527587891,-1377.7618637085,9.07177734375
9.458333333333334,121.001602172852,-1377.77407073975,9.15380859375
9.46,121.018646240234,-1377.78566741943,9.2255859375
9.461666666666666,121.035697937012,-1377.7989730835,9.30322265625
9.463333333333333,121.052772521973,-1377.8145980835,9.41162109375
9.465,121.069816589355,-1377.8321762085,9.54638671875
9.466666666666667,121.086860656738,-1377.85134124756,9.68701171875
9.468333333333334,121.103912353516,-1377.87172698975,9.814453125
9.47,121.120986938477,-1377.89308929443,9.92431640625
9.471666666666666,121.138031005859,-1377.91371917725,10.02099609375
9.473333333333333,121.15510559082,-1377.93288421631,10.10009765625
9.475,121.172157287598,-1377.95021820068,10.16162109375
9.476666666666667,121.18920135498,-1377.96620941162,10.21142578125
9.478333333333333,121.206245422363,-1377.981590271,10.25390625
9.48,121.223327636719,-1377.99770355225,10.28173828125
9.481666666666667,121.240371704102,-1378.01503753662,10.283203125
9.483333333333333,121.257446289063,-1378.03298187256,10.26416015625
9.485,121.274490356445,-1378.049949646,10.248046875
9.486666666666666,121.291572570801,-1378.06484222412,10.24072265625
9.488333333333333,121.308616638184,-1378.07802581787,10.2392578125
9.49,121.325660705566,-1378.09084320068,10.24365234375
9.491666666666667,121.342742919922,-1378.10451507568,10.25244140625
9.493333333333334,121.359786987305,-1378.11989593506,10.2509765625
9.495,121.376831054688,-1378.13710784912,10.224609375
9.496666666666666,121.393905639648,-1378.15554046631,10.1982421875
9.498333333333333,121.410957336426,-1378.17421722412,10.2041015625
9.5,121.428001403809,-1378.19167327881,10.2421875
9.501666666666667,121.445045471191,-1378.20864105225,10.27880859375
9.503333333333334,121.462097167969,-1378.22719573975,10.294921875
9.505,121.479141235352,-1378.24904632568,10.3037109375
9.506666666666666,121.496185302734,-1378.27321624756,10.31982421875
9.508333333333333,121.513229370117,-1378.29726409912,10.353515625
9.51,121.530281066895,-1378.31899261475,10.39892578125
9.511666666666667,121.547325134277,-1378.33852386475,10.44580078125
9.513333333333334,121.56436920166,-1378.35732269287,10.50146484375
9.515,121.581413269043,-1378.376121521,10.5703125
9.516666666666667,121.59846496582,-1378.39479827881,10.65380859375
9.518333333333333,121.615539550781,-1378.41286468506,10.74755859375
9.52,121.632583618164,-1378.4298324585,10.845703125
9.521666666666667,121.649635314941,-1378.44496917725,10.9306640625
9.523333333333333,121.666679382324,-1378.45790863037,10.99072265625
9.525,121.683723449707,-1378.47023773193,11.02880859375
9.526666666666667,121.70076751709,-1378.48415374756,11.0712890625
9.528333333333334,121.717819213867,-1378.49977874756,11.150390625
9.53,121.73486328125,-1378.51638031006,11.279296875
9.531666666666666,121.751937866211,-1378.53347015381,11.43896484375
9.533333333333333,121.768989562988,-1378.55055999756,11.595703125
9.535,121.786033630371,-1378.56703948975,11.71875
9.536666666666667,121.803077697754,-1378.5821762085,11.80224609375
9.538333333333334,121.820091247559,-1378.59694671631,11.85791015625
9.54,121.837142944336,-1378.61220550537,11.90771484375
9.541666666666666,121.854187011719,-1378.62758636475,11.96923828125
9.543333333333333,121.871231079102,-1378.64223480225,12.0380859375
9.545,121.888282775879,-1378.65688323975,12.087890625
9.546666666666667,121.905326843262,-1378.67324066162,12.09375
9.548333333333334,121.922340393066,-1378.69216156006,12.07177734375
9.55,121.939384460449,-1378.71413421631,12.05712890625
9.551666666666666,121.956436157227,-1378.73830413818,12.07177734375
9.553333333333333,121.973449707031,-1378.76357269287,12.111328125
9.555,121.990463256836,-1378.78884124756,12.1611328125
9.556666666666667,122.007507324219,-1378.81374359131,12.22998046875
9.558333333333334,122.024528503418,-1378.8380355835,12.3251953125
9.56,122.041572570801,-1378.86183929443,12.44677734375
9.561666666666667,122.058586120605,-1378.88539886475,12.57861328125
9.563333333333333,122.075637817383,-1378.90859222412,12.71923828125
9.565,122.092651367188,-1378.93093109131,12.8759765625
9.566666666666666,122.109664916992,-1378.95204925537,13.03857421875
9.568333333333333,122.126678466797,-1378.97255706787,13.18505859375
9.57,122.143699645996,-1378.99404144287,13.2978515625
9.571666666666667,122.160713195801,-1379.01796722412,13.376953125
9.573333333333334,122.177757263184,-1379.044090271,13.41943359375
9.575,122.194778442383,-1379.07082366943,13.435546875
9.576666666666666,122.211791992188,-1379.09645843506,13.44873046875
9.578333333333333,122.228805541992,-1379.12062835693,13.48681640625
9.58,122.245819091797,-1379.143699646,13.546875
9.581666666666667,122.262870788574,-1379.16652679443,13.6201171875
9.583333333333334,122.279884338379,-1379.18910980225,13.71240234375
9.585,122.296897888184,-1379.21181488037,13.83837890625
9.586666666666666,122.313949584961,-1379.2345199585,13.98046875
9.588333333333333,122.330963134766,-1379.25685882568,14.09765625
9.59,122.34797668457,-1379.27919769287,14.162109375
9.591666666666667,122.364990234375,-1379.30202484131,14.16796875
9.593333333333334,122.382011413574,-1379.32497406006,14.13720703125
9.595,122.399055480957,-1379.3478012085,14.0947265625
9.596666666666666,122.416069030762,-1379.37075042725,14.06689453125
9.598333333333333,122.433090209961,-1379.39528656006,14.07568359375
9.6,122.450103759766,-1379.42189788818,14.12841796875
9.601666666666667,122.46711730957,-1379.45009613037,14.20458984375
9.603333333333333,122.484130859375,-1379.47805023193,14.27197265625
9.605,122.501152038574,-1379.50490570068,14.314453125
9.606666666666667,122.518165588379,-1379.53090667725,14.33642578125
9.608333333333333,122.535179138184,-1379.5567855835,14.33642578125
9.61,122.552200317383,-1379.58290863037,14.31591796875
9.611666666666666,122.569244384766,-1379.60793304443,14.28076171875
9.613333333333333,122.58625793457,-1379.63112640381,14.23388671875
9.615,122.603271484375,-1379.65175628662,14.1826171875
9.616666666666667,122.620292663574,-1379.67018890381,14.1328125
9.618333333333334,122.637306213379,-1379.68776702881,14.09912109375
9.62,122.654319763184,-1379.70607757568,14.08447265625
9.621666666666666,122.671371459961,-1379.72585296631,14.0771484375
9.623333333333333,122.688385009766,-1379.747215271,14.06103515625
9.625,122.70539855957,-1379.77028656006,14.03759765625
9.626666666666667,122.722412109375,-1379.79543304443,14.015625
9.628333333333334,122.739463806152,-1379.82192230225,13.99951171875
9.63,122.756446838379,-1379.84804534912,13.9833984375
9.631666666666666,122.773460388184,-1379.87233734131,13.95263671875
9.633333333333333,122.790473937988,-1379.89479827881,13.9013671875
9.635,122.807495117188,-1379.91640472412,13.84423828125
9.636666666666667,122.824508666992,-1379.93813323975,13.79736328125
9.638333333333334,122.841522216797,-1379.9610824585,13.76806640625
9.64,122.858573913574,-1379.98671722412,13.75048828125
9.641666666666667,122.875587463379,-1380.01540374756,13.72998046875
9.643333333333333,122.892601013184,-1380.04555511475,13.6904296875
9.645,122.909645080566,-1380.07472991943,13.63037109375
9.646666666666667,122.926666259766,-1380.10146331787,13.55859375
9.648333333333333,122.94367980957,-1380.12563323975,13.482421875
9.65,122.960723876953,-1380.14675140381,13.41796875
9.651666666666667,122.977745056152,-1380.16555023193,13.37255859375
9.653333333333334,122.994789123535,-1380.18410491943,13.36962890625
9.655,123.01180267334,-1380.20412445068,13.4150390625
9.656666666666666,123.028846740723,-1380.22597503662,13.505859375
9.658333333333333,123.045867919922,-1380.24855804443,13.61865234375
9.66,123.062881469727,-1380.27138519287,13.728515625
9.661666666666667,123.079925537109,-1380.29433441162,13.82666015625
9.663333333333334,123.096946716309,-1380.31679534912,13.91455078125
9.665,123.113990783691,-1380.33827972412,13.98779296875
9.666666666666666,123.131004333496,-1380.35890960693,14.0390625
9.668333333333333,123.148017883301,-1380.37978363037,14.06982421875
9.67,123.1650390625,-1380.40114593506,14.09619140625
9.671666666666667,123.182052612305,-1380.42214202881,14.12841796875
9.673333333333334,123.199066162109,-1380.44191741943,14.1650390625
9.675,123.216087341309,-1380.46047210693,14.18994140625
9.676666666666666,123.233100891113,-1380.4786605835,14.19140625
9.678333333333333,123.250114440918,-1380.49758148193,14.17529296875
9.68,123.267097473145,-1380.51808929443,14.1474609375
9.681666666666667,123.284149169922,-1380.5411605835,14.10498046875
9.683333333333334,123.301132202148,-1380.56606292725,14.04345703125
9.685,123.318145751953,-1380.590965271,13.98193359375
9.686666666666667,123.335166931152,-1380.61391448975,13.93798828125
9.688333333333333,123.352180480957,-1380.63478851318,13.9130859375
9.69,123.369194030762,-1380.6544418335,13.89990234375
9.691666666666666,123.386207580566,-1380.674949646,13.91455078125
9.693333333333333,123.403228759766,-1380.69728851318,13.9599609375
9.695,123.42024230957,-1380.72206878662,14.009765625
9.696666666666667,123.437255859375,-1380.74904632568,14.04052734375
9.698333333333334,123.454277038574,-1380.77724456787,14.0478515625
9.7,123.471260070801,-1380.80507659912,14.04345703125
9.701666666666666,123.488273620605,-1380.83180999756,14.03759765625
9.703333333333333,123.50528717041,-1380.85829925537,14.02880859375
9.705,123.522277832031,-1380.88539886475,14.02880859375
9.706666666666667,123.539260864258,-1380.91286468506,14.05517578125
9.708333333333334,123.556274414063,-1380.94020843506,14.10498046875
9.71,123.573295593262,-1380.967918396,14.162109375
9.711666666666666,123.590278625488,-1380.99660491943,14.21923828125
9.713333333333333,123.607292175293,-1381.02541351318,14.28076171875
9.715,123.624305725098,-1381.05275726318,14.3466796875
9.716666666666667,123.641326904297,-1381.077293396,14.4052734375
9.718333333333334,123.658340454102,-1381.09902191162,14.44775390625
9.72,123.675354003906,-1381.11940765381,14.4755859375
9.721666666666666,123.692367553711,-1381.14003753662,14.49609375
9.723333333333333,123.70938873291,-1381.16213226318,14.49755859375
9.725,123.726371765137,-1381.1856918335,14.47705078125
9.726666666666667,123.743385314941,-1381.21071624756,14.44482421875
9.728333333333333,123.760406494141,-1381.23622894287,14.419921875
9.73,123.777420043945,-1381.260887146,14.408203125
9.731666666666667,123.794403076172,-1381.28395843506,14.4111328125
9.733333333333333,123.811416625977,-1381.30629730225,14.40673828125
9.735,123.828407287598,-1381.32888031006,14.384765625
9.736666666666666,123.845420837402,-1381.35158538818,14.33203125
9.738333333333333,123.862434387207,-1381.374168396,14.255859375
9.74,123.879425048828,-1381.3966293335,14.18115234375
9.741666666666667,123.896438598633,-1381.41884613037,14.14013671875
9.743333333333334,123.913421630859,-1381.44118499756,14.14306640625
9.745,123.930435180664,-1381.46340179443,14.1650390625
9.746666666666666,123.947425842285,-1381.48586273193,14.17236328125
9.748333333333333,123.96443939209,-1381.50954437256,14.15625
9.75,123.981422424316,-1381.534324646,14.126953125
9.751666666666667,123.998443603516,-1381.55995941162,14.0888671875
9.753333333333334,124.015426635742,-1381.5860824585,14.0361328125
9.755,124.032440185547,-1381.61220550537,13.97900390625
9.756666666666666,124.049423217773,-1381.63747406006,13.93798828125
9.758333333333333,124.066413879395,-1381.66091156006,13.92919921875
9.76,124.083427429199,-1381.68264007568,13.95703125
9.761666666666667,124.100410461426,-1381.70388031006,14.00830078125
9.763333333333334,124.117431640625,-1381.72609710693,14.0625
9.765,124.13444519043,-1381.74929046631,14.09619140625
9.766666666666667,124.151428222656,-1381.77248382568,14.08447265625
9.768333333333333,124.168411254883,-1381.79470062256,14.009765625
9.77,124.185432434082,-1381.815574646,13.9013671875
9.771666666666667,124.202445983887,-1381.83547210693,13.8134765625
9.773333333333333,124.219429016113,-1381.85536956787,13.78125
9.775,124.236450195313,-1381.87551116943,13.7958984375
9.776666666666667,124.253433227539,-1381.89601898193,13.8369140625
9.778333333333334,124.270446777344,-1381.91640472412,13.8984375
9.78,124.287460327148,-1381.93703460693,13.9658203125
9.781666666666666,124.30445098877,-1381.95900726318,14.033203125
9.783333333333333,124.321464538574,-1381.98342132568,14.11083984375
9.785,124.338478088379,-1382.01039886475,14.19140625
9.786666666666667,124.355499267578,-1382.03871917725,14.267578125
9.788333333333334,124.372512817383,-1382.06642913818,14.32177734375
9.79,124.389495849609,-1382.09255218506,14.3466796875
9.791666666666666,124.406509399414,-1382.11745452881,14.35400390625
9.793333333333333,124.423530578613,-1382.14199066162,14.34814453125
9.795,124.44051361084,-1382.16628265381,14.3291015625
9.796666666666667,124.457527160645,-1382.19033050537,14.29833984375
9.798333333333334,124.474517822266,-1382.21425628662,14.27490234375
9.8,124.491500854492,-1382.23805999756,14.27197265625
9.801666666666666,124.508514404297,-1382.26210784912,14.28369140625
9.803333333333333,124.525497436523,-1382.28676605225,14.29248046875
9.805,124.542518615723,-1382.31191253662,14.279296875
9.806666666666667,124.559501647949,-1382.33681488037,14.24853515625
9.808333333333334,124.576484680176,-1382.35939788818,14.2236328125
9.81,124.593475341797,-1382.37819671631,14.22802734375
9.811666666666667,124.610458374023,-1382.3946762085,14.28076171875
9.813333333333333,124.627471923828,-1382.41201019287,14.37451171875
9.815,124.644454956055,-1382.43239593506,14.48291015625
9.816666666666666,124.661445617676,-1382.45595550537,14.5869140625
9.818333333333333,124.678428649902,-1382.48195648193,14.6689453125
9.82,124.695411682129,-1382.50978851318,14.7275390625
9.821666666666667,124.712371826172,-1382.53798675537,14.76123046875
9.823333333333334,124.729354858398,-1382.56606292725,14.77001953125
9.825,124.746337890625,-1382.59474945068,14.7451171875
9.826666666666666,124.763320922852,-1382.62380218506,14.6953125
9.828333333333333,124.780311584473,-1382.65236663818,14.642578125
9.83,124.797294616699,-1382.67934417725,14.60888671875
9.831666666666667,124.814277648926,-1382.70510101318,14.59130859375
9.833333333333334,124.831237792969,-1382.73049163818,14.57958984375
9.835,124.848220825195,-1382.75563812256,14.5693359375
9.836666666666666,124.865203857422,-1382.78017425537,14.560546875
9.838333333333333,124.882186889648,-1382.80373382568,14.54736328125
9.84,124.899147033691,-1382.82704925537,14.52099609375
9.841666666666667,124.916130065918,-1382.85024261475,14.48876953125
9.843333333333334,124.933082580566,-1382.87294769287,14.4609375
9.845,124.950042724609,-1382.89492034912,14.4462890625
9.846666666666666,124.967025756836,-1382.91603851318,14.4462890625
9.848333333333333,124.983978271484,-1382.936668396,14.4609375
9.85,125.000961303711,-1382.95778656006,14.50634765625
9.851666666666667,125.017921447754,-1382.98036956787,14.5927734375
9.853333333333333,125.03490447998,-1383.00563812256,14.6953125
9.855,125.051856994629,-1383.0333480835,14.77734375
9.856666666666667,125.06884765625,-1383.06227874756,14.81982421875
9.858333333333333,125.085800170898,-1383.09108734131,14.8330078125
9.86,125.102752685547,-1383.11843109131,14.8330078125
9.861666666666666,125.119735717773,-1383.143699646,14.82275390625
9.863333333333333,125.136695861816,-1383.167137146,14.806640625
9.865,125.153648376465,-1383.18984222412,14.77294921875
9.866666666666667,125.170600891113,-1383.21218109131,14.70703125
9.868333333333334,125.187591552734,-1383.23500823975,14.62060546875
9.87,125.204544067383,-1383.258934021,14.5458984375
9.871666666666666,125.221527099609,-1383.28383636475,14.5107421875
9.873333333333333,125.238479614258,-1383.30849456787,14.5107421875
9.875,125.255470275879,-1383.33242034912,14.52685546875
9.876666666666667,125.272422790527,-1383.35610198975,14.5458984375
9.878333333333334,125.289405822754,-1383.37966156006,14.56494140625
9.88,125.306365966797,-1383.40261077881,14.578125
9.881666666666666,125.323318481445,-1383.42433929443,14.572265625
9.883333333333333,125.340270996094,-1383.4454574585,14.55908203125
9.885,125.35725402832,-1383.46718597412,14.5634765625
9.886666666666667,125.374214172363,-1383.49062347412,14.6015625
9.888333333333334,125.391166687012,-1383.5157699585,14.666015625
9.89,125.40811920166,-1383.54189300537,14.73779296875
9.891666666666667,125.425079345703,-1383.56826019287,14.79052734375
9.893333333333333,125.442031860352,-1383.59426116943,14.8125
9.895,125.458984375,-1383.6192855835,14.79931640625
9.896666666666667,125.475944519043,-1383.64345550537,14.75830078125
9.898333333333333,125.492897033691,-1383.66738128662,14.70849609375
9.9,125.50984954834,-1383.69203948975,14.677734375
9.901666666666667,125.526802062988,-1383.71804046631,14.6806640625
9.903333333333334,125.543762207031,-1383.74501800537,14.71875
9.905,125.560684204102,-1383.77187347412,14.78173828125
9.906666666666666,125.577667236328,-1383.79714202881,14.853515625
9.908333333333333,125.594627380371,-1383.82033538818,14.93408203125
9.91,125.61157989502,-1383.84218597412,15.01025390625
9.911666666666667,125.62850189209,-1383.86452484131,15.06298828125
9.913333333333334,125.645484924316,-1383.88857269287,15.0908203125
9.915,125.662414550781,-1383.91432952881,15.11572265625
9.916666666666666,125.67936706543,-1383.94106292725,15.1611328125
9.918333333333333,125.696319580078,-1383.96779632568,15.2255859375
9.92,125.713249206543,-1383.99391937256,15.30029296875
9.921666666666667,125.730201721191,-1384.01857757568,15.3837890625
9.923333333333334,125.74715423584,-1384.04140472412,15.48193359375
9.925,125.764106750488,-1384.06349945068,15.5830078125
9.926666666666666,125.781036376953,-1384.08657073975,15.673828125
9.928333333333333,125.797988891602,-1384.11171722412,15.73974609375
9.93,125.81494140625,-1384.13820648193,15.7705078125
9.931666666666667,125.831901550293,-1384.16481781006,15.767578125
9.933333333333334,125.848854064941,-1384.19033050537,15.744140625
9.935,125.86580657959,-1384.21474456787,15.7294921875
9.936666666666667,125.88272857666,-1384.23891448975,15.7529296875
9.938333333333333,125.899688720703,-1384.26320648193,15.80712890625
9.94,125.916641235352,-1384.28798675537,15.86279296875
9.941666666666666,125.933563232422,-1384.31423187256,15.88623046875
9.943333333333333,125.950523376465,-1384.34181976318,15.8818359375
9.945,125.967445373535,-1384.370262146,15.8701171875
9.946666666666667,125.984397888184,-1384.39894866943,15.8671875
9.948333333333334,126.001327514648,-1384.42763519287,15.884765625
9.95,126.018249511719,-1384.45668792725,15.92724609375
9.951666666666666,126.035202026367,-1384.48586273193,15.9990234375
9.953333333333333,126.052124023438,-1384.51418304443,16.09130859375
9.955,126.069053649902,-1384.54140472412,16.1865234375
9.956666666666667,126.085975646973,-1384.56813812256,16.2744140625
9.958333333333334,126.102928161621,-1384.5958480835,16.34765625
9.96,126.119857788086,-1384.62490081787,16.41064453125
9.961666666666666,126.136779785156,-1384.65468597412,16.46630859375
9.963333333333333,126.153732299805,-1384.68459320068,16.529296875
9.965,126.170654296875,-1384.71450042725,16.6142578125
9.966666666666667,126.18758392334,-1384.74404144287,16.71240234375
9.968333333333334,126.204536437988,-1384.77333831787,16.81201171875
9.97,126.221458435059,-1384.80226898193,16.91015625
9.971666666666666,126.238418579102,-1384.82997894287,17.02587890625
9.973333333333333,126.255340576172,-1384.85585784912,17.17236328125
9.975,126.272262573242,-1384.88027191162,17.3408203125
9.976666666666667,126.289215087891,-1384.90505218506,17.50048828125
9.978333333333333,126.306144714355,-1384.93202972412,17.6162109375
9.98,126.323097229004,-1384.96071624756,17.6806640625
9.981666666666667,126.340019226074,-1384.98928070068,17.71142578125
9.983333333333333,126.356979370117,-1385.01589202881,17.72021484375
9.985,126.373901367188,-1385.04152679443,17.72314453125
9.986666666666666,126.390853881836,-1385.067527771,17.73486328125
9.988333333333333,126.407806396484,-1385.09413909912,17.7568359375
9.99,126.424766540527,-1385.12087249756,17.771484375
9.991666666666667,126.441719055176,-1385.147605896,17.76123046875
9.993333333333334,126.458671569824,-1385.17543792725,17.73193359375
9.995,126.475601196289,-1385.20546722412,17.7099609375
9.996666666666666,126.492553710938,-1385.237449646,17.69970703125
9.998333333333333,126.509506225586,-1385.27053070068,17.6982421875
10,126.526466369629,-1385.30336761475,17.6982421875
10.001666666666667,126.543418884277,-1385.33535003662,17.71142578125
10.003333333333334,126.560371398926,-1385.36611175537,17.74365234375
10.005,126.577323913574,-1385.39601898193,17.80224609375
10.006666666666666,126.594284057617,-1385.4259262085,17.8857421875
10.008333333333333,126.611236572266,-1385.456199646,17.9970703125
10.01,126.628189086914,-1385.48757171631,18.1259765625
10.011666666666667,126.645179748535,-1385.52089691162,18.26806640625
10.013333333333334,126.662132263184,-1385.55702972412,18.4248046875
10.015,126.679084777832,-1385.5958480835,18.59033203125
10.016666666666667,126.69603729248,-1385.63539886475,18.74853515625
10.018333333333333,126.712997436523,-1385.67311859131,18.8701171875
10.02,126.729949951172,-1385.70693206787,18.94482421875
10.021666666666667,126.74690246582,-1385.73659515381,18.99169921875
10.023333333333333,126.763893127441,-1385.76393890381,19.0458984375
10.025,126.780815124512,-1385.79091644287,19.13525390625
10.026666666666667,126.79776763916,-1385.81874847412,19.2421875
10.028333333333334,126.814750671387,-1385.84816741943,19.341796875
10.03,126.83171081543,-1385.87868499756,19.42529296875
10.031666666666666,126.848663330078,-1385.90859222412,19.50439453125
10.033333333333333,126.865615844727,-1385.93679046631,19.5908203125
10.035,126.88257598877,-1385.96352386475,19.6728515625
10.036666666666667,126.899528503418,-1385.99001312256,19.73291015625
10.038333333333334,126.916481018066,-1386.01638031006,19.77099609375
10.04,126.933433532715,-1386.04299163818,19.79296875
10.041666666666666,126.950393676758,-1386.07070159912,19.80908203125
10.043333333333333,126.967346191406,-1386.10085296631,19.822265625
10.045,126.984298706055,-1386.13332366943,19.82958984375
10.046666666666667,127.001258850098,-1386.1681137085,19.82666015625
10.048333333333334,127.018180847168,-1386.20497894287,19.8193359375
10.05,127.035133361816,-1386.24379730225,19.81787109375
10.051666666666666,127.052085876465,-1386.28383636475,19.822265625
10.053333333333333,127.069046020508,-1386.32460784912,19.81787109375
10.055,127.085998535156,-1386.3653793335,19.78271484375
10.056666666666667,127.102951049805,-1386.40505218506,19.716796875
10.058333333333334,127.119941711426,-1386.44264984131,19.6494140625
10.06,127.136863708496,-1386.47756195068,19.61572265625
10.061666666666667,127.153816223145,-1386.51076507568,19.63037109375
10.063333333333333,127.170776367188,-1386.54335784912,19.68603515625
10.065,127.187728881836,-1386.57643890381,19.75634765625
10.066666666666666,127.204650878906,-1386.610496521,19.82373046875
10.068333333333333,127.221603393555,-1386.64504241943,19.86767578125
10.07,127.238563537598,-1386.67934417725,19.87646484375
10.071666666666667,127.255516052246,-1386.71291351318,19.8720703125
10.073333333333334,127.272438049316,-1386.7462387085,19.892578125
10.075,127.289398193359,-1386.78017425537,19.951171875
10.076666666666666,127.30632019043,-1386.81484222412,20.04052734375
10.078333333333333,127.323272705078,-1386.84987640381,20.13720703125
10.08,127.340225219727,-1386.88503265381,20.2412109375
10.081666666666667,127.35718536377,-1386.91994476318,20.349609375
10.083333333333334,127.37410736084,-1386.95412445068,20.4404296875
10.085,127.391059875488,-1386.98720550537,20.484375
10.086666666666666,127.407989501953,-1387.01857757568,20.47998046875
10.088333333333333,127.424942016602,-1387.04824066162,20.4375
10.09,127.441864013672,-1387.07753753662,20.36572265625
10.091666666666667,127.45881652832,-1387.10768890381,20.26611328125
10.093333333333334,127.475746154785,-1387.13942718506,20.15625
10.095,127.492698669434,-1387.17238616943,20.0595703125
10.096666666666666,127.509620666504,-1387.20558929443,19.99072265625
10.098333333333333,127.526580810547,-1387.23891448975,19.95556640625
10.1,127.543502807617,-1387.27285003662,19.9453125
10.101666666666667,127.560424804688,-1387.307762146,19.9599609375
10.103333333333333,127.577377319336,-1387.34279632568,19.9892578125
10.105,127.594306945801,-1387.3770980835,20.02880859375
10.106666666666667,127.611228942871,-1387.4103012085,20.07421875
10.108333333333333,127.62818145752,-1387.44289398193,20.1240234375
10.11,127.645111083984,-1387.47438812256,20.19140625
10.111666666666666,127.662033081055,-1387.50453948975,20.27197265625
10.113333333333333,127.678985595703,-1387.53469085693,20.349609375
10.115,127.695915222168,-1387.56630706787,20.40087890625
10.116666666666667,127.712867736816,-1387.59938812256,20.4169921875
10.118333333333334,127.729789733887,-1387.63356781006,20.408203125
10.12,127.746711730957,-1387.6681137085,20.38330078125
10.121666666666666,127.763641357422,-1387.70314788818,20.34228515625
10.123333333333333,127.78059387207,-1387.73879241943,20.29833984375
10.125,127.797515869141,-1387.77407073975,20.2705078125
10.126666666666667,127.814445495605,-1387.80788421631,20.26318359375
10.128333333333334,127.831398010254,-1387.8399887085,20.2705078125
10.13,127.848320007324,-1387.8712387085,20.2998046875
10.131666666666666,127.865272521973,-1387.90212249756,20.34228515625
10.133333333333333,127.882202148438,-1387.93264007568,20.38330078125
10.135,127.899124145508,-1387.96352386475,20.40234375
10.136666666666667,127.916076660156,-1387.9962387085,20.40966796875
10.138333333333334,127.933006286621,-1388.03127288818,20.42431640625
10.14,127.949928283691,-1388.06801605225,20.4521484375
10.141666666666667,127.96688079834,-1388.10475921631,20.4814453125
10.143333333333333,127.98380279541,-1388.14089202881,20.4931640625
10.145,128.000732421875,-1388.17653656006,20.48876953125
10.146666666666667,128.017684936523,-1388.21242523193,20.47705078125
10.148333333333333,128.034637451172,-1388.24929046631,20.478515625
10.15,128.051559448242,-1388.28749847412,20.5048828125
10.151666666666667,128.068511962891,-1388.32765960693,20.56640625
10.153333333333334,128.085464477539,-1388.36867523193,20.65869140625
10.155,128.102401733398,-1388.40871429443,20.74951171875
10.156666666666666,128.119354248047,-1388.44631195068,20.8125
10.158333333333333,128.136306762695,-1388.481590271,20.8447265625
10.16,128.153259277344,-1388.51552581787,20.86669921875
10.161666666666667,128.170181274414,-1388.54848480225,20.89892578125
10.163333333333334,128.187103271484,-1388.5802230835,20.94140625
10.165,128.204055786133,-1388.6114730835,20.9912109375
10.166666666666666,128.220993041992,-1388.64333343506,21.05419921875
10.168333333333333,128.237945556641,-1388.67580413818,21.1376953125
10.17,128.254867553711,-1388.70778656006,21.22998046875
10.171666666666667,128.271820068359,-1388.73989105225,21.3046875
10.173333333333334,128.28874206543,-1388.77272796631,21.35888671875
10.175,128.305694580078,-1388.80629730225,21.3955078125
10.176666666666666,128.322616577148,-1388.83962249756,21.416015625
10.178333333333333,128.339553833008,-1388.8731918335,21.4072265625
10.18,128.356475830078,-1388.90761566162,21.3662109375
10.181666666666667,128.373428344727,-1388.94326019287,21.298828125
10.183333333333334,128.390319824219,-1388.979637146,21.22119140625
10.185,128.407272338867,-1389.01552581787,21.146484375
10.186666666666667,128.424194335938,-1389.05019378662,21.0849609375
10.188333333333333,128.441116333008,-1389.08351898193,21.0322265625
10.19,128.458053588867,-1389.11684417725,20.97509765625
10.191666666666666,128.474975585938,-1389.15163421631,20.900390625
10.193333333333333,128.491928100586,-1389.18825531006,20.79638671875
10.195,128.508850097656,-1389.22609710693,20.68359375
10.196666666666667,128.525772094727,-1389.2638168335,20.5810546875
10.198333333333334,128.542694091797,-1389.30068206787,20.5107421875
10.2,128.559616088867,-1389.33644866943,20.478515625
10.201666666666666,128.576553344727,-1389.37245941162,20.46826171875
10.203333333333333,128.593475341797,-1389.40969085693,20.4755859375
10.205,128.610427856445,-1389.44826507568,20.50341796875
10.206666666666667,128.627319335938,-1389.48805999756,20.55615234375
10.208333333333334,128.644271850586,-1389.52858734131,20.62060546875
10.21,128.661193847656,-1389.56935882568,20.68359375
10.211666666666666,128.678115844727,-1389.60915374756,20.7451171875
10.213333333333333,128.695053100586,-1389.6466293335,20.80517578125
10.215,128.711975097656,-1389.68202972412,20.86962890625
10.216666666666667,128.728927612305,-1389.71559906006,20.9384765625
10.218333333333334,128.745849609375,-1389.7481918335,21.005859375
10.22,128.762771606445,-1389.78017425537,21.0498046875
10.221666666666666,128.779693603516,-1389.81179046631,21.06005859375
10.223333333333333,128.796615600586,-1389.842918396,21.041015625
10.225,128.813552856445,-1389.8731918335,21.01171875
10.226666666666667,128.830505371094,-1389.90309906006,20.99560546875
10.228333333333333,128.847427368164,-1389.93361663818,21.00146484375
10.23,128.864349365234,-1389.96511077881,21.02490234375
10.231666666666667,128.881271362305,-1389.997215271,21.05712890625
10.233333333333333,128.898193359375,-1390.02919769287,21.08349609375
10.235,128.915130615234,-1390.0606918335,21.099609375
10.236666666666666,128.932052612305,-1390.09230804443,21.1083984375
10.238333333333333,128.948944091797,-1390.12380218506,21.11865234375
10.24,128.965866088867,-1390.15554046631,21.13330078125
10.241666666666667,128.982788085938,-1390.18813323975,21.1494140625
10.243333333333334,128.99967956543,-1390.22121429443,21.15673828125
10.245,129.0166015625,-1390.25478363037,21.1435546875
10.246666666666666,129.033569335938,-1390.28884124756,21.10986328125
10.248333333333333,129.05046081543,-1390.32448577881,21.0615234375
10.25,129.067413330078,-1390.36171722412,21.01611328125
10.251666666666667,129.08430480957,-1390.39943695068,20.9794921875
10.253333333333334,129.101226806641,-1390.43654632568,20.9619140625
10.255,129.118148803711,-1390.47365570068,20.9736328125
10.256666666666666,129.135040283203,-1390.5118637085,21.0087890625
10.258333333333333,129.151977539063,-1390.55117034912,21.06884765625
10.26,129.168899536133,-1390.59011077881,21.1435546875
10.261666666666667,129.185791015625,-1390.62734222412,21.22412109375
10.263333333333334,129.202743530273,-1390.66262054443,21.29296875
10.265,129.219665527344,-1390.69667816162,21.3427734375
10.266666666666667,129.236587524414,-1390.7306137085,21.38671875
10.268333333333333,129.253509521484,-1390.76515960693,21.4365234375
10.27,129.270446777344,-1390.80031585693,21.48046875
10.271666666666667,129.287399291992,-1390.83559417725,21.5068359375
10.273333333333333,129.304321289063,-1390.87160491943,21.52294921875
10.275,129.321212768555,-1390.90859222412,21.55078125
10.276666666666667,129.338134765625,-1390.94655609131,21.61376953125
10.278333333333334,129.355056762695,-1390.98513031006,21.66943359375
10.28,129.371978759766,-1391.02370452881,21.71923828125
10.281666666666666,129.388885498047,-1391.06179046631,21.77197265625
10.283333333333333,129.405807495117,-1391.09889984131,21.82763671875
10.285,129.422729492188,-1391.13552093506,21.884765625
10.286666666666667,129.439651489258,-1391.17165374756,21.92578125
10.288333333333334,129.45654296875,-1391.20742034912,21.9375
10.29,129.47346496582,-1391.24318695068,21.9169921875
10.291666666666666,129.490386962891,-1391.27993011475,21.88037109375
10.293333333333333,129.50732421875,-1391.31764984131,21.84375
10.295,129.524215698242,-1391.35597991943,21.8173828125
10.296666666666667,129.541137695313,-1391.39443206787,21.796875
10.298333333333334,129.558029174805,-1391.432762146,21.76171875
10.3,129.574951171875,-1391.47133636475,21.71630859375
10.301666666666666,129.591842651367,-1391.51015472412,21.68701171875
10.303333333333333,129.608779907227,-1391.54885101318,21.6884765625
10.305,129.625671386719,-1391.58620452881,21.703125
10.306666666666667,129.642593383789,-1391.62148284912,21.71044921875
10.308333333333334,129.659484863281,-1391.655418396,21.69580078125
10.31,129.676406860352,-1391.68947601318,21.6650390625
10.311666666666667,129.693328857422,-1391.72365570068,21.63720703125
10.313333333333333,129.710220336914,-1391.75734710693,21.63427734375
10.315,129.727127075195,-1391.79079437256,21.65478515625
10.316666666666666,129.744049072266,-1391.82509613037,21.68994140625
10.318333333333333,129.760940551758,-1391.86183929443,21.71337890625
10.32,129.777862548828,-1391.89809417725,21.71630859375
10.321666666666667,129.79475402832,-1391.9337387085,21.7060546875
10.323333333333334,129.811645507813,-1391.969871521,21.703125
10.325,129.828536987305,-1392.00710296631,21.7236328125
10.326666666666666,129.845474243164,-1392.04494476318,21.755859375
10.328333333333333,129.862365722656,-1392.08193206787,21.78955078125
10.33,129.879287719727,-1392.11696624756,21.82177734375
10.331666666666667,129.896179199219,-1392.15090179443,21.85400390625
10.333333333333334,129.913101196289,-1392.18508148193,21.87890625
10.335,129.929992675781,-1392.21974945068,21.88623046875
10.336666666666666,129.946884155273,-1392.25466156006,21.86865234375
10.338333333333333,129.963821411133,-1392.29006195068,21.83642578125
10.34,129.980712890625,-1392.325340271,21.8056640625
10.341666666666667,129.997634887695,-1392.36086273193,21.779296875
10.343333333333334,130.014556884766,-1392.39736175537,21.76171875
10.345,130.031478881836,-1392.434715271,21.75439453125
10.346666666666666,130.048370361328,-1392.47121429443,21.76171875
10.348333333333333,130.06526184082,-1392.50588226318,21.779296875
10.35,130.08219909668,-1392.53859710693,21.796875
10.351666666666667,130.099090576172,-1392.57057952881,21.802734375
10.353333333333333,130.115982055664,-1392.60341644287,21.8173828125
10.355,130.132873535156,-1392.63845062256,21.85986328125
10.356666666666667,130.149765014648,-1392.67617034912,21.9228515625
10.358333333333333,130.166687011719,-1392.71608734131,21.99169921875
10.36,130.18359375,-1392.7560043335,22.05615234375
10.361666666666666,130.200485229492,-1392.79482269287,22.1484375
10.363333333333333,130.217407226563,-1392.83254241943,22.248046875
10.365,130.234298706055,-1392.87038421631,22.3212890625
10.366666666666667,130.251220703125,-1392.90920257568,22.365234375
10.368333333333334,130.268142700195,-1392.94850921631,22.39599609375
10.37,130.285034179688,-1392.987449646,22.44580078125
10.371666666666666,130.301940917969,-1393.02590179443,22.52490234375
10.373333333333333,130.318862915039,-1393.06435394287,22.611328125
10.375,130.335754394531,-1393.10317230225,22.67431640625
10.376666666666667,130.352676391602,-1393.14150238037,22.69775390625
10.378333333333334,130.369567871094,-1393.17836761475,22.693359375
10.38,130.386459350586,-1393.21413421631,22.6787109375
10.381666666666666,130.403381347656,-1393.24990081787,22.6728515625
10.383333333333333,130.420288085938,-1393.286277771,22.669921875
10.385,130.437210083008,-1393.32363128662,22.66552734375
10.386666666666667,130.454132080078,-1393.36171722412,22.669921875
10.388333333333334,130.47102355957,-1393.39968109131,22.7138671875
10.39,130.487945556641,-1393.43642425537,22.80908203125
10.391666666666667,130.504837036133,-1393.471824646,22.94091796875
10.393333333333333,130.521759033203,-1393.50637054443,23.06103515625
10.395,130.538665771484,-1393.54177093506,23.14013671875
10.396666666666667,130.555587768555,-1393.57900238037,23.173828125
10.398333333333333,130.572479248047,-1393.61769866943,23.1767578125
10.4,130.589370727539,-1393.65773773193,23.16064453125
10.401666666666667,130.606262207031,-1393.69985198975,23.1533203125
10.403333333333334,130.623184204102,-1393.74379730225,23.16650390625
10.405,130.640075683594,-1393.78774261475,23.19140625
10.406666666666666,130.657012939453,-1393.82997894287,23.2001953125
10.408333333333333,130.673904418945,-1393.87087249756,23.1767578125
10.41,130.690795898438,-1393.911277771,23.12548828125
10.411666666666667,130.70768737793,-1393.95241546631,23.06982421875
10.413333333333334,130.724548339844,-1393.99404144287,23.0244140625
10.415,130.741439819336,-1394.03517913818,22.9951171875
10.416666666666666,130.758346557617,-1394.07460784912,22.97607421875
10.418333333333333,130.775238037109,-1394.11122894287,22.96875
10.42,130.792129516602,-1394.14577484131,22.97607421875
10.421666666666667,130.809020996094,-1394.17995452881,22.998046875
10.423333333333334,130.825912475586,-1394.21474456787,23.021484375
10.425,130.842803955078,-1394.25002288818,23.0390625
10.426666666666666,130.85969543457,-1394.28615570068,23.044921875
10.428333333333333,130.876602172852,-1394.32387542725,23.0478515625
10.43,130.893493652344,-1394.36403656006,23.05517578125
10.431666666666667,130.910385131836,-1394.40663909912,23.07275390625
10.433333333333334,130.927276611328,-1394.450340271,23.1005859375
10.435,130.94416809082,-1394.4923324585,23.138671875
10.436666666666667,130.961059570313,-1394.53176116943,23.1796875
10.438333333333333,130.977981567383,-1394.56960296631,23.21484375
10.44,130.994888305664,-1394.6075668335,23.24267578125
10.441666666666666,131.011810302734,-1394.64614105225,23.24853515625
10.443333333333333,131.028701782227,-1394.68544769287,23.2119140625
10.445,131.045593261719,-1394.72536468506,23.13720703125
10.446666666666667,131.062515258789,-1394.76515960693,23.05810546875
10.448333333333334,131.079406738281,-1394.80373382568,23.00830078125
10.45,131.096298217773,-1394.84059906006,22.986328125
10.451666666666666,131.113204956055,-1394.87563323975,22.97607421875
10.453333333333333,131.130096435547,-1394.90993499756,22.962890625
10.455,131.146987915039,-1394.94460296631,22.9453125
10.456666666666667,131.163879394531,-1394.9806137085,22.9306640625
10.458333333333334,131.180770874023,-1395.01784515381,22.92919921875
10.46,131.197692871094,-1395.05556488037,22.95556640625
10.461666666666666,131.214553833008,-1395.09304046631,23.00244140625
10.463333333333333,131.231460571289,-1395.13063812256,23.05810546875
10.465,131.248352050781,-1395.16835784912,23.12109375
10.466666666666667,131.265243530273,-1395.206199646,23.19580078125
10.468333333333334,131.282104492188,-1395.24404144287,23.2705078125
10.47,131.29899597168,-1395.282371521,23.32470703125
10.471666666666666,131.315887451172,-1395.32094573975,23.3408203125
10.473333333333333,131.332763671875,-1395.35915374756,23.3173828125
10.475,131.349655151367,-1395.39687347412,23.27490234375
10.476666666666667,131.366546630859,-1395.43459320068,23.24853515625
10.478333333333333,131.383407592773,-1395.47341156006,23.25
10.48,131.400299072266,-1395.51357269287,23.26318359375
10.481666666666667,131.417190551758,-1395.55458831787,23.267578125
10.483333333333333,131.434051513672,-1395.59511566162,23.26318359375
10.485,131.450958251953,-1395.63417816162,23.2529296875
10.486666666666666,131.467819213867,-1395.67189788818,23.2294921875
10.488333333333333,131.484710693359,-1395.70925140381,23.203125
10.49,131.501571655273,-1395.74733734131,23.19287109375
10.491666666666667,131.518432617188,-1395.78639984131,23.20458984375
10.493333333333334,131.53532409668,-1395.82595062256,23.23974609375
10.495,131.552215576172,-1395.86598968506,23.2822265625
10.496666666666666,131.569122314453,-1395.90615081787,23.3232421875
10.498333333333333,131.586013793945,-1395.94606781006,23.35107421875
10.5,131.602874755859,-1395.98537445068,23.3642578125
10.501666666666667,131.619766235352,-1396.02419281006,23.37158203125
10.503333333333334,131.636627197266,-1396.0626449585,23.37890625
10.505,131.653518676758,-1396.10146331787,23.37890625
10.506666666666666,131.670394897461,-1396.14150238037,23.373046875
10.508333333333333,131.687286376953,-1396.18300628662,23.36279296875
10.51,131.704177856445,-1396.22536468506,23.35400390625
10.511666666666667,131.721038818359,-1396.26760101318,23.34814453125
10.513333333333334,131.737930297852,-1396.30910491943,23.34814453125
10.515,131.754791259766,-1396.3497543335,23.361328125
10.516666666666667,131.771682739258,-1396.38991546631,23.384765625
10.518333333333333,131.788558959961,-1396.42971038818,23.41259765625
10.52,131.805419921875,-1396.46926116943,23.43017578125
10.521666666666667,131.822311401367,-1396.50820159912,23.42724609375
10.523333333333333,131.839172363281,-1396.54653167725,23.4111328125
10.525,131.856033325195,-1396.58473968506,23.40234375
10.526666666666667,131.872924804688,-1396.6231918335,23.42431640625
10.528333333333334,131.889785766602,-1396.66115570068,23.4375
10.53,131.906661987305,-1396.69875335693,23.44921875
10.531666666666666,131.923522949219,-1396.7364730835,23.4521484375
10.533333333333333,131.940414428711,-1396.77431488037,23.44189453125
10.535,131.957275390625,-1396.81227874756,23.4228515625
10.536666666666667,131.974136352539,-1396.85012054443,23.39501953125
10.538333333333334,131.991027832031,-1396.88820648193,23.361328125
10.54,132.007888793945,-1396.92653656006,23.33203125
10.541666666666666,132.024765014648,-1396.96486663818,23.31298828125
10.543333333333333,132.041625976563,-1397.00319671631,23.3056640625
10.545,132.058486938477,-1397.04128265381,23.30712890625
10.546666666666667,132.075317382813,-1397.07888031006,23.30712890625
10.548333333333334,132.092208862305,-1397.11611175537,23.29248046875
10.55,132.109069824219,-1397.15309906006,23.25732421875
10.551666666666666,132.125946044922,-1397.19020843506,23.2119140625
10.553333333333333,132.142807006836,-1397.22805023193,23.16796875
10.555,132.15966796875,-1397.26662445068,23.13134765625
10.556666666666667,132.176528930664,-1397.30593109131,23.10205078125
10.558333333333334,132.193389892578,-1397.34560394287,23.07568359375
10.56,132.210250854492,-1397.38564300537,23.05517578125
10.561666666666667,132.227111816406,-1397.4259262085,23.0361328125
10.563333333333333,132.244018554688,-1397.46584320068,23.02734375
10.565,132.260879516602,-1397.50551605225,23.02734375
10.566666666666666,132.277740478516,-1397.54531097412,23.0302734375
10.568333333333333,132.294631958008,-1397.58620452881,23.033203125
10.57,132.311492919922,-1397.62502288818,23.0419921875
10.571666666666667,132.328384399414,-1397.66335296631,23.05517578125
10.573333333333334,132.345245361328,-1397.70168304443,23.068359375
10.575,132.362152099609,-1397.73989105225,23.080078125
10.576666666666666,132.379013061523,-1397.77785491943,23.0888671875
10.578333333333333,132.395904541016,-1397.815574646,23.09912109375
10.58,132.41276550293,-1397.85292816162,23.109375
10.581666666666667,132.429626464844,-1397.89040374756,23.11962890625
10.583333333333334,132.446517944336,-1397.92812347412,23.13134765625
10.585,132.46337890625,-1397.96633148193,23.14453125
10.586666666666666,132.480255126953,-1398.00490570068,23.1591796875
10.588333333333333,132.497146606445,-1398.04372406006,23.17822265625
10.59,132.514007568359,-1398.08254241943,23.19873046875
10.591666666666667,132.530868530273,-1398.12111663818,23.21630859375
10.593333333333334,132.547760009766,-1398.15969085693,23.2265625
10.595,132.56462097168,-1398.19826507568,23.2265625
10.596666666666666,132.581497192383,-1398.23671722412,23.2177734375
10.598333333333333,132.598358154297,-1398.27492523193,23.2001953125
10.6,132.615219116211,-1398.31288909912,23.1826171875
10.601666666666667,132.632110595703,-1398.35097503662,23.16064453125
10.603333333333333,132.649002075195,-1398.38893890381,23.138671875
10.605,132.665969848633,-1398.42714691162,23.12255859375
10.606666666666667,132.68293762207,-1398.46547698975,23.1064453125
10.608333333333333,132.699905395508,-1398.50392913818,23.09033203125
10.61,132.716903686523,-1398.54262542725,23.05810546875
10.611666666666666,132.733871459961,-1398.58132171631,23.05078125
10.613333333333333,132.750839233398,-1398.62001800537,23.0478515625
10.615,132.767807006836,-1398.65883636475,23.044921875
10.616666666666667,132.784759521484,-1398.69765472412,23.04638671875
10.618333333333334,132.801727294922,-1398.73635101318,23.0537109375
10.62,132.818695068359,-1398.77504730225,23.06982421875
10.621666666666666,132.835693359375,-1398.81398773193,23.0947265625
10.623333333333333,132.852661132813,-1398.85317230225,23.1181640625
10.625,132.869598388672,-1398.89247894287,23.13427734375
10.626666666666667,132.886596679688,-1398.93190765381,23.1416015625
10.628333333333334,132.903564453125,-1398.97121429443,23.14306640625
10.63,132.920532226563,-1399.01039886475,23.1416015625
10.631666666666666,132.937484741211,-1399.04933929443,23.1416015625
10.633333333333333,132.954483032227,-1399.08779144287,23.1474609375
10.635,132.971450805664,-1399.12575531006,23.15478515625
10.636666666666667,132.988418579102,-1399.16359710693,23.1591796875
10.638333333333334,133.005416870117,-1399.20143890381,23.1650390625
10.64,133.022384643555,-1399.23928070068,23.1708984375
10.641666666666667,133.03938293457,-1399.2774887085,23.18115234375
10.643333333333333,133.056350708008,-1399.31569671631,23.18701171875
10.645,133.073318481445,-1399.35414886475,23.19287109375
10.646666666666667,133.090301513672,-1399.3927230835,23.19580078125
10.648333333333333,133.107269287109,-1399.43105316162,23.20166015625
10.65,133.124237060547,-1399.46950531006,23.208984375
10.651666666666667,133.141204833984,-1399.50771331787,23.21630859375
10.653333333333334,133.158172607422,-1399.54592132568,23.22509765625
10.655,133.175140380859,-1399.58400726318,23.2353515625
10.656666666666666,133.192108154297,-1399.62209320068,23.244140625
10.658333333333333,133.209075927734,-1399.66042327881,23.25146484375
10.66,133.226043701172,-1399.69899749756,23.2587890625
10.661666666666667,133.24299621582,-1399.73805999756,23.26318359375
10.663333333333334,133.259963989258,-1399.7774887085,23.26318359375
10.665,133.276931762695,-1399.81691741943,23.25732421875
10.666666666666666,133.293899536133,-1399.85597991943,23.25
10.668333333333333,133.31086730957,-1399.89479827881,23.24267578125
10.67,133.327835083008,-1399.93349456787,23.23828125
10.671666666666667,133.344833374023,-1399.97219085693,23.23681640625
10.673333333333334,133.361801147461,-1400.01100921631,23.23828125
10.675,133.378768920898,-1400.05007171631,23.244140625
10.676666666666666,133.395736694336,-1400.08925628662,23.25732421875
10.678333333333333,133.412689208984,-1400.12819671631,23.2705078125
10.68,133.429626464844,-1400.167137146,23.2822265625
10.681666666666667,133.446594238281,-1400.20583343506,23.291015625
10.683333333333334,133.463592529297,-1400.24465179443,23.2939453125
10.685,133.480560302734,-1400.28322601318,23.296875
10.686666666666667,133.497528076172,-1400.32167816162,23.2998046875
10.688333333333333,133.514495849609,-1400.36013031006,23.3056640625
10.69,133.531463623047,-1400.39894866943,23.314453125
10.691666666666666,133.548431396484,-1400.43801116943,23.31884765625
10.693333333333333,133.565383911133,-1400.47731781006,23.3232421875
10.695,133.58235168457,-1400.516746521,23.326171875
10.696666666666667,133.599319458008,-1400.55629730225,23.33056640625
10.698333333333334,133.616287231445,-1400.5958480835,23.33642578125
10.7,133.633255004883,-1400.63527679443,23.3408203125
10.701666666666666,133.65022277832,-1400.67458343506,23.34375
10.703333333333333,133.667221069336,-1400.71364593506,23.33935546875
10.705,133.684188842773,-1400.75258636475,23.33056640625
10.706666666666667,133.701156616211,-1400.79128265381,23.3203125
10.708333333333334,133.718109130859,-1400.82997894287,23.314453125
10.71,133.735076904297,-1400.86879730225,23.31005859375
10.711666666666666,133.752075195313,-1400.90773773193,23.30859375
10.713333333333333,133.76904296875,-1400.94680023193,23.31298828125
10.715,133.786010742188,-1400.98586273193,23.3203125
10.716666666666667,133.803009033203,-1401.02480316162,23.32763671875
10.718333333333334,133.819976806641,-1401.06386566162,23.33349609375
10.72,133.836944580078,-1401.10280609131,23.3408203125
10.721666666666666,133.853912353516,-1401.14162445068,23.34814453125
10.723333333333333,133.870864868164,-1401.18019866943,23.35107421875
10.725,133.887802124023,-1401.21865081787,23.3466796875
10.726666666666667,133.904769897461,-1401.25710296631,23.3408203125
10.728333333333333,133.921737670898,-1401.29579925537,23.33935546875
10.73,133.938674926758,-1401.33486175537,23.34521484375
10.731666666666667,133.955642700195,-1401.37392425537,23.3525390625
10.733333333333333,133.972579956055,-1401.41274261475,23.35986328125
10.735,133.989547729492,-1401.4513168335,23.3642578125
10.736666666666666,134.00651550293,-1401.48976898193,23.36279296875
10.738333333333333,134.0234375,-1401.52822113037,23.3583984375
10.74,134.040405273438,-1401.56679534912,23.349609375
10.741666666666667,134.057373046875,-1401.60549163818,23.3408203125
10.743333333333334,134.074340820313,-1401.64430999756,23.3349609375
10.745,134.091278076172,-1401.68300628662,23.33349609375
10.746666666666666,134.108245849609,-1401.72170257568,23.33349609375
10.748333333333333,134.125213623047,-1401.76027679443,23.337890625
10.75,134.142150878906,-1401.79885101318,23.34375
10.751666666666667,134.159118652344,-1401.83730316162,23.349609375
10.753333333333334,134.176071166992,-1401.87587738037,23.35107421875
10.755,134.193008422852,-1401.91493988037,23.349609375
10.756666666666666,134.209976196289,-1401.95436859131,23.3466796875
10.758333333333333,134.226943969727,-1401.99404144287,23.34814453125
10.76,134.243881225586,-1402.03371429443,23.349609375
10.761666666666667,134.260848999023,-1402.07326507568,23.35546875
10.763333333333334,134.277816772461,-1402.11281585693,23.361328125
10.765,134.294784545898,-1402.15175628662,23.3671875
10.766666666666667,134.311752319336,-1402.19020843506,23.3701171875
10.768333333333333,134.328704833984,-1402.22829437256,23.37158203125
10.77,134.345642089844,-1402.26662445068,23.373046875
10.771666666666667,134.362609863281,-1402.30556488037,23.37158203125
10.773333333333333,134.379577636719,-1402.34499359131,23.37451171875
10.775,134.396545410156,-1402.38466644287,23.38623046875
10.776666666666667,134.413482666016,-1402.42433929443,23.4052734375
10.778333333333334,134.430450439453,-1402.46364593506,23.42724609375
10.78,134.447387695313,-1402.50283050537,23.44921875
10.781666666666666,134.464340209961,-1402.54164886475,23.4697265625
10.783333333333333,134.48127746582,-1402.58034515381,23.48876953125
10.785,134.49821472168,-1402.61916351318,23.5048828125
10.786666666666667,134.515182495117,-1402.65810394287,23.52099609375
10.788333333333334,134.532119750977,-1402.69704437256,23.53271484375
10.79,134.549057006836,-1402.73610687256,23.54296875
10.791666666666666,134.566024780273,-1402.77529144287,23.54736328125
10.793333333333333,134.582962036133,-1402.8145980835,23.5458984375
10.795,134.599899291992,-1402.8536605835,23.53857421875
10.796666666666667,134.616851806641,-1402.89260101318,23.52685546875
10.798333333333334,134.6337890625,-1402.93141937256,23.513671875
10.8,134.650756835938,-1402.97048187256,23.501953125
10.801666666666666,134.667694091797,-1403.00966644287,23.4931640625
10.803333333333333,134.684631347656,-1403.04909515381,23.4873046875
10.805,134.701599121094,-1403.08840179443,23.484375
10.806666666666667,134.718536376953,-1403.12746429443,23.490234375
10.808333333333334,134.735473632813,-1403.1661605835,23.501953125
10.81,134.752426147461,-1403.20473480225,23.51513671875
10.811666666666667,134.76936340332,-1403.24355316162,23.5224609375
10.813333333333333,134.78630065918,-1403.28249359131,23.51953125
10.815,134.803268432617,-1403.32180023193,23.51220703125
10.816666666666666,134.820236206055,-1403.36159515381,23.50048828125
10.818333333333333,134.837173461914,-1403.40175628662,23.490234375
10.82,134.854141235352,-1403.44203948975,23.47998046875
10.821666666666667,134.871109008789,-1403.48232269287,23.47119140625
10.823333333333334,134.888076782227,-1403.522605896,23.46533203125
10.825,134.904998779297,-1403.56288909912,23.45947265625
10.826666666666666,134.921966552734,-1403.60305023193,23.45361328125
10.828333333333333,134.938934326172,-1403.64308929443,23.4462890625
10.83,134.955902099609,-1403.682762146,23.43896484375
10.831666666666667,134.972839355469,-1403.72219085693,23.431640625
10.833333333333334,134.989807128906,-1403.76113128662,23.4228515625
10.835,135.006774902344,-1403.79946136475,23.4140625
10.836666666666666,135.023712158203,-1403.83742523193,23.408203125
10.838333333333333,135.040679931641,-1403.87551116943,23.40380859375
10.84,135.057632446289,-1403.91384124756,23.40380859375
10.841666666666667,135.074569702148,-1403.95253753662,23.40234375
10.843333333333334,135.091537475586,-1403.99147796631,23.3994140625
10.845,135.108505249023,-1404.03054046631,23.38916015625
10.846666666666666,135.125442504883,-1404.06984710693,23.37890625
10.848333333333333,135.14241027832,-1404.10927581787,23.3701171875
10.85,135.159317016602,-1404.14870452881,23.3642578125
10.851666666666667,135.176254272461,-1404.18788909912,23.361328125
10.853333333333333,135.193206787109,-1404.22682952881,23.35693359375
10.855,135.210144042969,-1404.26552581787,23.35400390625
10.856666666666667,135.227081298828,-1404.30434417725,23.349609375
10.858333333333333,135.244018554688,-1404.34304046631,23.33935546875
10.86,135.260955810547,-1404.38185882568,23.3232421875
10.861666666666666,135.277923583984,-1404.42031097412,23.30126953125
10.863333333333333,135.294860839844,-1404.45876312256,23.28076171875
10.865,135.311798095703,-1404.49709320068,23.26171875
10.866666666666667,135.328765869141,-1404.5353012085,23.244140625
10.868333333333334,135.345687866211,-1404.57363128662,23.22802734375
10.87,135.36262512207,-1404.61196136475,23.2119140625
10.871666666666666,135.379592895508,-1404.65029144287,23.20166015625
10.873333333333333,135.396530151367,-1404.68874359131,23.1943359375
10.875,135.413497924805,-1404.72719573975,23.19580078125
10.876666666666667,135.430435180664,-1404.7657699585,23.203125
10.878333333333334,135.447402954102,-1404.80434417725,23.21484375
10.88,135.464340209961,-1404.842918396,23.2265625
10.881666666666666,135.481307983398,-1404.88173675537,23.23974609375
10.883333333333333,135.498260498047,-1404.92067718506,23.25146484375
10.885,135.515228271484,-1404.95961761475,23.26171875
10.886666666666667,135.532165527344,-1404.9981918335,23.267578125
10.888333333333334,135.549133300781,-1405.03664398193,23.26611328125
10.89,135.566101074219,-1405.07497406006,23.26171875
10.891666666666667,135.583068847656,-1405.11318206787,23.255859375
10.893333333333333,135.600036621094,-1405.151512146,23.25146484375
10.895,135.617004394531,-1405.18996429443,23.24853515625
10.896666666666667,135.63395690918,-1405.2286605835,23.24853515625
10.898333333333333,135.650924682617,-1405.26760101318,23.24853515625
10.9,135.667892456055,-1405.30654144287,23.2529296875
10.901666666666667,135.684829711914,-1405.34535980225,23.25732421875
10.903333333333334,135.701797485352,-1405.38381195068,23.2646484375
10.905,135.718765258789,-1405.42238616943,23.2705078125
10.906666666666666,135.735702514648,-1405.4610824585,23.27783203125
10.908333333333333,135.752670288086,-1405.49990081787,23.28955078125
10.91,135.769638061523,-1405.53871917725,23.29833984375
10.911666666666667,135.786560058594,-1405.57741546631,23.30712890625
10.913333333333334,135.803527832031,-1405.61623382568,23.314453125
10.915,135.820465087891,-1405.65505218506,23.3173828125
10.916666666666666,135.837432861328,-1405.69411468506,23.31591796875
10.918333333333333,135.854370117188,-1405.73305511475,23.3115234375
10.92,135.871337890625,-1405.77199554443,23.3056640625
10.921666666666667,135.888275146484,-1405.81105804443,23.2998046875
10.923333333333334,135.905212402344,-1405.85048675537,23.29248046875
10.925,135.922180175781,-1405.89015960693,23.28515625
10.926666666666666,135.939102172852,-1405.92995452881,23.279296875
10.928333333333333,135.956039428711,-1405.96950531006,23.2763671875
10.93,135.973007202148,-1406.00868988037,23.27197265625
10.931666666666667,135.989944458008,-1406.04775238037,23.267578125
10.933333333333334,136.006881713867,-1406.08669281006,23.26611328125
10.935,136.023849487305,-1406.12551116943,23.267578125
10.936666666666667,136.040817260742,-1406.1642074585,23.27197265625
10.938333333333333,136.057754516602,-1406.20290374756,23.27783203125
10.94,136.074676513672,-1406.24172210693,23.28076171875
10.941666666666666,136.091644287109,-1406.28078460693,23.2822265625
10.943333333333333,136.108581542969,-1406.31996917725,23.28369140625
10.945,136.125549316406,-1406.35903167725,23.28662109375
10.946666666666667,136.142486572266,-1406.39797210693,23.28369140625
10.948333333333334,136.159423828125,-1406.43691253662,23.27783203125
10.95,136.176391601563,-1406.47609710693,23.26904296875
10.951666666666666,136.193328857422,-1406.51515960693,23.255859375
10.953333333333333,136.210266113281,-1406.55422210693,23.24267578125
10.955,136.227188110352,-1406.59316253662,23.2236328125
10.956666666666667,136.244155883789,-1406.63185882568,23.20751953125
10.958333333333334,136.261093139648,-1406.67018890381,23.19287109375
10.96,136.278030395508,-1406.70839691162,23.18408203125
10.961666666666666,136.294937133789,-1406.74648284912,23.18115234375
10.963333333333333,136.311874389648,-1406.78456878662,23.18408203125
10.965,136.328811645508,-1406.82277679443,23.185546875
10.966666666666667,136.345718383789,-1406.86110687256,23.18701171875
10.968333333333334,136.362640380859,-1406.899559021,23.1884765625
10.97,136.379577636719,-1406.93788909912,23.19140625
10.971666666666666,136.396484375,-1406.97597503662,23.2001953125
10.973333333333333,136.413421630859,-1407.01393890381,23.20751953125
10.975,136.430358886719,-1407.05202484131,23.21044921875
10.976666666666667,136.447296142578,-1407.09047698975,23.20751953125
10.978333333333333,136.464202880859,-1407.12929534912,23.203125
10.98,136.481140136719,-1407.16847991943,23.203125
10.981666666666667,136.498031616211,-1407.20766448975,23.208984375
10.983333333333333,136.51496887207,-1407.24672698975,23.220703125
10.985,136.531875610352,-1407.28566741943,23.23828125
10.986666666666666,136.548812866211,-1407.3243637085,23.26318359375
10.988333333333333,136.56575012207,-1407.36269378662,23.2939453125
10.99,136.582656860352,-1407.40090179443,23.33056640625
10.991666666666667,136.599563598633,-1407.43898773193,23.3701171875
10.993333333333334,136.616500854492,-1407.4767074585,23.419921875
10.995,136.633392333984,-1407.51430511475,23.6455078125
10.996666666666666,136.650299072266,-1407.55153656006,23.9326171875
10.998333333333333,136.667236328125,-1407.589012146,24.22705078125
11,136.684143066406,-1407.62685394287,24.52880859375
11.001666666666667,136.701049804688,-1407.66506195068,24.84228515625
11.003333333333334,136.717956542969,-1407.70375823975,25.19970703125
11.005,136.734893798828,-1407.74306488037,25.61865234375
11.006666666666666,136.751800537109,-1407.78261566162,25.9072265625
11.008333333333333,136.768692016602,-1407.8224105835,26.021484375
11.01,136.785629272461,-1407.86232757568,26.09765625
11.011666666666667,136.802536010742,-1407.90212249756,26.15625
11.013333333333334,136.819473266602,-1407.94203948975,26.22216796875
11.015,136.836380004883,-1407.98171234131,26.30859375
11.016666666666667,136.853317260742,-1408.02089691162,26.41259765625
11.018333333333333,136.870223999023,-1408.05947113037,26.513671875
11.02,136.887161254883,-1408.0978012085,26.59716796875
11.021666666666667,136.904052734375,-1408.13649749756,26.6572265625
11.023333333333333,136.920989990234,-1408.17580413818,26.69677734375
11.025,136.937927246094,-1408.21584320068,26.71435546875
11.026666666666667,136.954833984375,-1408.25649261475,26.70849609375
11.028333333333334,136.971771240234,-1408.29763031006,26.68798828125
11.03,136.988677978516,-1408.33913421631,26.666015625
11.031666666666666,137.005615234375,-1408.38112640381,26.64697265625
11.033333333333333,137.022521972656,-1408.42360687256,26.63818359375
11.035,137.039443969727,-1408.46681976318,26.642578125
11.036666666666667,137.056350708008,-1408.52468109131,26.65576171875
11.038333333333334,137.073287963867,-1408.58754730225,26.68798828125
11.04,137.090225219727,-1408.65077972412,26.74072265625
11.041666666666666,137.107162475586,-1408.71425628662,26.80224609375
11.043333333333333,137.124069213867,-1408.77858734131,26.85498046875
11.045,137.141006469727,-1408.84645843506,26.87255859375
11.046666666666667,137.157943725586,-1408.91945648193,26.8447265625
11.048333333333334,137.174835205078,-1408.98171234131,26.7861328125
11.05,137.191772460938,-1409.02956390381,26.7216796875
11.051666666666666,137.208679199219,-1409.0743637085,26.67041015625
11.053333333333333,137.225616455078,-1409.11757659912,26.62939453125
11.055,137.242523193359,-1409.16115570068,26.5986328125
11.056666666666667,137.259460449219,-1409.20632171631,26.583984375
11.058333333333334,137.2763671875,-1409.253074646,26.58544921875
11.06,137.293273925781,-1409.299949646,26.5869140625
11.061666666666667,137.310195922852,-1409.34572601318,26.57958984375
11.063333333333333,137.327102661133,-1409.38991546631,26.5869140625
11.065,137.344039916992,-1409.43239593506,26.62939453125
11.066666666666666,137.360977172852,-1409.47292327881,26.69970703125
11.068333333333333,137.377883911133,-1409.51137542725,26.771484375
11.07,137.394821166992,-1409.54836273193,26.8212890625
11.071666666666667,137.411758422852,-1409.58486175537,26.84619140625
11.073333333333334,137.428695678711,-1409.62148284912,26.85205078125
11.075,137.445587158203,-1409.65883636475,26.84912109375
11.076666666666666,137.462524414063,-1409.69692230225,26.84033203125
11.078333333333333,137.479461669922,-1409.73561859131,26.65576171875
11.08,137.496398925781,-1409.7755355835,26.3994140625
11.081666666666667,137.513305664063,-1409.81740570068,26.115234375
11.083333333333334,137.530242919922,-1409.86037445068,25.8017578125
11.085,137.547180175781,-1409.90297698975,25.46630859375
11.086666666666666,137.564117431641,-1409.94313812256,25.10302734375
11.088333333333333,137.581039428711,-1409.98012542725,24.70458984375
11.09,137.59797668457,-1410.014793396,24.45849609375
11.091666666666667,137.61491394043,-1410.04921722412,24.404296875
11.093333333333334,137.631851196289,-1410.08486175537,24.3984375
11.095,137.64875793457,-1410.1212387085,24.41162109375
11.096666666666666,137.66569519043,-1410.15859222412,24.40576171875
11.098333333333333,137.682632446289,-1410.19704437256,24.35888671875
11.1,137.69953918457,-1410.23635101318,24.2666015625
11.101666666666667,137.716461181641,-1410.27504730225,24.1494140625
11.103333333333333,137.733367919922,-1410.31276702881,24.041015625
11.105,137.750305175781,-1410.35207366943,23.9765625
11.106666666666667,137.767211914063,-1410.39492034912,23.96484375
11.108333333333333,137.784149169922,-1410.44081878662,23.98388671875
11.11,137.801055908203,-1410.487449646,24.01904296875
11.111666666666666,137.817993164063,-1410.53273773193,24.064453125
11.113333333333333,137.834930419922,-1410.5763168335,24.12158203125
11.115,137.851852416992,-1410.61879730225,24.1787109375
11.116666666666667,137.868759155273,-1410.66103363037,24.2109375
11.118333333333334,137.885696411133,-1410.70351409912,24.21533203125
11.12,137.902633666992,-1410.74599456787,24.2080078125
11.121666666666666,137.919570922852,-1410.78749847412,24.1962890625
11.123333333333333,137.936477661133,-1410.82704925537,24.16552734375
11.125,137.953414916992,-1410.864402771,24.10693359375
11.126666666666667,137.970321655273,-1410.90077972412,24.02783203125
11.128333333333334,137.987243652344,-1410.93837738037,23.958984375
11.13,138.004150390625,-1410.97817230225,23.93115234375
11.131666666666666,138.021087646484,-1411.01992034912,23.94873046875
11.133333333333333,138.038024902344,-1411.06325531006,23.9912109375
11.135,138.054962158203,-1411.1075668335,24.03515625
11.136666666666667,138.071868896484,-1411.15187835693,24.076171875
11.138333333333334,138.088806152344,-1411.19496917725,24.09814453125
11.14,138.105743408203,-1411.23622894287,24.08935546875
11.141666666666667,138.122665405273,-1411.27529144287,24.0556640625
11.143333333333333,138.139602661133,-1411.31240081787,24.0322265625
11.145,138.156509399414,-1411.34914398193,24.0380859375
11.146666666666667,138.173446655273,-1411.38796234131,24.04541015625
11.148333333333333,138.190383911133,-1411.42946624756,24.0205078125
11.15,138.207290649414,-1411.47158050537,23.96484375
11.151666666666667,138.224197387695,-1411.51296234131,23.9033203125
11.153333333333334,138.241134643555,-1411.55373382568,23.85498046875
11.155,138.258026123047,-1411.59499359131,23.8154296875
11.156666666666666,138.274963378906,-1411.63637542725,23.76416015625
11.158333333333333,138.291870117188,-1411.67641448975,23.69384765625
11.16,138.308776855469,-1411.71486663818,23.61328125
11.161666666666667,138.325714111328,-1411.75295257568,23.54736328125
11.163333333333334,138.342620849609,-1411.79189300537,23.513671875
11.165,138.359527587891,-1411.831199646,23.51806640625
11.166666666666666,138.376434326172,-1411.8692855835,23.55029296875
11.168333333333333,138.393356323242,-1411.90529632568,23.59423828125
11.17,138.410263061523,-1411.93972015381,23.6103515625
11.171666666666667,138.427200317383,-1411.97438812256,23.57666015625
11.173333333333334,138.444107055664,-1412.01052093506,23.50634765625
11.175,138.461013793945,-1412.04848480225,23.419921875
11.176666666666666,138.477951049805,-1412.08779144287,23.34814453125
11.178333333333333,138.494857788086,-1412.12758636475,23.2998046875
11.18,138.511795043945,-1412.16677093506,23.2734375
11.181666666666667,138.528686523438,-1412.20449066162,23.24853515625
11.183333333333334,138.545593261719,-1412.24098968506,23.208984375
11.185,138.5625,-1412.27773284912,23.16357421875
11.186666666666667,138.579437255859,-1412.31594085693,23.11376953125
11.188333333333333,138.596313476563,-1412.35585784912,23.0537109375
11.19,138.613250732422,-1412.3966293335,22.9951171875
11.191666666666666,138.630157470703,-1412.43788909912,22.9716796875
11.193333333333333,138.647048950195,-1412.47939300537,22.986328125
11.195,138.663955688477,-1412.520652771,23.02001953125
11.196666666666667,138.680862426758,-1412.56093597412,23.0478515625
11.198333333333334,138.697799682617,-1412.59914398193,23.0830078125
11.2,138.714706420898,-1412.63552093506,23.1416015625
11.201666666666666,138.73161315918,-1412.67128753662,23.21044921875
11.203333333333333,138.748519897461,-1412.70827484131,23.2470703125
11.205,138.765426635742,-1412.74697113037,23.2265625
11.206666666666667,138.782318115234,-1412.78688812256,23.1650390625
11.208333333333334,138.799194335938,-1412.82692718506,23.1005859375
11.21,138.816131591797,-1412.86696624756,23.0595703125
11.211666666666666,138.833038330078,-1412.90590667725,23.04052734375
11.213333333333333,138.849945068359,-1412.94289398193,23.0244140625
11.215,138.866851806641,-1412.97878265381,23.01123046875
11.216666666666667,138.883758544922,-1413.01491546631,23.00244140625
11.218333333333334,138.900695800781,-1413.05324554443,22.99658203125
11.22,138.917587280273,-1413.09352874756,22.986328125
11.221666666666666,138.934494018555,-1413.13442230225,22.98193359375
11.223333333333333,138.951400756836,-1413.17360687256,22.9921875
11.225,138.968307495117,-1413.20937347412,23.0068359375
11.226666666666667,138.985214233398,-1413.24269866943,23.0068359375
11.228333333333333,139.00212097168,-1413.27529144287,22.98779296875
11.23,139.019027709961,-1413.30910491943,22.95263671875
11.231666666666667,139.035919189453,-1413.34572601318,22.904296875
11.233333333333333,139.052856445313,-1413.385887146,22.8427734375
11.235,139.069732666016,-1413.42848968506,22.76220703125
11.236666666666666,139.086669921875,-1413.47206878662,22.66845703125
11.238333333333333,139.103576660156,-1413.51564788818,22.57177734375
11.24,139.120483398438,-1413.55995941162,22.48681640625
11.241666666666667,139.137390136719,-1413.60488128662,22.41650390625
11.243333333333334,139.154327392578,-1413.64907073975,22.35498046875
11.245,139.17121887207,-1413.69020843506,22.28173828125
11.246666666666666,139.188125610352,-1413.72743988037,22.1953125
11.248333333333333,139.205032348633,-1413.76161956787,22.10888671875
11.25,139.221939086914,-1413.79433441162,22.04150390625
11.251666666666667,139.238845825195,-1413.82692718506,21.9931640625
11.253333333333334,139.255783081055,-1413.85976409912,21.96240234375
11.255,139.272689819336,-1413.89308929443,21.955078125
11.256666666666666,139.289596557617,-1413.92812347412,21.96826171875
11.258333333333333,139.306488037109,-1413.96535491943,21.9873046875
11.26,139.323364257813,-1414.00417327881,21.9814453125
11.261666666666667,139.340270996094,-1414.0431137085,21.93896484375
11.263333333333334,139.357177734375,-1414.08193206787,21.87158203125
11.265,139.374084472656,-1414.12050628662,21.81005859375
11.266666666666667,139.390991210938,-1414.15822601318,21.78369140625
11.268333333333333,139.407897949219,-1414.19496917725,21.78515625
11.27,139.424819946289,-1414.231590271,21.79833984375
11.271666666666667,139.44172668457,-1414.26857757568,21.79833984375
11.273333333333333,139.458633422852,-1414.30532073975,21.76318359375
11.275,139.475540161133,-1414.34145355225,21.6767578125
11.276666666666667,139.492446899414,-1414.37624359131,21.55810546875
11.278333333333334,139.509353637695,-1414.40969085693,21.43505859375
11.28,139.526260375977,-1414.44191741943,21.3251953125
11.281666666666666,139.543167114258,-1414.47304534912,21.21826171875
11.283333333333333,139.560028076172,-1414.50356292725,21.1083984375
11.285,139.576934814453,-1414.53420257568,21.0146484375
11.286666666666667,139.593841552734,-1414.56508636475,20.96484375
11.288333333333334,139.610717773438,-1414.59658050537,20.96630859375
11.29,139.627624511719,-1414.62929534912,20.9970703125
11.291666666666666,139.64453125,-1414.66371917725,21.0439453125
11.293333333333333,139.661407470703,-1414.69972991943,21.09521484375
11.295,139.678298950195,-1414.73610687256,21.1494140625
11.296666666666667,139.695175170898,-1414.77248382568,21.19921875
11.298333333333334,139.71208190918,-1414.80947113037,21.22412109375
11.3,139.728958129883,-1414.84719085693,21.216796875
11.301666666666666,139.745834350586,-1414.88503265381,21.18603515625
11.303333333333333,139.762710571289,-1414.92177581787,21.14208984375
11.305,139.779586791992,-1414.95705413818,21.08203125
11.306666666666667,139.796447753906,-1414.99111175537,21.01171875
11.308333333333334,139.813323974609,-1415.02468109131,20.95166015625
11.31,139.830200195313,-1415.05812835693,20.9150390625
11.311666666666667,139.847076416016,-1415.09181976318,20.8857421875
11.313333333333333,139.863952636719,-1415.12563323975,20.8447265625
11.315,139.880828857422,-1415.159324646,20.806640625
11.316666666666666,139.897674560547,-1415.19228363037,20.79052734375
11.318333333333333,139.914535522461,-1415.22499847412,20.806640625
11.32,139.931411743164,-1415.25832366943,20.841796875
11.321666666666667,139.948287963867,-1415.29274749756,20.888671875
11.323333333333334,139.96516418457,-1415.32814788818,20.9560546875
11.325,139.982040405273,-1415.36391448975,21.05126953125
11.326666666666666,139.998916625977,-1415.40029144287,21.16259765625
11.328333333333333,140.015762329102,-1415.43727874756,21.27392578125
11.33,140.032623291016,-1415.47463226318,21.357421875
11.331666666666667,140.049499511719,-1415.51137542725,21.39697265625
11.333333333333334,140.066375732422,-1415.547996521,21.38525390625
11.335,140.083251953125,-1415.58486175537,21.333984375
11.336666666666666,140.10009765625,-1415.622215271,21.2666015625
11.338333333333333,140.116973876953,-1415.65969085693,21.19775390625
11.34,140.133850097656,-1415.69680023193,21.12890625
11.341666666666667,140.15071105957,-1415.73342132568,21.0615234375
11.343333333333334,140.167587280273,-1415.7696762085,20.994140625
11.345,140.184432983398,-1415.80495452881,20.923828125
11.346666666666666,140.201309204102,-1415.83876800537,20.85205078125
11.348333333333333,140.218185424805,-1415.87148284912,20.7919921875
11.35,140.235061645508,-1415.90419769287,20.75830078125
11.351666666666667,140.251907348633,-1415.93788909912,20.7568359375
11.353333333333333,140.268768310547,-1415.97206878662,20.7744140625
11.355,140.285614013672,-1416.00563812256,20.80224609375
11.356666666666667,140.302490234375,-1416.0392074585,20.8388671875
11.358333333333333,140.319366455078,-1416.07399749756,20.88427734375
11.36,140.336242675781,-1416.11013031006,20.92236328125
11.361666666666666,140.353118896484,-1416.14650726318,20.93994140625
11.363333333333333,140.369995117188,-1416.18264007568,20.93408203125
11.365,140.386856079102,-1416.21938323975,20.90478515625
11.366666666666667,140.403732299805,-1416.25783538818,20.84765625
11.368333333333334,140.42057800293,-1416.29775238037,20.783203125
11.37,140.437484741211,-1416.33791351318,20.88427734375
11.371666666666666,140.454360961914,-1416.37636566162,21.1171875
11.373333333333333,140.471237182617,-1416.41237640381,21.38232421875
11.375,140.48811340332,-1416.44582366943,21.4189453125
11.376666666666667,140.504974365234,-1416.47756195068,21.3369140625
11.378333333333334,140.521850585938,-1416.50832366943,21.22119140625
11.38,140.538757324219,-1416.53896331787,21.099609375
11.381666666666666,140.555603027344,-1416.57021331787,20.98974609375
11.383333333333333,140.572509765625,-1416.60231781006,20.89013671875
11.385,140.589385986328,-1416.63454437256,20.783203125
11.386666666666667,140.606262207031,-1416.66542816162,20.6806640625
11.388333333333334,140.623153686523,-1416.69472503662,20.6044921875
11.39,140.640060424805,-1416.723777771,20.5751953125
11.391666666666667,140.656936645508,-1416.75453948975,20.59130859375
11.393333333333333,140.673843383789,-1416.78786468506,20.62646484375
11.395,140.69075012207,-1416.82302093506,20.67626953125
11.396666666666667,140.707672119141,-1416.85915374756,20.7451171875
11.398333333333333,140.724563598633,-1416.89589691162,20.83154296875
11.4,140.741485595703,-1416.93264007568,20.91796875
11.401666666666667,140.758361816406,-1416.96852874756,21.005859375
11.403333333333334,140.775283813477,-1417.00331878662,21.10107421875
11.405,140.792175292969,-1417.0372543335,21.1845703125
11.406666666666666,140.809051513672,-1417.07021331787,21.22265625
11.408333333333333,140.825942993164,-1417.10121917725,21.18017578125
11.41,140.842834472656,-1417.13222503662,21.0498046875
11.411666666666667,140.859710693359,-1417.17763519287,20.8681640625
11.413333333333334,140.876602172852,-1417.23439788818,20.7099609375
11.415,140.893493652344,-1417.29323577881,20.62060546875
11.416666666666666,140.910385131836,-1417.33290863037,20.60302734375
11.418333333333333,140.927261352539,-1417.36293792725,20.630859375
11.42,140.944152832031,-1417.39064788818,20.6982421875
11.421666666666667,140.961044311523,-1417.41799163818,20.7978515625
11.423333333333334,140.977951049805,-1417.44594573975,20.90478515625
11.425,140.994842529297,-1417.47426605225,20.98974609375
11.426666666666666,141.011703491211,-1417.50160980225,21.06005859375
11.428333333333333,141.028579711914,-1417.52834320068,21.158203125
11.43,141.045471191406,-1417.555809021,21.310546875
11.431666666666667,141.062362670898,-1417.5860824585,21.486328125
11.433333333333334,141.079254150391,-1417.62014007568,21.62109375
11.435,141.096160888672,-1417.65676116943,21.67822265625
11.436666666666667,141.113052368164,-1417.69509124756,21.41455078125
11.438333333333333,141.129943847656,-1417.73439788818,21.39404296875
11.44,141.146820068359,-1417.77516937256,21.849609375
11.441666666666666,141.163711547852,-1417.81716156006,22.52490234375
11.443333333333333,141.180603027344,-1417.86061859131,23.05517578125
11.445,141.197479248047,-1417.90493011475,23.28955078125
11.446666666666667,141.214370727539,-1417.94802093506,23.3232421875
11.448333333333334,141.231262207031,-1417.98793792725,23.23828125
11.45,141.248153686523,-1418.02285003662,22.93359375
11.451666666666666,141.265029907227,-1418.051902771,22.26416015625
11.453333333333333,141.281890869141,-1418.07692718506,21.39404296875
11.455,141.298782348633,-1418.10219573975,21.0615234375
11.456666666666667,141.315658569336,-1418.13076019287,21.55078125
11.458333333333334,141.33251953125,-1418.16274261475,22.56298828125
11.46,141.34944152832,-1418.19680023193,23.77734375
11.461666666666666,141.366317749023,-1418.23317718506,25.26416015625
11.463333333333333,141.383178710938,-1418.27211761475,26.6630859375
11.465,141.40007019043,-1418.31227874756,27.416015625
11.466666666666667,141.4169921875,-1418.35146331787,27.62548828125
11.468333333333334,141.433837890625,-1418.38954925537,27.79248046875
11.47,141.450729370117,-1418.42861175537,28.2275390625
11.471666666666666,141.467620849609,-1418.47060394287,28.7666015625
11.473333333333333,141.484497070313,-1418.51430511475,28.716796875
11.475,141.501358032227,-1418.55629730225,27.42041015625
11.476666666666667,141.518218994141,-1418.59438323975,25.458984375
11.478333333333333,141.535095214844,-1418.6075668335,24.5595703125
11.48,141.551956176758,-1418.64199066162,26.17529296875
11.481666666666667,141.56884765625,-1418.71669769287,30.05419921875
11.483333333333333,141.585708618164,-1418.809715271,34.66845703125
11.485,141.602584838867,-1418.889793396,38.7421875
11.486666666666666,141.619476318359,-1418.94411468506,42.1611328125
11.488333333333333,141.636367797852,-1418.98085784912,44.94140625
11.49,141.653244018555,-1419.00673675537,46.82666015625
11.491666666666667,141.670104980469,-1419.01235198975,48.2607421875
11.493333333333334,141.686996459961,-1418.98757171631,50.1240234375
11.495,141.703872680664,-1418.96047210693,52.330078125
11.496666666666666,141.720764160156,-1418.98952484131,54.11865234375
11.498333333333333,141.737655639648,-1419.08913421631,55.17333984375
11.5,141.754547119141,-1419.21315765381,55.73876953125
11.501666666666667,141.771423339844,-1419.34438323975,56.15478515625
11.503333333333334,141.788314819336,-1419.49599456787,56.87548828125
11.505,141.805206298828,-1419.63991546631,57.74560546875
11.506666666666666,141.822082519531,-1419.7306137085,57.99169921875
11.508333333333333,141.838973999023,-1419.77639007568,57.556640625
11.51,141.855865478516,-1419.81764984131,57.23876953125
11.511666666666667,141.872741699219,-1419.88063812256,57.08642578125
11.513333333333334,141.889633178711,-1419.95302581787,56.361328125
11.515,141.906494140625,-1419.97914886475,55.01806640625
11.516666666666667,141.923385620117,-1419.90517425537,53.865234375
11.518333333333333,141.94026184082,-1419.77834320068,53.23095703125
11.52,141.957153320313,-1419.74172210693,53.1474609375
11.521666666666667,141.974044799805,-1419.91567230225,52.9541015625
11.523333333333333,141.99089050293,-1420.27968597412,52.505859375
11.525,142.007781982422,-1420.706199646,52.07080078125
11.526666666666667,142.024642944336,-1421.08913421631,51.86279296875
11.528333333333334,142.041519165039,-1421.41835784912,51.5302734375
11.53,142.058410644531,-1421.69313812256,50.64111328125
11.531666666666666,142.075271606445,-1421.89015960693,49.70068359375
11.533333333333333,142.092147827148,-1422.04457855225,49.83837890625
11.535,142.109039306641,-1422.22890472412,51.17431640625
11.536666666666667,142.125930786133,-1422.43776702881,52.41650390625
11.538333333333334,142.142822265625,-1422.61208343506,52.22314453125
11.54,142.159698486328,-1422.72853851318,50.671875
11.541666666666666,142.176559448242,-1422.80764007568,48.83056640625
11.543333333333333,142.193450927734,-1422.87636566162,47.1533203125
11.545,142.210296630859,-1422.9728012085,45.44091796875
11.546666666666667,142.227188110352,-1423.08425140381,43.81201171875
11.548333333333334,142.244049072266,-1423.14492034912,42.68994140625
11.55,142.260925292969,-1423.14785003662,42.12744140625
11.551666666666666,142.277786254883,-1423.15944671631,41.654296875
11.553333333333333,142.294647216797,-1423.18581390381,40.93505859375
11.555,142.311538696289,-1423.16738128662,40.0986328125
11.556666666666667,142.328384399414,-1423.09914398193,39.81884765625
11.558333333333334,142.345245361328,-1423.0450668335,40.7578125
11.56,142.36213684082,-1423.03029632568,42.3369140625
11.561666666666667,142.378982543945,-1423.03652191162,42.82763671875
11.563333333333333,142.395874023438,-1423.0548324585,40.7958984375
11.565,142.412734985352,-1423.09218597412,36.50244140625
11.566666666666666,142.429580688477,-1423.14894866943,31.4736328125
11.568333333333333,142.446472167969,-1423.21169281006,26.96923828125
11.57,142.463333129883,-1423.23830413818,23.1005859375
11.571666666666667,142.480178833008,-1423.20095062256,19.87939453125
11.573333333333334,142.497039794922,-1423.14846038818,17.6044921875
11.575,142.513900756836,-1423.16555023193,15.85107421875
11.576666666666666,142.53076171875,-1423.2520980835,13.74169921875
11.578333333333333,142.547637939453,-1423.32851409912,11.35546875
11.58,142.564498901367,-1423.34145355225,9.421875
11.581666666666667,142.581359863281,-1423.31179046631,8.21484375
11.583333333333334,142.598205566406,-1423.282371521,7.458984375
11.585,142.61506652832,-1423.27382659912,6.81591796875
11.586666666666666,142.631927490234,-1423.28273773193,5.82421875
11.588333333333333,142.648773193359,-1423.29091644287,4.6376953125
11.59,142.665664672852,-1423.28810882568,4.06494140625
11.591666666666667,142.682525634766,-1423.28701019287,4.2158203125
11.593333333333334,142.699401855469,-1423.28884124756,4.3095703125
11.595,142.716262817383,-1423.29189300537,4.24951171875
11.596666666666666,142.733123779297,-1423.29457855225,4.7109375
11.598333333333333,142.749984741211,-1423.29738616943,5.73486328125
11.6,142.766799926758,-1423.30165863037,6.556640625
11.601666666666667,142.783660888672,-1423.30641937256,6.96240234375
11.603333333333333,142.800521850586,-1423.3106918335,7.1572265625
11.605,142.817367553711,-1423.31533050537,7.20263671875
11.606666666666667,142.834197998047,-1423.32155609131,7.0341796875
11.608333333333333,142.851058959961,-1423.32900238037,6.6533203125
11.61,142.867904663086,-1423.33657073975,6.20068359375
11.611666666666666,142.884765625,-1423.34340667725,6.06884765625
11.613333333333333,142.901626586914,-1423.3497543335,6.71044921875
11.615,142.918441772461,-1423.35720062256,7.5615234375
11.616666666666667,142.935302734375,-1423.36550140381,7.61572265625
11.618333333333334,142.952163696289,-1423.37404632568,6.85107421875
11.62,142.969009399414,-1423.38405609131,6.1962890625
11.621666666666666,142.985870361328,-1423.39723968506,6.27685546875
11.623333333333333,143.002700805664,-1423.41310882568,6.85107421875
11.625,143.019546508789,-1423.42922210693,7.41943359375
11.626666666666667,143.036407470703,-1423.44435882568,7.74169921875
11.628333333333334,143.053268432617,-1423.458152771,7.8662109375
11.63,143.070129394531,-1423.47072601318,8.00390625
11.631666666666666,143.086975097656,-1423.48366546631,8.26318359375
11.633333333333333,143.10383605957,-1423.499168396,8.490234375
11.635,143.120666503906,-1423.51857757568,8.677734375
11.636666666666667,143.137512207031,-1423.53993988037,8.8623046875
11.638333333333334,143.154373168945,-1423.55995941162,9.0673828125
11.64,143.171234130859,-1423.57704925537,9.29150390625
11.641666666666667,143.188049316406,-1423.59145355225,9.51416015625
11.643333333333333,143.204940795898,-1423.610496521,9.74267578125
11.645,143.221801757813,-1423.6329574585,9.97412109375
11.646666666666667,143.238647460938,-1423.65505218506,10.1865234375
11.648333333333333,143.255508422852,-1423.67836761475,10.3564453125
11.65,143.272369384766,-1423.70339202881,10.49560546875
11.651666666666667,143.289184570313,-1423.72841644287,10.62744140625
11.653333333333334,143.306045532227,-1423.74404144287,10.77978515625
11.655,143.322906494141,-1423.76015472412,10.96142578125
11.656666666666666,143.339736938477,-1423.77858734131,11.15478515625
11.658333333333333,143.356582641602,-1423.80019378662,11.3583984375
11.66,143.373443603516,-1423.82302093506,11.57080078125
11.661666666666667,143.39030456543,-1423.844871521,11.77294921875
11.663333333333334,143.407150268555,-1423.86452484131,11.94140625
11.665,143.423980712891,-1423.88271331787,12.07763671875
11.666666666666666,143.440841674805,-1423.90065765381,12.2080078125
11.668333333333333,143.45768737793,-1423.91896820068,12.35888671875
11.67,143.474517822266,-1423.93825531006,12.54345703125
11.671666666666667,143.49137878418,-1423.95790863037,12.7412109375
11.673333333333334,143.508193969727,-1423.9767074585,12.9169921875
11.675,143.525024414063,-1423.99452972412,13.04736328125
11.676666666666666,143.541885375977,-1424.01198577881,13.12646484375
11.678333333333333,143.558700561523,-1424.030418396,13.1865234375
11.68,143.575531005859,-1424.05019378662,13.2744140625
11.681666666666667,143.592391967773,-1424.07167816162,13.412109375
11.683333333333334,143.60920715332,-1424.09450531006,13.587890625
11.685,143.626068115234,-1424.118309021,13.70361328125
11.686666666666667,143.64289855957,-1424.14186859131,13.76953125
11.688333333333333,143.659759521484,-1424.1642074585,13.83837890625
11.69,143.676574707031,-1424.18459320068,13.89404296875
11.691666666666666,143.693435668945,-1424.20363616943,13.93212890625
11.693333333333333,143.710266113281,-1424.22219085693,13.9775390625
11.695,143.727111816406,-1424.24172210693,14.15185546875
11.696666666666667,143.743942260742,-1424.26320648193,14.3466796875
11.698333333333334,143.760803222656,-1424.28676605225,14.53857421875
11.7,143.777618408203,-1424.31203460693,14.71142578125
11.701666666666666,143.794479370117,-1424.33827972412,14.8828125
11.703333333333333,143.811309814453,-1424.36513519287,15.06884765625
11.705,143.828125,-1424.39235687256,15.263671875
11.706666666666667,143.844985961914,-1424.41957855225,15.44384765625
11.708333333333334,143.86181640625,-1424.44655609131,15.615234375
11.71,143.878662109375,-1424.47426605225,15.796875
11.711666666666666,143.895492553711,-1424.50344085693,15.99609375
11.713333333333333,143.912322998047,-1424.53249359131,16.21435546875
11.715,143.929168701172,-1424.56008148193,16.458984375
11.716666666666667,143.945999145508,-1424.58644866943,16.71240234375
11.718333333333334,143.962829589844,-1424.612449646,16.939453125
11.72,143.979675292969,-1424.6388168335,17.1064453125
11.721666666666666,143.996505737305,-1424.6661605835,17.21923828125
11.723333333333333,144.013366699219,-1424.69472503662,17.314453125
11.725,144.030227661133,-1424.723777771,17.4287109375
11.726666666666667,144.04704284668,-1424.75246429443,17.55908203125
11.728333333333333,144.063873291016,-1424.780418396,17.69677734375
11.73,144.08073425293,-1424.80825042725,17.8359375
11.731666666666667,144.097549438477,-1424.83620452881,17.9912109375
11.733333333333333,144.114410400391,-1424.864402771,18.1611328125
11.735,144.131240844727,-1424.89321136475,18.34423828125
11.736666666666666,144.148086547852,-1424.92336273193,18.53466796875
11.738333333333333,144.164947509766,-1424.95571136475,18.732421875
11.74,144.181777954102,-1424.99013519287,18.931640625
11.741666666666667,144.198593139648,-1425.02614593506,19.11328125
11.743333333333334,144.215454101563,-1425.06325531006,19.25390625
11.745,144.232284545898,-1425.10060882568,19.34326171875
11.746666666666666,144.249099731445,-1425.13649749756,19.39892578125
11.748333333333333,144.265930175781,-1425.16970062256,19.447265625
11.75,144.282791137695,-1425.20192718506,19.50439453125
11.751666666666667,144.299606323242,-1425.23537445068,19.55126953125
11.753333333333334,144.316467285156,-1425.27126312256,19.5791015625
11.755,144.333297729492,-1425.30910491943,19.6171875
11.756666666666666,144.350143432617,-1425.34828948975,19.69189453125
11.758333333333333,144.366973876953,-1425.38722991943,19.81201171875
11.76,144.383834838867,-1425.42360687256,19.96728515625
11.761666666666667,144.400665283203,-1425.45595550537,20.14306640625
11.763333333333334,144.41748046875,-1425.48513031006,20.31005859375
11.765,144.434341430664,-1425.51454925537,20.4521484375
11.766666666666667,144.451171875,-1425.54689788818,20.58251953125
11.768333333333333,144.467987060547,-1425.58156585693,20.7216796875
11.77,144.484817504883,-1425.61660003662,20.88134765625
11.771666666666667,144.501678466797,-1425.6505355835,21.04833984375
11.773333333333333,144.518493652344,-1425.68386077881,21.205078125
11.775,144.53532409668,-1425.71706390381,21.33544921875
11.776666666666667,144.552154541016,-1425.75087738037,21.42626953125
11.778333333333334,144.569000244141,-1425.786277771,21.46875
11.78,144.585830688477,-1425.82424163818,21.46728515625
11.781666666666666,144.602661132813,-1425.864402771,21.43359375
11.783333333333333,144.619506835938,-1425.90480804443,21.37060546875
11.785,144.636337280273,-1425.94277191162,21.2783203125
11.786666666666667,144.653167724609,-1425.97707366943,21.1669921875
11.788333333333334,144.670013427734,-1426.008934021,21.06591796875
11.79,144.68684387207,-1426.040184021,21.0029296875
11.791666666666666,144.703674316406,-1426.07192230225,20.96923828125
11.793333333333333,144.720565795898,-1426.10353851318,20.95166015625
11.795,144.73747253418,-1426.13503265381,20.93115234375
11.796666666666667,144.75439453125,-1426.16725921631,20.900390625
11.798333333333334,144.771347045898,-1426.20107269287,20.85205078125
11.8,144.788269042969,-1426.237449646,20.80517578125
11.801666666666666,144.805191040039,-1426.27639007568,20.7919921875
11.803333333333333,144.822143554688,-1426.31740570068,20.8330078125
11.805,144.839050292969,-1426.35866546631,20.90771484375
11.806666666666667,144.855972290039,-1426.39907073975,20.9677734375
11.808333333333334,144.872894287109,-1426.43898773193,20.9765625
11.81,144.88981628418,-1426.47927093506,20.9501953125
11.811666666666667,144.90673828125,-1426.52053070068,20.92822265625
11.813333333333333,144.92366027832,-1426.56227874756,20.9560546875
11.815,144.940582275391,-1426.60329437256,21.03515625
11.816666666666666,144.957489013672,-1426.64235687256,21.13916015625
11.818333333333333,144.974411010742,-1426.67873382568,21.240234375
11.82,144.991333007813,-1426.71242523193,21.3193359375
11.821666666666667,145.008255004883,-1426.74465179443,21.35888671875
11.823333333333334,145.025177001953,-1426.77626800537,21.35302734375
11.825,145.042129516602,-1426.80702972412,21.3193359375
11.826666666666666,145.059066772461,-1426.83644866943,21.287109375
11.828333333333333,145.075988769531,-1426.86452484131,21.28271484375
11.83,145.092910766602,-1426.89199066162,21.29150390625
11.831666666666667,145.10986328125,-1426.91994476318,21.29296875
11.833333333333334,145.12678527832,-1426.9493637085,21.287109375
11.835,145.143707275391,-1426.98134613037,21.298828125
11.836666666666666,145.160629272461,-1427.01552581787,21.333984375
11.838333333333333,145.177536010742,-1427.05080413818,21.37646484375
11.84,145.194458007813,-1427.08596038818,21.404296875
11.841666666666667,145.211410522461,-1427.12099456787,21.39990234375
11.843333333333334,145.228332519531,-1427.15627288818,21.35595703125
11.845,145.245254516602,-1427.19203948975,21.26513671875
11.846666666666666,145.262176513672,-1427.22743988037,21.1494140625
11.848333333333333,145.27912902832,-1427.2618637085,21.03662109375
11.85,145.296035766602,-1427.29494476318,20.935546875
11.851666666666667,145.312957763672,-1427.32741546631,20.8330078125
11.853333333333333,145.32991027832,-1427.36061859131,20.71728515625
11.855,145.346832275391,-1427.39687347412,20.59423828125
11.856666666666667,145.363784790039,-1427.43679046631,20.4873046875
11.858333333333333,145.380737304688,-1427.4786605835,20.41259765625
11.86,145.397644042969,-1427.52089691162,20.3759765625
11.861666666666666,145.414566040039,-1427.56288909912,20.36865234375
11.863333333333333,145.431518554688,-1427.60414886475,20.35986328125
11.865,145.448440551758,-1427.64382171631,20.3232421875
11.866666666666667,145.465393066406,-1427.68141937256,20.26025390625
11.868333333333334,145.482315063477,-1427.71669769287,20.19287109375
11.87,145.499267578125,-1427.75063323975,20.14013671875
11.871666666666666,145.516174316406,-1427.78322601318,20.1005859375
11.873333333333333,145.533096313477,-1427.8145980835,20.0595703125
11.875,145.550018310547,-1427.8458480835,19.9951171875
11.876666666666667,145.566970825195,-1427.87844085693,19.88525390625
11.878333333333334,145.583892822266,-1427.91286468506,19.74169921875
11.88,145.600814819336,-1427.94863128662,19.5849609375
11.881666666666666,145.617736816406,-1427.98476409912,19.4326171875
11.883333333333333,145.634613037109,-1428.02077484131,19.283203125
11.885,145.65153503418,-1428.05605316162,19.1396484375
11.886666666666667,145.66845703125,-1428.08950042725,19.0107421875
11.888333333333334,145.68537902832,-1428.12111663818,18.9228515625
11.89,145.702301025391,-1428.15212249756,18.87890625
11.891666666666667,145.719223022461,-1428.18361663818,18.85986328125
11.893333333333333,145.73616027832,-1428.21535491943,18.8408203125
11.895,145.753082275391,-1428.24697113037,18.8115234375
11.896666666666667,145.769973754883,-1428.278465271,18.75146484375
11.898333333333333,145.786895751953,-1428.31056976318,18.6474609375
11.9,145.803848266602,-1428.34340667725,18.5126953125
11.901666666666667,145.820770263672,-1428.37673187256,18.36474609375
11.903333333333334,145.837692260742,-1428.40981292725,18.2109375
11.905,145.854598999023,-1428.44130706787,18.05419921875
11.906666666666666,145.871520996094,-1428.469871521,17.90185546875
11.908333333333333,145.888442993164,-1428.49538421631,17.765625
11.91,145.905364990234,-1428.51918792725,17.66455078125
11.911666666666667,145.922286987305,-1428.54286956787,17.5986328125
11.913333333333334,145.939208984375,-1428.56703948975,17.56787109375
11.915,145.956085205078,-1428.59157562256,17.56494140625
11.916666666666666,145.973007202148,-1428.61562347412,17.578125
11.918333333333333,145.989929199219,-1428.63845062256,17.59716796875
11.92,146.006851196289,-1428.66066741943,17.61767578125
11.921666666666667,146.023742675781,-1428.68288421631,17.63232421875
11.923333333333334,146.040664672852,-1428.70534515381,17.625
11.925,146.057571411133,-1428.72792816162,17.5869140625
11.926666666666666,146.074493408203,-1428.75124359131,17.5341796875
11.928333333333333,146.091384887695,-1428.77626800537,17.49462890625
11.93,146.108306884766,-1428.80434417725,17.47998046875
11.931666666666667,146.125228881836,-1428.835105896,17.48291015625
11.933333333333334,146.142150878906,-1428.86660003662,17.50048828125
11.935,146.159027099609,-1428.89748382568,17.53125
11.936666666666667,146.17594909668,-1428.92824554443,17.560546875
11.938333333333333,146.19287109375,-1428.95949554443,17.5693359375
11.94,146.209762573242,-1428.99074554443,17.54736328125
11.941666666666666,146.226684570313,-1429.02138519287,17.50341796875
11.943333333333333,146.243576049805,-1429.05129241943,17.45361328125
11.945,146.260482788086,-1429.08046722412,17.419921875
11.946666666666667,146.277404785156,-1429.10866546631,17.42578125
11.948333333333334,146.294326782227,-1429.13564300537,17.490234375
11.95,146.311218261719,-1429.16188812256,17.6103515625
11.951666666666666,146.328109741211,-1429.18874359131,17.7626953125
11.953333333333333,146.345031738281,-1429.21718597412,17.9150390625
11.955,146.361907958984,-1429.247215271,18.06005859375
11.956666666666667,146.378799438477,-1429.27834320068,18.205078125
11.958333333333334,146.395690917969,-1429.3106918335,18.36474609375
11.96,146.412582397461,-1429.344871521,18.533203125
11.961666666666666,146.429504394531,-1429.3810043335,18.6796875
11.963333333333333,146.446365356445,-1429.41799163818,18.79248046875
11.965,146.463241577148,-1429.45351409912,18.884765625
11.966666666666667,146.480163574219,-1429.48635101318,18.9814453125
11.968333333333334,146.497055053711,-1429.51723480225,19.0927734375
11.97,146.513946533203,-1429.54738616943,19.1982421875
11.971666666666666,146.530838012695,-1429.57778167725,19.2568359375
11.973333333333333,146.547760009766,-1429.60903167725,19.2568359375
11.975,146.564605712891,-1429.64199066162,19.2158203125
11.976666666666667,146.581497192383,-1429.67629241943,19.1689453125
11.978333333333333,146.598388671875,-1429.71035003662,19.12646484375
11.98,146.615280151367,-1429.74257659912,19.0810546875
11.981666666666667,146.632171630859,-1429.77285003662,19.0224609375
11.983333333333333,146.649047851563,-1429.80202484131,18.94482421875
11.985,146.665939331055,-1429.831199646,18.86279296875
11.986666666666666,146.682800292969,-1429.8614730835,18.79248046875
11.988333333333333,146.699661254883,-1429.89345550537,18.7529296875
11.99,146.716552734375,-1429.92739105225,18.76171875
11.991666666666667,146.7333984375,-1429.96291351318,18.8203125
11.993333333333334,146.750289916992,-1429.99941253662,18.9052734375
11.995,146.767150878906,-1430.03578948975,18.984375
11.996666666666666,146.784042358398,-1430.07204437256,19.0400390625
11.998333333333333,146.800903320313,-1430.10866546631,19.06201171875
12,146.817779541016,-1430.14601898193,19.04150390625
12.001666666666667,146.83464050293,-1430.18288421631,18.96826171875
12.003333333333334,146.851531982422,-1430.21730804443,18.849609375
12.005,146.868392944336,-1430.24892425537,18.71484375
12.006666666666666,146.885284423828,-1430.27907562256,18.6123046875
12.008333333333333,146.90217590332,-1430.309715271,18.56396484375
12.01,146.919052124023,-1430.34230804443,18.5537109375
12.011666666666667,146.935913085938,-1430.376121521,18.56396484375
12.013333333333334,146.95280456543,-1430.40908050537,18.58154296875
12.015,146.969665527344,-1430.43984222412,18.59912109375
12.016666666666667,146.986557006836,-1430.467918396,18.5859375
12.018333333333333,147.003402709961,-1430.49489593506,18.5302734375
12.02,147.020294189453,-1430.52211761475,18.46728515625
12.021666666666667,147.037185668945,-1430.54958343506,18.4541015625
12.023333333333333,147.054046630859,-1430.57595062256,18.509765625
12.025,147.070938110352,-1430.60012054443,18.60205078125
12.026666666666667,147.087783813477,-1430.6231918335,18.685546875
12.028333333333334,147.104644775391,-1430.64650726318,18.73974609375
12.03,147.121505737305,-1430.67140960693,18.7646484375
12.031666666666666,147.138397216797,-1430.69911956787,18.75732421875
12.033333333333333,147.155258178711,-1430.73024749756,18.72509765625
12.035,147.172103881836,-1430.76418304443,18.68701171875
12.036666666666667,147.188995361328,-1430.79921722412,18.6650390625
12.038333333333334,147.205856323242,-1430.83388519287,18.6533203125
12.04,147.222717285156,-1430.86684417725,18.6328125
12.041666666666666,147.239608764648,-1430.89748382568,18.60205078125
12.043333333333333,147.256454467773,-1430.92555999756,18.58740234375
12.045,147.273315429688,-1430.95180511475,18.61376953125
12.046666666666667,147.29020690918,-1430.97756195068,18.6796875
12.048333333333334,147.307098388672,-1431.00453948975,18.7646484375
12.05,147.323959350586,-1431.0333480835,18.84521484375
12.051666666666666,147.340850830078,-1431.06337738037,18.9052734375
12.053333333333333,147.357727050781,-1431.09438323975,18.9345703125
12.055,147.374588012695,-1431.12624359131,18.91845703125
12.056666666666667,147.391479492188,-1431.15895843506,18.90673828125
12.058333333333334,147.408340454102,-1431.19081878662,18.9111328125
12.06,147.425231933594,-1431.22048187256,18.92578125
12.061666666666667,147.442077636719,-1431.24929046631,18.9375
12.063333333333333,147.458969116211,-1431.280418396,18.93896484375
12.065,147.475830078125,-1431.31533050537,18.94482421875
12.066666666666666,147.492721557617,-1431.35219573975,18.97998046875
12.068333333333333,147.509613037109,-1431.38832855225,19.037109375
12.07,147.526458740234,-1431.42311859131,19.10009765625
12.071666666666667,147.543350219727,-1431.4571762085,19.1513671875
12.073333333333334,147.560241699219,-1431.49050140381,19.177734375
12.075,147.577133178711,-1431.52333831787,19.17626953125
12.076666666666666,147.594024658203,-1431.55666351318,19.1455078125
12.078333333333333,147.610916137695,-1431.59120941162,19.10302734375
12.08,147.62776184082,-1431.62648773193,19.05908203125
12.081666666666667,147.644653320313,-1431.66139984131,19.0224609375
12.083333333333334,147.661544799805,-1431.69618988037,19.00341796875
12.085,147.678436279297,-1431.73183441162,19.01953125
12.086666666666666,147.695327758789,-1431.76845550537,19.06640625
12.088333333333333,147.712203979492,-1431.80556488037,19.12646484375
12.09,147.729095458984,-1431.84279632568,19.177734375
12.091666666666667,147.745956420898,-1431.88014984131,19.21142578125
12.093333333333334,147.762847900391,-1431.91774749756,19.2275390625
12.095,147.779708862305,-1431.95400238037,19.2216796875
12.096666666666666,147.79655456543,-1431.98561859131,19.1923828125
12.098333333333333,147.813446044922,-1432.01540374756,19.1484375
12.1,147.830307006836,-1432.04384613037,19.1162109375
12.101666666666667,147.84716796875,-1432.07204437256,19.107421875
12.103333333333333,147.864028930664,-1432.10024261475,19.107421875
12.105,147.880874633789,-1432.12783050537,19.07666015625
12.106666666666667,147.897766113281,-1432.15468597412,19.001953125
12.108333333333333,147.914627075195,-1432.1817855835,18.9111328125
12.11,147.931488037109,-1432.20961761475,18.83642578125
12.111666666666666,147.948348999023,-1432.23818206787,18.78369140625
12.113333333333333,147.965240478516,-1432.26735687256,18.74560546875
12.115,147.982086181641,-1432.29726409912,18.72216796875
12.116666666666667,147.998947143555,-1432.3282699585,18.70751953125
12.118333333333334,148.015808105469,-1432.35964202881,18.68994140625
12.12,148.032669067383,-1432.39113616943,18.6533203125
12.121666666666666,148.049514770508,-1432.42214202881,18.59765625
12.123333333333333,148.06640625,-1432.45204925537,18.533203125
12.125,148.083267211914,-1432.48110198975,18.46728515625
12.126666666666667,148.100128173828,-1432.51052093506,18.39990234375
12.128333333333334,148.11701965332,-1432.54067230225,18.33251953125
12.13,148.133880615234,-1432.571434021,18.26953125
12.131666666666666,148.150756835938,-1432.602684021,18.21240234375
12.133333333333333,148.167617797852,-1432.63430023193,18.15234375
12.135,148.184478759766,-1432.66567230225,18.08056640625
12.136666666666667,148.201370239258,-1432.69618988037,18.0146484375
12.138333333333334,148.218231201172,-1432.72560882568,17.99853515625
12.14,148.235076904297,-1432.75466156006,18.0087890625
12.141666666666667,148.251937866211,-1432.78383636475,18.046875
12.143333333333333,148.268798828125,-1432.81276702881,18.099609375
12.145,148.285659790039,-1432.84157562256,18.15966796875
12.146666666666667,148.302520751953,-1432.87014007568,18.2314453125
12.148333333333333,148.319396972656,-1432.89882659912,18.30615234375
12.15,148.33625793457,-1432.92812347412,18.37353515625
12.151666666666667,148.353118896484,-1432.95803070068,18.42626953125
12.153333333333334,148.369979858398,-1432.9884262085,18.46875
12.155,148.386840820313,-1433.01930999756,18.50537109375
12.156666666666666,148.403686523438,-1433.05068206787,18.53759765625
12.158333333333333,148.420547485352,-1433.08229827881,18.556640625
12.16,148.437408447266,-1433.11415863037,18.5625
12.161666666666667,148.454238891602,-1433.145652771,18.5595703125
12.163333333333334,148.471130371094,-1433.17629241943,18.56103515625
12.165,148.487945556641,-1433.20583343506,18.580078125
12.166666666666666,148.504806518555,-1433.23513031006,18.62109375
12.168333333333333,148.521667480469,-1433.26515960693,18.66357421875
12.17,148.538528442383,-1433.29616546631,18.70166015625
12.171666666666667,148.55534362793,-1433.32802581787,18.73681640625
12.173333333333334,148.572204589844,-1433.360496521,18.76904296875
12.175,148.589065551758,-1433.39284515381,18.79833984375
12.176666666666666,148.605926513672,-1433.42446136475,18.82763671875
12.178333333333333,148.622787475586,-1433.4552230835,18.86279296875
12.18,148.639602661133,-1433.485496521,18.90966796875
12.181666666666667,148.656463623047,-1433.51613616943,18.95947265625
12.183333333333334,148.673324584961,-1433.54775238037,19.01220703125
12.185,148.690185546875,-1433.58034515381,19.07080078125
12.186666666666667,148.707046508789,-1433.61354827881,19.13232421875
12.188333333333333,148.723892211914,-1433.64711761475,19.1953125
12.19,148.740753173828,-1433.68019866943,19.2509765625
12.191666666666666,148.757614135742,-1433.71291351318,19.29345703125
12.193333333333333,148.774505615234,-1433.74514007568,19.31982421875
12.195,148.791366577148,-1433.77724456787,19.3359375
12.196666666666667,148.808181762695,-1433.80947113037,19.3447265625
12.198333333333334,148.825042724609,-1433.84206390381,19.34765625
12.2,148.841903686523,-1433.87465667725,19.34619140625
12.201666666666666,148.858764648438,-1433.90651702881,19.341796875
12.203333333333333,148.87565612793,-1433.93776702881,19.34326171875
12.205,148.892501831055,-1433.9688949585,19.35791015625
12.206666666666667,148.909362792969,-1434.00038909912,19.39013671875
12.208333333333334,148.926223754883,-1434.03285980225,19.42822265625
12.21,148.943054199219,-1434.06581878662,19.46044921875
12.211666666666666,148.959915161133,-1434.09914398193,19.48095703125
12.213333333333333,148.976760864258,-1434.13283538818,19.48974609375
12.215,148.993591308594,-1434.16677093506,19.48681640625
12.216666666666667,149.010452270508,-1434.20082855225,19.482421875
12.218333333333334,149.027313232422,-1434.23464202881,19.48681640625
12.22,149.044128417969,-1434.26808929443,19.49853515625
12.221666666666666,149.060989379883,-1434.30141448975,19.51611328125
12.223333333333333,149.077850341797,-1434.33461761475,19.52783203125
12.225,149.094680786133,-1434.36818695068,19.529296875
12.226666666666667,149.111541748047,-1434.40200042725,19.52197265625
12.228333333333333,149.128387451172,-1434.43593597412,19.51025390625
12.23,149.145217895508,-1434.46974945068,19.4970703125
12.231666666666667,149.162048339844,-1434.503074646,19.49267578125
12.233333333333333,149.17887878418,-1434.53591156006,19.5
12.235,149.195739746094,-1434.56801605225,19.51904296875
12.236666666666666,149.212554931641,-1434.5997543335,19.541015625
12.238333333333333,149.229385375977,-1434.63137054443,19.56298828125
12.24,149.246246337891,-1434.66298675537,19.5732421875
12.241666666666667,149.263076782227,-1434.694480896,19.576171875
12.243333333333334,149.279891967773,-1434.72597503662,19.58203125
12.245,149.296752929688,-1434.75759124756,19.58935546875
12.246666666666666,149.313583374023,-1434.78945159912,19.59375
12.248333333333333,149.330413818359,-1434.82167816162,19.58935546875
12.25,149.347274780273,-1434.85414886475,19.576171875
12.251666666666667,149.36408996582,-1434.8868637085,19.5615234375
12.253333333333334,149.380950927734,-1434.91957855225,19.54833984375
12.255,149.39778137207,-1434.95217132568,19.53515625
12.256666666666666,149.414642333984,-1434.98439788818,19.51904296875
12.258333333333333,149.431457519531,-1435.01638031006,19.50146484375
12.26,149.448318481445,-1435.04836273193,19.48388671875
12.261666666666667,149.465148925781,-1435.08010101318,19.46923828125
12.263333333333334,149.481979370117,-1435.11183929443,19.458984375
12.265,149.498840332031,-1435.14345550537,19.453125
12.266666666666667,149.515655517578,-1435.17519378662,19.44580078125
12.268333333333333,149.532485961914,-1435.2071762085,19.43701171875
12.27,149.549346923828,-1435.239402771,19.4267578125
12.271666666666667,149.566177368164,-1435.27187347412,19.423828125
12.273333333333333,149.583038330078,-1435.30458831787,19.43115234375
12.275,149.599853515625,-1435.33791351318,19.4443359375
12.276666666666667,149.616683959961,-1435.37172698975,19.46484375
12.278333333333334,149.633514404297,-1435.40566253662,19.4853515625
12.28,149.650344848633,-1435.43972015381,19.50732421875
12.281666666666666,149.66716003418,-1435.47316741943,19.52783203125
12.283333333333333,149.684020996094,-1435.5060043335,19.552734375
12.285,149.70085144043,-1435.53835296631,19.57763671875
12.286666666666667,149.717681884766,-1435.57021331787,19.599609375
12.288333333333334,149.734512329102,-1435.6017074585,19.6171875
12.29,149.751327514648,-1435.63283538818,19.63330078125
12.291666666666666,149.768188476563,-1435.6642074585,19.65087890625
12.293333333333333,149.785018920898,-1435.69594573975,19.66552734375
12.295,149.801849365234,-1435.72817230225,19.681640625
12.296666666666667,149.818664550781,-1435.76076507568,19.69921875
12.298333333333334,149.835494995117,-1435.79335784912,19.72119140625
12.3,149.852325439453,-1435.82595062256,19.7490234375
12.301666666666666,149.869155883789,-1435.85829925537,19.775390625
12.303333333333333,149.885986328125,-1435.89052581787,19.8017578125
12.305,149.902801513672,-1435.922996521,19.822265625
12.306666666666667,149.919662475586,-1435.95571136475,19.8427734375
12.308333333333334,149.936462402344,-1435.98867034912,19.857421875
12.31,149.95329284668,-1436.02175140381,19.86328125
12.311666666666667,149.970108032227,-1436.0548324585,19.86328125
12.313333333333333,149.986938476563,-1436.08840179443,19.85888671875
12.315,150.003768920898,-1436.12233734131,19.8486328125
12.316666666666666,150.020599365234,-1436.15627288818,19.83251953125
12.318333333333333,150.037414550781,-1436.19008636475,19.81201171875
12.32,150.054244995117,-1436.22353363037,19.7958984375
12.321666666666667,150.071105957031,-1436.256980896,19.78564453125
12.323333333333334,150.087936401367,-1436.29030609131,19.78125
12.325,150.104766845703,-1436.32387542725,19.76806640625
12.326666666666666,150.12158203125,-1436.35744476318,19.734375
12.328333333333333,150.138412475586,-1436.39089202881,19.69921875
12.33,150.155242919922,-1436.42421722412,19.67724609375
12.331666666666667,150.172073364258,-1436.45778656006,19.669921875
12.333333333333334,150.188888549805,-1436.49172210693,19.6640625
12.335,150.205718994141,-1436.52565765381,19.65673828125
12.336666666666666,150.222549438477,-1436.559715271,19.6494140625
12.338333333333333,150.239379882813,-1436.59377288818,19.64208984375
12.34,150.256210327148,-1436.62783050537,19.62890625
12.341666666666667,150.273025512695,-1436.66213226318,19.60546875
12.343333333333334,150.289855957031,-1436.69631195068,19.58056640625
12.345,150.306686401367,-1436.73024749756,19.55712890625
12.346666666666666,150.323486328125,-1436.76369476318,19.529296875
12.348333333333333,150.340301513672,-1436.7970199585,19.4853515625
12.35,150.357131958008,-1436.82997894287,19.41943359375
12.351666666666667,150.373962402344,-1436.862449646,19.341796875
12.353333333333333,150.390762329102,-1436.8946762085,19.2744140625
12.355,150.407577514648,-1436.92678070068,19.21875
12.356666666666667,150.424377441406,-1436.95864105225,19.1630859375
12.358333333333333,150.441207885742,-1436.99062347412,19.09716796875
12.36,150.458038330078,-1437.02272796631,19.013671875
12.361666666666666,150.474822998047,-1437.05532073975,18.93310546875
12.363333333333333,150.491653442383,-1437.08852386475,18.87890625
12.365,150.508453369141,-1437.12160491943,18.849609375
12.366666666666667,150.525283813477,-1437.15334320068,18.82763671875
12.368333333333334,150.542114257813,-1437.18288421631,18.80126953125
12.37,150.558929443359,-1437.21181488037,18.77197265625
12.371666666666666,150.575729370117,-1437.24147796631,18.7470703125
12.373333333333333,150.592559814453,-1437.27199554443,18.732421875
12.375,150.609359741211,-1437.3028793335,18.73681640625
12.376666666666667,150.626174926758,-1437.33400726318,18.75439453125
12.378333333333334,150.642974853516,-1437.36562347412,18.76904296875
12.38,150.659805297852,-1437.397605896,18.7705078125
12.381666666666666,150.676635742188,-1437.42910003662,18.7529296875
12.383333333333333,150.693420410156,-1437.45973968506,18.7119140625
12.385,150.710250854492,-1437.49001312256,18.662109375
12.386666666666667,150.72705078125,-1437.52028656006,18.615234375
12.388333333333334,150.743881225586,-1437.55043792725,18.58154296875
12.39,150.760665893555,-1437.57949066162,18.55224609375
12.391666666666667,150.777496337891,-1437.60695648193,18.5185546875
12.393333333333333,150.794326782227,-1437.63356781006,18.4775390625
12.395,150.811126708984,-1437.66103363037,18.42919921875
12.396666666666667,150.82795715332,-1437.68996429443,18.3779296875
12.398333333333333,150.844741821289,-1437.71926116943,18.33984375
12.4,150.861572265625,-1437.74770355225,18.3251953125
12.401666666666667,150.878372192383,-1437.774559021,18.31640625
12.403333333333334,150.895202636719,-1437.80129241943,18.2900390625
12.405,150.912017822266,-1437.8302230835,18.2490234375
12.406666666666666,150.928817749023,-1437.86110687256,18.2080078125
12.408333333333333,150.945648193359,-1437.89284515381,18.169921875
12.41,150.962448120117,-1437.92421722412,18.134765625
12.411666666666667,150.979263305664,-1437.9552230835,18.08203125
12.413333333333334,150.99609375,-1437.9864730835,18.01171875
12.415,151.012893676758,-1438.01882171631,17.95751953125
12.416666666666666,151.029724121094,-1438.05312347412,17.9326171875
12.418333333333333,151.046508789063,-1438.08852386475,17.92529296875
12.42,151.06330871582,-1438.12380218506,17.90771484375
12.421666666666667,151.080139160156,-1438.15798187256,17.87109375
12.423333333333334,151.096939086914,-1438.190574646,17.82861328125
12.425,151.113723754883,-1438.22145843506,17.80224609375
12.426666666666666,151.130554199219,-1438.25148773193,17.79931640625
12.428333333333333,151.147354125977,-1438.28151702881,17.81103515625
12.43,151.164154052734,-1438.31215667725,17.830078125
12.431666666666667,151.18098449707,-1438.34304046631,17.859375
12.433333333333334,151.197769165039,-1438.3731918335,17.89306640625
12.435,151.214599609375,-1438.40224456787,17.91650390625
12.436666666666667,151.231399536133,-1438.43044281006,17.912109375
12.438333333333333,151.248229980469,-1438.45827484131,17.87255859375
12.44,151.265045166016,-1438.48696136475,17.82861328125
12.441666666666666,151.281875610352,-1438.5177230835,17.79931640625
12.443333333333333,151.298675537109,-1438.54909515381,17.783203125
12.445,151.315505981445,-1438.57949066162,17.75537109375
12.446666666666667,151.332290649414,-1438.60927581787,17.689453125
12.448333333333334,151.349090576172,-1438.63893890381,17.5986328125
12.45,151.365921020508,-1438.66750335693,17.501953125
12.451666666666666,151.382751464844,-1438.69411468506,17.41259765625
12.453333333333333,151.399536132813,-1438.71865081787,17.3408203125
12.455,151.41633605957,-1438.74245452881,17.28369140625
12.456666666666667,151.433166503906,-1438.76845550537,17.21630859375
12.458333333333334,151.449966430664,-1438.79726409912,17.1123046875
12.46,151.466781616211,-1438.82778167725,16.98486328125
12.461666666666666,151.483581542969,-1438.85793304443,16.869140625
12.463333333333333,151.500381469727,-1438.8868637085,16.77978515625
12.465,151.517211914063,-1438.91481781006,16.7080078125
12.466666666666667,151.533996582031,-1438.94326019287,16.65087890625
12.468333333333334,151.550827026367,-1438.97328948975,16.611328125
12.47,151.567626953125,-1439.00453948975,16.5966796875
12.471666666666666,151.584457397461,-1439.036277771,16.60107421875
12.473333333333333,151.601257324219,-1439.06777191162,16.6142578125
12.475,151.618072509766,-1439.09804534912,16.62744140625
12.476666666666667,151.634872436523,-1439.12660980225,16.61865234375
12.478333333333333,151.651672363281,-1439.15370941162,16.57470703125
12.48,151.668502807617,-1439.17934417725,16.5234375
12.481666666666667,151.685287475586,-1439.20497894287,16.49560546875
12.483333333333333,151.702117919922,-1439.23097991943,16.4912109375
12.485,151.71891784668,-1439.25649261475,16.51025390625
12.486666666666666,151.735717773438,-1439.28090667725,16.552734375
12.488333333333333,151.752502441406,-1439.30434417725,16.59814453125
12.49,151.769302368164,-1439.32765960693,16.63916015625
12.491666666666667,151.786102294922,-1439.35134124756,16.69482421875
12.493333333333334,151.80290222168,-1439.37526702881,16.79736328125
12.495,151.819686889648,-1439.40029144287,16.9541015625
12.496666666666666,151.836486816406,-1439.42678070068,17.138671875
12.498333333333333,151.853256225586,-1439.45351409912,17.291015625
12.5,151.870056152344,-1439.47914886475,17.384765625
12.501666666666667,151.886840820313,-1439.50392913818,17.43017578125
12.503333333333334,151.90364074707,-1439.52956390381,17.4580078125
12.505,151.920440673828,-1439.55629730225,17.47705078125
12.506666666666666,151.937240600586,-1439.58290863037,17.49609375
12.508333333333333,151.954025268555,-1439.60903167725,17.56787109375
12.51,151.970825195313,-1439.63576507568,17.62060546875
12.511666666666667,151.987594604492,-1439.66457366943,17.66015625
12.513333333333334,152.00439453125,-1439.69557952881,17.70703125
12.515,152.021179199219,-1439.72756195068,17.77587890625
12.516666666666667,152.037948608398,-1439.75881195068,17.87109375
12.518333333333333,152.054748535156,-1439.78713226318,17.9853515625
12.52,152.071517944336,-1439.811668396,18.10546875
12.521666666666667,152.088302612305,-1439.83522796631,18.2255859375
12.523333333333333,152.105072021484,-1439.86159515381,18.3310546875
12.525,152.121841430664,-1439.89199066162,18.43505859375
12.526666666666667,152.138595581055,-1439.924949646,18.5595703125
12.528333333333334,152.155395507813,-1439.95888519287,18.70751953125
12.53,152.172164916992,-1439.99245452881,18.861328125
12.531666666666666,152.18896484375,-1440.0255355835,18.99609375
12.533333333333333,152.205718994141,-1440.0587387085,19.107421875
12.535,152.22248840332,-1440.0938949585,19.21875
12.536666666666667,152.2392578125,-1440.13149261475,19.330078125
12.538333333333334,152.25602722168,-1440.17067718506,19.435546875
12.54,152.27278137207,-1440.20937347412,19.53955078125
12.541666666666666,152.28955078125,-1440.24599456787,19.65087890625
12.543333333333333,152.30632019043,-1440.28029632568,19.75634765625
12.545,152.32307434082,-1440.31276702881,19.8310546875
12.546666666666667,152.339874267578,-1440.34328460693,19.89111328125
12.548333333333334,152.356643676758,-1440.37282562256,19.97314453125
12.55,152.373413085938,-1440.40724945068,20.0888671875
12.551666666666666,152.390167236328,-1440.44167327881,20.21923828125
12.553333333333333,152.406936645508,-1440.47621917725,20.33642578125
12.555,152.423706054688,-1440.5118637085,20.419921875
12.556666666666667,152.440475463867,-1440.54909515381,20.4697265625
12.558333333333334,152.45719909668,-1440.58730316162,20.51806640625
12.56,152.473968505859,-1440.62538909912,20.60595703125
12.561666666666667,152.490737915039,-1440.66249847412,20.75244140625
12.563333333333333,152.507461547852,-1440.69814300537,20.91943359375
12.565,152.524230957031,-1440.7325668335,21.06591796875
12.566666666666666,152.541000366211,-1440.76723480225,21.1904296875
12.568333333333333,152.557769775391,-1440.80312347412,21.3134765625
12.57,152.574523925781,-1440.83986663818,21.4306640625
12.571666666666667,152.591293334961,-1440.876121521,21.533203125
12.573333333333334,152.608062744141,-1440.91066741943,21.61669921875
12.575,152.62483215332,-1440.94362640381,21.68408203125
12.576666666666666,152.641586303711,-1440.97682952881,21.732421875
12.578333333333333,152.658355712891,-1441.01113128662,21.75439453125
12.58,152.67512512207,-1441.04640960693,21.74853515625
12.581666666666667,152.691879272461,-1441.08180999756,21.7353515625
12.583333333333334,152.708648681641,-1441.11672210693,21.73974609375
12.585,152.72541809082,-1441.15029144287,21.767578125
12.586666666666666,152.7421875,-1441.18215179443,21.8203125
12.588333333333333,152.758941650391,-1441.21389007568,21.90380859375
12.59,152.77571105957,-1441.24733734131,22.00341796875
12.591666666666667,152.79248046875,-1441.28310394287,22.03125
12.593333333333334,152.80924987793,-1441.32070159912,22.0341796875
12.595,152.826034545898,-1441.35927581787,22.013671875
12.596666666666666,152.842803955078,-1441.39723968506,21.9755859375
12.598333333333333,152.859573364258,-1441.43337249756,21.9375
12.6,152.876327514648,-1441.46865081787,21.919921875
12.601666666666667,152.893096923828,-1441.50429534912,21.9287109375
12.603333333333333,152.909866333008,-1441.54103851318,21.9580078125
12.605,152.926635742188,-1441.57851409912,22.00927734375
12.606666666666667,152.943389892578,-1441.61708831787,22.083984375
12.608333333333333,152.960159301758,-1441.65785980225,22.16015625
12.61,152.976959228516,-1441.70107269287,22.21435546875
12.611666666666666,152.993728637695,-1441.74477386475,22.24658203125
12.613333333333333,153.010482788086,-1441.78688812256,22.27587890625
12.615,153.027221679688,-1441.82692718506,22.31982421875
12.616666666666667,153.044021606445,-1441.86574554443,22.37548828125
12.618333333333334,153.060775756836,-1441.90493011475,22.42822265625
12.62,153.077545166016,-1441.94435882568,22.48095703125
12.621666666666666,153.094345092773,-1441.98305511475,22.54248046875
12.623333333333333,153.111114501953,-1442.020652771,22.60986328125
12.625,153.127899169922,-1442.05764007568,22.6875
12.626666666666667,153.144668579102,-1442.09426116943,22.78857421875
12.628333333333334,153.161437988281,-1442.13112640381,22.92333984375
12.63,153.178176879883,-1442.16860198975,23.06396484375
12.631666666666666,153.194931030273,-1442.20644378662,23.16796875
12.633333333333333,153.211700439453,-1442.24318695068,23.22509765625
12.635,153.228469848633,-1442.27785491943,23.24853515625
12.636666666666667,153.245223999023,-1442.3106918335,23.24267578125
12.638333333333334,153.261993408203,-1442.34316253662,23.21630859375
12.64,153.278762817383,-1442.37722015381,23.18115234375
12.641666666666667,153.295501708984,-1442.41396331787,23.138671875
12.643333333333333,153.312255859375,-1442.45278167725,23.09326171875
12.645,153.329025268555,-1442.4923324585,23.05810546875
12.646666666666667,153.345794677734,-1442.53224945068,23.044921875
12.648333333333333,153.362564086914,-1442.57289886475,23.0361328125
12.65,153.379318237305,-1442.61391448975,23.009765625
12.651666666666667,153.396057128906,-1442.65431976318,22.9599609375
12.653333333333334,153.412826538086,-1442.69374847412,22.90576171875
12.655,153.429580688477,-1442.73244476318,22.86181640625
12.656666666666666,153.446319580078,-1442.770652771,22.8251953125
12.658333333333333,153.463088989258,-1442.80825042725,22.79296875
12.66,153.479858398438,-1442.8458480835,22.75048828125
12.661666666666667,153.49658203125,-1442.88454437256,22.68896484375
12.663333333333334,153.51335144043,-1442.924949646,22.60986328125
12.665,153.530090332031,-1442.965965271,22.53515625
12.666666666666666,153.546844482422,-1443.00734710693,22.4970703125
12.668333333333333,153.563613891602,-1443.04933929443,22.517578125
12.67,153.580352783203,-1443.09243011475,22.5732421875
12.671666666666667,153.597122192383,-1443.135887146,22.62744140625
12.673333333333334,153.613845825195,-1443.17800140381,22.669921875
12.675,153.630584716797,-1443.21852874756,22.716796875
12.676666666666666,153.647354125977,-1443.25807952881,22.787109375
12.678333333333333,153.664108276367,-1443.29616546631,22.87646484375
12.68,153.680847167969,-1443.33193206787,22.9599609375
12.681666666666667,153.69758605957,-1443.36513519287,23.01123046875
12.683333333333334,153.714324951172,-1443.39687347412,23.0126953125
12.685,153.731079101563,-1443.42873382568,22.97607421875
12.686666666666667,153.747817993164,-1443.46254730225,22.927734375
12.688333333333333,153.764556884766,-1443.49892425537,22.88525390625
12.69,153.781311035156,-1443.53676605225,22.86181640625
12.691666666666666,153.798049926758,-1443.575340271,22.86767578125
12.693333333333333,153.814788818359,-1443.614402771,22.90576171875
12.695,153.831512451172,-1443.65358734131,22.95849609375
12.696666666666667,153.848251342773,-1443.69203948975,23.0126953125
12.698333333333334,153.865020751953,-1443.72902679443,23.0654296875
12.7,153.881759643555,-1443.76515960693,23.1298828125
12.701666666666666,153.898513793945,-1443.80080413818,23.208984375
12.703333333333333,153.915252685547,-1443.835105896,23.28369140625
12.705,153.931991577148,-1443.86721038818,23.33642578125
12.706666666666667,153.948715209961,-1443.8985824585,23.3759765625
12.708333333333334,153.965454101563,-1443.93239593506,23.39794921875
12.71,153.982192993164,-1443.97072601318,23.390625
12.711666666666666,153.998931884766,-1444.01222991943,23.349609375
12.713333333333333,154.015655517578,-1444.05422210693,23.2939453125
12.715,154.03239440918,-1444.09560394287,23.2470703125
12.716666666666667,154.049133300781,-1444.13625335693,23.21484375
12.718333333333334,154.065856933594,-1444.17678070068,23.20166015625
12.72,154.082595825195,-1444.21706390381,23.2236328125
12.721666666666666,154.099334716797,-1444.25649261475,23.29248046875
12.723333333333333,154.116058349609,-1444.29482269287,23.4169921875
12.725,154.132797241211,-1444.33168792725,23.583984375
12.726666666666667,154.149536132813,-1444.36745452881,23.759765625
12.728333333333333,154.166275024414,-1444.40297698975,23.9033203125
12.73,154.182998657227,-1444.43935394287,23.994140625
12.731666666666667,154.199737548828,-1444.47805023193,24.0439453125
12.733333333333333,154.216506958008,-1444.51955413818,24.0615234375
12.735,154.23323059082,-1444.56313323975,24.04833984375
12.736666666666666,154.25,-1444.60695648193,24.017578125
12.738333333333333,154.266738891602,-1444.65016937256,24.005859375
12.74,154.283508300781,-1444.69277191162,24.05126953125
12.741666666666667,154.300231933594,-1444.73574066162,24.1611328125
12.743333333333334,154.317001342773,-1444.77993011475,24.31201171875
12.745,154.333740234375,-1444.82485198975,24.48193359375
12.746666666666666,154.350494384766,-1444.86965179443,24.6533203125
12.748333333333333,154.367233276367,-1444.91396331787,24.8056640625
12.75,154.383972167969,-1444.9571762085,24.90966796875
12.751666666666667,154.40071105957,-1444.99855804443,24.94775390625
12.753333333333334,154.417465209961,-1445.038230896,24.94189453125
12.755,154.434204101563,-1445.07704925537,24.92138671875
12.756666666666666,154.450973510742,-1445.11525726318,24.8994140625
12.758333333333333,154.467697143555,-1445.15309906006,24.88330078125
12.76,154.484436035156,-1445.1915512085,24.8701171875
12.761666666666667,154.501205444336,-1445.23146820068,24.8759765625
12.763333333333334,154.517944335938,-1445.27297210693,24.91845703125
12.765,154.534698486328,-1445.3165512085,25.00341796875
12.766666666666667,154.551467895508,-1445.36220550537,25.1103515625
12.768333333333333,154.568206787109,-1445.40871429443,25.21142578125
12.77,154.5849609375,-1445.45449066162,25.2890625
12.771666666666667,154.601699829102,-1445.49843597412,25.341796875
12.773333333333333,154.618438720703,-1445.54042816162,25.365234375
12.775,154.635208129883,-1445.58046722412,25.37548828125
12.776666666666667,154.651931762695,-1445.61843109131,25.38720703125
12.778333333333334,154.668670654297,-1445.65505218506,25.41357421875
12.78,154.685409545898,-1445.692527771,25.44580078125
12.781666666666666,154.702163696289,-1445.73329925537,25.4765625
12.783333333333333,154.718902587891,-1445.77858734131,25.49267578125
12.785,154.735641479492,-1445.82680511475,25.48974609375
12.786666666666667,154.752365112305,-1445.87526702881,25.46630859375
12.788333333333334,154.769104003906,-1445.92165374756,25.41943359375
12.79,154.785842895508,-1445.96572113037,25.33740234375
12.791666666666666,154.802581787109,-1446.00820159912,25.22900390625
12.793333333333333,154.819305419922,-1446.04970550537,25.119140625
12.795,154.836074829102,-1446.09072113037,25.0224609375
12.796666666666667,154.852813720703,-1446.1310043335,24.9404296875
12.798333333333334,154.869537353516,-1446.17055511475,24.88916015625
12.8,154.886306762695,-1446.20986175537,24.873046875
12.801666666666666,154.903045654297,-1446.24929046631,24.8759765625
12.803333333333333,154.919815063477,-1446.29006195068,24.86865234375
12.805,154.936538696289,-1446.33303070068,24.8408203125
12.806666666666667,154.953308105469,-1446.37844085693,24.796875
12.808333333333334,154.97004699707,-1446.42421722412,24.7529296875
12.81,154.986801147461,-1446.46840667725,24.72509765625
12.811666666666667,155.003540039063,-1446.51039886475,24.7177734375
12.813333333333333,155.020309448242,-1446.55117034912,24.72802734375
12.815,155.037048339844,-1446.59181976318,24.74560546875
12.816666666666666,155.053802490234,-1446.63417816162,24.7646484375
12.818333333333333,155.070541381836,-1446.67873382568,24.7822265625
12.82,155.087280273438,-1446.7247543335,24.79833984375
12.821666666666667,155.10400390625,-1446.770652771,24.80126953125
12.823333333333334,155.120742797852,-1446.81581878662,24.78076171875
12.825,155.137481689453,-1446.86013031006,24.73681640625
12.826666666666666,155.154220581055,-1446.90407562256,24.68994140625
12.828333333333333,155.170944213867,-1446.94704437256,24.6591796875
12.83,155.187683105469,-1446.98793792725,24.66064453125
12.831666666666667,155.20442199707,-1447.02541351318,24.6796875
12.833333333333334,155.221145629883,-1447.05959320068,24.69580078125
12.835,155.237915039063,-1447.09181976318,24.69580078125
12.836666666666666,155.254653930664,-1447.12343597412,24.6767578125
12.838333333333333,155.271377563477,-1447.155418396,24.662109375
12.84,155.288116455078,-1447.18935394287,24.66357421875
12.841666666666667,155.30485534668,-1447.22585296631,24.6708984375
12.843333333333334,155.321624755859,-1447.26454925537,24.66796875
12.845,155.338348388672,-1447.303855896,24.6298828125
12.846666666666666,155.355087280273,-1447.34304046631,24.556640625
12.848333333333333,155.371795654297,-1447.3829574585,24.4599609375
12.85,155.388519287109,-1447.424949646,24.3720703125
12.851666666666667,155.405258178711,-1447.46913909912,24.31640625
12.853333333333333,155.421997070313,-1447.51430511475,24.29443359375
12.855,155.438720703125,-1447.55910491943,24.287109375
12.856666666666667,155.455459594727,-1447.60256195068,24.27099609375
12.858333333333333,155.472198486328,-1447.64418792725,24.216796875
12.86,155.48893737793,-1447.68361663818,24.11572265625
12.861666666666666,155.505661010742,-1447.72158050537,23.9853515625
12.863333333333333,155.522399902344,-1447.75930023193,23.85205078125
12.865,155.539138793945,-1447.79836273193,23.7333984375
12.866666666666667,155.555862426758,-1447.8399887085,23.63671875
12.868333333333334,155.572601318359,-1447.88430023193,23.5517578125
12.87,155.589340209961,-1447.93019866943,23.478515625
12.871666666666666,155.606048583984,-1447.9767074585,23.41845703125
12.873333333333333,155.622772216797,-1448.02236175537,23.39501953125
12.875,155.639511108398,-1448.06618499756,23.4228515625
12.876666666666667,155.656219482422,-1448.10768890381,23.490234375
12.878333333333334,155.672943115234,-1448.14711761475,23.5693359375
12.88,155.689682006836,-1448.18618011475,23.63671875
12.881666666666666,155.706390380859,-1448.22585296631,23.67919921875
12.883333333333333,155.723114013672,-1448.2657699585,23.70703125
12.885,155.739852905273,-1448.30495452881,23.7275390625
12.886666666666667,155.756591796875,-1448.34255218506,23.748046875
12.888333333333334,155.773284912109,-1448.37941741943,23.7568359375
12.89,155.790023803711,-1448.41677093506,23.73486328125
12.891666666666667,155.806762695313,-1448.4552230835,23.666015625
12.893333333333333,155.823471069336,-1448.49477386475,23.55908203125
12.895,155.840194702148,-1448.53493499756,23.4375
12.896666666666667,155.856903076172,-1448.57509613037,23.31884765625
12.898333333333333,155.873641967773,-1448.614402771,23.2060546875
12.9,155.890335083008,-1448.65224456787,23.1005859375
12.901666666666667,155.907073974609,-1448.68837738037,23.0126953125
12.903333333333334,155.923782348633,-1448.72353363037,22.939453125
12.905,155.940505981445,-1448.75832366943,22.8720703125
12.906666666666666,155.957244873047,-1448.79360198975,22.78857421875
12.908333333333333,155.973983764648,-1448.82985687256,22.658203125
12.91,155.990676879883,-1448.86672210693,22.4560546875
12.911666666666667,156.007415771484,-1448.90358734131,22.1982421875
12.913333333333334,156.024154663086,-1448.93947601318,21.9228515625
12.915,156.040893554688,-1448.97499847412,21.6826171875
12.916666666666666,156.0576171875,-1449.01149749756,21.5009765625
12.918333333333333,156.074356079102,-1449.04933929443,21.3779296875
12.92,156.091064453125,-1449.08754730225,21.29443359375
12.921666666666667,156.107788085938,-1449.1251449585,21.234375
12.923333333333334,156.124496459961,-1449.16262054443,21.193359375
12.925,156.141235351563,-1449.20143890381,21.1669921875
12.926666666666666,156.157928466797,-1449.24184417725,21.15234375
12.928333333333333,156.17463684082,-1449.28285980225,21.15380859375
12.93,156.191345214844,-1449.32277679443,21.15673828125
12.931666666666667,156.208068847656,-1449.36086273193,21.13916015625
12.933333333333334,156.22477722168,-1449.39711761475,21.0849609375
12.935,156.241516113281,-1449.43239593506,20.994140625
12.936666666666667,156.258193969727,-1449.46743011475,20.88427734375
12.938333333333333,156.274917602539,-1449.50234222412,20.771484375
12.94,156.291625976563,-1449.53639984131,20.6689453125
12.941666666666666,156.308334350586,-1449.56923675537,20.57666015625
12.943333333333333,156.32502746582,-1449.60134124756,20.48583984375
12.945,156.341735839844,-1449.63320159912,20.390625
12.946666666666667,156.358444213867,-1449.66530609131,20.30419921875
12.948333333333334,156.375137329102,-1449.6974105835,20.23681640625
12.95,156.391845703125,-1449.72817230225,20.18701171875
12.951666666666666,156.408554077148,-1449.75563812256,20.14892578125
12.953333333333333,156.425247192383,-1449.78005218506,20.1240234375
12.955,156.441955566406,-1449.80361175537,20.1123046875
12.956666666666667,156.45866394043,-1449.829246521,20.09765625
12.958333333333334,156.475357055664,-1449.85793304443,20.06103515625
12.96,156.492065429688,-1449.88918304443,20.00390625
12.961666666666666,156.508773803711,-1449.92165374756,19.94384765625
12.963333333333333,156.525436401367,-1449.95571136475,19.8984375
12.965,156.542144775391,-1449.99196624756,19.8662109375
12.966666666666667,156.558853149414,-1450.02968597412,19.822265625
12.968333333333334,156.57551574707,-1450.06764984131,19.74755859375
12.97,156.592224121094,-1450.10536956787,19.64794921875
12.971666666666666,156.608901977539,-1450.14247894287,19.55859375
12.973333333333333,156.625564575195,-1450.17836761475,19.50439453125
12.975,156.642272949219,-1450.21230316162,19.48828125
12.976666666666667,156.658950805664,-1450.2442855835,19.48681640625
12.978333333333333,156.675643920898,-1450.27529144287,19.48095703125
12.98,156.692352294922,-1450.30605316162,19.4677734375
12.981666666666667,156.709030151367,-1450.33681488037,19.45166015625
12.983333333333333,156.725723266602,-1450.36696624756,19.412109375
12.985,156.742401123047,-1450.39553070068,19.32421875
12.986666666666666,156.759078979492,-1450.42275238037,19.2099609375
12.988333333333333,156.775772094727,-1450.450340271,19.095703125
12.99,156.792449951172,-1450.48000335693,19.0078125
12.991666666666667,156.809127807617,-1450.51210784912,18.9609375
12.993333333333334,156.825759887695,-1450.54579925537,18.95361328125
12.995,156.842437744141,-1450.58058929443,18.9638671875
12.996666666666666,156.859146118164,-1450.61550140381,18.9697265625
12.998333333333333,156.875915527344,-1450.64980316162,18.95947265625
13,156.892684936523,-1450.68325042725,18.92578125
13.001666666666667,156.909469604492,-1450.71633148193,18.8759765625
13.003333333333334,156.926208496094,-1450.74953460693,18.8291015625
13.005,156.943023681641,-1450.7833480835,18.7734375
13.006666666666666,156.959762573242,-1450.81813812256,18.68994140625
13.008333333333333,156.9765625,-1450.85329437256,18.58447265625
13.01,156.993347167969,-1450.88747406006,18.4775390625
13.011666666666667,157.010116577148,-1450.92018890381,18.37939453125
13.013333333333334,157.026901245117,-1450.95265960693,18.30029296875
13.015,157.043670654297,-1450.98622894287,18.2431640625
13.016666666666667,157.060440063477,-1451.02114105225,18.205078125
13.018333333333333,157.077224731445,-1451.05629730225,18.1728515625
13.02,157.093994140625,-1451.09084320068,18.13623046875
13.021666666666667,157.110809326172,-1451.12465667725,18.09375
13.023333333333333,157.127548217773,-1451.157371521,18.0556640625
13.025,157.144348144531,-1451.18691253662,18.02490234375
13.026666666666667,157.1611328125,-1451.21169281006,17.98974609375
13.028333333333334,157.17790222168,-1451.23403167725,17.9384765625
13.03,157.194686889648,-1451.25661468506,17.85791015625
13.031666666666666,157.211456298828,-1451.2813949585,17.7509765625
13.033333333333333,157.228225708008,-1451.30825042725,17.62939453125
13.035,157.245010375977,-1451.335105896,17.501953125
13.036666666666667,157.261779785156,-1451.36037445068,17.3671875
13.038333333333334,157.278594970703,-1451.38442230225,17.2470703125
13.04,157.295364379883,-1451.40920257568,17.16796875
13.041666666666666,157.312149047852,-1451.43508148193,17.1181640625
13.043333333333333,157.328918457031,-1451.46218109131,17.05517578125
13.045,157.345718383789,-1451.49074554443,16.96142578125
13.046666666666667,157.362503051758,-1451.52016448975,16.8486328125
13.048333333333334,157.379302978516,-1451.54946136475,16.72705078125
13.05,157.396087646484,-1451.57839202881,16.60546875
13.051666666666666,157.412857055664,-1451.60744476318,16.5
13.053333333333333,157.429656982422,-1451.63698577881,16.412109375
13.055,157.446441650391,-1451.66750335693,16.3330078125
13.056666666666667,157.46321105957,-1451.69863128662,16.24365234375
13.058333333333334,157.480026245117,-1451.72939300537,16.14404296875
13.06,157.496795654297,-1451.75868988037,16.05029296875
13.061666666666667,157.513610839844,-1451.78664398193,15.96533203125
13.063333333333333,157.530380249023,-1451.81386566162,15.890625
13.065,157.547180175781,-1451.84145355225,15.83935546875
13.066666666666666,157.56396484375,-1451.86904144287,15.85400390625
13.068333333333333,157.58073425293,-1451.8946762085,15.94189453125
13.07,157.597518920898,-1451.91762542725,16.060546875
13.071666666666667,157.614318847656,-1451.93849945068,16.17041015625
13.073333333333334,157.631118774414,-1451.95925140381,16.24951171875
13.075,157.647903442383,-1451.98122406006,16.30224609375
13.076666666666666,157.664672851563,-1452.00429534912,16.35498046875
13.078333333333333,157.681488037109,-1452.02785491943,16.43408203125
13.08,157.698257446289,-1452.05275726318,16.52490234375
13.081666666666667,157.715072631836,-1452.08046722412,16.5966796875
13.083333333333334,157.731842041016,-1452.10976409912,16.6552734375
13.085,157.748641967773,-1452.13759613037,16.69775390625
13.086666666666666,157.765426635742,-1452.16298675537,16.7197265625
13.088333333333333,157.7822265625,-1452.18740081787,16.728515625
13.09,157.799011230469,-1452.212059021,16.7431640625
13.091666666666667,157.815780639648,-1452.23708343506,16.7548828125
13.093333333333334,157.832550048828,-1452.26247406006,16.7431640625
13.095,157.849365234375,-1452.28786468506,16.705078125
13.096666666666666,157.866134643555,-1452.31374359131,16.65380859375
13.098333333333333,157.882919311523,-1452.33986663818,16.6083984375
13.1,157.899688720703,-1452.36647796631,16.5732421875
13.101666666666667,157.916458129883,-1452.39382171631,16.5498046875
13.103333333333333,157.933242797852,-1452.42128753662,16.52783203125
13.105,157.950042724609,-1452.44887542725,16.50439453125
13.106666666666667,157.966827392578,-1452.47731781006,16.4765625
13.108333333333333,157.983627319336,-1452.50807952881,16.45166015625
13.11,158.000442504883,-1452.540184021,16.46337890625
13.111666666666666,158.017211914063,-1452.5724105835,16.529296875
13.113333333333333,158.033981323242,-1452.60414886475,16.63330078125
13.115,158.050765991211,-1452.63552093506,16.73876953125
13.116666666666667,158.067565917969,-1452.66677093506,16.822265625
13.118333333333334,158.084350585938,-1452.69802093506,16.89404296875
13.12,158.101150512695,-1452.72988128662,16.96142578125
13.121666666666666,158.117919921875,-1452.76149749756,17.00244140625
13.123333333333333,158.134704589844,-1452.79225921631,16.9892578125
13.125,158.151504516602,-1452.82302093506,16.94970703125
13.126666666666667,158.16828918457,-1452.8536605835,16.9453125
13.128333333333334,158.18505859375,-1452.88405609131,16.998046875
13.13,158.201843261719,-1452.9142074585,17.07568359375
13.131666666666666,158.218612670898,-1452.94472503662,17.1416015625
13.133333333333333,158.235382080078,-1452.97463226318,17.18994140625
13.135,158.252166748047,-1453.00270843506,17.2294921875
13.136666666666667,158.268936157227,-1453.02907562256,17.2646484375
13.138333333333334,158.285720825195,-1453.05532073975,17.28515625
13.14,158.302490234375,-1453.08266448975,17.2880859375
13.141666666666667,158.319259643555,-1453.110496521,17.2705078125
13.143333333333333,158.336044311523,-1453.137840271,17.2412109375
13.145,158.352844238281,-1453.16396331787,17.220703125
13.146666666666667,158.36962890625,-1453.18923187256,17.20458984375
13.148333333333333,158.386367797852,-1453.21450042725,17.173828125
13.15,158.403137207031,-1453.24001312256,17.11083984375
13.151666666666667,158.419921875,-1453.26662445068,17.04052734375
13.153333333333334,158.43669128418,-1453.2950668335,16.99072265625
13.155,158.453430175781,-1453.32460784912,16.96875
13.156666666666666,158.47021484375,-1453.35414886475,16.96728515625
13.158333333333333,158.48698425293,-1453.38307952881,16.96875
13.16,158.50373840332,-1453.41213226318,16.95703125
13.161666666666667,158.5205078125,-1453.44130706787,16.91015625
13.163333333333334,158.53727722168,-1453.46962738037,16.84716796875
13.165,158.55403137207,-1453.4962387085,16.787109375
13.166666666666666,158.57080078125,-1453.52223968506,16.7314453125
13.168333333333333,158.587554931641,-1453.54970550537,16.69189453125
13.17,158.60432434082,-1453.57949066162,16.68017578125
13.171666666666667,158.621063232422,-1453.61037445068,16.6875
13.173333333333334,158.637817382813,-1453.64052581787,16.68603515625
13.175,158.654586791992,-1453.66957855225,16.68896484375
13.176666666666666,158.671340942383,-1453.69826507568,16.69775390625
13.178333333333333,158.688110351563,-1453.72658538818,16.73583984375
13.18,158.704849243164,-1453.75417327881,16.80322265625
13.181666666666667,158.721633911133,-1453.78054046631,16.87060546875
13.183333333333334,158.738372802734,-1453.80568695068,16.9189453125
13.185,158.755111694336,-1453.83058929443,16.9453125
13.186666666666667,158.771896362305,-1453.85634613037,16.962890625
13.188333333333333,158.788635253906,-1453.88259124756,16.98486328125
13.19,158.805419921875,-1453.90847015381,17.01416015625
13.191666666666666,158.822158813477,-1453.93398284912,17.0595703125
13.193333333333333,158.8388671875,-1453.96022796631,17.11083984375
13.195,158.855651855469,-1453.98830413818,17.1474609375
13.196666666666667,158.87239074707,-1454.01821136475,17.1591796875
13.198333333333334,158.889129638672,-1454.04946136475,17.1474609375
13.2,158.905883789063,-1454.08083343506,17.12841796875
13.201666666666666,158.922622680664,-1454.11110687256,17.11669921875
13.203333333333333,158.939376831055,-1454.13906097412,17.126953125
13.205,158.956146240234,-1454.16542816162,17.1708984375
13.206666666666667,158.972885131836,-1454.19118499756,17.23974609375
13.208333333333334,158.989639282227,-1454.21730804443,17.296875
13.21,159.006378173828,-1454.24465179443,17.31298828125
13.211666666666666,159.02311706543,-1454.27407073975,17.296875
13.213333333333333,159.039901733398,-1454.3048324585,17.2822265625
13.215,159.056640625,-1454.33522796631,17.2998046875
13.216666666666667,159.073394775391,-1454.3653793335,17.3466796875
13.218333333333334,159.090133666992,-1454.39418792725,17.40234375
13.22,159.106872558594,-1454.42372894287,17.45068359375
13.221666666666666,159.123626708984,-1454.45558929443,17.49755859375
13.223333333333333,159.140365600586,-1454.48854827881,17.5634765625
13.225,159.157104492188,-1454.52040863037,17.6484375
13.226666666666667,159.173858642578,-1454.549949646,17.73193359375
13.228333333333333,159.19059753418,-1454.57753753662,17.78759765625
13.23,159.207305908203,-1454.604637146,17.8154296875
13.231666666666667,159.224060058594,-1454.63234710693,17.82275390625
13.233333333333333,159.240798950195,-1454.66164398193,17.81689453125
13.235,159.257553100586,-1454.692527771,17.7890625
13.236666666666666,159.274291992188,-1454.72402191162,17.73486328125
13.238333333333333,159.291030883789,-1454.75453948975,17.666015625
13.24,159.30778503418,-1454.78310394287,17.5986328125
13.241666666666667,159.324523925781,-1454.81044769287,17.5400390625
13.243333333333334,159.341262817383,-1454.83852386475,17.49462890625
13.245,159.358016967773,-1454.86855316162,17.47265625
13.246666666666666,159.374725341797,-1454.9005355835,17.47265625
13.248333333333333,159.391464233398,-1454.93288421631,17.50048828125
13.25,159.408218383789,-1454.96364593506,17.5458984375
13.251666666666667,159.424957275391,-1454.99245452881,17.58251953125
13.253333333333334,159.441665649414,-1455.02089691162,17.572265625
13.255,159.458419799805,-1455.05055999756,17.5283203125
13.256666666666666,159.475128173828,-1455.0821762085,17.48876953125
13.258333333333333,159.491882324219,-1455.11513519287,17.455078125
13.26,159.508590698242,-1455.14846038818,17.43310546875
13.261666666666667,159.525329589844,-1455.180809021,17.396484375
13.263333333333334,159.542053222656,-1455.21230316162,17.3349609375
13.265,159.558792114258,-1455.24416351318,17.267578125
13.266666666666667,159.575500488281,-1455.27639007568,17.23388671875
13.268333333333333,159.592254638672,-1455.30825042725,17.25439453125
13.27,159.608963012695,-1455.33864593506,17.33203125
13.271666666666667,159.625671386719,-1455.36721038818,17.43896484375
13.273333333333333,159.642395019531,-1455.393699646,17.54736328125
13.275,159.659103393555,-1455.41872406006,17.625
13.276666666666667,159.675842285156,-1455.44264984131,17.6572265625
13.278333333333334,159.692565917969,-1455.46620941162,17.6484375
13.28,159.709274291992,-1455.4903793335,17.62060546875
13.281666666666666,159.725982666016,-1455.51601409912,17.6044921875
13.283333333333333,159.742736816406,-1455.54250335693,17.61328125
13.285,159.75944519043,-1455.56899261475,17.625
13.286666666666667,159.776153564453,-1455.59511566162,17.61328125
13.288333333333334,159.792877197266,-1455.62148284912,17.5810546875
13.29,159.809616088867,-1455.649559021,17.57373046875
13.291666666666666,159.826324462891,-1455.67946624756,17.6279296875
13.293333333333333,159.843048095703,-1455.70986175537,17.7392578125
13.295,159.859756469727,-1455.7384262085,17.86376953125
13.296666666666667,159.876495361328,-1455.76552581787,17.9677734375
13.298333333333334,159.893218994141,-1455.79262542725,18.041015625
13.3,159.909927368164,-1455.81996917725,18.09228515625
13.301666666666666,159.926635742188,-1455.84694671631,18.12158203125
13.303333333333333,159.943389892578,-1455.87343597412,18.14501953125
13.305,159.960098266602,-1455.90016937256,18.17431640625
13.306666666666667,159.976806640625,-1455.92751312256,18.21533203125
13.308333333333334,159.993560791016,-1455.95656585693,18.26953125
13.31,160.010269165039,-1455.98781585693,18.32080078125
13.311666666666667,160.026977539063,-1456.02187347412,18.35595703125
13.313333333333333,160.043701171875,-1456.05788421631,18.36767578125
13.315,160.060409545898,-1456.09462738037,18.38525390625
13.316666666666666,160.077117919922,-1456.13039398193,18.4306640625
13.318333333333333,160.093841552734,-1456.16396331787,18.5126953125
13.32,160.110549926758,-1456.19472503662,18.615234375
13.321666666666667,160.127258300781,-1456.22292327881,18.71484375
13.323333333333334,160.144012451172,-1456.2501449585,18.791015625
13.325,160.160720825195,-1456.27822113037,18.8349609375
13.326666666666666,160.177429199219,-1456.30727386475,18.85400390625
13.328333333333333,160.194152832031,-1456.33632659912,18.890625
13.33,160.210861206055,-1456.36562347412,18.94921875
13.331666666666667,160.227569580078,-1456.39736175537,18.99755859375
13.333333333333334,160.244293212891,-1456.43264007568,19.03271484375
13.335,160.261032104492,-1456.47072601318,19.0576171875
13.336666666666666,160.277740478516,-1456.50954437256,19.078125
13.338333333333333,160.294494628906,-1456.54787445068,19.0751953125
13.34,160.31120300293,-1456.58559417725,19.0341796875
13.341666666666667,160.32795715332,-1456.62282562256,18.97998046875
13.343333333333334,160.344665527344,-1456.65859222412,18.94921875
13.345,160.361404418945,-1456.69289398193,18.95068359375
13.346666666666666,160.378158569336,-1456.72682952881,18.96826171875
13.348333333333333,160.394866943359,-1456.76210784912,18.990234375
13.35,160.411605834961,-1456.79885101318,19.0107421875
13.351666666666667,160.428329467773,-1456.83498382568,19.0341796875
13.353333333333333,160.445037841797,-1456.868309021,19.05615234375
13.355,160.46174621582,-1456.89785003662,19.06494140625
13.356666666666667,160.478500366211,-1456.92580413818,19.05908203125
13.358333333333333,160.495208740234,-1456.95461273193,19.060546875
13.36,160.511947631836,-1456.98537445068,19.09130859375
13.361666666666666,160.528701782227,-1457.01747894287,19.1484375
13.363333333333333,160.54541015625,-1457.049949646,19.21875
13.365,160.562149047852,-1457.08193206787,19.2802734375
13.366666666666667,160.578872680664,-1457.11208343506,19.32568359375
13.368333333333334,160.595611572266,-1457.14015960693,19.37109375
13.37,160.612319946289,-1457.16933441162,19.43115234375
13.371666666666666,160.62907409668,-1457.20058441162,19.49560546875
13.373333333333333,160.645812988281,-1457.23268890381,19.52490234375
13.375,160.662567138672,-1457.26552581787,19.5
13.376666666666667,160.679275512695,-1457.297996521,19.43701171875
13.378333333333334,160.695983886719,-1457.3282699585,19.37255859375
13.38,160.712707519531,-1457.35512542725,19.3212890625
13.381666666666666,160.729446411133,-1457.37880706787,19.2685546875
13.383333333333333,160.746185302734,-1457.40163421631,19.20263671875
13.385,160.762908935547,-1457.42604827881,19.1396484375
13.386666666666667,160.77961730957,-1457.45265960693,19.0927734375
13.388333333333334,160.796356201172,-1457.48085784912,19.05908203125
13.39,160.813079833984,-1457.51003265381,19.02099609375
13.391666666666667,160.829788208008,-1457.54079437256,18.978515625
13.393333333333333,160.846527099609,-1457.57399749756,18.95068359375
13.395,160.863250732422,-1457.60988616943,18.9609375
13.396666666666667,160.879989624023,-1457.6466293335,19.01953125
13.398333333333333,160.896697998047,-1457.68288421631,19.09716796875
13.4,160.913421630859,-1457.71877288818,19.16455078125
13.401666666666667,160.930160522461,-1457.75490570068,19.2099609375
13.403333333333334,160.946868896484,-1457.79042816162,19.2392578125
13.405,160.963592529297,-1457.82448577881,19.26123046875
13.406666666666666,160.98030090332,-1457.85683441162,19.28759765625
13.408333333333333,160.997009277344,-1457.88869476318,19.3330078125
13.41,161.013732910156,-1457.92153167725,19.40185546875
13.411666666666667,161.03044128418,-1457.95558929443,19.4619140625
13.413333333333334,161.047149658203,-1457.99025726318,19.50146484375
13.415,161.063873291016,-1458.02443695068,19.53515625
13.416666666666666,161.080612182617,-1458.05764007568,19.5615234375
13.418333333333333,161.097320556641,-1458.09047698975,19.5908203125
13.42,161.114044189453,-1458.12392425537,19.65087890625
13.421666666666667,161.130752563477,-1458.15798187256,19.7607421875
13.423333333333334,161.1474609375,-1458.19130706787,19.90869140625
13.425,161.164184570313,-1458.22304534912,20.05810546875
13.426666666666666,161.180892944336,-1458.25356292725,20.1796875
13.428333333333333,161.197570800781,-1458.28395843506,20.27783203125
13.43,161.214294433594,-1458.31508636475,20.3583984375
13.431666666666667,161.231002807617,-1458.34719085693,20.42138671875
13.433333333333334,161.247711181641,-1458.38039398193,20.45361328125
13.435,161.264434814453,-1458.4142074585,20.43896484375
13.436666666666667,161.281143188477,-1458.448387146,20.38037109375
13.438333333333333,161.2978515625,-1458.48281097412,20.3115234375
13.44,161.314575195313,-1458.51723480225,20.255859375
13.441666666666666,161.331253051758,-1458.55165863037,20.21484375
13.443333333333333,161.347961425781,-1458.58620452881,20.1796875
13.445,161.364654541016,-1458.62075042725,20.1591796875
13.446666666666667,161.381362915039,-1458.65505218506,20.16064453125
13.448333333333334,161.398040771484,-1458.68923187256,20.18701171875
13.45,161.414749145508,-1458.72316741943,20.220703125
13.451666666666666,161.431442260742,-1458.756980896,20.23974609375
13.453333333333333,161.448120117188,-1458.7911605835,20.2353515625
13.455,161.464828491211,-1458.82570648193,20.2236328125
13.456666666666667,161.481521606445,-1458.86061859131,20.220703125
13.458333333333334,161.498229980469,-1458.895652771,20.22509765625
13.46,161.514907836914,-1458.93056488037,20.21630859375
13.461666666666666,161.531631469727,-1458.96584320068,20.185546875
13.463333333333333,161.548309326172,-1459.00185394287,20.1357421875
13.465,161.565017700195,-1459.03786468506,20.09033203125
13.466666666666667,161.58171081543,-1459.07314300537,20.0625
13.468333333333334,161.598419189453,-1459.10768890381,20.05224609375
13.47,161.615097045898,-1459.14247894287,20.0478515625
13.471666666666666,161.631774902344,-1459.17739105225,20.03759765625
13.473333333333333,161.648498535156,-1459.21181488037,20.0185546875
13.475,161.665176391602,-1459.245262146,19.9892578125
13.476666666666667,161.681884765625,-1459.27724456787,19.95556640625
13.478333333333333,161.698608398438,-1459.30825042725,19.92333984375
13.48,161.715286254883,-1459.33925628662,19.8984375
13.481666666666667,161.731994628906,-1459.37087249756,19.89111328125
13.483333333333333,161.748687744141,-1459.40334320068,19.904296875
13.485,161.765396118164,-1459.43654632568,19.92919921875
13.486666666666666,161.782073974609,-1459.47035980225,19.9541015625
13.488333333333333,161.798797607422,-1459.50453948975,19.9775390625
13.49,161.815505981445,-1459.53908538818,20.00537109375
13.491666666666667,161.832214355469,-1459.57375335693,20.0361328125
13.493333333333334,161.848937988281,-1459.60817718506,20.07421875
13.495,161.865615844727,-1459.64186859131,20.11962890625
13.496666666666666,161.88232421875,-1459.67555999756,20.17822265625
13.498333333333333,161.899017333984,-1459.70949554443,20.23974609375
13.5,161.915725708008,-1459.74306488037,20.27783203125
13.501666666666667,161.932403564453,-1459.77516937256,20.2734375
13.503333333333334,161.949127197266,-1459.80605316162,20.2763671875
13.505,161.965805053711,-1459.83596038818,20.302734375
13.506666666666666,161.982513427734,-1459.86550140381,20.36865234375
13.508333333333333,161.99919128418,-1459.89492034912,20.4697265625
13.51,162.015884399414,-1459.92458343506,20.572265625
13.511666666666667,162.032592773438,-1459.95461273193,20.6455078125
13.513333333333334,162.049270629883,-1459.98488616943,20.6923828125
13.515,162.065994262695,-1460.01540374756,20.736328125
13.516666666666667,162.082672119141,-1460.04616546631,20.7861328125
13.518333333333333,162.099380493164,-1460.07717132568,20.8388671875
13.52,162.116073608398,-1460.10866546631,20.88134765625
13.521666666666667,162.132781982422,-1460.14101409912,20.9033203125
13.523333333333333,162.149459838867,-1460.17482757568,20.9091796875
13.525,162.16618347168,-1460.21035003662,20.9091796875
13.526666666666667,162.182861328125,-1460.24697113037,20.90185546875
13.528333333333334,162.199569702148,-1460.28359222412,20.88427734375
13.53,162.216247558594,-1460.31984710693,20.8564453125
13.531666666666666,162.232940673828,-1460.35634613037,20.82568359375
13.533333333333333,162.249649047852,-1460.39284515381,20.8095703125
13.535,162.266326904297,-1460.4298324585,20.81103515625
13.536666666666667,162.283050537109,-1460.46779632568,20.82275390625
13.538333333333334,162.299728393555,-1460.50722503662,20.81689453125
13.54,162.316436767578,-1460.54726409912,20.7861328125
13.541666666666666,162.333129882813,-1460.58547210693,20.74658203125
13.543333333333333,162.349807739258,-1460.62001800537,20.71728515625
13.545,162.366485595703,-1460.65554046631,20.6982421875
13.546666666666667,162.383178710938,-1460.69374847412,20.69091796875
13.548333333333334,162.399887084961,-1460.73525238037,20.70556640625
13.55,162.416564941406,-1460.77895355225,20.75537109375
13.551666666666666,162.433242797852,-1460.82204437256,20.8359375
13.553333333333333,162.449935913086,-1460.86293792725,20.92822265625
13.555,162.466644287109,-1460.90175628662,21.017578125
13.556666666666667,162.483352661133,-1460.93984222412,21.09814453125
13.558333333333334,162.500045776367,-1460.97743988037,21.1669921875
13.56,162.516723632813,-1461.0138168335,21.216796875
13.561666666666667,162.533401489258,-1461.04836273193,21.2490234375
13.563333333333333,162.55012512207,-1461.081199646,21.27392578125
13.565,162.566802978516,-1461.11330413818,21.28271484375
13.566666666666666,162.583480834961,-1461.14577484131,21.263671875
13.568333333333333,162.600204467773,-1461.17836761475,21.20947265625
13.57,162.616882324219,-1461.21071624756,21.1376953125
13.571666666666667,162.633560180664,-1461.24257659912,21.064453125
13.573333333333334,162.650268554688,-1461.274559021,20.99560546875
13.575,162.666961669922,-1461.30788421631,20.94140625
13.576666666666666,162.683639526367,-1461.34243011475,20.89892578125
13.578333333333333,162.700317382813,-1461.3770980835,20.86083984375
13.58,162.717010498047,-1461.4103012085,20.8212890625
13.581666666666667,162.73371887207,-1461.44167327881,20.7890625
13.583333333333334,162.750396728516,-1461.47194671631,20.7919921875
13.585,162.767120361328,-1461.50160980225,20.83447265625
13.586666666666666,162.783798217773,-1461.53090667725,20.84765625
13.588333333333333,162.800506591797,-1461.56020355225,20.8125
13.59,162.817199707031,-1461.590965271,20.73193359375
13.591666666666667,162.833908081055,-1461.62453460693,20.6337890625
13.593333333333334,162.8505859375,-1461.66091156006,20.5458984375
13.595,162.867294311523,-1461.69863128662,20.47265625
13.596666666666666,162.883987426758,-1461.73635101318,20.39501953125
13.598333333333333,162.900695800781,-1461.7735824585,20.29541015625
13.6,162.917404174805,-1461.81008148193,20.1943359375
13.601666666666667,162.934097290039,-1461.84523773193,20.11376953125
13.603333333333333,162.950805664063,-1461.87941741943,20.0625
13.605,162.967514038086,-1461.91384124756,20.02294921875
13.606666666666667,162.98420715332,-1461.948387146,19.96728515625
13.608333333333333,163.000915527344,-1461.98232269287,19.88232421875
13.61,163.017593383789,-1462.01442718506,19.7783203125
13.611666666666666,163.034317016602,-1462.0450668335,19.67578125
13.613333333333333,163.051025390625,-1462.07521820068,19.58056640625
13.615,163.06770324707,-1462.10597991943,19.48974609375
13.616666666666667,163.084396362305,-1462.13796234131,19.39013671875
13.618333333333334,163.101104736328,-1462.17140960693,19.283203125
13.62,163.117813110352,-1462.206199646,19.1865234375
13.621666666666666,163.134506225586,-1462.2423324585,19.130859375
13.623333333333333,163.151184082031,-1462.27968597412,19.12353515625
13.625,163.167892456055,-1462.31813812256,19.15283203125
13.626666666666667,163.1845703125,-1462.35622406006,19.1953125
13.628333333333334,163.201293945313,-1462.39284515381,19.24072265625
13.63,163.217971801758,-1462.42812347412,19.2802734375
13.631666666666666,163.234680175781,-1462.46291351318,19.29931640625
13.633333333333333,163.251403808594,-1462.49843597412,19.2744140625
13.635,163.268081665039,-1462.53420257568,19.19384765625
13.636666666666667,163.284759521484,-1462.56899261475,19.07373046875
13.638333333333334,163.301483154297,-1462.60134124756,18.94921875
13.64,163.318161010742,-1462.63112640381,18.84375
13.641666666666667,163.334838867188,-1462.6603012085,18.7705078125
13.643333333333333,163.3515625,-1462.68996429443,18.72509765625
13.645,163.368270874023,-1462.72023773193,18.69287109375
13.646666666666667,163.384948730469,-1462.74977874756,18.66357421875
13.648333333333333,163.401626586914,-1462.77724456787,18.6357421875
13.65,163.418319702148,-1462.80263519287,18.60205078125
13.651666666666667,163.434997558594,-1462.82656097412,18.55810546875
13.653333333333334,163.451705932617,-1462.85036468506,18.50390625
13.655,163.468399047852,-1462.87429046631,18.439453125
13.656666666666666,163.485076904297,-1462.89870452881,18.36474609375
13.658333333333333,163.501754760742,-1462.92372894287,18.27685546875
13.66,163.518447875977,-1462.9493637085,18.18603515625
13.661666666666667,163.535125732422,-1462.97597503662,18.099609375
13.663333333333334,163.551803588867,-1463.00453948975,18.01318359375
13.665,163.568481445313,-1463.0353012085,17.91064453125
13.666666666666666,163.585174560547,-1463.06801605225,17.79345703125
13.668333333333333,163.601852416992,-1463.10121917725,17.6865234375
13.67,163.618530273438,-1463.13430023193,17.60888671875
13.671666666666667,163.635223388672,-1463.16689300537,17.5400390625
13.673333333333334,163.651870727539,-1463.19924163818,17.44921875
13.675,163.668548583984,-1463.23073577881,17.3173828125
13.676666666666666,163.68522644043,-1463.26039886475,17.162109375
13.678333333333333,163.701919555664,-1463.28810882568,17.021484375
13.68,163.718597412109,-1463.31545257568,16.92919921875
13.681666666666667,163.735275268555,-1463.3438949585,16.87939453125
13.683333333333334,163.751968383789,-1463.37429046631,16.8310546875
13.685,163.768615722656,-1463.40566253662,16.7724609375
13.686666666666667,163.785293579102,-1463.43715667725,16.7138671875
13.688333333333333,163.801971435547,-1463.46913909912,16.68896484375
13.69,163.818664550781,-1463.50136566162,16.716796875
13.691666666666666,163.835311889648,-1463.53249359131,16.78857421875
13.693333333333333,163.851989746094,-1463.56093597412,16.87646484375
13.695,163.868682861328,-1463.587059021,16.9482421875
13.696666666666667,163.885360717773,-1463.61183929443,16.9951171875
13.698333333333334,163.902069091797,-1463.63637542725,17.01416015625
13.7,163.918762207031,-1463.66103363037,17.021484375
13.701666666666666,163.935440063477,-1463.68691253662,17.02880859375
13.703333333333333,163.952117919922,-1463.71450042725,17.03173828125
13.705,163.968795776367,-1463.74343109131,17.009765625
13.706666666666667,163.985488891602,-1463.77223968506,16.95703125
13.708333333333334,164.002166748047,-1463.8009262085,16.88232421875
13.71,164.018844604492,-1463.83010101318,16.80615234375
13.711666666666666,164.035568237305,-1463.86025238037,16.740234375
13.713333333333333,164.05224609375,-1463.889793396,16.6875
13.715,164.068923950195,-1463.91701507568,16.63916015625
13.716666666666667,164.085586547852,-1463.9415512085,16.5908203125
13.718333333333334,164.102264404297,-1463.96437835693,16.54248046875
13.72,164.118942260742,-1463.987449646,16.4912109375
13.721666666666666,164.135620117188,-1464.01210784912,16.43115234375
13.723333333333333,164.152313232422,-1464.03774261475,16.36376953125
13.725,164.168991088867,-1464.06288909912,16.28466796875
13.726666666666667,164.185668945313,-1464.08766937256,16.189453125
13.728333333333333,164.202362060547,-1464.11305999756,16.078125
13.73,164.219009399414,-1464.14052581787,15.94921875
13.731666666666667,164.235687255859,-1464.17031097412,15.80859375
13.733333333333333,164.252365112305,-1464.20168304443,15.6796875
13.735,164.269027709961,-1464.23293304443,15.591796875
13.736666666666666,164.285705566406,-1464.26271820068,15.5478515625
13.738333333333333,164.302352905273,-1464.29055023193,15.53759765625
13.74,164.319046020508,-1464.3165512085,15.55224609375
13.741666666666667,164.335723876953,-1464.34218597412,15.58740234375
13.743333333333334,164.352401733398,-1464.36843109131,15.62109375
13.745,164.369049072266,-1464.39528656006,15.63720703125
13.746666666666666,164.3857421875,-1464.4220199585,15.63427734375
13.748333333333333,164.402420043945,-1464.448387146,15.61669921875
13.75,164.419097900391,-1464.47487640381,15.57275390625
13.751666666666667,164.435760498047,-1464.50173187256,15.4892578125
13.753333333333334,164.452438354492,-1464.52931976318,15.3720703125
13.755,164.469116210938,-1464.55751800537,15.25048828125
13.756666666666666,164.485794067383,-1464.58583831787,15.14794921875
13.758333333333333,164.502456665039,-1464.61330413818,15.064453125
13.76,164.519134521484,-1464.63893890381,15.00146484375
13.761666666666667,164.53581237793,-1464.66237640381,14.95458984375
13.763333333333334,164.552459716797,-1464.684715271,14.9267578125
13.765,164.569122314453,-1464.70754241943,14.92236328125
13.766666666666667,164.585800170898,-1464.73134613037,14.95166015625
13.768333333333333,164.602478027344,-1464.75478363037,14.99853515625
13.77,164.619140625,-1464.77700042725,15.04833984375
13.771666666666667,164.635818481445,-1464.79824066162,15.08349609375
13.773333333333333,164.652465820313,-1464.81874847412,15.10546875
13.775,164.669143676758,-1464.83913421631,15.11572265625
13.776666666666667,164.685806274414,-1464.86025238037,15.12890625
13.778333333333334,164.702484130859,-1464.88271331787,15.1640625
13.78,164.719131469727,-1464.90663909912,15.23583984375
13.781666666666666,164.735794067383,-1464.93239593506,15.34716796875
13.783333333333333,164.752471923828,-1464.95998382568,15.46435546875
13.785,164.769119262695,-1464.98867034912,15.556640625
13.786666666666667,164.785797119141,-1465.01760101318,15.61669921875
13.788333333333334,164.802490234375,-1465.04628753662,15.65625
13.79,164.81916809082,-1465.07363128662,15.67529296875
13.791666666666666,164.835815429688,-1465.09865570068,15.65478515625
13.793333333333333,164.852508544922,-1465.12087249756,15.5888671875
13.795,164.869155883789,-1465.14125823975,15.50390625
13.796666666666667,164.885833740234,-1465.16066741943,15.43798828125
13.798333333333334,164.902481079102,-1465.17934417725,15.404296875
13.8,164.919143676758,-1465.19692230225,15.39990234375
13.801666666666666,164.935821533203,-1465.21450042725,15.42333984375
13.803333333333333,164.952499389648,-1465.23366546631,15.48779296875
13.805,164.969177246094,-1465.2560043335,15.5859375
13.806666666666667,164.985870361328,-1465.28127288818,15.69140625
13.808333333333334,165.002548217773,-1465.30886077881,15.7734375
13.81,165.019226074219,-1465.33754730225,15.826171875
13.811666666666667,165.035919189453,-1465.36708831787,15.8583984375
13.813333333333333,165.052597045898,-1465.39748382568,15.8759765625
13.815,165.069274902344,-1465.42910003662,15.88916015625
13.816666666666666,165.085968017578,-1465.46132659912,15.896484375
13.818333333333333,165.102645874023,-1465.49367523193,15.9052734375
13.82,165.119323730469,-1465.52639007568,15.9228515625
13.821666666666667,165.136001586914,-1465.56020355225,15.9521484375
13.823333333333334,165.152694702148,-1465.59548187256,15.9755859375
13.825,165.169372558594,-1465.63088226318,15.97705078125
13.826666666666666,165.186050415039,-1465.66481781006,15.9580078125
13.828333333333333,165.202743530273,-1465.69667816162,15.93017578125
13.83,165.219421386719,-1465.7267074585,15.90087890625
13.831666666666667,165.236099243164,-1465.75466156006,15.896484375
13.833333333333334,165.252777099609,-1465.7794418335,15.9404296875
13.835,165.269470214844,-1465.80080413818,16.03857421875
13.836666666666666,165.286148071289,-1465.82131195068,16.16748046875
13.838333333333333,165.302825927734,-1465.84401702881,16.30078125
13.84,165.319519042969,-1465.86952972412,16.4326171875
13.841666666666667,165.336196899414,-1465.8966293335,16.58056640625
13.843333333333334,165.352874755859,-1465.92421722412,16.7431640625
13.845,165.369567871094,-1465.95302581787,16.904296875
13.846666666666666,165.386245727539,-1465.983543396,17.0419921875
13.848333333333333,165.402923583984,-1466.01515960693,17.14013671875
13.85,165.419631958008,-1466.04579925537,17.18701171875
13.851666666666667,165.436325073242,-1466.07363128662,17.18115234375
13.853333333333333,165.452972412109,-1466.09853363037,17.126953125
13.855,165.469650268555,-1466.1212387085,17.04052734375
13.856666666666667,165.486343383789,-1466.14284515381,16.9365234375
13.858333333333333,165.503021240234,-1466.16384124756,16.82666015625
13.86,165.519668579102,-1466.1856918335,16.7138671875
13.861666666666666,165.536346435547,-1466.20961761475,16.60693359375
13.863333333333333,165.553039550781,-1466.23598480225,16.51171875
13.865,165.569717407227,-1466.26369476318,16.4326171875
13.866666666666667,165.586395263672,-1466.29140472412,16.38134765625
13.868333333333334,165.603088378906,-1466.3185043335,16.34765625
13.87,165.619735717773,-1466.34511566162,16.3154296875
13.871666666666666,165.636383056641,-1466.37136077881,16.27294921875
13.873333333333333,165.653060913086,-1466.39833831787,16.2333984375
13.875,165.669723510742,-1466.42702484131,16.22900390625
13.876666666666667,165.686370849609,-1466.45742034912,16.26708984375
13.878333333333334,165.703048706055,-1466.48854827881,16.3154296875
13.88,165.719696044922,-1466.51906585693,16.341796875
13.881666666666666,165.736358642578,-1466.54872894287,16.3505859375
13.883333333333333,165.753036499023,-1466.57863616943,16.34912109375
13.885,165.769714355469,-1466.60976409912,16.33154296875
13.886666666666667,165.786376953125,-1466.64235687256,16.27587890625
13.888333333333334,165.803024291992,-1466.67617034912,16.1953125
13.89,165.819702148438,-1466.70961761475,16.11181640625
13.891666666666667,165.836349487305,-1466.74111175537,16.0517578125
13.893333333333333,165.853012084961,-1466.76930999756,16.03564453125
13.895,165.869689941406,-1466.79433441162,16.078125
13.896666666666667,165.886337280273,-1466.817527771,16.17626953125
13.898333333333333,165.902984619141,-1466.84047698975,16.2919921875
13.9,165.919647216797,-1466.86354827881,16.39013671875
13.901666666666667,165.936294555664,-1466.88649749756,16.453125
13.903333333333334,165.952941894531,-1466.9103012085,16.48974609375
13.905,165.96955871582,-1466.93618011475,16.50439453125
13.906666666666666,165.986221313477,-1466.96486663818,16.5
13.908333333333333,166.002868652344,-1466.99599456787,16.47216796875
13.91,166.019546508789,-1467.02712249756,16.41943359375
13.911666666666667,166.036209106445,-1467.05629730225,16.341796875
13.913333333333334,166.052856445313,-1467.08278656006,16.248046875
13.915,166.06950378418,-1467.10744476318,16.13671875
13.916666666666666,166.086181640625,-1467.13185882568,16.01513671875
13.918333333333333,166.102844238281,-1467.1563949585,15.89501953125
13.92,166.119491577148,-1467.18093109131,15.78955078125
13.921666666666667,166.136138916016,-1467.20583343506,15.70458984375
13.923333333333334,166.152786254883,-1467.23207855225,15.64599609375
13.925,166.169448852539,-1467.25905609131,15.60205078125
13.926666666666666,166.186096191406,-1467.28517913818,15.56103515625
13.928333333333333,166.202743530273,-1467.30934906006,15.52001953125
13.93,166.219390869141,-1467.333152771,15.47021484375
13.931666666666667,166.236053466797,-1467.35781097412,15.421875
13.933333333333334,166.252700805664,-1467.38344573975,15.39404296875
13.935,166.269348144531,-1467.40993499756,15.40576171875
13.936666666666667,166.285995483398,-1467.43837738037,15.44677734375
13.938333333333333,166.302688598633,-1467.46926116943,15.48779296875
13.94,166.3193359375,-1467.50051116943,15.5126953125
13.941666666666666,166.335983276367,-1467.52968597412,15.52294921875
13.943333333333333,166.352676391602,-1467.5567855835,15.5244140625
13.945,166.369323730469,-1467.58376312256,15.49951171875
13.946666666666667,166.385971069336,-1467.61135101318,15.43505859375
13.948333333333334,166.402648925781,-1467.63869476318,15.33251953125
13.95,166.419311523438,-1467.66408538818,15.216796875
13.951666666666666,166.435958862305,-1467.68679046631,15.12890625
13.953333333333333,166.452606201172,-1467.70693206787,15.08642578125
13.955,166.469223022461,-1467.72536468506,15.07763671875
13.956666666666667,166.485916137695,-1467.74306488037,15.0791015625
13.958333333333334,166.502563476563,-1467.76161956787,15.0849609375
13.96,166.51921081543,-1467.78200531006,15.099609375
13.961666666666666,166.535858154297,-1467.80434417725,15.12158203125
13.963333333333333,166.552490234375,-1467.82778167725,15.1201171875
13.965,166.569137573242,-1467.85256195068,15.06298828125
13.966666666666667,166.585815429688,-1467.87880706787,14.96923828125
13.968333333333334,166.602462768555,-1467.90651702881,14.88134765625
13.97,166.619094848633,-1467.9356918335,14.82861328125
13.971666666666666,166.6357421875,-1467.96535491943,14.79052734375
13.973333333333333,166.652389526367,-1467.99477386475,14.74658203125
13.975,166.669036865234,-1468.02394866943,14.6953125
13.976666666666667,166.685729980469,-1468.05312347412,14.6484375
13.978333333333333,166.702346801758,-1468.08156585693,14.6103515625
13.98,166.718994140625,-1468.10817718506,14.57373046875
13.981666666666667,166.735656738281,-1468.13320159912,14.54736328125
13.983333333333333,166.752334594727,-1468.15712738037,14.54296875
13.985,166.768981933594,-1468.18019866943,14.5634765625
13.986666666666666,166.785629272461,-1468.20192718506,14.5927734375
13.988333333333333,166.802291870117,-1468.22243499756,14.6162109375
13.99,166.818939208984,-1468.24257659912,14.6396484375
13.991666666666667,166.835586547852,-1468.26406097412,14.68212890625
13.993333333333334,166.852233886719,-1468.28786468506,14.75390625
13.995,166.868896484375,-1468.31349945068,14.8505859375
13.996666666666666,166.885543823242,-1468.33925628662,14.958984375
13.998333333333333,166.902191162109,-1468.36403656006,15.06884765625
14,166.918807983398,-1468.38893890381,15.16259765625
14.001666666666667,166.935470581055,-1468.41469573975,15.2197265625
14.003333333333334,166.952117919922,-1468.44106292725,15.2314453125
14.005,166.968765258789,-1468.46584320068,15.1962890625
14.006666666666666,166.985443115234,-1468.48732757568,15.1171875
14.008333333333333,167.002105712891,-1468.50649261475,15.005859375
14.01,167.018783569336,-1468.52529144287,14.876953125
14.011666666666667,167.035430908203,-1468.5450668335,14.73486328125
14.013333333333334,167.05207824707,-1468.56569671631,14.58544921875
14.015,167.068771362305,-1468.58669281006,14.42578125
14.016666666666667,167.085418701172,-1468.60805511475,14.26025390625
14.018333333333333,167.102066040039,-1468.63063812256,14.1064453125
14.02,167.118728637695,-1468.65590667725,13.99951171875
14.021666666666667,167.135375976563,-1468.6837387085,13.95703125
14.023333333333333,167.151992797852,-1468.71279144287,13.9541015625
14.025,167.168640136719,-1468.74160003662,13.96435546875
14.026666666666667,167.185302734375,-1468.77040863037,13.986328125
14.028333333333334,167.201950073242,-1468.79982757568,14.03466796875
14.03,167.218597412109,-1468.82936859131,14.10205078125
14.031666666666666,167.235244750977,-1468.85866546631,14.16357421875
14.033333333333333,167.251907348633,-1468.88759613037,14.1884765625
14.035,167.2685546875,-1468.91628265381,14.173828125
14.036666666666667,167.285232543945,-1468.944480896,14.14453125
14.038333333333334,167.301879882813,-1468.97194671631,14.13720703125
14.04,167.318572998047,-1468.99880218506,14.16796875
14.041666666666666,167.335220336914,-1469.02516937256,14.2119140625
14.043333333333333,167.351867675781,-1469.05031585693,14.2412109375
14.045,167.368515014648,-1469.07363128662,14.2470703125
14.046666666666667,167.385177612305,-1469.09413909912,14.25439453125
14.048333333333334,167.401824951172,-1469.11232757568,14.28955078125
14.05,167.418472290039,-1469.12929534912,14.34521484375
14.051666666666666,167.435134887695,-1469.14626312256,14.408203125
14.053333333333333,167.451782226563,-1469.16359710693,14.47119140625
14.055,167.46842956543,-1469.180809021,14.52978515625
14.056666666666667,167.485076904297,-1469.19692230225,14.583984375
14.058333333333334,167.501708984375,-1469.21230316162,14.6279296875
14.06,167.518356323242,-1469.2286605835,14.64697265625
14.061666666666667,167.535003662109,-1469.2481918335,14.619140625
14.063333333333333,167.551620483398,-1469.27126312256,14.548828125
14.065,167.568283081055,-1469.296043396,14.45947265625
14.066666666666666,167.584930419922,-1469.32082366943,14.38330078125
14.068333333333333,167.601547241211,-1469.34572601318,14.33203125
14.07,167.618194580078,-1469.37148284912,14.2998046875
14.071666666666667,167.634811401367,-1469.397605896,14.27490234375
14.073333333333334,167.651443481445,-1469.42287445068,14.24560546875
14.075,167.668090820313,-1469.446434021,14.2119140625
14.076666666666666,167.684707641602,-1469.46901702881,14.1708984375
14.078333333333333,167.701324462891,-1469.49221038818,14.12255859375
14.08,167.717956542969,-1469.51735687256,14.06689453125
14.081666666666667,167.734603881836,-1469.54470062256,14.00830078125
14.083333333333334,167.751220703125,-1469.57326507568,13.95703125
14.085,167.767837524414,-1469.60146331787,13.93359375
14.086666666666666,167.784469604492,-1469.62831878662,13.9541015625
14.088333333333333,167.801086425781,-1469.65370941162,14.02001953125
14.09,167.81770324707,-1469.67812347412,14.109375
14.091666666666667,167.834320068359,-1469.70192718506,14.197265625
14.093333333333334,167.850936889648,-1469.72597503662,14.27490234375
14.095,167.867538452148,-1469.75099945068,14.349609375
14.096666666666666,167.884155273438,-1469.776512146,14.4228515625
14.098333333333333,167.900741577148,-1469.80202484131,14.4990234375
14.1,167.917358398438,-1469.82704925537,14.56494140625
14.101666666666667,167.933944702148,-1469.85121917725,14.60595703125
14.103333333333333,167.950576782227,-1469.874168396,14.60302734375
14.105,167.967163085938,-1469.89614105225,14.560546875
14.106666666666667,167.983749389648,-1469.91774749756,14.4990234375
14.108333333333333,168.000366210938,-1469.94020843506,14.43603515625
14.11,168.016952514648,-1469.96474456787,14.37158203125
14.111666666666666,168.033584594727,-1469.99147796631,14.30859375
14.113333333333333,168.050201416016,-1470.01894378662,14.26025390625
14.115,168.066787719727,-1470.04579925537,14.23681640625
14.116666666666667,168.083404541016,-1470.07192230225,14.2353515625
14.118333333333334,168.099990844727,-1470.09719085693,14.23681640625
14.12,168.116622924805,-1470.12136077881,14.2265625
14.121666666666666,168.133209228516,-1470.14418792725,14.203125
14.123333333333333,168.149795532227,-1470.1661605835,14.17822265625
14.125,168.166412353516,-1470.18825531006,14.16650390625
14.126666666666667,168.183044433594,-1470.21144866943,14.185546875
14.128333333333334,168.199630737305,-1470.2364730835,14.2412109375
14.13,168.216217041016,-1470.26247406006,14.326171875
14.131666666666666,168.232833862305,-1470.28810882568,14.431640625
14.133333333333333,168.249450683594,-1470.31240081787,14.548828125
14.135,168.266052246094,-1470.33583831787,14.6513671875
14.136666666666667,168.282669067383,-1470.35939788818,14.72021484375
14.138333333333334,168.299285888672,-1470.38271331787,14.759765625
14.14,168.315902709961,-1470.40517425537,14.79345703125
14.141666666666667,168.33251953125,-1470.42604827881,14.8388671875
14.143333333333333,168.349151611328,-1470.44582366943,14.90185546875
14.145,168.365768432617,-1470.46511077881,14.9794921875
14.146666666666667,168.382385253906,-1470.48464202881,15.06298828125
14.148333333333333,168.398971557617,-1470.50429534912,15.146484375
14.15,168.415603637695,-1470.52382659912,15.22119140625
14.151666666666667,168.432220458984,-1470.54335784912,15.27099609375
14.153333333333334,168.448837280273,-1470.56386566162,15.28271484375
14.155,168.465454101563,-1470.58596038818,15.2783203125
14.156666666666666,168.482070922852,-1470.60927581787,15.28857421875
14.158333333333333,168.49870300293,-1470.63271331787,15.328125
14.16,168.515319824219,-1470.655418396,15.4013671875
14.161666666666667,168.531936645508,-1470.67775726318,15.50537109375
14.163333333333334,168.548553466797,-1470.70095062256,15.63720703125
14.165,168.565185546875,-1470.72621917725,15.78076171875
14.166666666666666,168.581802368164,-1470.75380706787,15.919921875
14.168333333333333,168.598419189453,-1470.78359222412,16.03564453125
14.17,168.615036010742,-1470.81508636475,16.12353515625
14.171666666666667,168.631652832031,-1470.84755706787,16.20849609375
14.173333333333334,168.648284912109,-1470.88076019287,16.32861328125
14.175,168.664901733398,-1470.91432952881,16.50732421875
14.176666666666666,168.681549072266,-1470.94692230225,16.72119140625
14.178333333333333,168.698135375977,-1470.977684021,16.93798828125
14.18,168.714797973633,-1471.00649261475,17.14892578125
14.181666666666667,168.731414794922,-1471.03481292725,17.36279296875
14.183333333333334,168.748031616211,-1471.063621521,17.595703125
14.185,168.764678955078,-1471.09304046631,17.85498046875
14.186666666666667,168.781295776367,-1471.12245941162,18.134765625
14.188333333333333,168.797927856445,-1471.15139007568,18.42626953125
14.19,168.814575195313,-1471.17995452881,18.73095703125
14.191666666666666,168.831192016602,-1471.20864105225,19.0517578125
14.193333333333333,168.847808837891,-1471.23732757568,19.376953125
14.195,168.864440917969,-1471.26503753662,19.6787109375
14.196666666666667,168.881057739258,-1471.292137146,19.93798828125
14.198333333333334,168.897674560547,-1471.31984710693,20.1796875
14.2,168.914291381836,-1471.34926605225,20.4404296875
14.201666666666666,168.930923461914,-1471.38063812256,20.736328125
14.203333333333333,168.947509765625,-1471.41347503662,21.04541015625
14.205,168.964126586914,-1471.44728851318,21.33984375
14.206666666666667,168.980743408203,-1471.48122406006,21.603515625
14.208333333333334,168.997360229492,-1471.51491546631,21.83935546875
14.21,169.013961791992,-1471.54775238037,22.05029296875
14.211666666666666,169.030609130859,-1471.58010101318,22.236328125
14.213333333333333,169.047225952148,-1471.61318206787,22.40185546875
14.215,169.063812255859,-1471.64882659912,22.55712890625
14.216666666666667,169.080429077148,-1471.68801116943,22.71826171875
14.218333333333334,169.097061157227,-1471.72927093506,22.9013671875
14.22,169.113677978516,-1471.77089691162,23.11083984375
14.221666666666666,169.130264282227,-1471.81179046631,23.35546875
14.223333333333333,169.146881103516,-1471.85207366943,23.5751953125
14.225,169.163513183594,-1471.89235687256,23.9326171875
14.226666666666667,169.180099487305,-1471.9337387085,24.30908203125
14.228333333333333,169.196716308594,-1471.97634124756,24.6416015625
14.23,169.213333129883,-1472.02016448975,24.9697265625
14.231666666666667,169.229949951172,-1472.06520843506,25.306640625
14.233333333333333,169.24658203125,-1472.1114730835,25.65234375
14.235,169.263168334961,-1472.15810394287,26.01708984375
14.236666666666666,169.27978515625,-1472.20375823975,26.40673828125
14.238333333333333,169.296401977539,-1472.24745941162,26.81103515625
14.24,169.313018798828,-1472.29091644287,27.21240234375
14.241666666666667,169.329620361328,-1472.3360824585,27.6005859375
14.243333333333334,169.346237182617,-1472.38344573975,27.966796875
14.245,169.362854003906,-1472.43154144287,28.3212890625
14.246666666666666,169.379501342773,-1472.47927093506,28.6962890625
14.248333333333333,169.396102905273,-1472.526512146,29.126953125
14.25,169.412719726563,-1472.57375335693,29.6103515625
14.251666666666667,169.429336547852,-1472.62111663818,30.1083984375
14.253333333333334,169.445953369141,-1472.6681137085,30.57568359375
14.255,169.46257019043,-1472.71437835693,30.99609375
14.256666666666666,169.479202270508,-1472.76052093506,31.37841796875
14.258333333333333,169.495819091797,-1472.80751800537,31.73291015625
14.26,169.512435913086,-1472.85536956787,32.0859375
14.261666666666667,169.529052734375,-1472.90358734131,32.4521484375
14.263333333333334,169.545715332031,-1472.95278167725,32.83154296875
14.265,169.56233215332,-1472.99941253662,33.21240234375
14.266666666666667,169.578948974609,-1473.05800628662,33.59619140625
14.268333333333333,169.595565795898,-1473.11879730225,33.9814453125
14.27,169.612213134766,-1473.1759262085,34.37255859375
14.271666666666667,169.628845214844,-1473.23220062256,34.76220703125
14.273333333333333,169.645462036133,-1473.28884124756,35.14013671875
14.275,169.662078857422,-1473.34633636475,35.5048828125
14.276666666666667,169.678726196289,-1473.405418396,35.859375
14.278333333333334,169.695358276367,-1473.46559906006,36.2080078125
14.28,169.711975097656,-1473.52639007568,36.56689453125
14.281666666666666,169.728591918945,-1473.58754730225,36.93017578125
14.283333333333333,169.745239257813,-1473.64931488037,37.28466796875
14.285,169.761901855469,-1473.71120452881,37.61572265625
14.286666666666667,169.778518676758,-1473.7735824585,37.939453125
14.288333333333334,169.795166015625,-1473.83864593506,38.2705078125
14.29,169.811813354492,-1473.90847015381,38.62353515625
14.291666666666666,169.828475952148,-1473.98244476318,38.99267578125
14.293333333333333,169.845123291016,-1474.0567855835,39.36474609375
14.295,169.861770629883,-1474.128074646,39.73095703125
14.296666666666667,169.87841796875,-1474.19618988037,40.0927734375
14.298333333333334,169.895080566406,-1474.26369476318,40.45751953125
14.3,169.911727905273,-1474.33242034912,40.82666015625
14.301666666666666,169.928344726563,-1474.40309906006,41.21044921875
14.303333333333333,169.94499206543,-1474.47524261475,41.61328125
14.305,169.961654663086,-1474.54775238037,42.029296875
14.306666666666667,169.978302001953,-1474.61977386475,42.4921875
14.308333333333334,169.99494934082,-1474.69203948975,42.814453125
14.31,170.011627197266,-1474.76552581787,43.10888671875
14.311666666666667,170.028289794922,-1474.84072113037,43.4501953125
14.313333333333333,170.044937133789,-1474.91701507568,43.80322265625
14.315,170.061584472656,-1474.99355316162,44.14453125
14.316666666666666,170.078231811523,-1475.07021331787,44.4609375
14.318333333333333,170.09489440918,-1475.14638519287,44.7568359375
14.32,170.111541748047,-1475.22109222412,45.05419921875
14.321666666666667,170.128158569336,-1475.29470062256,45.36474609375
14.323333333333334,170.144805908203,-1475.36843109131,45.6767578125
14.325,170.161468505859,-1475.44313812256,45.97998046875
14.326666666666666,170.178115844727,-1475.51808929443,46.28173828125
14.328333333333333,170.194763183594,-1475.59316253662,46.58056640625
14.33,170.21142578125,-1475.66847991943,46.84423828125
14.331666666666667,170.228103637695,-1475.74514007568,47.0478515625
14.333333333333334,170.244750976563,-1475.82314300537,47.197265625
14.335,170.26139831543,-1475.901512146,47.33642578125
14.336666666666666,170.278091430664,-1475.97902679443,47.5107421875
14.338333333333333,170.294738769531,-1476.05544281006,47.7333984375
14.34,170.311416625977,-1476.131980896,47.9736328125
14.341666666666667,170.328063964844,-1476.20973968506,48.19189453125
14.343333333333334,170.3447265625,-1476.28957366943,48.369140625
14.345,170.361373901367,-1476.37136077881,48.521484375
14.346666666666666,170.378051757813,-1476.4552230835,48.67236328125
14.348333333333333,170.39469909668,-1476.54042816162,48.83349609375
14.35,170.411361694336,-1476.62587738037,49.00048828125
14.351666666666667,170.428009033203,-1476.71120452881,49.171875
14.353333333333333,170.44465637207,-1476.79677581787,49.34033203125
14.355,170.461349487305,-1476.88246917725,49.50146484375
14.356666666666667,170.477996826172,-1476.96755218506,49.6552734375
14.358333333333333,170.494644165039,-1477.05141448975,49.8017578125
14.36,170.511291503906,-1477.13515472412,49.94677734375
14.361666666666666,170.527984619141,-1477.22011566162,50.1123046875
14.363333333333333,170.544662475586,-1477.3067855835,50.302734375
14.365,170.561309814453,-1477.39394378662,50.49462890625
14.366666666666667,170.577987670898,-1477.48097991943,50.65576171875
14.368333333333334,170.594680786133,-1477.56801605225,50.783203125
14.37,170.611358642578,-1477.65529632568,50.888671875
14.371666666666666,170.628005981445,-1477.7423324585,50.98681640625
14.373333333333333,170.64469909668,-1477.82912445068,51.0673828125
14.375,170.661346435547,-1477.91555023193,51.13623046875
14.376666666666667,170.677993774414,-1478.00148773193,51.2109375
14.378333333333334,170.694641113281,-1478.08730316162,51.31201171875
14.38,170.711303710938,-1478.1739730835,51.45263671875
14.381666666666666,170.727951049805,-1478.26149749756,51.62548828125
14.383333333333333,170.74462890625,-1478.34841156006,51.8115234375
14.385,170.761276245117,-1478.43386077881,51.97119140625
14.386666666666667,170.777969360352,-1478.518699646,52.08984375
14.388333333333334,170.794616699219,-1478.60378265381,52.1630859375
14.39,170.811264038086,-1478.68923187256,52.20849609375
14.391666666666667,170.82795715332,-1478.77541351318,52.224609375
14.393333333333333,170.844604492188,-1478.86318206787,52.1923828125
14.395,170.861251831055,-1478.95241546631,52.1044921875
14.396666666666667,170.8779296875,-1479.042137146,51.9931640625
14.398333333333333,170.894592285156,-1479.13149261475,51.8994140625
14.4,170.911270141602,-1479.22035980225,51.83935546875
14.401666666666667,170.927917480469,-1479.30861663818,51.80126953125
14.403333333333334,170.944564819336,-1479.39711761475,51.76904296875
14.405,170.96125793457,-1479.48659515381,51.72802734375
14.406666666666666,170.977935791016,-1479.5763168335,51.673828125
14.408333333333333,170.994583129883,-1479.66445159912,51.60205078125
14.41,171.011276245117,-1479.75002288818,51.515625
14.411666666666667,171.027954101563,-1479.83388519287,51.4248046875
14.413333333333334,171.04460144043,-1479.91738128662,51.33984375
14.415,171.061279296875,-1480.00075531006,51.25341796875
14.416666666666666,171.077972412109,-1480.08449554443,51.1611328125
14.418333333333333,171.094619750977,-1480.169090271,51.064453125
14.42,171.111297607422,-1480.255027771,50.97509765625
14.421666666666667,171.127960205078,-1480.34316253662,50.8857421875
14.423333333333334,171.144638061523,-1480.43410491943,50.78759765625
14.425,171.161315917969,-1480.52736663818,50.68505859375
14.426666666666666,171.177963256836,-1480.62050628662,50.58984375
14.428333333333333,171.19465637207,-1480.71218109131,50.49755859375
14.43,171.211334228516,-1480.80214691162,50.396484375
14.431666666666667,171.228012084961,-1480.89113616943,50.279296875
14.433333333333334,171.244705200195,-1480.97792816162,50.14306640625
14.435,171.261383056641,-1481.06056976318,49.98193359375
14.436666666666667,171.278060913086,-1481.1388168335,49.7900390625
14.438333333333333,171.294738769531,-1481.21523284912,49.57763671875
14.44,171.311462402344,-1481.29250335693,49.365234375
14.441666666666666,171.328140258789,-1481.37136077881,49.171875
14.443333333333333,171.344818115234,-1481.45192718506,49.0166015625
14.445,171.361511230469,-1481.53420257568,48.890625
14.446666666666667,171.378158569336,-1481.61745452881,48.77490234375
14.448333333333334,171.394836425781,-1481.70009613037,48.66357421875
14.45,171.411529541016,-1481.78115081787,48.5595703125
14.451666666666666,171.428207397461,-1481.86098480225,48.47021484375
14.453333333333333,171.444885253906,-1481.94069671631,48.39404296875
14.455,171.461563110352,-1482.020652771,48.30908203125
14.456666666666667,171.478256225586,-1482.10024261475,48.1962890625
14.458333333333334,171.494934082031,-1482.17897796631,48.03515625
14.46,171.511611938477,-1482.25685882568,47.82568359375
14.461666666666666,171.528305053711,-1482.33522796631,47.583984375
14.463333333333333,171.545013427734,-1482.41445159912,47.3173828125
14.465,171.56169128418,-1482.49379730225,47.01708984375
14.466666666666667,171.578384399414,-1482.57216644287,46.6787109375
14.468333333333334,171.595062255859,-1482.64968109131,46.3330078125
14.47,171.611740112305,-1482.72682952881,46.00341796875
14.471666666666666,171.62841796875,-1482.80348968506,45.68994140625
14.473333333333333,171.645141601563,-1482.87917327881,45.38525390625
14.475,171.661819458008,-1482.95400238037,45.099609375
14.476666666666667,171.678527832031,-1483.02834320068,44.859375
14.478333333333333,171.695251464844,-1483.10158538818,44.65869140625
14.48,171.711929321289,-1483.17360687256,44.466796875
14.481666666666667,171.728637695313,-1483.245262146,44.26318359375
14.483333333333333,171.745330810547,-1483.31801605225,44.04931640625
14.485,171.76203918457,-1483.39333343506,43.81494140625
14.486666666666666,171.778747558594,-1483.47133636475,43.546875
14.488333333333333,171.795471191406,-1483.55117034912,43.24658203125
14.49,171.812149047852,-1483.63161468506,42.943359375
14.491666666666667,171.828857421875,-1483.7110824585,42.65185546875
14.493333333333334,171.845550537109,-1483.7892074585,42.36328125
14.495,171.862258911133,-1483.86672210693,42.0556640625
14.496666666666666,171.878967285156,-1483.94313812256,41.73046875
14.498333333333333,171.89567565918,-1484.01711273193,41.4052734375
14.5,171.912399291992,-1484.08742523193,41.0859375
14.501666666666667,171.929107666016,-1484.15456390381,40.77685546875
14.503333333333334,171.945816040039,-1484.22035980225,40.46630859375
14.505,171.962539672852,-1484.286277771,40.16015625
14.506666666666666,171.979217529297,-1484.35219573975,39.873046875
14.508333333333333,171.99592590332,-1484.41725921631,39.6123046875
14.51,172.012649536133,-1484.481590271,39.36767578125
14.511666666666667,172.029357910156,-1484.54579925537,39.1142578125
14.513333333333334,172.04606628418,-1484.60964202881,38.84033203125
14.515,172.062789916992,-1484.67324066162,38.54736328125
14.516666666666667,172.079467773438,-1484.73622894287,38.2353515625
14.518333333333333,172.096176147461,-1484.79885101318,37.90283203125
14.52,172.112899780273,-1484.86037445068,37.55859375
14.521666666666667,172.129608154297,-1484.92079925537,37.20556640625
14.523333333333333,172.146286010742,-1484.98110198975,36.837890625
14.525,172.163009643555,-1485.042137146,36.439453125
14.526666666666667,172.179718017578,-1485.10317230225,35.99853515625
14.528333333333334,172.196426391602,-1485.16310882568,35.5224609375
14.53,172.213119506836,-1485.22133636475,35.02734375
14.531666666666666,172.229827880859,-1485.27870941162,34.52783203125
14.533333333333333,172.246566772461,-1485.33547210693,34.0458984375
14.535,172.263290405273,-1485.39125823975,33.59912109375
14.536666666666667,172.279998779297,-1485.44533538818,33.17724609375
14.538333333333334,172.29670715332,-1485.4981918335,32.77294921875
14.54,172.313430786133,-1485.55068206787,32.390625
14.541666666666666,172.330139160156,-1485.60280609131,32.03173828125
14.543333333333333,172.346878051758,-1485.65493011475,31.67431640625
14.545,172.36360168457,-1485.70742034912,31.29931640625
14.546666666666667,172.380310058594,-1485.76113128662,30.9052734375
14.548333333333334,172.397048950195,-1485.8165512085,30.50830078125
14.55,172.413772583008,-1485.8731918335,30.11572265625
14.551666666666666,172.430480957031,-1485.93032073975,29.7275390625
14.553333333333333,172.447219848633,-1485.98635101318,29.33935546875
14.555,172.463973999023,-1486.040184021,28.95849609375
14.556666666666667,172.480682373047,-1486.09145355225,28.58203125
14.558333333333334,172.49739074707,-1486.14028167725,28.21142578125
14.56,172.514114379883,-1486.18691253662,27.8466796875
14.561666666666667,172.530853271484,-1486.23146820068,27.49365234375
14.563333333333333,172.547561645508,-1486.27407073975,27.140625
14.565,172.56428527832,-1486.31508636475,26.75537109375
14.566666666666666,172.581024169922,-1486.354637146,26.326171875
14.568333333333333,172.597732543945,-1486.39321136475,25.87060546875
14.57,172.614486694336,-1486.43154144287,25.4150390625
14.571666666666667,172.631195068359,-1486.47011566162,24.9697265625
14.573333333333334,172.647918701172,-1486.508934021,24.53173828125
14.575,172.664657592773,-1486.54824066162,24.1083984375
14.576666666666666,172.681365966797,-1486.58913421631,23.72021484375
14.578333333333333,172.698120117188,-1486.63149261475,23.373046875
14.58,172.714828491211,-1486.67421722412,23.0390625
14.581666666666667,172.731536865234,-1486.71633148193,22.67431640625
14.583333333333334,172.748291015625,-1486.75673675537,22.2685546875
14.585,172.764999389648,-1486.794090271,21.8349609375
14.586666666666666,172.781707763672,-1486.82863616943,21.39111328125
14.588333333333333,172.798431396484,-1486.86171722412,20.9326171875
14.59,172.815139770508,-1486.89455413818,20.455078125
14.591666666666667,172.831848144531,-1486.926902771,19.9716796875
14.593333333333334,172.848602294922,-1486.95888519287,19.49267578125
14.595,172.865310668945,-1486.99074554443,19.02099609375
14.596666666666666,172.882019042969,-1487.02285003662,18.54931640625
14.598333333333333,172.898742675781,-1487.05507659912,18.08642578125
14.6,172.915451049805,-1487.08718109131,17.64111328125
14.601666666666667,172.932159423828,-1487.11940765381,17.22509765625
14.603333333333333,172.948883056641,-1487.151512146,16.83984375
14.605,172.965591430664,-1487.18251800537,16.48095703125
14.606666666666667,172.982299804688,-1487.21071624756,16.130859375
14.608333333333333,172.9990234375,-1487.23598480225,15.779296875
14.61,173.015731811523,-1487.25905609131,15.42041015625
14.611666666666666,173.032440185547,-1487.28102874756,15.046875
14.613333333333333,173.049163818359,-1487.30214691162,14.654296875
14.615,173.065841674805,-1487.32302093506,14.23681640625
14.616666666666667,173.08251953125,-1487.34450531006,13.80029296875
14.618333333333334,173.099227905273,-1487.36794281006,13.34326171875
14.62,173.115951538086,-1487.39308929443,12.88330078125
14.621666666666666,173.132629394531,-1487.4181137085,12.4306640625
14.623333333333333,173.149307250977,-1487.44020843506,11.98681640625
14.625,173.166030883789,-1487.45851898193,11.5576171875
14.626666666666667,173.182739257813,-1487.47451019287,11.1650390625
14.628333333333334,173.199417114258,-1487.49001312256,10.80908203125
14.63,173.21614074707,-1487.50551605225,10.46484375
14.631666666666666,173.232818603516,-1487.52114105225,10.10302734375
14.633333333333333,173.249526977539,-1487.53749847412,9.720703125
14.635,173.266220092773,-1487.55471038818,9.31787109375
14.636666666666667,173.282897949219,-1487.571434021,8.90185546875
14.638333333333334,173.299606323242,-1487.58596038818,8.47998046875
14.64,173.316299438477,-1487.59865570068,8.05224609375
14.641666666666667,173.332977294922,-1487.61037445068,7.623046875
14.643333333333333,173.349685668945,-1487.62233734131,7.189453125
14.645,173.366363525391,-1487.63478851318,6.7587890625
14.646666666666667,173.383056640625,-1487.64748382568,6.3486328125
14.648333333333333,173.39973449707,-1487.659324646,5.97802734375
14.65,173.416442871094,-1487.66957855225,5.6396484375
14.651666666666667,173.433135986328,-1487.67824554443,5.3232421875
14.653333333333334,173.449813842773,-1487.68544769287,5.02734375
14.655,173.466491699219,-1487.69130706787,4.75927734375
14.656666666666666,173.483184814453,-1487.69533538818,4.50146484375
14.658333333333333,173.499862670898,-1487.69826507568,4.23486328125
14.66,173.516540527344,-1487.70107269287,3.93896484375
14.661666666666667,173.533248901367,-1487.70510101318,3.62255859375
14.663333333333334,173.549942016602,-1487.710105896,3.30615234375
14.665,173.566619873047,-1487.71523284912,3.0146484375
14.666666666666666,173.583267211914,-1487.719871521,2.7568359375
14.668333333333333,173.599960327148,-1487.72451019287,2.51953125
14.67,173.616638183594,-1487.72939300537,2.279296875
14.671666666666667,173.633316040039,-1487.73378753662,2.021484375
14.673333333333334,173.649993896484,-1487.7364730835,1.73583984375
14.675,173.666687011719,-1487.73696136475,1.41650390625
14.676666666666666,173.683364868164,-1487.73537445068,1.06787109375
14.678333333333333,173.700042724609,-1487.7325668335,0.7236328125
14.68,173.716705322266,-1487.72951507568,0.416015625
14.681666666666667,173.733383178711,-1487.72609710693,0.14501953125
14.683333333333334,173.750030517578,-1487.72243499756,-0.10107421875
14.685,173.766708374023,-1487.71852874756,-0.328125
14.686666666666667,173.78337097168,-1487.71474456787,-0.53466796875
14.688333333333333,173.800018310547,-1487.71157073975,-0.72509765625
14.69,173.816665649414,-1487.70888519287,-0.90380859375
14.691666666666666,173.833358764648,-1487.70595550537,-1.07666015625
14.693333333333333,173.850006103516,-1487.70265960693,-1.248046875
14.695,173.866653442383,-1487.69997406006,-1.43115234375
14.696666666666667,173.883331298828,-1487.69875335693,-1.634765625
14.698333333333334,173.900024414063,-1487.69814300537,-1.84130859375
14.7,173.91667175293,-1487.6974105835,-2.0419921875
14.701666666666666,173.933349609375,-1487.69618988037,-2.23974609375
14.703333333333333,173.949996948242,-1487.69496917725,-2.45947265625
14.705,173.966690063477,-1487.69362640381,-2.6982421875
14.706666666666667,173.983337402344,-1487.69142913818,-2.94580078125
14.708333333333334,173.999984741211,-1487.68825531006,-3.1962890625
14.71,174.016647338867,-1487.68447113037,-3.4541015625
14.711666666666666,174.033294677734,-1487.67995452881,-3.70751953125
14.713333333333333,174.04997253418,-1487.6739730835,-3.931640625
14.715,174.066589355469,-1487.66579437256,-4.1220703125
14.716666666666667,174.083282470703,-1487.65554046631,-4.29638671875
14.718333333333334,174.09992980957,-1487.643699646,-4.4677734375
14.72,174.116577148438,-1487.63173675537,-4.64501953125
14.721666666666666,174.133224487305,-1487.62062835693,-4.833984375
14.723333333333333,174.149887084961,-1487.61074066162,-5.01708984375
14.725,174.166534423828,-1487.60195159912,-5.1767578125
14.726666666666667,174.183181762695,-1487.59499359131,-5.30859375
14.728333333333333,174.199829101563,-1487.59023284912,-5.4287109375
14.73,174.216491699219,-1487.587059021,-5.560546875
14.731666666666667,174.233139038086,-1487.58400726318,-5.70556640625
14.733333333333333,174.249786376953,-1487.57985687256,-5.84765625
14.735,174.26643371582,-1487.57424163818,-5.98095703125
14.736666666666666,174.283096313477,-1487.56618499756,-6.1142578125
14.738333333333333,174.299743652344,-1487.55507659912,-6.25634765625
14.74,174.316390991211,-1487.54189300537,-6.39990234375
14.741666666666667,174.333038330078,-1487.52809906006,-6.55078125
14.743333333333334,174.349700927734,-1487.51442718506,-6.720703125
14.745,174.366317749023,-1487.5001449585,-6.9287109375
14.746666666666666,174.382965087891,-1487.48525238037,-7.177734375
14.748333333333333,174.399612426758,-1487.46974945068,-7.43408203125
14.75,174.416275024414,-1487.45351409912,-7.6611328125
14.751666666666667,174.432922363281,-1487.436668396,-7.8427734375
14.753333333333334,174.449569702148,-1487.42043304443,-7.98486328125
14.755,174.466232299805,-1487.40615081787,-8.1005859375
14.756666666666666,174.482879638672,-1487.39296722412,-8.18408203125
14.758333333333333,174.499526977539,-1487.37892913818,-8.23974609375
14.76,174.516174316406,-1487.36305999756,-8.2822265625
14.761666666666667,174.532836914063,-1487.34548187256,-8.33935546875
14.763333333333334,174.54948425293,-1487.32668304443,-8.41845703125
14.765,174.566131591797,-1487.30800628662,-8.5048828125
14.766666666666667,174.582778930664,-1487.29103851318,-8.58984375
14.768333333333333,174.599472045898,-1487.27614593506,-8.68212890625
14.77,174.616119384766,-1487.26235198975,-8.79931640625
14.771666666666667,174.632766723633,-1487.2481918335,-8.94580078125
14.773333333333333,174.6494140625,-1487.23342132568,-9.10986328125
14.775,174.666076660156,-1487.21865081787,-9.27099609375
14.776666666666667,174.682754516602,-1487.204246521,-9.421875
14.778333333333334,174.699401855469,-1487.19045257568,-9.55224609375
14.78,174.716049194336,-1487.17739105225,-9.64453125
14.781666666666666,174.732711791992,-1487.16481781006,-9.69873046875
14.783333333333333,174.749359130859,-1487.151512146,-9.73095703125
14.785,174.766006469727,-1487.13613128662,-9.767578125
14.786666666666667,174.782623291016,-1487.11757659912,-9.8115234375
14.788333333333334,174.799285888672,-1487.09548187256,-9.8701171875
14.79,174.815933227539,-1487.07192230225,-9.9345703125
14.791666666666666,174.832580566406,-1487.04982757568,-9.9873046875
14.793333333333333,174.849243164063,-1487.03090667725,-10.02099609375
14.795,174.86589050293,-1487.01454925537,-10.05029296875
14.796666666666667,174.882507324219,-1486.99892425537,-10.09423828125
14.798333333333334,174.899154663086,-1486.98378753662,-10.14404296875
14.8,174.915817260742,-1486.9688949585,-10.1748046875
14.801666666666666,174.932434082031,-1486.95351409912,-10.17919921875
14.803333333333333,174.949081420898,-1486.93679046631,-10.1630859375
14.805,174.965698242188,-1486.919090271,-10.142578125
14.806666666666667,174.982345581055,-1486.90200042725,-10.1396484375
14.808333333333334,174.998977661133,-1486.88613128662,-10.1689453125
14.81,175.015625,-1486.87148284912,-10.2275390625
14.811666666666667,175.032241821289,-1486.85695648193,-10.29345703125
14.813333333333333,175.048858642578,-1486.84157562256,-10.3447265625
14.815,175.065490722656,-1486.82485198975,-10.36962890625
14.816666666666666,175.082138061523,-1486.80727386475,-10.3740234375
14.818333333333333,175.098754882813,-1486.78908538818,-10.37255859375
14.82,175.11540222168,-1486.77016448975,-10.3916015625
14.821666666666667,175.132034301758,-1486.75136566162,-10.447265625
14.823333333333334,175.148681640625,-1486.73366546631,-10.53369140625
14.825,175.165298461914,-1486.71718597412,-10.61865234375
14.826666666666666,175.181945800781,-1486.70046234131,-10.67138671875
14.828333333333333,175.198577880859,-1486.68251800537,-10.6728515625
14.83,175.215194702148,-1486.66274261475,-10.61865234375
14.831666666666667,175.231842041016,-1486.64186859131,-10.53955078125
14.833333333333334,175.248458862305,-1486.6212387085,-10.48095703125
14.835,175.265075683594,-1486.60158538818,-10.47509765625
14.836666666666666,175.281707763672,-1486.58290863037,-10.51025390625
14.838333333333333,175.298324584961,-1486.56496429443,-10.552734375
14.84,175.31494140625,-1486.54763031006,-10.58349609375
14.841666666666667,175.331527709961,-1486.53102874756,-10.599609375
14.843333333333334,175.348159790039,-1486.514793396,-10.611328125
14.845,175.364776611328,-1486.49855804443,-10.63330078125
14.846666666666666,175.381393432617,-1486.48146820068,-10.67578125
14.848333333333333,175.398010253906,-1486.4630355835,-10.73876953125
14.85,175.414627075195,-1486.44362640381,-10.80908203125
14.851666666666667,175.431259155273,-1486.42385101318,-10.88232421875
14.853333333333333,175.447875976563,-1486.40456390381,-10.9599609375
14.855,175.464492797852,-1486.38613128662,-11.03759765625
14.856666666666667,175.481079101563,-1486.3692855835,-11.09912109375
14.858333333333333,175.497711181641,-1486.35414886475,-11.13134765625
14.86,175.514297485352,-1486.33986663818,-11.13427734375
14.861666666666666,175.530914306641,-1486.32448577881,-11.10791015625
14.863333333333333,175.54753112793,-1486.3067855835,-11.06689453125
14.865,175.564147949219,-1486.28701019287,-11.02734375
14.866666666666667,175.580780029297,-1486.26662445068,-11.00244140625
14.868333333333334,175.597396850586,-1486.24684906006,-10.9833984375
14.87,175.613983154297,-1486.22817230225,-10.9658203125
14.871666666666666,175.630599975586,-1486.21059417725,-10.93359375
14.873333333333333,175.647216796875,-1486.19362640381,-10.875
14.875,175.663848876953,-1486.17641448975,-10.79296875
14.876666666666667,175.680435180664,-1486.15798187256,-10.69482421875
14.878333333333334,175.697052001953,-1486.13869476318,-10.587890625
14.88,175.713668823242,-1486.11952972412,-10.49267578125
14.881666666666666,175.73030090332,-1486.10182952881,-10.423828125
14.883333333333333,175.746917724609,-1486.08559417725,-10.38427734375
14.885,175.763534545898,-1486.06923675537,-10.3505859375
14.886666666666667,175.780151367188,-1486.05068206787,-10.29638671875
14.888333333333334,175.796798706055,-1486.0294418335,-10.2099609375
14.89,175.813400268555,-1486.00710296631,-10.10009765625
14.891666666666667,175.830017089844,-1485.98537445068,-9.9873046875
14.893333333333333,175.846633911133,-1485.96462249756,-9.8876953125
14.895,175.863250732422,-1485.94362640381,-9.8056640625
14.896666666666667,175.8798828125,-1485.92177581787,-9.72802734375
14.898333333333333,175.896499633789,-1485.89992523193,-9.6416015625
14.9,175.913116455078,-1485.87966156006,-9.5419921875
14.901666666666667,175.929733276367,-1485.86122894287,-9.43212890625
14.903333333333334,175.946350097656,-1485.84450531006,-9.3251953125
14.905,175.962982177734,-1485.82912445068,-9.23583984375
14.906666666666666,175.979568481445,-1485.81472015381,-9.17578125
14.908333333333333,175.996185302734,-1485.80031585693,-9.13623046875
14.91,176.012771606445,-1485.78517913818,-9.087890625
14.911666666666667,176.029388427734,-1485.768699646,-9.00439453125
14.913333333333334,176.045989990234,-1485.75160980225,-8.8857421875
14.915,176.062576293945,-1485.73561859131,-8.74365234375
14.916666666666666,176.079162597656,-1485.721824646,-8.57958984375
14.918333333333333,176.095779418945,-1485.71035003662,-8.38623046875
14.92,176.112365722656,-1485.70058441162,-8.173828125
14.921666666666667,176.128967285156,-1485.690574646,-7.96435546875
14.923333333333334,176.145553588867,-1485.67897796631,-7.78564453125
14.925,176.162170410156,-1485.66567230225,-7.6494140625
14.926666666666666,176.178756713867,-1485.65224456787,-7.53955078125
14.928333333333333,176.195343017578,-1485.64052581787,-7.41943359375
14.93,176.211944580078,-1485.63063812256,-7.27294921875
14.931666666666667,176.228561401367,-1485.62136077881,-7.10888671875
14.933333333333334,176.245147705078,-1485.61135101318,-6.94482421875
14.935,176.261764526367,-1485.59987640381,-6.78369140625
14.936666666666667,176.278350830078,-1485.58742523193,-6.6181640625
14.938333333333333,176.294952392578,-1485.57546234131,-6.4453125
14.94,176.311569213867,-1485.56581878662,-6.2724609375
14.941666666666666,176.328155517578,-1485.55898284912,-6.10400390625
14.943333333333333,176.344772338867,-1485.553855896,-5.93115234375
14.945,176.361358642578,-1485.54738616943,-5.759765625
14.946666666666667,176.377990722656,-1485.53713226318,-5.60595703125
14.948333333333334,176.394577026367,-1485.52236175537,-5.4873046875
14.95,176.411163330078,-1485.50527191162,-5.396484375
14.951666666666666,176.427749633789,-1485.48952484131,-5.296875
14.953333333333333,176.444366455078,-1485.47780609131,-5.15478515625
14.955,176.460968017578,-1485.47011566162,-4.98046875
14.956666666666667,176.477584838867,-1485.4649887085,-4.810546875
14.958333333333334,176.494171142578,-1485.46144866943,-4.66259765625
14.96,176.510757446289,-1485.4591293335,-4.5263671875
14.961666666666666,176.527374267578,-1485.45754241943,-4.39306640625
14.963333333333333,176.543975830078,-1485.45583343506,-4.26123046875
14.965,176.560562133789,-1485.45302581787,-4.13671875
14.966666666666667,176.5771484375,-1485.44814300537,-4.01806640625
14.968333333333334,176.593734741211,-1485.44094085693,-3.90673828125
14.97,176.610321044922,-1485.43239593506,-3.796875
14.971666666666666,176.626953125,-1485.42336273193,-3.6796875
14.973333333333333,176.643539428711,-1485.41469573975,-3.5390625
14.975,176.660125732422,-1485.40663909912,-3.36474609375
14.976666666666667,176.676712036133,-1485.39931488037,-3.15380859375
14.978333333333333,176.693298339844,-1485.39211273193,-2.91650390625
14.98,176.709884643555,-1485.38466644287,-2.6865234375
14.981666666666667,176.726486206055,-1485.37722015381,-2.5107421875
14.983333333333333,176.743072509766,-1485.37099456787,-2.4111328125
14.985,176.759658813477,-1485.36696624756,-2.373046875
14.986666666666666,176.776245117188,-1485.36452484131,-2.326171875
14.988333333333333,176.792831420898,-1485.36196136475,-2.20751953125
14.99,176.809432983398,-1485.35744476318,-2.0009765625
14.991666666666667,176.826049804688,-1485.35060882568,-1.7490234375
14.993333333333334,176.842636108398,-1485.34377288818,-1.5234375
14.995,176.859222412109,-1485.33913421631,-1.35791015625
14.996666666666666,176.87580871582,-1485.33657073975,-1.2421875
14.998333333333333,176.892440795898,-1485.33473968506,-1.15283203125
15,176.909057617188,-1485.33327484131,-1.078125
15.001666666666667,176.925674438477,-1485.333152771,-1.00341796875
15.003333333333334,176.942291259766,-1485.33449554443,-0.9140625
15.005,176.958877563477,-1485.33547210693,-0.79833984375
15.006666666666666,176.975509643555,-1485.33425140381,-0.66357421875
15.008333333333333,176.992126464844,-1485.33083343506,-0.515625
15.01,177.008743286133,-1485.32668304443,-0.35595703125
15.011666666666667,177.025360107422,-1485.32411956787,-0.1875
15.013333333333334,177.041961669922,-1485.32399749756,-0.01318359375
15.015,177.058578491211,-1485.32643890381,0.1611328125
15.016666666666667,177.0751953125,-1485.33095550537,0.32958984375
15.018333333333333,177.091812133789,-1485.337059021,0.486328125
15.02,177.1083984375,-1485.34438323975,0.63720703125
15.021666666666667,177.125030517578,-1485.35158538818,0.7880859375
15.023333333333333,177.141647338867,-1485.356590271,0.931640625
15.025,177.158233642578,-1485.35805511475,1.04296875
15.026666666666667,177.174850463867,-1485.35610198975,1.11474609375
15.028333333333334,177.191467285156,-1485.35353851318,1.18212890625
15.03,177.208099365234,-1485.35317230225,1.2919921875
15.031666666666666,177.224792480469,-1485.3556137085,1.4677734375
15.033333333333333,177.241516113281,-1485.3595199585,1.69775390625
15.035,177.258209228516,-1485.36257171631,1.9365234375
15.036666666666667,177.274932861328,-1485.36464691162,2.15625
15.038333333333334,177.291656494141,-1485.36660003662,2.35546875
15.04,177.308349609375,-1485.36891937256,2.537109375
15.041666666666666,177.325057983398,-1485.37160491943,2.6865234375
15.043333333333333,177.341751098633,-1485.37551116943,2.78759765625
15.045,177.358474731445,-1485.38137054443,2.8623046875
15.046666666666667,177.37516784668,-1485.38930511475,2.96337890625
15.048333333333334,177.391891479492,-1485.39772796631,3.1201171875
15.05,177.408584594727,-1485.40517425537,3.3193359375
15.051666666666666,177.425308227539,-1485.411277771,3.52587890625
15.053333333333333,177.442001342773,-1485.41677093506,3.70751953125
15.055,177.458724975586,-1485.42226409912,3.849609375
15.056666666666667,177.475402832031,-1485.42812347412,3.9521484375
15.058333333333334,177.492095947266,-1485.43410491943,4.04150390625
15.06,177.5087890625,-1485.43984222412,4.13818359375
15.061666666666667,177.525482177734,-1485.44521331787,4.24072265625
15.063333333333333,177.542205810547,-1485.450340271,4.3388671875
15.065,177.558898925781,-1485.45485687256,4.43701171875
15.066666666666666,177.575622558594,-1485.45790863037,4.55126953125
15.068333333333333,177.592315673828,-1485.45986175537,4.6904296875
15.07,177.608993530273,-1485.4630355835,4.84130859375
15.071666666666667,177.625686645508,-1485.46962738037,4.98779296875
15.073333333333334,177.642379760742,-1485.47975921631,5.126953125
15.075,177.659072875977,-1485.49208831787,5.26318359375
15.076666666666666,177.675765991211,-1485.50514984131,5.38916015625
15.078333333333333,177.692459106445,-1485.51882171631,5.49169921875
15.08,177.70915222168,-1485.53285980225,5.57080078125
15.081666666666667,177.725830078125,-1485.54616546631,5.65283203125
15.083333333333334,177.742492675781,-1485.55715179443,5.74951171875
15.085,177.759185791016,-1485.56545257568,5.830078125
15.086666666666666,177.77587890625,-1485.57302093506,5.86376953125
15.088333333333333,177.792541503906,-1485.58242034912,5.84912109375
15.09,177.809204101563,-1485.59426116943,5.818359375
15.091666666666667,177.825881958008,-1485.60744476318,5.79345703125
15.093333333333334,177.842575073242,-1485.62050628662,5.78759765625
15.095,177.859268188477,-1485.63307952881,5.79931640625
15.096666666666666,177.875930786133,-1485.64479827881,5.83154296875
15.098333333333333,177.892593383789,-1485.65578460693,5.88427734375
15.1,177.909286499023,-1485.66774749756,5.96044921875
15.101666666666667,177.925933837891,-1485.68190765381,6.0556640625
15.103333333333333,177.942626953125,-1485.69777679443,6.15087890625
15.105,177.959289550781,-1485.71315765381,6.23583984375
15.106666666666667,177.975952148438,-1485.72634124756,6.322265625
15.108333333333333,177.992614746094,-1485.73732757568,6.43505859375
15.11,178.009262084961,-1485.74697113037,6.5595703125
15.111666666666666,178.025924682617,-1485.756980896,6.65625
15.113333333333333,178.042587280273,-1485.76882171631,6.70166015625
15.115,178.05924987793,-1485.78285980225,6.71337890625
15.116666666666667,178.075912475586,-1485.79811859131,6.7236328125
15.118333333333334,178.092575073242,-1485.811668396,6.744140625
15.12,178.109222412109,-1485.82228851318,6.76025390625
15.121666666666666,178.125854492188,-1485.83083343506,6.7705078125
15.123333333333333,178.142517089844,-1485.8399887085,6.791015625
15.125,178.1591796875,-1485.850730896,6.84521484375
15.126666666666667,178.175842285156,-1485.86135101318,6.92138671875
15.128333333333334,178.192489624023,-1485.87001800537,6.9873046875
15.13,178.20915222168,-1485.87673187256,7.02685546875
15.131666666666666,178.225814819336,-1485.88259124756,7.05615234375
15.133333333333333,178.242477416992,-1485.88796234131,7.10009765625
15.135,178.259140014648,-1485.89357757568,7.16015625
15.136666666666667,178.275787353516,-1485.90004730225,7.2158203125
15.138333333333334,178.292449951172,-1485.90822601318,7.259765625
15.14,178.309112548828,-1485.91847991943,7.29345703125
15.141666666666667,178.325775146484,-1485.930809021,7.3037109375
15.143333333333333,178.342437744141,-1485.944480896,7.2890625
15.145,178.359085083008,-1485.95778656006,7.2626953125
15.146666666666667,178.375747680664,-1485.96999359131,7.25537109375
15.148333333333333,178.39241027832,-1485.98171234131,7.28759765625
15.15,178.409072875977,-1485.99416351318,7.359375
15.151666666666667,178.425765991211,-1486.00649261475,7.46044921875
15.153333333333334,178.442428588867,-1486.0177230835,7.56591796875
15.155,178.459075927734,-1486.02809906006,7.65087890625
15.156666666666666,178.475738525391,-1486.0392074585,7.70947265625
15.158333333333333,178.492401123047,-1486.05239105225,7.751953125
15.16,178.509063720703,-1486.06716156006,7.822265625
15.161666666666667,178.525726318359,-1486.0821762085,7.93505859375
15.163333333333334,178.542373657227,-1486.09706878662,8.0771484375
15.165,178.559036254883,-1486.11208343506,8.19580078125
15.166666666666666,178.575698852539,-1486.12758636475,8.267578125
15.168333333333333,178.592391967773,-1486.14223480225,8.31884765625
15.17,178.60905456543,-1486.15529632568,8.38330078125
15.171666666666667,178.625701904297,-1486.16799163818,8.466796875
15.173333333333334,178.642364501953,-1486.18227386475,8.56201171875
15.175,178.659057617188,-1486.19911956787,8.68505859375
15.176666666666666,178.675689697266,-1486.21718597412,8.84326171875
15.178333333333333,178.692352294922,-1486.23439788818,9.0263671875
15.18,178.709014892578,-1486.24977874756,9.205078125
15.181666666666667,178.725662231445,-1486.26357269287,9.36328125
15.183333333333334,178.742324829102,-1486.27639007568,9.50244140625
15.185,178.758987426758,-1486.28932952881,9.6328125
15.186666666666667,178.775650024414,-1486.30300140381,9.7763671875
15.188333333333333,178.792343139648,-1486.31777191162,9.94775390625
15.19,178.808990478516,-1486.33364105225,10.1455078125
15.191666666666666,178.825622558594,-1486.35060882568,10.36376953125
15.193333333333333,178.842315673828,-1486.36867523193,10.60400390625
15.195,178.858978271484,-1486.38747406006,10.857421875
15.196666666666667,178.875640869141,-1486.4063949585,11.0947265625
15.198333333333334,178.892288208008,-1486.42531585693,11.2822265625
15.2,178.908950805664,-1486.44411468506,11.41259765625
15.201666666666666,178.925643920898,-1486.46352386475,11.50927734375
15.203333333333333,178.942306518555,-1486.483543396,11.60302734375
15.205,178.958969116211,-1486.50392913818,11.69091796875
15.206666666666667,178.975662231445,-1486.52297210693,11.759765625
15.208333333333334,178.992309570313,-1486.53969573975,11.8154296875
15.21,179.008972167969,-1486.55458831787,11.888671875
15.211666666666666,179.025634765625,-1486.56862640381,11.98828125
15.213333333333333,179.042297363281,-1486.58229827881,12.087890625
15.215,179.058959960938,-1486.59609222412,12.14794921875
15.216666666666667,179.075607299805,-1486.61171722412,12.16259765625
15.218333333333334,179.092269897461,-1486.63051605225,12.16845703125
15.22,179.108932495117,-1486.65224456787,12.1962890625
15.221666666666666,179.125595092773,-1486.67531585693,12.25341796875
15.223333333333333,179.14225769043,-1486.69875335693,12.333984375
15.225,179.158920288086,-1486.72267913818,12.43505859375
15.226666666666667,179.175567626953,-1486.747215271,12.5361328125
15.228333333333333,179.192230224609,-1486.77248382568,12.609375
15.23,179.208892822266,-1486.7989730835,12.6357421875
15.231666666666667,179.2255859375,-1486.82717132568,12.63427734375
15.233333333333333,179.242248535156,-1486.85781097412,12.6298828125
15.235,179.258895874023,-1486.89015960693,12.63134765625
15.236666666666666,179.27555847168,-1486.92250823975,12.64013671875
15.238333333333333,179.292221069336,-1486.95265960693,12.6591796875
15.24,179.308883666992,-1486.97939300537,12.68994140625
15.241666666666667,179.325546264648,-1487.00344085693,12.73974609375
15.243333333333334,179.342193603516,-1487.02626800537,12.80419921875
15.245,179.358856201172,-1487.04909515381,12.884765625
15.246666666666666,179.375518798828,-1487.07131195068,12.97412109375
15.248333333333333,179.392181396484,-1487.09206390381,13.0810546875
15.25,179.408843994141,-1487.11220550537,13.20849609375
15.251666666666667,179.425537109375,-1487.1329574585,13.35498046875
15.253333333333334,179.442184448242,-1487.15431976318,13.53076171875
15.255,179.458847045898,-1487.17531585693,13.74169921875
15.256666666666666,179.475509643555,-1487.19460296631,13.974609375
15.258333333333333,179.492202758789,-1487.21266937256,14.1943359375
15.26,179.508865356445,-1487.23122406006,14.3671875
15.261666666666667,179.52555847168,-1487.25075531006,14.484375
15.263333333333334,179.542205810547,-1487.27089691162,14.5576171875
15.265,179.558898925781,-1487.29140472412,14.60595703125
15.266666666666667,179.575561523438,-1487.3126449585,14.642578125
15.268333333333333,179.592224121094,-1487.33400726318,14.67333984375
15.27,179.60888671875,-1487.35378265381,14.6923828125
15.271666666666667,179.625564575195,-1487.37075042725,14.6953125
15.273333333333333,179.642227172852,-1487.38649749756,14.67626953125
15.275,179.658889770508,-1487.40309906006,14.625
15.276666666666667,179.675582885742,-1487.42128753662,14.55029296875
15.278333333333334,179.692276000977,-1487.44081878662,14.47412109375
15.28,179.708938598633,-1487.46132659912,14.43017578125
15.281666666666666,179.725616455078,-1487.48281097412,14.42431640625
15.283333333333333,179.742309570313,-1487.50576019287,14.43603515625
15.285,179.758972167969,-1487.53054046631,14.44921875
15.286666666666667,179.775665283203,-1487.55727386475,14.466796875
15.288333333333334,179.792327880859,-1487.585105896,14.5078125
15.29,179.809020996094,-1487.61305999756,14.57666015625
15.291666666666666,179.825714111328,-1487.64040374756,14.6513671875
15.293333333333333,179.842391967773,-1487.66750335693,14.7099609375
15.295,179.85905456543,-1487.69618988037,14.75537109375
15.296666666666667,179.875747680664,-1487.72743988037,14.806640625
15.298333333333334,179.892440795898,-1487.76064300537,14.87255859375
15.3,179.909133911133,-1487.79457855225,14.93701171875
15.301666666666666,179.925796508789,-1487.82778167725,14.970703125
15.303333333333333,179.942474365234,-1487.85927581787,14.97509765625
15.305,179.959167480469,-1487.88845062256,14.9765625
15.306666666666667,179.975860595703,-1487.91591644287,14.9912109375
15.308333333333334,179.992553710938,-1487.94289398193,15.01904296875
15.31,180.009246826172,-1487.96999359131,15.05419921875
15.311666666666667,180.025939941406,-1487.99684906006,15.0966796875
15.313333333333333,180.042633056641,-1488.0235824585,15.158203125
15.315,180.059280395508,-1488.05019378662,15.234375
15.316666666666666,180.075973510742,-1488.07656097412,15.31494140625
15.318333333333333,180.092666625977,-1488.102684021,15.3955078125
15.32,180.109359741211,-1488.12868499756,15.47607421875
15.321666666666667,180.126022338867,-1488.15517425537,15.55517578125
15.323333333333334,180.142715454102,-1488.18141937256,15.62255859375
15.325,180.159362792969,-1488.20644378662,15.6591796875
15.326666666666666,180.176055908203,-1488.23036956787,15.66357421875
15.328333333333333,180.192718505859,-1488.25466156006,15.64453125
15.33,180.209411621094,-1488.28029632568,15.61669921875
15.331666666666667,180.226104736328,-1488.3067855835,15.580078125
15.333333333333334,180.242767333984,-1488.333152771,15.544921875
15.335,180.259460449219,-1488.35878753662,15.52734375
15.336666666666666,180.276107788086,-1488.383934021,15.51708984375
15.338333333333333,180.29280090332,-1488.40920257568,15.4951171875
15.34,180.309463500977,-1488.43398284912,15.45263671875
15.341666666666667,180.326126098633,-1488.45742034912,15.3955078125
15.343333333333334,180.342788696289,-1488.47878265381,15.3251953125
15.345,180.359436035156,-1488.49868011475,15.24169921875
15.346666666666666,180.376129150391,-1488.51894378662,15.15673828125
15.348333333333333,180.392791748047,-1488.54067230225,15.08203125
15.35,180.409454345703,-1488.56423187256,15.0234375
15.351666666666667,180.426147460938,-1488.58852386475,14.9736328125
15.353333333333333,180.442810058594,-1488.61183929443,14.9208984375
15.355,180.459457397461,-1488.633934021,14.8447265625
15.356666666666667,180.476089477539,-1488.65602874756,14.73779296875
15.358333333333333,180.492782592773,-1488.67934417725,14.60888671875
15.36,180.50944519043,-1488.704246521,14.47265625
15.361666666666666,180.526107788086,-1488.73049163818,14.34228515625
15.363333333333333,180.542724609375,-1488.75759124756,14.21630859375
15.365,180.559387207031,-1488.78469085693,14.09765625
15.366666666666667,180.576049804688,-1488.8106918335,13.9892578125
15.368333333333334,180.592712402344,-1488.83583831787,13.8896484375
15.37,180.609344482422,-1488.86098480225,13.787109375
15.371666666666666,180.626022338867,-1488.88649749756,13.67724609375
15.373333333333333,180.642684936523,-1488.91139984131,13.5732421875
15.375,180.65934753418,-1488.93581390381,13.48828125
15.376666666666667,180.676010131836,-1488.96144866943,13.42529296875
15.378333333333334,180.692672729492,-1488.98928070068,13.376953125
15.38,180.709289550781,-1489.018699646,13.32861328125
15.381666666666666,180.725952148438,-1489.04836273193,13.27734375
15.383333333333333,180.742614746094,-1489.07753753662,13.2333984375
15.385,180.759307861328,-1489.10488128662,13.21142578125
15.386666666666667,180.775970458984,-1489.12941741943,13.2041015625
15.388333333333334,180.792633056641,-1489.151512146,13.19677734375
15.39,180.809280395508,-1489.17275238037,13.1748046875
15.391666666666667,180.825942993164,-1489.19484710693,13.130859375
15.393333333333333,180.842636108398,-1489.21779632568,13.07080078125
15.395,180.859298706055,-1489.24025726318,13.0224609375
15.396666666666667,180.875961303711,-1489.26064300537,12.99462890625
15.398333333333333,180.892639160156,-1489.27834320068,12.978515625
15.4,180.909301757813,-1489.29396820068,12.955078125
15.401666666666667,180.925994873047,-1489.3087387085,12.908203125
15.403333333333334,180.942657470703,-1489.32387542725,12.8349609375
15.405,180.959350585938,-1489.33986663818,12.7412109375
15.406666666666666,180.976013183594,-1489.35622406006,12.6416015625
15.408333333333333,180.992691040039,-1489.372215271,12.5478515625
15.41,181.009384155273,-1489.387840271,12.451171875
15.411666666666667,181.026077270508,-1489.40358734131,12.34130859375
15.413333333333334,181.042770385742,-1489.4200668335,12.216796875
15.415,181.059432983398,-1489.43788909912,12.0966796875
15.416666666666666,181.076126098633,-1489.4571762085,11.98095703125
15.418333333333333,181.092819213867,-1489.47756195068,11.84619140625
15.42,181.109497070313,-1489.49868011475,11.68359375
15.421666666666667,181.126159667969,-1489.51992034912,11.5048828125
15.423333333333334,181.142852783203,-1489.54042816162,11.32763671875
15.425,181.159515380859,-1489.56020355225,11.15185546875
15.426666666666666,181.176208496094,-1489.57973480225,10.9951171875
15.428333333333333,181.192901611328,-1489.59902191162,10.88232421875
15.43,181.209579467773,-1489.61867523193,10.8193359375
15.431666666666667,181.22624206543,-1489.63857269287,10.787109375
15.433333333333334,181.242904663086,-1489.65847015381,10.75341796875
15.435,181.25959777832,-1489.67775726318,10.7109375
15.436666666666667,181.276290893555,-1489.69704437256,10.6640625
15.438333333333333,181.292984008789,-1489.71681976318,10.63330078125
15.44,181.309661865234,-1489.73757171631,10.63330078125
15.441666666666666,181.326248168945,-1489.758934021,10.65966796875
15.443333333333333,181.342834472656,-1489.77993011475,10.69775390625
15.445,181.359405517578,-1489.80007171631,10.73583984375
15.446666666666667,181.375991821289,-1489.81935882568,10.75927734375
15.448333333333334,181.392578125,-1489.83815765381,10.76220703125
15.45,181.409164428711,-1489.85634613037,10.75341796875
15.451666666666666,181.425750732422,-1489.87343597412,10.74609375
15.453333333333333,181.442352294922,-1489.88942718506,10.7431640625
15.455,181.458938598633,-1489.90456390381,10.72998046875
15.456666666666667,181.475494384766,-1489.91945648193,10.693359375
15.458333333333334,181.492050170898,-1489.93422698975,10.64501953125
15.46,181.508636474609,-1489.94863128662,10.6025390625
15.461666666666666,181.525192260742,-1489.96291351318,10.57177734375
15.463333333333333,181.541793823242,-1489.97743988037,10.5556640625
15.465,181.558380126953,-1489.9923324585,10.55126953125
15.466666666666667,181.574935913086,-1490.00685882568,10.5498046875
15.468333333333334,181.591522216797,-1490.02114105225,10.5498046875
15.47,181.60807800293,-1490.036277771,10.56298828125
15.471666666666666,181.624633789063,-1490.05312347412,10.576171875
15.473333333333333,181.641235351563,-1490.07167816162,10.58056640625
15.475,181.657791137695,-1490.090965271,10.5791015625
15.476666666666667,181.674346923828,-1490.11037445068,10.58203125
15.478333333333333,181.690902709961,-1490.12892913818,10.587890625
15.48,181.707458496094,-1490.14675140381,10.587890625
15.481666666666667,181.724044799805,-1490.16445159912,10.5732421875
15.483333333333333,181.740615844727,-1490.18227386475,10.53076171875
15.485,181.757171630859,-1490.20021820068,10.46337890625
15.486666666666666,181.773696899414,-1490.21852874756,10.3828125
15.488333333333333,181.790252685547,-1490.2364730835,10.3037109375
15.49,181.806838989258,-1490.253074646,10.24072265625
15.491666666666667,181.823364257813,-1490.26833343506,10.20556640625
15.493333333333334,181.839950561523,-1490.2833480835,10.19677734375
15.495,181.856521606445,-1490.29885101318,10.20556640625
15.496666666666666,181.873046875,-1490.31423187256,10.2158203125
15.498333333333333,181.889602661133,-1490.32900238037,10.22607421875
15.5,181.906127929688,-1490.34426116943,10.24951171875
15.501666666666667,181.92268371582,-1490.36110687256,10.2861328125
15.503333333333334,181.939208984375,-1490.37966156006,10.31103515625
15.505,181.955764770508,-1490.399559021,10.31103515625
15.506666666666666,181.97233581543,-1490.41970062256,10.28759765625
15.508333333333333,181.988891601563,-1490.43935394287,10.25537109375
15.51,182.005447387695,-1490.45888519287,10.21728515625
15.511666666666667,182.02197265625,-1490.47927093506,10.166015625
15.513333333333334,182.038528442383,-1490.50002288818,10.1044921875
15.515,182.055084228516,-1490.52028656006,10.0400390625
15.516666666666667,182.071640014648,-1490.54006195068,9.9814453125
15.518333333333333,182.08821105957,-1490.55959320068,9.9345703125
15.52,182.104736328125,-1490.57936859131,9.9052734375
15.521666666666667,182.121292114258,-1490.59914398193,9.896484375
15.523333333333333,182.137847900391,-1490.61867523193,9.9140625
15.525,182.154373168945,-1490.63649749756,9.9609375
15.526666666666667,182.170928955078,-1490.65187835693,10.01806640625
15.528333333333334,182.187484741211,-1490.66530609131,10.0546875
15.53,182.204025268555,-1490.67800140381,10.072265625
15.531666666666666,182.220581054688,-1490.6915512085,10.09716796875
15.533333333333333,182.23713684082,-1490.70680999756,10.14697265625
15.535,182.253662109375,-1490.72316741943,10.212890625
15.536666666666667,182.270217895508,-1490.73989105225,10.2890625
15.538333333333334,182.286773681641,-1490.75588226318,10.37841796875
15.54,182.303359985352,-1490.7716293335,10.482421875
15.541666666666666,182.319931030273,-1490.78835296631,10.57763671875
15.543333333333333,182.336486816406,-1490.805809021,10.63916015625
15.545,182.353042602539,-1490.82216644287,10.646484375
15.546666666666667,182.369598388672,-1490.83669281006,10.59814453125
15.548333333333334,182.386123657227,-1490.84963226318,10.52197265625
15.55,182.402709960938,-1490.8614730835,10.4560546875
15.551666666666666,182.41926574707,-1490.87258148193,10.4208984375
15.553333333333333,182.435836791992,-1490.88344573975,10.41064453125
15.555,182.452392578125,-1490.89516448975,10.42236328125
15.556666666666667,182.468948364258,-1490.9083480835,10.4560546875
15.558333333333334,182.485504150391,-1490.92275238037,10.5
15.56,182.502029418945,-1490.93825531006,10.541015625
15.561666666666667,182.518585205078,-1490.95436859131,10.5673828125
15.563333333333333,182.535140991211,-1490.97145843506,10.57470703125
15.565,182.551681518555,-1490.99062347412,10.5673828125
15.566666666666666,182.568237304688,-1491.01235198975,10.56884765625
15.568333333333333,182.58479309082,-1491.03505706787,10.59814453125
15.57,182.601348876953,-1491.05641937256,10.66259765625
15.571666666666667,182.617904663086,-1491.07582855225,10.7490234375
15.573333333333334,182.634460449219,-1491.09450531006,10.83251953125
15.575,182.651031494141,-1491.11391448975,10.89404296875
15.576666666666666,182.667587280273,-1491.13442230225,10.93505859375
15.578333333333333,182.684143066406,-1491.15627288818,10.97021484375
15.58,182.700698852539,-1491.17910003662,11.02587890625
15.581666666666667,182.717254638672,-1491.20253753662,11.1064453125
15.583333333333334,182.733810424805,-1491.225730896,11.18994140625
15.585,182.750366210938,-1491.24770355225,11.2529296875
15.586666666666666,182.766967773438,-1491.26686859131,11.29833984375
15.588333333333333,182.78352355957,-1491.28273773193,11.33642578125
15.59,182.800079345703,-1491.29653167725,11.37890625
15.591666666666667,182.816635131836,-1491.3106918335,11.4375
15.593333333333334,182.833190917969,-1491.327293396,11.5166015625
15.595,182.849746704102,-1491.346824646,11.61328125
15.596666666666666,182.866317749023,-1491.36855316162,11.7158203125
15.598333333333333,182.882873535156,-1491.39162445068,11.81396484375
15.6,182.899429321289,-1491.41506195068,11.90185546875
15.601666666666667,182.916015625,-1491.43801116943,11.97216796875
15.603333333333333,182.932571411133,-1491.45998382568,12.03515625
15.605,182.949127197266,-1491.48036956787,12.0908203125
15.606666666666667,182.965682983398,-1491.49929046631,12.11865234375
15.608333333333333,182.98225402832,-1491.51723480225,12.111328125
15.61,182.998809814453,-1491.53505706787,12.09375
15.611666666666666,183.015365600586,-1491.553855896,12.10986328125
15.613333333333333,183.031951904297,-1491.57375335693,12.17138671875
15.615,183.04850769043,-1491.59426116943,12.2607421875
15.616666666666667,183.065093994141,-1491.61464691162,12.36767578125
15.618333333333334,183.081665039063,-1491.63442230225,12.4921875
15.62,183.098220825195,-1491.65407562256,12.6240234375
15.621666666666666,183.114776611328,-1491.67470550537,12.74560546875
15.623333333333333,183.131362915039,-1491.69716644287,12.84228515625
15.625,183.147918701172,-1491.7208480835,12.9111328125
15.626666666666667,183.164474487305,-1491.74355316162,12.95947265625
15.628333333333334,183.181045532227,-1491.76369476318,12.9990234375
15.63,183.197601318359,-1491.7813949585,13.04443359375
15.631666666666666,183.21418762207,-1491.79787445068,13.0986328125
15.633333333333333,183.230743408203,-1491.8145980835,13.14990234375
15.635,183.247299194336,-1491.83229827881,13.1806640625
15.636666666666667,183.263854980469,-1491.85121917725,13.189453125
15.638333333333334,183.280410766602,-1491.87148284912,13.1953125
15.64,183.296981811523,-1491.89284515381,13.22314453125
15.641666666666667,183.313537597656,-1491.91457366943,13.28759765625
15.643333333333333,183.330093383789,-1491.93593597412,13.37841796875
15.645,183.346649169922,-1491.95729827881,13.48095703125
15.646666666666667,183.363204956055,-1491.97902679443,13.58935546875
15.648333333333333,183.379760742188,-1492.00051116943,13.705078125
15.65,183.396362304688,-1492.0216293335,13.81640625
15.651666666666667,183.41291809082,-1492.04286956787,13.91748046875
15.653333333333334,183.429473876953,-1492.065574646,14.0068359375
15.655,183.446029663086,-1492.09011077881,14.09619140625
15.656666666666666,183.462615966797,-1492.11623382568,14.18701171875
15.658333333333333,183.47917175293,-1492.14455413818,14.26904296875
15.66,183.495727539063,-1492.17543792725,14.3349609375
15.661666666666667,183.512298583984,-1492.20827484131,14.38623046875
15.663333333333334,183.528884887695,-1492.24123382568,14.419921875
15.665,183.545440673828,-1492.27272796631,14.419921875
15.666666666666666,183.561996459961,-1492.30165863037,14.38037109375
15.668333333333333,183.578582763672,-1492.32765960693,14.3349609375
15.67,183.595138549805,-1492.35012054443,14.33056640625
15.671666666666667,183.611740112305,-1492.36977386475,14.38916015625
15.673333333333334,183.628295898438,-1492.38808441162,14.49169921875
15.675,183.64485168457,-1492.40651702881,14.64990234375
15.676666666666666,183.661437988281,-1492.42568206787,14.85498046875
15.678333333333333,183.677993774414,-1492.44594573975,15.04248046875
15.68,183.694549560547,-1492.46816253662,15.19482421875
15.681666666666667,183.711151123047,-1492.49355316162,15.3076171875
15.683333333333334,183.72770690918,-1492.52236175537,15.4013671875
15.685,183.744293212891,-1492.5528793335,15.4892578125
15.686666666666667,183.760848999023,-1492.58339691162,15.5712890625
15.688333333333333,183.777435302734,-1492.61281585693,15.64599609375
15.69,183.793991088867,-1492.64138031006,15.7236328125
15.691666666666666,183.810592651367,-1492.66860198975,15.802734375
15.693333333333333,183.827178955078,-1492.69484710693,15.87451171875
15.695,183.843734741211,-1492.72109222412,15.9287109375
15.696666666666667,183.860321044922,-1492.74843597412,15.97265625
15.698333333333334,183.876876831055,-1492.776512146,16.0107421875
15.7,183.893463134766,-1492.80373382568,16.01806640625
15.701666666666666,183.910034179688,-1492.82900238037,15.98291015625
15.703333333333333,183.926620483398,-1492.85292816162,15.91552734375
15.705,183.943176269531,-1492.87636566162,15.8408203125
15.706666666666667,183.959762573242,-1492.89882659912,15.7734375
15.708333333333334,183.976318359375,-1492.91921234131,15.7265625
15.71,183.992874145508,-1492.93813323975,15.7119140625
15.711666666666666,184.009475708008,-1492.95790863037,15.744140625
15.713333333333333,184.026031494141,-1492.98049163818,15.81591796875
15.715,184.042587280273,-1493.00551605225,15.90087890625
15.716666666666667,184.059173583984,-1493.03542327881,15.9609375
15.718333333333334,184.075729370117,-1493.07021331787,15.99169921875
15.72,184.092315673828,-1493.10475921631,16.01220703125
15.721666666666666,184.10888671875,-1493.13771820068,16.01513671875
15.723333333333333,184.125442504883,-1493.16847991943,15.98291015625
15.725,184.142028808594,-1493.19802093506,15.9140625
15.726666666666667,184.158615112305,-1493.2267074585,15.82763671875
15.728333333333333,184.175170898438,-1493.25490570068,15.744140625
15.73,184.191757202148,-1493.28285980225,15.67236328125
15.731666666666667,184.208358764648,-1493.31081390381,15.60498046875
15.733333333333333,184.224975585938,-1493.33852386475,15.54638671875
15.735,184.24153137207,-1493.36574554443,15.498046875
15.736666666666666,184.258117675781,-1493.39296722412,15.44970703125
15.738333333333333,184.274703979492,-1493.42116546631,15.392578125
15.74,184.291305541992,-1493.45046234131,15.3310546875
15.741666666666667,184.307861328125,-1493.47939300537,15.27978515625
15.743333333333334,184.324447631836,-1493.50734710693,15.251953125
15.745,184.341033935547,-1493.53456878662,15.23876953125
15.746666666666666,184.357620239258,-1493.56130218506,15.234375
15.748333333333333,184.374176025391,-1493.58718109131,15.2431640625
15.75,184.390747070313,-1493.61220550537,15.27685546875
15.751666666666667,184.407333374023,-1493.63698577881,15.328125
15.753333333333334,184.423889160156,-1493.66213226318,15.37060546875
15.755,184.440444946289,-1493.68776702881,15.37939453125
15.756666666666666,184.45703125,-1493.71315765381,15.35888671875
15.758333333333333,184.473587036133,-1493.73659515381,15.27978515625
15.76,184.490188598633,-1493.75832366943,15.1376953125
15.761666666666667,184.506744384766,-1493.78029632568,14.99267578125
15.763333333333334,184.523300170898,-1493.80275726318,14.8623046875
15.765,184.539855957031,-1493.82546234131,14.7568359375
15.766666666666667,184.556442260742,-1493.84853363037,14.66748046875
15.768333333333333,184.572998046875,-1493.87184906006,14.5927734375
15.77,184.589569091797,-1493.89540863037,14.51953125
15.771666666666667,184.606155395508,-1493.91884613037,14.4462890625
15.773333333333333,184.622711181641,-1493.94179534912,14.36865234375
15.775,184.639266967773,-1493.96413421631,14.29248046875
15.776666666666667,184.655822753906,-1493.98635101318,14.220703125
15.778333333333334,184.672409057617,-1494.00856781006,14.150390625
15.78,184.688980102539,-1494.03115081787,14.06982421875
15.781666666666666,184.705535888672,-1494.05410003662,13.97900390625
15.783333333333333,184.722122192383,-1494.07704925537,13.892578125
15.785,184.738677978516,-1494.09999847412,13.81787109375
15.786666666666667,184.755264282227,-1494.12282562256,13.75048828125
15.788333333333334,184.771820068359,-1494.14589691162,13.6875
15.79,184.788421630859,-1494.169090271,13.634765625
15.791666666666666,184.804977416992,-1494.19228363037,13.59521484375
15.793333333333333,184.821533203125,-1494.21547698975,13.5615234375
15.795,184.838119506836,-1494.23879241943,13.529296875
15.796666666666667,184.854705810547,-1494.26210784912,13.49267578125
15.798333333333334,184.87126159668,-1494.28542327881,13.46044921875
15.8,184.88786315918,-1494.3087387085,13.44873046875
15.801666666666666,184.904449462891,-1494.33168792725,13.45458984375
15.803333333333333,184.921005249023,-1494.35414886475,13.4560546875
15.805,184.937561035156,-1494.37624359131,13.4501953125
15.806666666666667,184.954147338867,-1494.39821624756,13.44140625
15.808333333333334,184.970703125,-1494.42031097412,13.4267578125
15.81,184.9873046875,-1494.44277191162,13.40771484375
15.811666666666667,185.003860473633,-1494.46486663818,13.38427734375
15.813333333333333,185.020416259766,-1494.48671722412,13.36376953125
15.815,185.037002563477,-1494.50820159912,13.3505859375
15.816666666666666,185.053558349609,-1494.52956390381,13.34765625
15.818333333333333,185.070114135742,-1494.55080413818,13.34765625
15.82,185.086685180664,-1494.57216644287,13.34619140625
15.821666666666667,185.103271484375,-1494.59365081787,13.3388671875
15.823333333333334,185.119827270508,-1494.6153793335,13.32421875
15.825,185.136383056641,-1494.63710784912,13.30810546875
15.826666666666666,185.152969360352,-1494.65883636475,13.2919921875
15.828333333333333,185.169525146484,-1494.68044281006,13.27880859375
15.83,185.186096191406,-1494.70192718506,13.2626953125
15.831666666666667,185.202682495117,-1494.72341156006,13.248046875
15.833333333333334,185.219268798828,-1494.74514007568,13.23193359375
15.835,185.235824584961,-1494.76711273193,13.212890625
15.836666666666666,185.252380371094,-1494.78957366943,13.189453125
15.838333333333333,185.268966674805,-1494.81215667725,13.16455078125
15.84,185.285537719727,-1494.83486175537,13.13671875
15.841666666666667,185.302124023438,-1494.85732269287,13.10595703125
15.843333333333334,185.31867980957,-1494.87953948975,13.078125
15.845,185.335266113281,-1494.90163421631,13.05908203125
15.846666666666666,185.351852416992,-1494.92360687256,13.0517578125
15.848333333333333,185.368408203125,-1494.94557952881,13.05322265625
15.85,185.385025024414,-1494.96743011475,13.05615234375
15.851666666666667,185.40168762207,-1494.98915863037,13.0576171875
15.853333333333333,185.418350219727,-1495.01076507568,13.06201171875
15.855,185.435043334961,-1495.03249359131,13.06640625
15.856666666666667,185.451705932617,-1495.05434417725,13.07373046875
15.858333333333333,185.468399047852,-1495.07643890381,13.07666015625
15.86,185.485046386719,-1495.09865570068,13.07958984375
15.861666666666666,185.501708984375,-1495.12075042725,13.0810546875
15.863333333333333,185.518371582031,-1495.1427230835,13.08251953125
15.865,185.535034179688,-1495.16445159912,13.083984375
15.866666666666667,185.551696777344,-1495.18605804443,13.08837890625
15.868333333333334,185.568344116211,-1495.20766448975,13.095703125
15.87,185.585006713867,-1495.22939300537,13.1044921875
15.871666666666666,185.601669311523,-1495.251121521,13.11328125
15.873333333333333,185.61833190918,-1495.27309417725,13.1162109375
15.875,185.634994506836,-1495.29494476318,13.1103515625
15.876666666666667,185.651641845703,-1495.3165512085,13.1044921875
15.878333333333334,185.668304443359,-1495.33791351318,13.09423828125
15.88,185.684997558594,-1495.35915374756,13.08544921875
15.881666666666666,185.70166015625,-1495.38014984131,13.078125
15.883333333333333,185.718322753906,-1495.40090179443,13.07373046875
15.885,185.734985351563,-1495.42153167725,13.07080078125
15.886666666666667,185.75163269043,-1495.44240570068,13.07373046875
15.888333333333334,185.768295288086,-1495.46389007568,13.08251953125
15.89,185.784957885742,-1495.48598480225,13.095703125
15.891666666666667,185.801651000977,-1495.50832366943,13.1103515625
15.893333333333333,185.818313598633,-1495.53090667725,13.125
15.895,185.8349609375,-1495.55336761475,13.14111328125
15.896666666666667,185.851623535156,-1495.57558441162,13.15576171875
15.898333333333333,185.868316650391,-1495.59767913818,13.16748046875
15.9,185.884979248047,-1495.6192855835,13.1748046875
15.901666666666667,185.901641845703,-1495.6407699585,13.17626953125
15.903333333333334,185.918304443359,-1495.6622543335,13.17626953125
15.905,185.934951782227,-1495.68386077881,13.17626953125
15.906666666666666,185.951614379883,-1495.70571136475,13.17626953125
15.908333333333333,185.968276977539,-1495.72780609131,13.1748046875
15.91,185.984939575195,-1495.7501449585,13.17041015625
15.911666666666667,186.001602172852,-1495.77248382568,13.1630859375
15.913333333333334,186.018280029297,-1495.79470062256,13.15576171875
15.915,186.034942626953,-1495.81642913818,13.1484375
15.916666666666666,186.051605224609,-1495.83766937256,13.14697265625
15.918333333333333,186.068267822266,-1495.85915374756,13.154296875
15.92,186.0849609375,-1495.88076019287,13.16748046875
15.921666666666667,186.101623535156,-1495.90261077881,13.18212890625
15.923333333333334,186.118270874023,-1495.92470550537,13.1982421875
15.925,186.134963989258,-1495.94680023193,13.2158203125
15.926666666666666,186.151626586914,-1495.96877288818,13.23046875
15.928333333333333,186.16828918457,-1495.99111175537,13.24365234375
15.93,186.184982299805,-1496.0138168335,13.2509765625
15.931666666666667,186.201644897461,-1496.03688812256,13.24951171875
15.933333333333334,186.218322753906,-1496.05995941162,13.2451171875
15.935,186.234985351563,-1496.08290863037,13.236328125
15.936666666666667,186.251678466797,-1496.10585784912,13.2275390625
15.938333333333333,186.268341064453,-1496.12880706787,13.22314453125
15.94,186.285034179688,-1496.15163421631,13.22607421875
15.941666666666666,186.301727294922,-1496.17433929443,13.2421875
15.943333333333333,186.318374633789,-1496.19667816162,13.265625
15.945,186.335067749023,-1496.21877288818,13.29052734375
15.946666666666667,186.351760864258,-1496.24074554443,13.31103515625
15.948333333333334,186.368423461914,-1496.26247406006,13.32568359375
15.95,186.385116577148,-1496.28395843506,13.33447265625
15.951666666666666,186.401809692383,-1496.30519866943,13.3388671875
15.953333333333333,186.418487548828,-1496.3263168335,13.341796875
15.955,186.435180664063,-1496.34743499756,13.3447265625
15.956666666666667,186.451873779297,-1496.36879730225,13.3505859375
15.958333333333334,186.468566894531,-1496.39052581787,13.36376953125
15.96,186.485229492188,-1496.41274261475,13.37548828125
15.961666666666666,186.501922607422,-1496.43520355225,13.388671875
15.963333333333333,186.518615722656,-1496.45766448975,13.40185546875
15.965,186.535293579102,-1496.48000335693,13.41064453125
15.966666666666667,186.551986694336,-1496.50222015381,13.41943359375
15.968333333333334,186.568649291992,-1496.52407073975,13.42822265625
15.97,186.585342407227,-1496.546043396,13.43115234375
15.971666666666666,186.602035522461,-1496.56813812256,13.4296875
15.973333333333333,186.618728637695,-1496.59011077881,13.42236328125
15.975,186.63542175293,-1496.61208343506,13.41357421875
15.976666666666667,186.652069091797,-1496.633934021,13.40625
15.978333333333333,186.668762207031,-1496.65566253662,13.400390625
15.98,186.685455322266,-1496.67751312256,13.39453125
15.981666666666667,186.702117919922,-1496.69985198975,13.388671875
15.983333333333333,186.718811035156,-1496.7228012085,13.3857421875
15.985,186.735473632813,-1496.7462387085,13.3857421875
15.986666666666666,186.752151489258,-1496.76979827881,13.39013671875
15.988333333333333,186.768814086914,-1496.7931137085,13.39599609375
15.99,186.78547668457,-1496.81618499756,13.40478515625
15.991666666666667,186.802169799805,-1496.839012146,13.41357421875
15.993333333333334,186.818832397461,-1496.86171722412,13.42529296875
15.995,186.835525512695,-1496.88430023193,13.435546875
15.996666666666666,186.852172851563,-1496.90676116943,13.4443359375
15.998333333333333,186.868835449219,-1496.92897796631,13.45166015625
16,186.885528564453,-1496.9513168335,13.45751953125
16.001666666666665,186.902191162109,-1496.973777771,13.46044921875
16.003333333333334,186.918884277344,-1496.99648284912,13.46337890625
16.005,186.935546875,-1497.01943206787,13.46337890625
16.006666666666668,186.952224731445,-1497.04225921631,13.4619140625
16.008333333333333,186.968887329102,-1497.06508636475,13.4619140625
16.01,186.985549926758,-1497.08779144287,13.46337890625
16.011666666666667,187.002243041992,-1497.11037445068,13.46337890625
16.013333333333332,187.018905639648,-1497.1329574585,13.46044921875
16.015,187.035598754883,-1497.155418396,13.458984375
16.016666666666666,187.05224609375,-1497.17775726318,13.45751953125
16.018333333333334,187.068939208984,-1497.20009613037,13.45751953125
16.02,187.085601806641,-1497.22255706787,13.45751953125
16.02166666666667,187.102264404297,-1497.24501800537,13.4560546875
16.023333333333333,187.118927001953,-1497.26735687256,13.44873046875
16.025,187.13557434082,-1497.28981781006,13.4384765625
16.026666666666667,187.152267456055,-1497.31215667725,13.423828125
16.028333333333332,187.168930053711,-1497.33461761475,13.41064453125
16.03,187.185592651367,-1497.35707855225,13.400390625
16.031666666666666,187.202285766602,-1497.37953948975,13.39599609375
16.033333333333335,187.218948364258,-1497.40175628662,13.400390625
16.035,187.235595703125,-1497.4239730835,13.412109375
16.036666666666665,187.252258300781,-1497.44594573975,13.42822265625
16.038333333333334,187.268920898438,-1497.46779632568,13.4443359375
16.04,187.285583496094,-1497.48976898193,13.4560546875
16.041666666666668,187.302276611328,-1497.51198577881,13.46044921875
16.043333333333333,187.318923950195,-1497.53444671631,13.4619140625
16.045,187.335586547852,-1497.55715179443,13.46044921875
16.046666666666667,187.352279663086,-1497.57961273193,13.45751953125
16.048333333333332,187.368942260742,-1497.60182952881,13.46044921875
16.05,187.38557434082,-1497.62404632568,13.46337890625
16.051666666666666,187.402236938477,-1497.64601898193,13.4677734375
16.053333333333335,187.418914794922,-1497.66799163818,13.46923828125
16.055,187.435577392578,-1497.68984222412,13.4677734375
16.05666666666667,187.452239990234,-1497.71169281006,13.46923828125
16.058333333333334,187.468902587891,-1497.733543396,13.4736328125
16.06,187.485565185547,-1497.75539398193,13.4794921875
16.061666666666667,187.502212524414,-1497.77712249756,13.48388671875
16.063333333333333,187.518905639648,-1497.79885101318,13.48828125
16.065,187.535568237305,-1497.82057952881,13.49560546875
16.066666666666666,187.552261352539,-1497.84267425537,13.5029296875
16.06833333333333,187.568923950195,-1497.86489105225,13.51171875
16.07,187.58561706543,-1497.88735198975,13.517578125
16.071666666666665,187.602264404297,-1497.90981292725,13.5263671875
16.073333333333334,187.618957519531,-1497.93251800537,13.53515625
16.075,187.635650634766,-1497.95571136475,13.5439453125
16.076666666666668,187.652313232422,-1497.97939300537,13.546875
16.078333333333333,187.668975830078,-1498.00331878662,13.55126953125
16.08,187.685638427734,-1498.02712249756,13.5556640625
16.081666666666667,187.70231628418,-1498.05031585693,13.55712890625
16.083333333333332,187.718978881836,-1498.07302093506,13.55712890625
16.085,187.735641479492,-1498.09560394287,13.552734375
16.086666666666666,187.752304077148,-1498.11818695068,13.54833984375
16.088333333333335,187.768966674805,-1498.14089202881,13.55126953125
16.09,187.785614013672,-1498.16396331787,13.56005859375
16.091666666666665,187.802276611328,-1498.18703460693,13.5703125
16.093333333333334,187.818939208984,-1498.210105896,13.5849609375
16.095,187.835601806641,-1498.23281097412,13.599609375
16.096666666666668,187.852264404297,-1498.25527191162,13.61572265625
16.098333333333333,187.868927001953,-1498.27785491943,13.62890625
16.1,187.88557434082,-1498.30055999756,13.63916015625
16.101666666666667,187.902236938477,-1498.323387146,13.646484375
16.10333333333333,187.918899536133,-1498.34621429443,13.65380859375
16.105,187.935562133789,-1498.36904144287,13.658203125
16.106666666666666,187.952255249023,-1498.39199066162,13.65966796875
16.108333333333334,187.968902587891,-1498.41506195068,13.65673828125
16.11,187.985565185547,-1498.43813323975,13.65087890625
16.111666666666668,188.002227783203,-1498.4610824585,13.64208984375
16.113333333333333,188.018890380859,-1498.48427581787,13.63330078125
16.115,188.035552978516,-1498.50746917725,13.62158203125
16.116666666666667,188.052169799805,-1498.530418396,13.60400390625
16.118333333333332,188.068832397461,-1498.5528793335,13.57763671875
16.12,188.085494995117,-1498.57521820068,13.546875
16.121666666666666,188.102157592773,-1498.59743499756,13.517578125
16.123333333333335,188.11882019043,-1498.61952972412,13.49267578125
16.125,188.135467529297,-1498.641746521,13.47216796875
16.126666666666665,188.152130126953,-1498.66384124756,13.45458984375
16.128333333333334,188.168792724609,-1498.68618011475,13.43994140625
16.13,188.185455322266,-1498.70888519287,13.4267578125
16.131666666666668,188.202087402344,-1498.73183441162,13.41650390625
16.133333333333333,188.218734741211,-1498.75490570068,13.41357421875
16.135,188.235427856445,-1498.77809906006,13.41796875
16.136666666666667,188.252059936523,-1498.80129241943,13.4267578125
16.138333333333332,188.26872253418,-1498.82448577881,13.4326171875
16.14,188.285385131836,-1498.84743499756,13.42529296875
16.141666666666666,188.302047729492,-1498.87014007568,13.4091796875
16.143333333333334,188.318695068359,-1498.89260101318,13.388671875
16.145,188.335357666016,-1498.91493988037,13.3681640625
16.14666666666667,188.35205078125,-1498.93703460693,13.3505859375
16.148333333333333,188.368713378906,-1498.95888519287,13.3359375
16.15,188.385375976563,-1498.98073577881,13.32275390625
16.151666666666667,188.40202331543,-1499.00246429443,13.3125
16.153333333333332,188.418716430664,-1499.02419281006,13.30224609375
16.155,188.43537902832,-1499.04592132568,13.2861328125
16.156666666666666,188.452041625977,-1499.06764984131,13.2685546875
16.158333333333335,188.468704223633,-1499.08937835693,13.25390625
16.16,188.485366821289,-1499.11086273193,13.248046875
16.161666666666665,188.502044677734,-1499.13222503662,13.248046875
16.163333333333334,188.518737792969,-1499.15358734131,13.25244140625
16.165,188.535430908203,-1499.17470550537,13.26123046875
16.166666666666668,188.552124023438,-1499.19570159912,13.26708984375
16.168333333333333,188.568817138672,-1499.21681976318,13.2744140625
16.17,188.585479736328,-1499.23818206787,13.27880859375
16.171666666666667,188.602203369141,-1499.25978851318,13.283203125
16.173333333333332,188.618850708008,-1499.28200531006,13.2861328125
16.175,188.63557434082,-1499.3048324585,13.28759765625
16.176666666666666,188.652267456055,-1499.3282699585,13.283203125
16.178333333333335,188.668960571289,-1499.3517074585,13.2744140625
16.18,188.685684204102,-1499.37465667725,13.26123046875
16.18166666666667,188.702377319336,-1499.3966293335,13.2451171875
16.183333333333334,188.71907043457,-1499.41799163818,13.22900390625
16.185,188.735748291016,-1499.43910980225,13.2158203125
16.186666666666667,188.75244140625,-1499.46022796631,13.2041015625
16.188333333333333,188.769104003906,-1499.481590271,13.1953125
16.19,188.785797119141,-1499.50331878662,13.18798828125
16.191666666666666,188.802520751953,-1499.52529144287,13.18359375
16.19333333333333,188.819213867188,-1499.54750823975,13.1865234375
16.195,188.835906982422,-1499.56960296631,13.189453125
16.196666666666665,188.852630615234,-1499.59145355225,13.18798828125
16.198333333333334,188.86930847168,-1499.61318206787,13.1806640625
16.2,188.886032104492,-1499.6349105835,13.171875
16.201666666666668,188.902725219727,-1499.65688323975,13.16748046875
16.203333333333333,188.919418334961,-1499.67922210693,13.16455078125
16.205,188.936141967773,-1499.70180511475,13.16015625
16.206666666666667,188.952835083008,-1499.72463226318,13.1572265625
16.208333333333332,188.96955871582,-1499.74733734131,13.15576171875
16.21,188.986251831055,-1499.77004241943,13.15283203125
16.211666666666666,189.002960205078,-1499.79274749756,13.14404296875
16.213333333333335,189.019653320313,-1499.81581878662,13.130859375
16.215,189.036346435547,-1499.839012146,13.11328125
16.216666666666665,189.053039550781,-1499.86220550537,13.09130859375
16.218333333333334,189.069763183594,-1499.88503265381,13.06640625
16.22,189.086456298828,-1499.90749359131,13.04443359375
16.221666666666668,189.103149414063,-1499.92958831787,13.02978515625
16.223333333333333,189.119873046875,-1499.95119476318,13.025390625
16.225,189.13655090332,-1499.97255706787,13.02685546875
16.226666666666667,189.153244018555,-1499.99391937256,13.02685546875
16.22833333333333,189.169937133789,-1500.01528167725,13.025390625
16.23,189.186630249023,-1500.03664398193,13.01806640625
16.231666666666666,189.203323364258,-1500.05788421631,13.00341796875
16.233333333333334,189.220016479492,-1500.07936859131,12.98876953125
16.235,189.236709594727,-1500.10134124756,12.978515625
16.236666666666668,189.253356933594,-1500.12331390381,12.9755859375
16.238333333333333,189.270050048828,-1500.14492034912,12.97412109375
16.24,189.286712646484,-1500.16603851318,12.97265625
16.241666666666667,189.303405761719,-1500.18703460693,12.96826171875
16.243333333333332,189.320068359375,-1500.208152771,12.9609375
16.245,189.336761474609,-1500.22927093506,12.95068359375
16.246666666666666,189.353408813477,-1500.25026702881,12.9375
16.248333333333335,189.370071411133,-1500.27114105225,12.9228515625
16.25,189.386734008789,-1500.29201507568,12.90966796875
16.251666666666665,189.403427124023,-1500.31288909912,12.8994140625
16.253333333333334,189.42008972168,-1500.33351898193,12.88916015625
16.255,189.436737060547,-1500.35402679443,12.87158203125
16.256666666666668,189.453399658203,-1500.37477874756,12.8466796875
16.258333333333333,189.470062255859,-1500.39577484131,12.82177734375
16.26,189.486663818359,-1500.417137146,12.7998046875
16.261666666666667,189.50325012207,-1500.43874359131,12.78515625
16.263333333333332,189.519775390625,-1500.46047210693,12.77490234375
16.265,189.536346435547,-1500.48207855225,12.77490234375
16.266666666666666,189.55290222168,-1500.50356292725,12.779296875
16.268333333333334,189.569488525391,-1500.52468109131,12.78662109375
16.27,189.586044311523,-1500.54567718506,12.791015625
16.27166666666667,189.602600097656,-1500.56642913818,12.7880859375
16.273333333333333,189.619155883789,-1500.58693695068,12.78369140625
16.275,189.635711669922,-1500.60768890381,12.77490234375
16.276666666666667,189.652313232422,-1500.6290512085,12.76318359375
16.278333333333332,189.668869018555,-1500.65090179443,12.7529296875
16.28,189.685424804688,-1500.67263031006,12.74853515625
16.281666666666666,189.70198059082,-1500.69423675537,12.7529296875
16.283333333333335,189.718566894531,-1500.71559906006,12.76025390625
16.285,189.735122680664,-1500.73696136475,12.7646484375
16.286666666666665,189.751724243164,-1500.75844573975,12.767578125
16.288333333333334,189.768280029297,-1500.77993011475,12.7705078125
16.29,189.784866333008,-1500.80153656006,12.7705078125
16.291666666666668,189.801422119141,-1500.82314300537,12.7705078125
16.293333333333333,189.818008422852,-1500.84499359131,12.7705078125
16.295,189.834564208984,-1500.86684417725,12.77783203125
16.296666666666667,189.851165771484,-1500.88845062256,12.7880859375
16.298333333333332,189.867752075195,-1500.90956878662,12.79541015625
16.3,189.884338378906,-1500.93068695068,12.79833984375
16.301666666666666,189.900894165039,-1500.95168304443,12.7939453125
16.303333333333335,189.91748046875,-1500.97292327881,12.78515625
16.305,189.934051513672,-1500.99416351318,12.77783203125
16.30666666666667,189.950637817383,-1501.0157699585,12.7734375
16.308333333333334,189.967193603516,-1501.03749847412,12.7705078125
16.31,189.983779907227,-1501.05947113037,12.7705078125
16.311666666666667,190.000366210938,-1501.081199646,12.7705078125
16.313333333333333,190.01692199707,-1501.10231781006,12.77197265625
16.315,190.033554077148,-1501.1231918335,12.77783203125
16.316666666666666,190.050140380859,-1501.14394378662,12.78076171875
16.31833333333333,190.06672668457,-1501.16493988037,12.77490234375
16.32,190.083312988281,-1501.18605804443,12.7646484375
16.321666666666665,190.099899291992,-1501.20729827881,12.7587890625
16.323333333333334,190.116500854492,-1501.22878265381,12.7587890625
16.325,190.133087158203,-1501.25038909912,12.7646484375
16.326666666666668,190.149673461914,-1501.27187347412,12.76904296875
16.328333333333333,190.166290283203,-1501.29323577881,12.77490234375
16.33,190.182876586914,-1501.31447601318,12.7822265625
16.331666666666667,190.199462890625,-1501.33535003662,12.791015625
16.333333333333332,190.216094970703,-1501.35622406006,12.7998046875
16.335,190.232681274414,-1501.3770980835,12.802734375
16.336666666666666,190.249267578125,-1501.39833831787,12.7998046875
16.338333333333335,190.265884399414,-1501.41970062256,12.79833984375
16.34,190.282485961914,-1501.44106292725,12.80126953125
16.341666666666665,190.299072265625,-1501.46230316162,12.80419921875
16.343333333333334,190.315689086914,-1501.48329925537,12.8056640625
16.345,190.332275390625,-1501.50417327881,12.802734375
16.346666666666668,190.348861694336,-1501.52529144287,12.79541015625
16.348333333333333,190.365447998047,-1501.54653167725,12.78515625
16.35,190.382080078125,-1501.56777191162,12.77197265625
16.351666666666667,190.398666381836,-1501.58889007568,12.75732421875
16.35333333333333,190.415252685547,-1501.60988616943,12.7470703125
16.355,190.431869506836,-1501.63076019287,12.7412109375
16.356666666666666,190.448455810547,-1501.65175628662,12.73388671875
16.358333333333334,190.465057373047,-1501.67275238037,12.72802734375
16.36,190.481674194336,-1501.69362640381,12.71923828125
16.361666666666668,190.498260498047,-1501.71462249756,12.71044921875
16.363333333333333,190.514846801758,-1501.73586273193,12.7001953125
16.365,190.531433105469,-1501.75746917725,12.68994140625
16.366666666666667,190.548065185547,-1501.77931976318,12.67822265625
16.368333333333332,190.564651489258,-1501.80104827881,12.66943359375
16.37,190.581237792969,-1501.82302093506,12.66357421875
16.371666666666666,190.59782409668,-1501.84511566162,12.66064453125
16.373333333333335,190.614410400391,-1501.86745452881,12.66357421875
16.375,190.631011962891,-1501.889793396,12.6650390625
16.376666666666665,190.647598266602,-1501.91188812256,12.6650390625
16.378333333333334,190.664184570313,-1501.93349456787,12.65625
16.38,190.680770874023,-1501.95497894287,12.64599609375
16.381666666666668,190.697357177734,-1501.97634124756,12.6328125
16.383333333333333,190.713958740234,-1501.99770355225,12.6181640625
16.385,190.730545043945,-1502.01882171631,12.60205078125
16.386666666666667,190.747131347656,-1502.03981781006,12.58154296875
16.388333333333332,190.763717651367,-1502.06044769287,12.5537109375
16.39,190.780303955078,-1502.081199646,12.5244140625
16.391666666666666,190.796890258789,-1502.10182952881,12.49658203125
16.393333333333334,190.813491821289,-1502.12258148193,12.474609375
16.395,190.830078125,-1502.14345550537,12.45703125
16.39666666666667,190.846664428711,-1502.16408538818,12.44384765625
16.398333333333333,190.863250732422,-1502.18434906006,12.43359375
16.4,190.879837036133,-1502.20461273193,12.42919921875
16.401666666666667,190.896438598633,-1502.22487640381,12.427734375
16.403333333333332,190.912994384766,-1502.245262146,12.4306640625
16.405,190.929580688477,-1502.26564788818,12.4306640625
16.406666666666666,190.946136474609,-1502.286277771,12.42333984375
16.408333333333335,190.96272277832,-1502.30690765381,12.40869140625
16.41,190.979278564453,-1502.32765960693,12.39111328125
16.411666666666665,190.995880126953,-1502.34853363037,12.369140625
16.413333333333334,191.012435913086,-1502.36952972412,12.34423828125
16.415,191.029022216797,-1502.39064788818,12.31787109375
16.416666666666668,191.045608520508,-1502.41164398193,12.29150390625
16.418333333333333,191.062164306641,-1502.43251800537,12.2666015625
16.42,191.078720092773,-1502.45302581787,12.24755859375
16.421666666666667,191.095321655273,-1502.47353363037,12.23583984375
16.423333333333332,191.111877441406,-1502.49379730225,12.22998046875
16.425,191.128463745117,-1502.5138168335,12.228515625
16.426666666666666,191.145050048828,-1502.53347015381,12.22705078125
16.428333333333335,191.161636352539,-1502.55263519287,12.2255859375
16.43,191.178192138672,-1502.571434021,12.2255859375
16.43166666666667,191.194793701172,-1502.59023284912,12.22412109375
16.433333333333334,191.211349487305,-1502.60915374756,12.22119140625
16.435,191.227935791016,-1502.62844085693,12.2109375
16.436666666666667,191.244522094727,-1502.64797210693,12.1962890625
16.438333333333333,191.261077880859,-1502.66774749756,12.1845703125
16.44,191.277633666992,-1502.68788909912,12.1787109375
16.441666666666666,191.294235229492,-1502.70851898193,12.17578125
16.44333333333333,191.310821533203,-1502.72927093506,12.17724609375
16.445,191.327407836914,-1502.75051116943,12.1845703125
16.446666666666665,191.343963623047,-1502.77175140381,12.19921875
16.448333333333334,191.360549926758,-1502.79274749756,12.21533203125
16.45,191.377151489258,-1502.81337738037,12.2314453125
16.451666666666668,191.393707275391,-1502.83364105225,12.2431640625
16.453333333333333,191.410293579102,-1502.85378265381,12.24755859375
16.455,191.426879882813,-1502.87380218506,12.24755859375
16.456666666666667,191.443466186523,-1502.89394378662,12.24462890625
16.458333333333332,191.460052490234,-1502.91408538818,12.23876953125
16.46,191.476623535156,-1502.93410491943,12.22998046875
16.461666666666666,191.493209838867,-1502.95412445068,12.22265625
16.463333333333335,191.509796142578,-1502.97463226318,12.21533203125
16.465,191.526382446289,-1502.99550628662,12.2109375
16.466666666666665,191.542938232422,-1503.016746521,12.20947265625
16.468333333333334,191.559539794922,-1503.03774261475,12.2138671875
16.47,191.576126098633,-1503.05861663818,12.2255859375
16.471666666666668,191.592712402344,-1503.079246521,12.2373046875
16.473333333333333,191.609298706055,-1503.09987640381,12.2490234375
16.475,191.625854492188,-1503.120262146,12.2548828125
16.476666666666667,191.642440795898,-1503.14015960693,12.2578125
16.47833333333333,191.659042358398,-1503.15981292725,12.26220703125
16.48,191.675628662109,-1503.17946624756,12.2666015625
16.481666666666666,191.69221496582,-1503.19924163818,12.27392578125
16.483333333333334,191.708801269531,-1503.21926116943,12.28125
16.485,191.725387573242,-1503.23964691162,12.287109375
16.486666666666668,191.741989135742,-1503.26064300537,12.287109375
16.488333333333333,191.758575439453,-1503.28224945068,12.2841796875
16.49,191.775192260742,-1503.30422210693,12.27978515625
16.491666666666667,191.791778564453,-1503.32619476318,12.27685546875
16.493333333333332,191.808364868164,-1503.34792327881,12.27392578125
16.495,191.824951171875,-1503.36916351318,12.2666015625
16.496666666666666,191.841552734375,-1503.39015960693,12.2548828125
16.498333333333335,191.858169555664,-1503.41103363037,12.2431640625
16.5,191.874755859375,-1503.43154144287,12.234375
16.501666666666665,191.891342163086,-1503.45168304443,12.22998046875
16.503333333333334,191.907928466797,-1503.47158050537,12.228515625
16.505,191.924560546875,-1503.49147796631,12.22265625
16.506666666666668,191.941146850586,-1503.51137542725,12.21240234375
16.508333333333333,191.957733154297,-1503.53127288818,12.193359375
16.51,191.974319458008,-1503.55129241943,12.17724609375
16.511666666666667,191.990936279297,-1503.571434021,12.1611328125
16.513333333333332,192.007537841797,-1503.59120941162,12.146484375
16.515,192.024124145508,-1503.61098480225,12.13330078125
16.516666666666666,192.040710449219,-1503.63039398193,12.12451171875
16.518333333333334,192.05729675293,-1503.64992523193,12.1259765625
16.52,192.073913574219,-1503.66982269287,12.13623046875
16.52166666666667,192.090515136719,-1503.68996429443,12.146484375
16.523333333333333,192.10710144043,-1503.71071624756,12.15234375
16.525,192.123687744141,-1503.73195648193,12.15087890625
16.526666666666667,192.140274047852,-1503.75319671631,12.1376953125
16.528333333333332,192.156860351563,-1503.77443695068,12.11279296875
16.53,192.173461914063,-1503.79543304443,12.076171875
16.531666666666666,192.190048217773,-1503.81606292725,12.0322265625
16.533333333333335,192.206634521484,-1503.83644866943,11.9912109375
16.535,192.223220825195,-1503.85646820068,11.9560546875
16.536666666666665,192.239807128906,-1503.87599945068,11.9326171875
16.538333333333334,192.256362915039,-1503.89504241943,11.91943359375
16.54,192.272964477539,-1503.9142074585,11.91357421875
16.541666666666668,192.28955078125,-1503.93361663818,11.91796875
16.543333333333333,192.306137084961,-1503.9532699585,11.9296875
16.545,192.322692871094,-1503.97316741943,11.94140625
16.546666666666667,192.339279174805,-1503.99318695068,11.947265625
16.548333333333332,192.355880737305,-1504.01320648193,11.94873046875
16.55,192.372467041016,-1504.03285980225,11.95166015625
16.551666666666666,192.389053344727,-1504.05251312256,11.95751953125
16.553333333333335,192.405639648438,-1504.07204437256,11.9619140625
16.555,192.42219543457,-1504.09145355225,11.970703125
16.55666666666667,192.438781738281,-1504.11098480225,11.97802734375
16.558333333333334,192.455383300781,-1504.13063812256,11.98681640625
16.56,192.471969604492,-1504.15065765381,11.994140625
16.561666666666667,192.488555908203,-1504.17116546631,11.99560546875
16.563333333333333,192.505111694336,-1504.19167327881,11.994140625
16.565,192.521697998047,-1504.21193695068,11.982421875
16.566666666666666,192.538299560547,-1504.23183441162,11.96630859375
16.56833333333333,192.55485534668,-1504.251121521,11.94873046875
16.57,192.571441650391,-1504.27004241943,11.9326171875
16.571666666666665,192.587997436523,-1504.28859710693,11.9208984375
16.573333333333334,192.604583740234,-1504.30690765381,11.9150390625
16.575,192.621170043945,-1504.32546234131,11.912109375
16.576666666666668,192.637771606445,-1504.34426116943,11.91650390625
16.578333333333333,192.654327392578,-1504.36354827881,11.9296875
16.58,192.670913696289,-1504.38344573975,11.94873046875
16.581666666666667,192.687469482422,-1504.40383148193,11.96337890625
16.583333333333332,192.704055786133,-1504.42470550537,11.96923828125
16.585,192.720642089844,-1504.44582366943,11.97216796875
16.586666666666666,192.737213134766,-1504.46669769287,11.97216796875
16.588333333333335,192.753799438477,-1504.48708343506,11.970703125
16.59,192.770385742188,-1504.50710296631,11.9677734375
16.591666666666665,192.786972045898,-1504.52724456787,11.96630859375
16.593333333333334,192.803558349609,-1504.54775238037,11.96484375
16.595,192.820159912109,-1504.56826019287,11.96484375
16.596666666666668,192.83674621582,-1504.58876800537,11.96923828125
16.598333333333333,192.853302001953,-1504.60915374756,11.97802734375
16.6,192.869888305664,-1504.62929534912,11.98828125
16.601666666666667,192.886505126953,-1504.64943695068,11.9912109375
16.60333333333333,192.903060913086,-1504.66945648193,11.98681640625
16.605,192.919662475586,-1504.68947601318,11.98095703125
16.606666666666666,192.936248779297,-1504.70925140381,11.98095703125
16.608333333333334,192.952835083008,-1504.72914886475,11.98828125
16.61,192.969421386719,-1504.74892425537,12.00146484375
16.611666666666668,192.98600769043,-1504.76882171631,12.017578125
16.613333333333333,193.00260925293,-1504.78884124756,12.03515625
16.615,193.019195556641,-1504.80898284912,12.05419921875
16.616666666666667,193.035781860352,-1504.82912445068,12.07177734375
16.618333333333332,193.052368164063,-1504.84951019287,12.08935546875
16.62,193.068923950195,-1504.87014007568,12.1025390625
16.621666666666666,193.085510253906,-1504.8907699585,12.1083984375
16.623333333333335,193.102111816406,-1504.91115570068,12.10986328125
16.625,193.118667602539,-1504.93105316162,12.10546875
16.626666666666665,193.13525390625,-1504.95095062256,12.0966796875
16.628333333333334,193.151840209961,-1504.9708480835,12.087890625
16.63,193.168426513672,-1504.99074554443,12.08349609375
16.631666666666668,193.185028076172,-1505.01052093506,12.08056640625
16.633333333333333,193.201614379883,-1505.03005218506,12.076171875
16.635,193.218200683594,-1505.04958343506,12.06884765625
16.636666666666667,193.234786987305,-1505.06911468506,12.064453125
16.638333333333332,193.251342773438,-1505.08889007568,12.06298828125
16.64,193.267929077148,-1505.10915374756,12.06298828125
16.641666666666666,193.284561157227,-1505.12966156006,12.06591796875
16.643333333333334,193.301147460938,-1505.14992523193,12.0703125
16.645,193.317733764648,-1505.1700668335,12.08056640625
16.64666666666667,193.334320068359,-1505.19008636475,12.09228515625
16.648333333333333,193.350936889648,-1505.21035003662,12.10693359375
16.65,193.367538452148,-1505.23085784912,12.1142578125
16.651666666666667,193.384124755859,-1505.25124359131,12.11865234375
16.653333333333332,193.400741577148,-1505.27150726318,12.11865234375
16.655,193.417327880859,-1505.29152679443,12.11865234375
16.656666666666666,193.43391418457,-1505.31142425537,12.1201171875
16.658333333333335,193.45051574707,-1505.33144378662,12.12158203125
16.66,193.467102050781,-1505.3517074585,12.11865234375
16.661666666666665,193.483688354492,-1505.37209320068,12.10986328125
16.663333333333334,193.500274658203,-1505.39247894287,12.099609375
16.665,193.516891479492,-1505.41298675537,12.09228515625
16.666666666666668,193.533493041992,-1505.43349456787,12.08935546875
16.668333333333333,193.550079345703,-1505.45388031006,12.0849609375
16.67,193.566665649414,-1505.47402191162,12.0791015625
16.671666666666667,193.583251953125,-1505.49404144287,12.07470703125
16.673333333333332,193.599838256836,-1505.5138168335,12.07470703125
16.675,193.616424560547,-1505.53359222412,12.08056640625
16.676666666666666,193.633026123047,-1505.55348968506,12.087890625
16.678333333333335,193.649612426758,-1505.57363128662,12.0966796875
16.68,193.666198730469,-1505.59401702881,12.10107421875
16.68166666666667,193.68278503418,-1505.614402771,12.09814453125
16.683333333333334,193.699401855469,-1505.63478851318,12.08935546875
16.685,193.715972900391,-1505.65529632568,12.0849609375
16.686666666666667,193.732559204102,-1505.67617034912,12.08203125
16.688333333333333,193.749145507813,-1505.69716644287,12.08349609375
16.69,193.765731811523,-1505.71816253662,12.08056640625
16.691666666666666,193.782318115234,-1505.73867034912,12.076171875
16.69333333333333,193.798919677734,-1505.75881195068,12.0732421875
16.695,193.815505981445,-1505.77870941162,12.0732421875
16.696666666666665,193.832092285156,-1505.79872894287,12.07763671875
16.698333333333334,193.848678588867,-1505.81899261475,12.08349609375
16.7,193.865264892578,-1505.83925628662,12.08935546875
16.701666666666668,193.881851196289,-1505.85939788818,12.087890625
16.703333333333333,193.898452758789,-1505.87929534912,12.08056640625
16.705,193.9150390625,-1505.89907073975,12.0703125
16.706666666666667,193.931655883789,-1505.91884613037,12.06298828125
16.708333333333332,193.9482421875,-1505.93849945068,12.06005859375
16.71,193.964828491211,-1505.95803070068,12.06298828125
16.711666666666666,193.981430053711,-1505.97743988037,12.0703125
16.713333333333335,193.998016357422,-1505.99697113037,12.07470703125
16.715,194.014602661133,-1506.016746521,12.07763671875
16.716666666666665,194.031188964844,-1506.03676605225,12.0791015625
16.718333333333334,194.047775268555,-1506.05690765381,12.07763671875
16.72,194.064376831055,-1506.07717132568,12.07177734375
16.721666666666668,194.080963134766,-1506.09731292725,12.05859375
16.723333333333333,194.097549438477,-1506.1173324585,12.0439453125
16.725,194.114105224609,-1506.13710784912,12.03369140625
16.726666666666667,194.13069152832,-1506.15700531006,12.02490234375
16.72833333333333,194.147277832031,-1506.176902771,12.0087890625
16.73,194.163879394531,-1506.19704437256,11.98974609375
16.731666666666666,194.180465698242,-1506.21706390381,11.970703125
16.733333333333334,194.197052001953,-1506.23720550537,11.9560546875
16.735,194.213607788086,-1506.25734710693,11.94580078125
16.736666666666668,194.230194091797,-1506.27761077881,11.9384765625
16.738333333333333,194.246795654297,-1506.297996521,11.93115234375
16.74,194.263412475586,-1506.31838226318,11.923828125
16.741666666666667,194.279998779297,-1506.33889007568,11.91650390625
16.743333333333332,194.296585083008,-1506.35903167725,11.90771484375
16.745,194.313171386719,-1506.37880706787,11.900390625
16.746666666666666,194.329803466797,-1506.39833831787,11.89453125
16.748333333333335,194.346389770508,-1506.41823577881,11.888671875
16.75,194.362976074219,-1506.43849945068,11.88134765625
16.751666666666665,194.37956237793,-1506.4591293335,11.86962890625
16.753333333333334,194.396179199219,-1506.47988128662,11.8564453125
16.755,194.412780761719,-1506.50026702881,11.8359375
16.756666666666668,194.42936706543,-1506.52028656006,11.8095703125
16.758333333333333,194.445953369141,-1506.540184021,11.7802734375
16.76,194.462539672852,-1506.55995941162,11.7421875
16.761666666666667,194.479156494141,-1506.57961273193,11.6953125
16.763333333333332,194.495742797852,-1506.59889984131,11.6484375
16.765,194.512344360352,-1506.61806488037,11.61181640625
16.766666666666666,194.528930664063,-1506.63759613037,11.5927734375
16.768333333333334,194.545547485352,-1506.657371521,11.5869140625
16.77,194.562133789063,-1506.676902771,11.59130859375
16.77166666666667,194.578720092773,-1506.69631195068,11.595703125
16.773333333333333,194.595352172852,-1506.71572113037,11.595703125
16.775,194.611938476563,-1506.73500823975,11.5869140625
16.776666666666667,194.628555297852,-1506.75429534912,11.5576171875
16.778333333333332,194.645141601563,-1506.7735824585,11.50634765625
16.78,194.661758422852,-1506.79299163818,11.45068359375
16.781666666666666,194.67839050293,-1506.8126449585,11.4140625
16.783333333333335,194.695007324219,-1506.83229827881,11.3994140625
16.785,194.711624145508,-1506.8517074585,11.38916015625
16.786666666666665,194.728240966797,-1506.87099456787,11.373046875
16.788333333333334,194.744842529297,-1506.89028167725,11.35400390625
16.79,194.761489868164,-1506.90956878662,11.33056640625
16.791666666666668,194.778076171875,-1506.92861175537,11.30712890625
16.793333333333333,194.794723510742,-1506.94716644287,11.28662109375
16.795,194.811340332031,-1506.96547698975,11.28369140625
16.796666666666667,194.827972412109,-1506.98329925537,11.31591796875
16.798333333333332,194.84455871582,-1507.00087738037,11.3759765625
16.8,194.861175537109,-1507.01845550537,11.43310546875
16.801666666666666,194.877792358398,-1507.03542327881,11.4462890625
16.803333333333335,194.894424438477,-1507.05178070068,11.40234375
16.805,194.911041259766,-1507.06801605225,11.3232421875
16.80666666666667,194.927658081055,-1507.08498382568,11.2412109375
16.808333333333334,194.944274902344,-1507.10317230225,11.16796875
16.81,194.960891723633,-1507.12258148193,11.0888671875
16.811666666666667,194.977493286133,-1507.14284515381,10.99951171875
16.813333333333333,194.994110107422,-1507.16335296631,10.904296875
16.815,195.010696411133,-1507.18337249756,10.81787109375
16.816666666666666,195.027313232422,-1507.20278167725,10.7490234375
16.81833333333333,195.043930053711,-1507.22048187256,10.6875
16.82,195.060531616211,-1507.2364730835,10.62158203125
16.821666666666665,195.0771484375,-1507.25222015381,10.546875
16.823333333333334,195.093734741211,-1507.26955413818,10.470703125
16.825,195.1103515625,-1507.28884124756,10.4033203125
16.826666666666668,195.126953125,-1507.30812835693,10.3447265625
16.828333333333333,195.143569946289,-1507.32656097412,10.283203125
16.83,195.16015625,-1507.34450531006,10.2099609375
16.831666666666667,195.176773071289,-1507.362449646,10.13232421875
16.833333333333332,195.193359375,-1507.38076019287,10.05908203125
16.835,195.209991455078,-1507.39968109131,9.990234375
16.836666666666666,195.226577758789,-1507.42018890381,9.9287109375
16.838333333333335,195.243194580078,-1507.44326019287,9.8935546875
16.84,195.259780883789,-1507.46828460693,9.8876953125
16.841666666666665,195.276397705078,-1507.49294281006,9.90234375
16.843333333333334,195.292999267578,-1507.5138168335,9.9287109375
16.845,195.309616088867,-1507.52980804443,9.9580078125
16.846666666666668,195.326202392578,-1507.54250335693,9.9873046875
16.848333333333333,195.342819213867,-1507.5548324585,10.0107421875
16.85,195.359436035156,-1507.56826019287,10.00927734375
16.851666666666667,195.376037597656,-1507.58144378662,9.96533203125
16.85333333333333,195.392654418945,-1507.59352874756,9.88623046875
16.855,195.409271240234,-1507.60500335693,9.8056640625
16.856666666666666,195.425888061523,-1507.61721038818,9.75
16.858333333333334,195.442474365234,-1507.63076019287,9.72802734375
16.86,195.459106445313,-1507.64492034912,9.75439453125
16.861666666666668,195.475723266602,-1507.65871429443,9.81884765625
16.863333333333333,195.492309570313,-1507.67189788818,9.890625
16.865,195.508926391602,-1507.68520355225,9.931640625
16.866666666666667,195.525512695313,-1507.69924163818,9.92724609375
16.868333333333332,195.542114257813,-1507.71376800537,9.89794921875
16.87,195.558731079102,-1507.72792816162,9.8671875
16.871666666666666,195.575317382813,-1507.74111175537,9.8408203125
16.873333333333335,195.591903686523,-1507.75392913818,9.814453125
16.875,195.608520507813,-1507.76686859131,9.779296875
16.876666666666665,195.625122070313,-1507.77968597412,9.73681640625
16.878333333333334,195.641738891602,-1507.79286956787,9.685546875
16.88,195.658355712891,-1507.807762146,9.6123046875
16.881666666666668,195.67497253418,-1507.82485198975,9.51123046875
16.883333333333333,195.69157409668,-1507.84365081787,9.40869140625
16.885,195.708190917969,-1507.86281585693,9.35009765625
16.886666666666667,195.72477722168,-1507.88161468506,9.35888671875
16.888333333333332,195.741394042969,-1507.90029144287,9.40869140625
16.89,195.75798034668,-1507.91921234131,9.4599609375
16.891666666666666,195.774612426758,-1507.93727874756,9.4921875
16.893333333333334,195.791198730469,-1507.95302581787,9.52880859375
16.895,195.807815551758,-1507.96669769287,9.5859375
16.89666666666667,195.824401855469,-1507.98049163818,9.6650390625
16.898333333333333,195.841018676758,-1507.99587249756,9.74267578125
16.9,195.857650756836,-1508.01345062256,9.80859375
16.901666666666667,195.874267578125,-1508.0333480835,9.8701171875
16.903333333333332,195.890884399414,-1508.05471038818,9.94775390625
16.905,195.907501220703,-1508.07643890381,10.048828125
16.906666666666666,195.924133300781,-1508.09719085693,10.16015625
16.908333333333335,195.940719604492,-1508.11611175537,10.25390625
16.91,195.957336425781,-1508.1329574585,10.30517578125
16.911666666666665,195.97395324707,-1508.14882659912,10.31689453125
16.913333333333334,195.990570068359,-1508.16457366943,10.3095703125
16.915,196.007202148438,-1508.18032073975,10.30078125
16.916666666666668,196.023818969727,-1508.19570159912,10.3037109375
16.918333333333333,196.040405273438,-1508.2110824585,10.32861328125
16.92,196.057022094727,-1508.22731781006,10.36669921875
16.921666666666667,196.073638916016,-1508.2442855835,10.388671875
16.923333333333332,196.090240478516,-1508.260887146,10.3740234375
16.925,196.106857299805,-1508.27700042725,10.31689453125
16.926666666666666,196.123443603516,-1508.29299163818,10.2421875
16.928333333333335,196.140060424805,-1508.309715271,10.1806640625
16.93,196.156646728516,-1508.32656097412,10.1396484375
16.93166666666667,196.173278808594,-1508.34316253662,10.1015625
16.933333333333334,196.189865112305,-1508.35927581787,10.07080078125
16.935,196.206481933594,-1508.37551116943,10.06640625
16.936666666666667,196.223068237305,-1508.39235687256,10.08837890625
16.938333333333333,196.239654541016,-1508.41042327881,10.1015625
16.94,196.256286621094,-1508.42910003662,10.08837890625
16.941666666666666,196.272872924805,-1508.44814300537,10.04736328125
16.94333333333333,196.289459228516,-1508.46743011475,9.97705078125
16.945,196.306076049805,-1508.48769378662,9.88330078125
16.946666666666665,196.322662353516,-1508.50930023193,9.77490234375
16.948333333333334,196.339294433594,-1508.53188323975,9.66943359375
16.95,196.355880737305,-1508.55373382568,9.5859375
16.951666666666668,196.372497558594,-1508.57253265381,9.544921875
16.953333333333333,196.389083862305,-1508.58766937256,9.544921875
16.955,196.405700683594,-1508.60024261475,9.57421875
16.956666666666667,196.422302246094,-1508.61232757568,9.61669921875
16.958333333333332,196.438919067383,-1508.62551116943,9.66650390625
16.96,196.455505371094,-1508.64040374756,9.71484375
16.961666666666666,196.472091674805,-1508.65676116943,9.7470703125
16.963333333333335,196.488708496094,-1508.67348480225,9.755859375
16.965,196.505310058594,-1508.68935394287,9.7587890625
16.966666666666665,196.521896362305,-1508.70339202881,9.77490234375
16.968333333333334,196.538482666016,-1508.71633148193,9.81884765625
16.97,196.555099487305,-1508.73000335693,9.890625
16.971666666666668,196.571685791016,-1508.745262146,9.9931640625
16.973333333333333,196.588317871094,-1508.76100921631,10.10595703125
16.975,196.604934692383,-1508.776512146,10.212890625
16.976666666666667,196.621520996094,-1508.79189300537,10.30517578125
16.97833333333333,196.638137817383,-1508.80739593506,10.3916015625
16.98,196.654739379883,-1508.82228851318,10.46484375
16.981666666666666,196.671356201172,-1508.83657073975,10.52783203125
16.983333333333334,196.687942504883,-1508.850730896,10.576171875
16.985,196.704528808594,-1508.86476898193,10.6171875
16.986666666666668,196.721115112305,-1508.87831878662,10.6435546875
16.988333333333333,196.737701416016,-1508.89101409912,10.64794921875
16.99,196.754272460938,-1508.90297698975,10.6376953125
16.991666666666667,196.770858764648,-1508.91493988037,10.6376953125
16.993333333333332,196.787445068359,-1508.92836761475,10.6787109375
16.995,196.80403137207,-1508.94423675537,10.76806640625
16.996666666666666,196.820617675781,-1508.96242523193,10.88818359375
16.998333333333335,196.837219238281,-1508.98171234131,11.009765625
17,196.853805541992,-1509.00124359131,11.11962890625
17.001666666666665,196.870422363281,-1509.020652771,11.21484375
17.003333333333334,196.887008666992,-1509.03957366943,11.30126953125
17.005,196.903594970703,-1509.05727386475,11.3759765625
17.006666666666668,196.920196533203,-1509.07411956787,11.4345703125
17.008333333333333,196.936782836914,-1509.09157562256,11.484375
17.01,196.953399658203,-1509.11122894287,11.5341796875
17.011666666666667,196.969985961914,-1509.133934021,11.57958984375
17.013333333333332,196.986572265625,-1509.159324646,11.619140625
17.015,197.003158569336,-1509.18532562256,11.6630859375
17.016666666666666,197.019790649414,-1509.21035003662,11.72021484375
17.018333333333334,197.036376953125,-1509.23427581787,11.7861328125
17.02,197.052963256836,-1509.25832366943,11.86083984375
17.02166666666667,197.069549560547,-1509.28249359131,11.953125
17.023333333333333,197.086181640625,-1509.30641937256,12.0615234375
17.025,197.102767944336,-1509.32949066162,12.18017578125
17.026666666666667,197.119384765625,-1509.35219573975,12.29443359375
17.028333333333332,197.135971069336,-1509.37465667725,12.39111328125
17.03,197.152557373047,-1509.3966293335,12.46875
17.031666666666666,197.169189453125,-1509.41835784912,12.52880859375
17.033333333333335,197.185775756836,-1509.44020843506,12.57568359375
17.035,197.202362060547,-1509.46242523193,12.60498046875
17.036666666666665,197.218978881836,-1509.48500823975,12.61669921875
17.038333333333334,197.235565185547,-1509.50759124756,12.6123046875
17.04,197.252197265625,-1509.52980804443,12.609375
17.041666666666668,197.268783569336,-1509.55214691162,12.62109375
17.043333333333333,197.285369873047,-1509.57497406006,12.65478515625
17.045,197.301956176758,-1509.59853363037,12.69580078125
17.046666666666667,197.318572998047,-1509.62148284912,12.7294921875
17.048333333333332,197.335159301758,-1509.64223480225,12.7470703125
17.05,197.351760864258,-1509.66042327881,12.7470703125
17.051666666666666,197.368347167969,-1509.67751312256,12.73681640625
17.053333333333335,197.384963989258,-1509.69496917725,12.71923828125
17.055,197.401550292969,-1509.71352386475,12.68115234375
17.05666666666667,197.41813659668,-1509.73293304443,12.62548828125
17.058333333333334,197.43473815918,-1509.75319671631,12.56982421875
17.06,197.451324462891,-1509.77407073975,12.53466796875
17.061666666666667,197.467910766602,-1509.79579925537,12.51416015625
17.063333333333333,197.484527587891,-1509.81838226318,12.50244140625
17.065,197.501113891602,-1509.84169769287,12.48486328125
17.066666666666666,197.517715454102,-1509.86574554443,12.45849609375
17.06833333333333,197.534332275391,-1509.88930511475,12.416015625
17.07,197.55094909668,-1509.91091156006,12.369140625
17.071666666666665,197.567535400391,-1509.93007659912,12.333984375
17.073333333333334,197.58415222168,-1509.94704437256,12.31494140625
17.075,197.60075378418,-1509.96291351318,12.28857421875
17.076666666666668,197.617370605469,-1509.97878265381,12.2490234375
17.078333333333333,197.634033203125,-1509.99562835693,12.216796875
17.08,197.650726318359,-1510.01345062256,12.21826171875
17.081666666666667,197.667449951172,-1510.03249359131,12.2607421875
17.083333333333332,197.684143066406,-1510.05300140381,12.31201171875
17.085,197.700836181641,-1510.07521820068,12.34423828125
17.086666666666666,197.717529296875,-1510.09755706787,12.357421875
17.088333333333335,197.734252929688,-1510.11806488037,12.38525390625
17.09,197.750930786133,-1510.13637542725,12.46435546875
17.091666666666665,197.767654418945,-1510.15383148193,12.60498046875
17.093333333333334,197.78434753418,-1510.17263031006,12.78076171875
17.095,197.801040649414,-1510.19387054443,12.95947265625
17.096666666666668,197.817764282227,-1510.21608734131,13.12060546875
17.098333333333333,197.834457397461,-1510.237449646,13.25390625
17.1,197.851150512695,-1510.25783538818,13.35791015625
17.101666666666667,197.867874145508,-1510.27883148193,13.43408203125
17.10333333333333,197.884521484375,-1510.30117034912,13.47509765625
17.105,197.901214599609,-1510.3243637085,13.494140625
17.106666666666666,197.917938232422,-1510.346824646,13.5029296875
17.108333333333334,197.934631347656,-1510.36769866943,13.51318359375
17.11,197.951324462891,-1510.3868637085,13.5439453125
17.111666666666668,197.968017578125,-1510.405418396,13.61279296875
17.113333333333333,197.984710693359,-1510.42446136475,13.72998046875
17.115,198.001358032227,-1510.44460296631,13.89990234375
17.116666666666667,198.018051147461,-1510.46425628662,14.10205078125
17.118333333333332,198.034774780273,-1510.48317718506,14.29833984375
17.12,198.051467895508,-1510.503074646,14.44482421875
17.121666666666666,198.068161010742,-1510.52577972412,14.5341796875
17.123333333333335,198.084854125977,-1510.55153656006,14.57666015625
17.125,198.101547241211,-1510.57814788818,14.59423828125
17.126666666666665,198.118255615234,-1510.6036605835,14.60302734375
17.128333333333334,198.134948730469,-1510.62831878662,14.61328125
17.13,198.151641845703,-1510.65358734131,14.625
17.131666666666668,198.168334960938,-1510.68093109131,14.6396484375
17.133333333333333,198.18505859375,-1510.71083831787,14.65283203125
17.135,198.201751708984,-1510.74257659912,14.654296875
17.136666666666667,198.218444824219,-1510.77492523193,14.630859375
17.138333333333332,198.235137939453,-1510.80690765381,14.595703125
17.14,198.251846313477,-1510.83742523193,14.578125
17.141666666666666,198.268539428711,-1510.866355896,14.58544921875
17.143333333333334,198.285263061523,-1510.89357757568,14.6015625
17.145,198.301956176758,-1510.91872406006,14.60009765625
17.14666666666667,198.318649291992,-1510.94289398193,14.5810546875
17.148333333333333,198.335372924805,-1510.9669418335,14.560546875
17.15,198.352066040039,-1510.99184417725,14.55908203125
17.151666666666667,198.368759155273,-1511.01796722412,14.58544921875
17.153333333333332,198.385467529297,-1511.04531097412,14.62060546875
17.155,198.402160644531,-1511.07424163818,14.6455078125
17.156666666666666,198.418853759766,-1511.10536956787,14.6484375
17.158333333333335,198.435577392578,-1511.13808441162,14.64697265625
17.16,198.452270507813,-1511.17031097412,14.64697265625
17.161666666666665,198.468994140625,-1511.1993637085,14.64111328125
17.163333333333334,198.485717773438,-1511.22463226318,14.6220703125
17.165,198.502410888672,-1511.247215271,14.59130859375
17.166666666666668,198.519119262695,-1511.26918792725,14.5634765625
17.168333333333333,198.53581237793,-1511.292137146,14.55908203125
17.17,198.552505493164,-1511.31533050537,14.57666015625
17.171666666666667,198.569229125977,-1511.33681488037,14.60009765625
17.173333333333332,198.585922241211,-1511.35634613037,14.60595703125
17.175,198.602615356445,-1511.37490081787,14.5810546875
17.176666666666666,198.619338989258,-1511.39382171631,14.5283203125
17.178333333333335,198.636032104492,-1511.41310882568,14.4638671875
17.18,198.652740478516,-1511.43239593506,14.39794921875
17.18166666666667,198.669464111328,-1511.452293396,14.337890625
17.183333333333334,198.686157226563,-1511.47328948975,14.279296875
17.185,198.702880859375,-1511.49562835693,14.232421875
17.186666666666667,198.719604492188,-1511.51784515381,14.21630859375
17.188333333333333,198.736297607422,-1511.53945159912,14.23095703125
17.19,198.753021240234,-1511.56020355225,14.255859375
17.191666666666666,198.769744873047,-1511.58095550537,14.26025390625
17.19333333333333,198.786437988281,-1511.60231781006,14.2236328125
17.195,198.803161621094,-1511.62380218506,14.14453125
17.196666666666665,198.819869995117,-1511.64492034912,14.0185546875
17.198333333333334,198.83659362793,-1511.66530609131,13.845703125
17.2,198.853286743164,-1511.68483734131,13.64208984375
17.201666666666668,198.870010375977,-1511.70375823975,13.45458984375
17.203333333333333,198.886734008789,-1511.72316741943,13.3271484375
17.205,198.903457641602,-1511.7442855835,13.27001953125
17.206666666666667,198.920181274414,-1511.76747894287,13.27294921875
17.208333333333332,198.936874389648,-1511.79177093506,13.30517578125
17.21,198.953598022461,-1511.81691741943,13.33447265625
17.211666666666666,198.970275878906,-1511.84304046631,13.35498046875
17.213333333333335,198.986999511719,-1511.870262146,13.39453125
17.215,199.003692626953,-1511.89809417725,13.47802734375
17.216666666666665,199.020416259766,-1511.9259262085,13.60546875
17.218333333333334,199.037109375,-1511.9532699585,13.74462890625
17.22,199.053802490234,-1511.98024749756,13.857421875
17.221666666666668,199.070526123047,-1512.00673675537,13.9306640625
17.223333333333333,199.087219238281,-1512.03224945068,13.97021484375
17.225,199.103927612305,-1512.05629730225,13.9921875
17.226666666666667,199.120620727539,-1512.07961273193,14.00244140625
17.22833333333333,199.137344360352,-1512.10341644287,14.00390625
17.23,199.154037475586,-1512.12880706787,13.99658203125
17.231666666666666,199.170761108398,-1512.15493011475,13.99658203125
17.233333333333334,199.187454223633,-1512.18019866943,14.015625
17.235,199.204177856445,-1512.2032699585,14.04638671875
17.236666666666668,199.220901489258,-1512.22402191162,14.07861328125
17.238333333333333,199.23762512207,-1512.24245452881,14.1005859375
17.24,199.254333496094,-1512.25917816162,14.10791015625
17.241666666666667,199.271057128906,-1512.27492523193,14.10498046875
17.243333333333332,199.287780761719,-1512.29152679443,14.103515625
17.245,199.304504394531,-1512.30995941162,14.109375
17.246666666666666,199.321197509766,-1512.33046722412,14.10791015625
17.248333333333335,199.337921142578,-1512.35329437256,14.08154296875
17.25,199.354644775391,-1512.37795257568,14.0302734375
17.251666666666665,199.371368408203,-1512.40334320068,13.9599609375
17.253333333333334,199.388092041016,-1512.42824554443,13.87060546875
17.255,199.404815673828,-1512.45302581787,13.76220703125
17.256666666666668,199.421539306641,-1512.47951507568,13.64208984375
17.258333333333333,199.438247680664,-1512.50868988037,13.52197265625
17.26,199.454971313477,-1512.5392074585,13.400390625
17.261666666666667,199.471664428711,-1512.56789398193,13.27294921875
17.263333333333332,199.488388061523,-1512.59328460693,13.154296875
17.265,199.505081176758,-1512.61647796631,13.0751953125
17.266666666666666,199.52180480957,-1512.63930511475,13.0576171875
17.268333333333334,199.538528442383,-1512.66249847412,13.083984375
17.27,199.555221557617,-1512.68483734131,13.1162109375
17.27166666666667,199.57194519043,-1512.70583343506,13.11474609375
17.273333333333333,199.588653564453,-1512.72658538818,13.0810546875
17.275,199.605377197266,-1512.74892425537,13.0400390625
17.276666666666667,199.6220703125,-1512.77285003662,13.01513671875
17.278333333333332,199.638793945313,-1512.7970199585,13.01953125
17.28,199.655517578125,-1512.81996917725,13.05322265625
17.281666666666666,199.672241210938,-1512.840965271,13.11181640625
17.283333333333335,199.68896484375,-1512.86025238037,13.177734375
17.285,199.705657958984,-1512.8790512085,13.21875
17.286666666666665,199.722381591797,-1512.89894866943,13.2275390625
17.288333333333334,199.73908996582,-1512.91994476318,13.2099609375
17.29,199.755783081055,-1512.94094085693,13.16748046875
17.291666666666668,199.772476196289,-1512.96096038818,13.107421875
17.293333333333333,199.789199829102,-1512.98024749756,13.03271484375
17.295,199.805892944336,-1512.99892425537,12.95068359375
17.296666666666667,199.822616577148,-1513.01711273193,12.86572265625
17.298333333333332,199.839309692383,-1513.03493499756,12.77490234375
17.3,199.856033325195,-1513.05275726318,12.6796875
17.301666666666666,199.872756958008,-1513.06996917725,12.580078125
17.303333333333335,199.889465332031,-1513.08632659912,12.4921875
17.305,199.906158447266,-1513.10292816162,12.4306640625
17.30666666666667,199.922882080078,-1513.12184906006,12.392578125
17.308333333333334,199.939575195313,-1513.14443206787,12.35888671875
17.31,199.956298828125,-1513.16994476318,12.3134765625
17.311666666666667,199.973022460938,-1513.196434021,12.26806640625
17.313333333333333,199.989715576172,-1513.22170257568,12.23291015625
17.315,200.006439208984,-1513.24501800537,12.20361328125
17.316666666666666,200.023132324219,-1513.26686859131,12.1640625
17.31833333333333,200.039840698242,-1513.28786468506,12.1171875
17.32,200.056533813477,-1513.30898284912,12.07470703125
17.321666666666665,200.073226928711,-1513.3302230835,12.04248046875
17.323333333333334,200.089920043945,-1513.35182952881,12.02490234375
17.325,200.10661315918,-1513.37306976318,12.0205078125
17.326666666666668,200.123306274414,-1513.39308929443,12.02490234375
17.328333333333333,200.140029907227,-1513.4122543335,12.02197265625
17.33,200.156707763672,-1513.43129730225,11.99853515625
17.331666666666667,200.173400878906,-1513.45058441162,11.947265625
17.333333333333332,200.190124511719,-1513.47023773193,11.8828125
17.335,200.206817626953,-1513.489402771,11.818359375
17.336666666666666,200.223541259766,-1513.50746917725,11.75244140625
17.338333333333335,200.240234375,-1513.52516937256,11.67626953125
17.34,200.256927490234,-1513.544090271,11.59130859375
17.341666666666665,200.273651123047,-1513.56533050537,11.5166015625
17.343333333333334,200.290374755859,-1513.58754730225,11.47265625
17.345,200.307052612305,-1513.60890960693,11.455078125
17.346666666666668,200.323776245117,-1513.62917327881,11.43310546875
17.348333333333333,200.34049987793,-1513.64919281006,11.3701171875
17.35,200.357192993164,-1513.66921234131,11.25439453125
17.351666666666667,200.373886108398,-1513.688621521,11.1005859375
17.35333333333333,200.390609741211,-1513.7071762085,10.93359375
17.355,200.407333374023,-1513.72524261475,10.775390625
17.356666666666666,200.424026489258,-1513.74355316162,10.63330078125
17.358333333333334,200.4404296875,-1513.76259613037,10.50146484375
17.36,200.456466674805,-1513.78261566162,10.38134765625
17.361666666666668,200.472183227539,-1513.80324554443,10.271484375
17.363333333333333,200.487594604492,-1513.82350921631,10.17919921875
17.365,200.502655029297,-1513.84304046631,10.10302734375
17.366666666666667,200.517379760742,-1513.86196136475,10.05029296875
17.368333333333332,200.531799316406,-1513.88112640381,10.02392578125
17.37,200.545883178711,-1513.90077972412,10.001953125
17.371666666666666,200.559646606445,-1513.91982269287,9.9609375
17.373333333333335,200.573043823242,-1513.93654632568,9.88916015625
17.375,200.586181640625,-1513.95119476318,9.78369140625
17.376666666666665,200.598968505859,-1513.96511077881,9.65771484375
17.378333333333334,200.611404418945,-1513.97829437256,9.533203125
17.38,200.62353515625,-1513.99013519287,9.41748046875
17.381666666666668,200.635314941406,-1514.00087738037,9.29296875
17.383333333333333,200.646789550781,-1514.01247406006,9.1318359375
17.385,200.657943725586,-1514.02602386475,8.9443359375
17.386666666666667,200.668762207031,-1514.04091644287,8.75830078125
17.388333333333332,200.679229736328,-1514.05568695068,8.595703125
17.39,200.689392089844,-1514.06935882568,8.4580078125
17.391666666666666,200.699203491211,-1514.08229827881,8.33935546875
17.393333333333334,200.708709716797,-1514.09499359131,8.23388671875
17.395,200.717895507813,-1514.1075668335,8.13427734375
17.39666666666667,200.726715087891,-1514.11965179443,8.0361328125
17.398333333333333,200.735244750977,-1514.13112640381,7.92919921875
